C,resp_1k,1,0.000014,0.000113,0.020468,0.021791,0.021816
C,resp_1k,2,0.000011,0.000047,0.015888,0.016914,0.016933
C,resp_1k,3,0.000009,0.000041,0.014570,0.015548,0.015563
C,resp_1k,4,0.000007,0.000033,0.013446,0.014464,0.014480
C,resp_1k,5,0.000007,0.000031,0.013446,0.014542,0.014554
C,resp_1k,6,0.000008,0.000034,0.013275,0.014379,0.014397
C,resp_1k,7,0.000007,0.000026,0.013261,0.014911,0.014927
C,resp_1k,8,0.000007,0.000030,0.013229,0.014581,0.014592
C,resp_1k,9,0.000010,0.000032,0.013316,0.014688,0.014700
C,resp_1k,10,0.000007,0.000028,0.013206,0.014811,0.014826
C,resp_1k,11,0.000007,0.000032,0.013086,0.014639,0.014653
C,resp_1k,12,0.000007,0.000030,0.013228,0.014596,0.014611
C,resp_1k,13,0.000007,0.000034,0.013034,0.014486,0.014501
C,resp_1k,14,0.000008,0.000028,0.013130,0.014531,0.014546
C,resp_1k,15,0.000006,0.000026,0.013465,0.015008,0.015021
C,resp_1k,16,0.000007,0.000028,0.013168,0.014699,0.014713
C,resp_1k,17,0.000008,0.000027,0.013246,0.014646,0.014660
C,resp_1k,18,0.000007,0.000025,0.013479,0.014941,0.014956
C,resp_1k,19,0.000007,0.000026,0.012995,0.014482,0.014496
C,resp_1k,20,0.000011,0.000050,0.013817,0.015583,0.015601
C,resp_1k,21,0.000008,0.000038,0.013661,0.015129,0.015142
C,resp_1k,22,0.000007,0.000029,0.013363,0.014907,0.014921
C,resp_1k,23,0.000007,0.000027,0.013297,0.014427,0.014439
C,resp_1k,24,0.000007,0.000030,0.013538,0.014980,0.014991
C,resp_1k,25,0.000007,0.000033,0.013413,0.014755,0.014766
C,resp_1k,26,0.000007,0.000027,0.013019,0.014602,0.014618
C,resp_1k,27,0.000007,0.000030,0.013128,0.014378,0.014390
C,resp_1k,28,0.000009,0.000027,0.013225,0.014652,0.014666
C,resp_1k,29,0.000007,0.000026,0.013380,0.014826,0.014843
C,resp_1k,30,0.000007,0.000028,0.013165,0.014532,0.014545
C,req_1k,1,0.000007,0.000028,0.013281,0.014664,0.014681
C,req_1k,2,0.000007,0.000025,0.013218,0.014569,0.014586
C,req_1k,3,0.000008,0.000033,0.013999,0.015909,0.015936
C,req_1k,4,0.000008,0.000035,0.013481,0.014996,0.015013
C,req_1k,5,0.000007,0.000031,0.013450,0.014996,0.015010
C,req_1k,6,0.000007,0.000032,0.013329,0.014693,0.014708
C,req_1k,7,0.000007,0.000030,0.013487,0.014742,0.014756
C,req_1k,8,0.000007,0.000028,0.013213,0.014453,0.014469
C,req_1k,9,0.000007,0.000029,0.013146,0.014609,0.014625
C,req_1k,10,0.000007,0.000031,0.013132,0.014613,0.014626
C,req_1k,11,0.000006,0.000025,0.013209,0.014581,0.014598
C,req_1k,12,0.000008,0.000026,0.013064,0.014648,0.014665
C,req_1k,13,0.000009,0.000028,0.013128,0.014606,0.014619
C,req_1k,14,0.000007,0.000029,0.013185,0.014360,0.014372
C,req_1k,15,0.000007,0.000027,0.013300,0.014762,0.014780
C,req_1k,16,0.000007,0.000025,0.013458,0.015105,0.015124
C,req_1k,17,0.000007,0.000027,0.013165,0.014673,0.014691
C,req_1k,18,0.000006,0.000028,0.013431,0.014959,0.014976
C,req_1k,19,0.000008,0.000031,0.013038,0.014378,0.014395
C,req_1k,20,0.000007,0.000026,0.013509,0.014890,0.014905
C,req_1k,21,0.000007,0.000027,0.013115,0.014767,0.014780
C,req_1k,22,0.000008,0.000035,0.013247,0.014739,0.014753
C,req_1k,23,0.000007,0.000027,0.013293,0.014910,0.014926
C,req_1k,24,0.000006,0.000025,0.013126,0.014920,0.014952
C,req_1k,25,0.000007,0.000026,0.013148,0.014756,0.014775
C,req_1k,26,0.000007,0.000026,0.013305,0.014740,0.014757
C,req_1k,27,0.000006,0.000028,0.013470,0.014934,0.014952
C,req_1k,28,0.000007,0.000027,0.013143,0.014756,0.014780
C,req_1k,29,0.000007,0.000027,0.013238,0.014749,0.014777
C,req_1k,30,0.000007,0.000026,0.013273,0.014745,0.014762
C,resp_100k,1,0.000007,0.000026,0.013106,0.014467,0.014936
C,resp_100k,2,0.000007,0.000033,0.013243,0.014673,0.015139
C,resp_100k,3,0.000008,0.000029,0.013423,0.014955,0.015400
C,resp_100k,4,0.000007,0.000027,0.013532,0.015063,0.015514
C,resp_100k,5,0.000007,0.000027,0.012983,0.014502,0.015061
C,resp_100k,6,0.000007,0.000028,0.013190,0.014617,0.015110
C,resp_100k,7,0.000007,0.000029,0.013358,0.015077,0.015565
C,resp_100k,8,0.000008,0.000027,0.013401,0.014947,0.015420
C,resp_100k,9,0.000007,0.000028,0.013311,0.015228,0.015309
C,resp_100k,10,0.000008,0.000027,0.013276,0.014698,0.015166
C,resp_100k,11,0.000007,0.000027,0.013424,0.014984,0.015474
C,resp_100k,12,0.000007,0.000028,0.013352,0.015022,0.015573
C,resp_100k,13,0.000008,0.000033,0.013496,0.015192,0.015651
C,resp_100k,14,0.000007,0.000027,0.013041,0.014126,0.014631
C,resp_100k,15,0.000007,0.000030,0.013151,0.014728,0.015190
C,resp_100k,16,0.000007,0.000026,0.013052,0.014444,0.014919
C,resp_100k,17,0.000007,0.000029,0.014177,0.015767,0.016406
C,resp_100k,18,0.000009,0.000044,0.014000,0.015714,0.016212
C,resp_100k,19,0.000010,0.000047,0.015458,0.017440,0.017884
C,resp_100k,20,0.000009,0.000041,0.013516,0.015246,0.015744
C,resp_100k,21,0.000008,0.000033,0.013220,0.014868,0.015375
C,resp_100k,22,0.000007,0.000034,0.013367,0.014900,0.015361
C,resp_100k,23,0.000007,0.000029,0.013365,0.014881,0.015361
C,resp_100k,24,0.000007,0.000027,0.013395,0.014811,0.015204
C,resp_100k,25,0.000007,0.000027,0.013520,0.014947,0.015361
C,resp_100k,26,0.000006,0.000026,0.013249,0.014796,0.015213
C,resp_100k,27,0.000007,0.000028,0.013513,0.014878,0.015275
C,resp_100k,28,0.000007,0.000031,0.013188,0.014522,0.014968
C,resp_100k,29,0.000007,0.000027,0.013113,0.014226,0.014773
C,resp_100k,30,0.000007,0.000032,0.013331,0.014901,0.015347
C,req_100k,1,0.000007,0.000029,0.013351,0.013381,0.015031
C,req_100k,2,0.000007,0.000029,0.012994,0.013017,0.014818
C,req_100k,3,0.000006,0.000029,0.013247,0.013291,0.014693
C,req_100k,4,0.000010,0.000036,0.013510,0.013535,0.015121
C,req_100k,5,0.000007,0.000028,0.013491,0.013516,0.015138
C,req_100k,6,0.000007,0.000031,0.013271,0.013302,0.014853
C,req_100k,7,0.000007,0.000027,0.013477,0.013513,0.015251
C,req_100k,8,0.000010,0.000032,0.013334,0.013366,0.014740
C,req_100k,9,0.000007,0.000028,0.013644,0.013683,0.015445
C,req_100k,10,0.000007,0.000029,0.013054,0.013089,0.014968
C,req_100k,11,0.000007,0.000027,0.013286,0.013314,0.015209
C,req_100k,12,0.000007,0.000026,0.013132,0.013155,0.014958
C,req_100k,13,0.000007,0.000029,0.013306,0.013332,0.015163
C,req_100k,14,0.000007,0.000026,0.013135,0.013160,0.014804
C,req_100k,15,0.000007,0.000031,0.013438,0.013464,0.015307
C,req_100k,16,0.000007,0.000028,0.013435,0.013466,0.014952
C,req_100k,17,0.000007,0.000027,0.013398,0.013424,0.015411
C,req_100k,18,0.000007,0.000030,0.012960,0.012984,0.014836
C,req_100k,19,0.000009,0.000031,0.013319,0.013344,0.015117
C,req_100k,20,0.000007,0.000027,0.013194,0.013220,0.014719
C,req_100k,21,0.000007,0.000027,0.013185,0.013209,0.015111
C,req_100k,22,0.000007,0.000029,0.013287,0.013312,0.015029
C,req_100k,23,0.000008,0.000027,0.013314,0.013350,0.015084
C,req_100k,24,0.000007,0.000030,0.013080,0.013105,0.014449
C,req_100k,25,0.000007,0.000030,0.013495,0.013521,0.014958
C,req_100k,26,0.000007,0.000027,0.013358,0.013384,0.015196
C,req_100k,27,0.000007,0.000029,0.013308,0.013335,0.015049
C,req_100k,28,0.000007,0.000026,0.013406,0.013432,0.014792
C,req_100k,29,0.000007,0.000026,0.013421,0.013447,0.015220
C,req_100k,30,0.000007,0.000024,0.013348,0.013383,0.015166
C,resp_1024k,1,0.000007,0.000027,0.013325,0.014922,0.019360
C,resp_1024k,2,0.000008,0.000033,0.013515,0.014786,0.019118
C,resp_1024k,3,0.000008,0.000036,0.013403,0.014948,0.019321
C,resp_1024k,4,0.000008,0.000034,0.013322,0.014982,0.019245
C,resp_1024k,5,0.000008,0.000034,0.013431,0.015124,0.019399
C,resp_1024k,6,0.000007,0.000034,0.013368,0.014881,0.020799
C,resp_1024k,7,0.000008,0.000041,0.013610,0.015467,0.019624
C,resp_1024k,8,0.000008,0.000032,0.013458,0.014895,0.019213
C,resp_1024k,9,0.000008,0.000030,0.013617,0.015300,0.019558
C,resp_1024k,10,0.000009,0.000041,0.013526,0.015162,0.019613
C,resp_1024k,11,0.000008,0.000034,0.013483,0.015093,0.019452
C,resp_1024k,12,0.000007,0.000032,0.013625,0.015200,0.019372
C,resp_1024k,13,0.000008,0.000033,0.013501,0.015259,0.019593
C,resp_1024k,14,0.000008,0.000033,0.013549,0.015136,0.019381
C,resp_1024k,15,0.000008,0.000030,0.013473,0.014950,0.019056
C,resp_1024k,16,0.000007,0.000030,0.013445,0.015044,0.019061
C,resp_1024k,17,0.000009,0.000030,0.013420,0.014940,0.019165
C,resp_1024k,18,0.000007,0.000033,0.013522,0.015092,0.019260
C,resp_1024k,19,0.000007,0.000031,0.013463,0.014899,0.019051
C,resp_1024k,20,0.000008,0.000032,0.013463,0.014846,0.019121
C,resp_1024k,21,0.000008,0.000030,0.013739,0.015086,0.019400
C,resp_1024k,22,0.000008,0.000037,0.013550,0.015149,0.022215
C,resp_1024k,23,0.000008,0.000042,0.013770,0.015364,0.019806
C,resp_1024k,24,0.000008,0.000035,0.013382,0.014657,0.019023
C,resp_1024k,25,0.000008,0.000043,0.013535,0.014812,0.018903
C,resp_1024k,26,0.000009,0.000044,0.013689,0.015787,0.020154
C,resp_1024k,27,0.000008,0.000036,0.013503,0.015094,0.019245
C,resp_1024k,28,0.000007,0.000034,0.013514,0.015159,0.019374
C,resp_1024k,29,0.000007,0.000035,0.013549,0.014839,0.019191
C,resp_1024k,30,0.000008,0.000033,0.013496,0.014833,0.018990
C,req_1024k,1,0.000007,0.000035,0.013328,0.013352,0.017606
C,req_1024k,2,0.000007,0.000033,0.013443,0.013477,0.018921
C,req_1024k,3,0.000007,0.000034,0.013274,0.013300,0.017593
C,req_1024k,4,0.000008,0.000033,0.013285,0.013310,0.017668
C,req_1024k,5,0.000009,0.000035,0.013421,0.013446,0.017945
C,req_1024k,6,0.000008,0.000031,0.013371,0.013397,0.018042
C,req_1024k,7,0.000008,0.000035,0.013556,0.013584,0.017778
C,req_1024k,8,0.000007,0.000033,0.013462,0.013487,0.017892
C,req_1024k,9,0.000008,0.000033,0.013393,0.013419,0.017909
C,req_1024k,10,0.000007,0.000032,0.013254,0.013280,0.017453
C,req_1024k,11,0.000007,0.000030,0.013402,0.013431,0.018150
C,req_1024k,12,0.000008,0.000032,0.013651,0.013678,0.018611
C,req_1024k,13,0.000008,0.000048,0.013563,0.013589,0.018770
C,req_1024k,14,0.000008,0.000033,0.013411,0.013456,0.017540
C,req_1024k,15,0.000008,0.000033,0.013472,0.013495,0.017863
C,req_1024k,16,0.000007,0.000034,0.013462,0.013495,0.018185
C,req_1024k,17,0.000007,0.000033,0.013554,0.013579,0.018579
C,req_1024k,18,0.000008,0.000036,0.013448,0.013486,0.018848
C,req_1024k,19,0.000008,0.000033,0.013616,0.013641,0.017985
C,req_1024k,20,0.000007,0.000032,0.013459,0.013487,0.018849
C,req_1024k,21,0.000008,0.000035,0.013584,0.013608,0.018387
C,req_1024k,22,0.000008,0.000032,0.013614,0.013639,0.019020
C,req_1024k,23,0.000007,0.000032,0.013219,0.013243,0.017447
C,req_1024k,24,0.000007,0.000034,0.013504,0.013539,0.018122
C,req_1024k,25,0.000008,0.000031,0.013289,0.013316,0.017910
C,req_1024k,26,0.000007,0.000031,0.013407,0.013441,0.018145
C,req_1024k,27,0.000008,0.000033,0.013222,0.013247,0.019482
C,req_1024k,28,0.000007,0.000033,0.013369,0.013407,0.018286
C,req_1024k,29,0.000009,0.000038,0.013254,0.013281,0.018113
C,req_1024k,30,0.000007,0.000032,0.013432,0.013460,0.017681
C,resp_10240k,1,0.000007,0.000030,0.013529,0.014998,0.062230
C,resp_10240k,2,0.000010,0.000046,0.013854,0.015485,0.056878
C,resp_10240k,3,0.000009,0.000045,0.014018,0.015610,0.057515
C,resp_10240k,4,0.000009,0.000049,0.014254,0.015868,0.060076
C,resp_10240k,5,0.000010,0.000046,0.013839,0.015552,0.054192
C,resp_10240k,6,0.000010,0.000049,0.014180,0.015779,0.059380
C,resp_10240k,7,0.000013,0.000050,0.014050,0.015183,0.060689
C,resp_10240k,8,0.000009,0.000045,0.014243,0.015793,0.057136
C,resp_10240k,9,0.000008,0.000044,0.013972,0.015457,0.059705
C,resp_10240k,10,0.000010,0.000048,0.014133,0.015920,0.057180
C,resp_10240k,11,0.000009,0.000045,0.013982,0.015443,0.058924
C,resp_10240k,12,0.000008,0.000043,0.013764,0.015435,0.058265
C,resp_10240k,13,0.000009,0.000042,0.013820,0.015225,0.059701
C,resp_10240k,14,0.000009,0.000041,0.013816,0.015081,0.057029
C,resp_10240k,15,0.000009,0.000046,0.013711,0.015486,0.059942
C,resp_10240k,16,0.000009,0.000042,0.014101,0.015878,0.063674
C,resp_10240k,17,0.000009,0.000040,0.013760,0.014998,0.057145
C,resp_10240k,18,0.000008,0.000041,0.013991,0.015828,0.060090
C,resp_10240k,19,0.000008,0.000050,0.013765,0.015458,0.056615
C,resp_10240k,20,0.000009,0.000044,0.013864,0.015530,0.060528
C,resp_10240k,21,0.000009,0.000042,0.013792,0.015111,0.059561
C,resp_10240k,22,0.000009,0.000039,0.013900,0.015637,0.056685
C,resp_10240k,23,0.000009,0.000040,0.013649,0.015424,0.059423
C,resp_10240k,24,0.000009,0.000046,0.013811,0.015423,0.057244
C,resp_10240k,25,0.000009,0.000040,0.013778,0.015528,0.059041
C,resp_10240k,26,0.000009,0.000041,0.013822,0.015614,0.057543
C,resp_10240k,27,0.000009,0.000047,0.013779,0.015798,0.058994
C,resp_10240k,28,0.000009,0.000045,0.013890,0.015538,0.058829
C,resp_10240k,29,0.000009,0.000044,0.013886,0.015161,0.056668
C,resp_10240k,30,0.000009,0.000040,0.013714,0.015769,0.059647
C,req_10240k,1,0.000010,0.000058,0.013754,0.013784,0.045822
C,req_10240k,2,0.000010,0.000058,0.014197,0.014223,0.045078
C,req_10240k,3,0.000010,0.000061,0.013990,0.014015,0.047091
C,req_10240k,4,0.000010,0.000059,0.013981,0.014007,0.045459
C,req_10240k,5,0.000009,0.000058,0.013948,0.013976,0.044815
C,req_10240k,6,0.000009,0.000058,0.014027,0.014055,0.045373
C,req_10240k,7,0.000009,0.000056,0.014135,0.014161,0.046007
C,req_10240k,8,0.000013,0.000063,0.014704,0.014735,0.047827
C,req_10240k,9,0.000010,0.000067,0.014195,0.014225,0.046331
C,req_10240k,10,0.000010,0.000061,0.014039,0.014064,0.047810
C,req_10240k,11,0.000010,0.000063,0.014123,0.014150,0.046459
C,req_10240k,12,0.000009,0.000065,0.014376,0.014411,0.046090
C,req_10240k,13,0.000010,0.000061,0.014009,0.014036,0.045408
C,req_10240k,14,0.000009,0.000059,0.014052,0.014083,0.044934
C,req_10240k,15,0.000010,0.000061,0.014113,0.014141,0.044932
C,req_10240k,16,0.000010,0.000069,0.013843,0.013869,0.047172
C,req_10240k,17,0.000009,0.000059,0.014100,0.014127,0.051315
C,req_10240k,18,0.000010,0.000062,0.014404,0.014435,0.047755
C,req_10240k,19,0.000011,0.000064,0.014196,0.014224,0.047132
C,req_10240k,20,0.000010,0.000065,0.014050,0.014076,0.045676
C,req_10240k,21,0.000011,0.000064,0.014314,0.014341,0.046070
C,req_10240k,22,0.000010,0.000065,0.014469,0.014496,0.045995
C,req_10240k,23,0.000010,0.000062,0.014196,0.014223,0.048402
C,req_10240k,24,0.000009,0.000062,0.013895,0.013923,0.045369
C,req_10240k,25,0.000009,0.000066,0.014183,0.014211,0.045551
C,req_10240k,26,0.000010,0.000061,0.014113,0.014141,0.046064
C,req_10240k,27,0.000010,0.000063,0.014378,0.014415,0.047140
C,req_10240k,28,0.000010,0.000072,0.014532,0.014561,0.050353
C,req_10240k,29,0.000010,0.000060,0.014265,0.014293,0.052496
C,req_10240k,30,0.000011,0.000071,0.014006,0.014033,0.045992
C,ka1_req1,1,0.000009,0.000043,0.013906,0.014839,0.014855
C,ka1_req1,2,0.000010,0.000044,0.013813,0.014646,0.014664
C,ka1_req1,3,0.000008,0.000035,0.013694,0.014548,0.014564
C,ka1_req1,4,0.000008,0.000032,0.013395,0.014250,0.014264
C,ka1_req1,5,0.000007,0.000039,0.013977,0.014930,0.014949
C,ka1_req1,6,0.000008,0.000042,0.013764,0.014715,0.014734
C,ka1_req1,7,0.000009,0.000041,0.013626,0.014595,0.014619
C,ka1_req1,8,0.000008,0.000035,0.013759,0.014590,0.014604
C,ka1_req1,9,0.000007,0.000031,0.013510,0.014327,0.014343
C,ka1_req1,10,0.000010,0.000041,0.013526,0.014500,0.014519
C,ka1_req1,11,0.000007,0.000031,0.013330,0.014542,0.014562
C,ka1_req1,12,0.000008,0.000037,0.013496,0.014484,0.014505
C,ka1_req1,13,0.000008,0.000042,0.013525,0.014728,0.014746
C,ka1_req1,14,0.000007,0.000031,0.013394,0.014677,0.014695
C,ka1_req1,15,0.000007,0.000031,0.013421,0.014719,0.014735
C,ka1_req1,16,0.000007,0.000032,0.013167,0.015123,0.015152
C,ka1_req1,17,0.000008,0.000028,0.013296,0.014575,0.014588
C,ka1_req1,18,0.000009,0.000030,0.013423,0.014909,0.014927
C,ka1_req1,19,0.000008,0.000027,0.013525,0.014749,0.014764
C,ka1_req1,20,0.000007,0.000027,0.013201,0.014404,0.014419
C,ka1_req1,21,0.000010,0.000032,0.013336,0.014641,0.014657
C,ka1_req1,22,0.000007,0.000031,0.013313,0.014626,0.014640
C,ka1_req1,23,0.000007,0.000026,0.013404,0.014718,0.014734
C,ka1_req1,24,0.000008,0.000028,0.013403,0.014561,0.014576
C,ka1_req1,25,0.000006,0.000032,0.013228,0.014764,0.014778
C,ka1_req1,26,0.000007,0.000037,0.013316,0.014596,0.014612
C,ka1_req1,27,0.000007,0.000028,0.013416,0.014795,0.014812
C,ka1_req1,28,0.000007,0.000028,0.013225,0.014735,0.014753
C,ka1_req1,29,0.000008,0.000030,0.013392,0.014873,0.014888
C,ka1_req1,30,0.000007,0.000026,0.013187,0.014428,0.014445
C,ka10_req1,1,0.000007,0.000031,0.013430,0.014710,0.014726
C,ka10_req2,1,xxxxxxxxxxxxxxxx0.000006,0.000000,0.000000,0.000477,0.000487
C,ka10_req3,1,xxxxxxxxxxxxxxxx0.000006,0.000000,0.000000,0.000498,0.000504
C,ka10_req4,1,xxxxxxxxxxxxxxxx0.000004,0.000000,0.000000,0.000515,0.000524
C,ka10_req5,1,xxxxxxxxxxxxxxxx0.000005,0.000000,0.000000,0.000577,0.000584
C,ka10_req6,1,xxxxxxxxxxxxxxxx0.000004,0.000000,0.000000,0.000481,0.000489
C,ka10_req7,1,xxxxxxxxxxxxxxxx0.000004,0.000000,0.000000,0.000511,0.000517
C,ka10_req8,1,xxxxxxxxxxxxxxxx0.000004,0.000000,0.000000,0.000444,0.000487
C,ka10_req9,1,xxxxxxxxxxxxxxxx0.000003,0.000000,0.000000,0.000506,0.000514
C,ka10_req10,1,xxxxxxxxxxxxxxxx0.000003,0.000000,0.000000,0.000443,0.000451
C,ka10_req1,2,0.000007,0.000032,0.013414,0.015030,0.015043
C,ka10_req2,2,xxxxxxxxxxxxxxxx0.000005,0.000000,0.000000,0.000430,0.000438
C,ka10_req3,2,xxxxxxxxxxxxxxxx0.000013,0.000000,0.000000,0.000492,0.000501
C,ka10_req4,2,xxxxxxxxxxxxxxxx0.000004,0.000000,0.000000,0.000546,0.000552
C,ka10_req5,2,xxxxxxxxxxxxxxxx0.000004,0.000000,0.000000,0.000534,0.000542
C,ka10_req6,2,xxxxxxxxxxxxxxxx0.000006,0.000000,0.000000,0.000476,0.000482
C,ka10_req7,2,xxxxxxxxxxxxxxxx0.000004,0.000000,0.000000,0.000445,0.000449
C,ka10_req8,2,xxxxxxxxxxxxxxxx0.000003,0.000000,0.000000,0.000460,0.000468
C,ka10_req9,2,xxxxxxxxxxxxxxxx0.000004,0.000000,0.000000,0.000469,0.000482
C,ka10_req10,2,xxxxxxxxxxxxxxxx0.000006,0.000000,0.000000,0.000438,0.000444
C,ka10_req1,3,0.000007,0.000031,0.013173,0.014758,0.014774
C,ka10_req2,3,xxxxxxxxxxxxxxxx0.000005,0.000000,0.000000,0.000421,0.000429
C,ka10_req3,3,xxxxxxxxxxxxxxxx0.000005,0.000000,0.000000,0.000470,0.000482
C,ka10_req4,3,xxxxxxxxxxxxxxxx0.000006,0.000000,0.000000,0.000515,0.000522
C,ka10_req5,3,xxxxxxxxxxxxxxxx0.000004,0.000000,0.000000,0.000545,0.000552
C,ka10_req6,3,xxxxxxxxxxxxxxxx0.000005,0.000000,0.000000,0.000450,0.000457
C,ka10_req7,3,xxxxxxxxxxxxxxxx0.000003,0.000000,0.000000,0.000484,0.000491
C,ka10_req8,3,xxxxxxxxxxxxxxxx0.000003,0.000000,0.000000,0.000507,0.000517
C,ka10_req9,3,xxxxxxxxxxxxxxxx0.000006,0.000000,0.000000,0.000441,0.000449
C,ka10_req10,3,xxxxxxxxxxxxxxxx0.000003,0.000000,0.000000,0.000458,0.000466
C,ka10_req1,4,0.000007,0.000026,0.013361,0.014400,0.014413
C,ka10_req2,4,xxxxxxxxxxxxxxxx0.000005,0.000000,0.000000,0.000419,0.000425
C,ka10_req3,4,xxxxxxxxxxxxxxxx0.000003,0.000000,0.000000,0.000491,0.000500
C,ka10_req4,4,xxxxxxxxxxxxxxxx0.000005,0.000000,0.000000,0.000511,0.000524
C,ka10_req5,4,xxxxxxxxxxxxxxxx0.000007,0.000000,0.000000,0.000449,0.000457
C,ka10_req6,4,xxxxxxxxxxxxxxxx0.000005,0.000000,0.000000,0.000490,0.000518
C,ka10_req7,4,xxxxxxxxxxxxxxxx0.000005,0.000000,0.000000,0.000458,0.000465
C,ka10_req8,4,xxxxxxxxxxxxxxxx0.000003,0.000000,0.000000,0.000446,0.000454
C,ka10_req9,4,xxxxxxxxxxxxxxxx0.000004,0.000000,0.000000,0.000444,0.000480
C,ka10_req10,4,xxxxxxxxxxxxxxxx0.000005,0.000000,0.000000,0.000423,0.000463
C,ka10_req1,5,0.000007,0.000030,0.013289,0.014895,0.014912
C,ka10_req2,5,xxxxxxxxxxxxxxxx0.000006,0.000000,0.000000,0.000435,0.000442
C,ka10_req3,5,xxxxxxxxxxxxxxxx0.000004,0.000000,0.000000,0.000489,0.000497
C,ka10_req4,5,xxxxxxxxxxxxxxxx0.000003,0.000000,0.000000,0.000487,0.000494
C,ka10_req5,5,xxxxxxxxxxxxxxxx0.000005,0.000000,0.000000,0.000436,0.000446
C,ka10_req6,5,xxxxxxxxxxxxxxxx0.000006,0.000000,0.000000,0.000438,0.000443
C,ka10_req7,5,xxxxxxxxxxxxxxxx0.000003,0.000000,0.000000,0.000455,0.000461
C,ka10_req8,5,xxxxxxxxxxxxxxxx0.000004,0.000000,0.000000,0.000454,0.000460
C,ka10_req9,5,xxxxxxxxxxxxxxxx0.000003,0.000000,0.000000,0.000437,0.000443
C,ka10_req10,5,xxxxxxxxxxxxxxxx0.000005,0.000000,0.000000,0.000448,0.000454
C,ka10_req1,6,0.000007,0.000032,0.013141,0.014542,0.014560
C,ka10_req2,6,xxxxxxxxxxxxxxxx0.000007,0.000000,0.000000,0.000436,0.000446
C,ka10_req3,6,xxxxxxxxxxxxxxxx0.000006,0.000000,0.000000,0.000517,0.000524
C,ka10_req4,6,xxxxxxxxxxxxxxxx0.000006,0.000000,0.000000,0.000464,0.000469
C,ka10_req5,6,xxxxxxxxxxxxxxxx0.000004,0.000000,0.000000,0.000438,0.000446
C,ka10_req6,6,xxxxxxxxxxxxxxxx0.000004,0.000000,0.000000,0.000476,0.000481
C,ka10_req7,6,xxxxxxxxxxxxxxxx0.000004,0.000000,0.000000,0.000461,0.000466
C,ka10_req8,6,xxxxxxxxxxxxxxxx0.000003,0.000000,0.000000,0.000436,0.000444
C,ka10_req9,6,xxxxxxxxxxxxxxxx0.000004,0.000000,0.000000,0.000465,0.000473
C,ka10_req10,6,xxxxxxxxxxxxxxxx0.000004,0.000000,0.000000,0.000440,0.000453
C,ka10_req1,7,0.000006,0.000026,0.013340,0.014855,0.014871
C,ka10_req2,7,xxxxxxxxxxxxxxxx0.000005,0.000000,0.000000,0.000401,0.000410
C,ka10_req3,7,xxxxxxxxxxxxxxxx0.000005,0.000000,0.000000,0.000482,0.000491
C,ka10_req4,7,xxxxxxxxxxxxxxxx0.000006,0.000000,0.000000,0.000438,0.000446
C,ka10_req5,7,xxxxxxxxxxxxxxxx0.000004,0.000000,0.000000,0.000458,0.000468
C,ka10_req6,7,xxxxxxxxxxxxxxxx0.000007,0.000000,0.000000,0.000477,0.000484
C,ka10_req7,7,xxxxxxxxxxxxxxxx0.000004,0.000000,0.000000,0.000472,0.000478
C,ka10_req8,7,xxxxxxxxxxxxxxxx0.000004,0.000000,0.000000,0.000430,0.000437
C,ka10_req9,7,xxxxxxxxxxxxxxxx0.000004,0.000000,0.000000,0.000480,0.000485
C,ka10_req10,7,xxxxxxxxxxxxxxxx0.000003,0.000000,0.000000,0.000439,0.000445
C,ka10_req1,8,0.000007,0.000027,0.013331,0.014824,0.014841
C,ka10_req2,8,xxxxxxxxxxxxxxxx0.000006,0.000000,0.000000,0.000434,0.000444
C,ka10_req3,8,xxxxxxxxxxxxxxxx0.000005,0.000000,0.000000,0.000468,0.000476
C,ka10_req4,8,xxxxxxxxxxxxxxxx0.000004,0.000000,0.000000,0.000459,0.000466
C,ka10_req5,8,xxxxxxxxxxxxxxxx0.000004,0.000000,0.000000,0.000466,0.000479
C,ka10_req6,8,xxxxxxxxxxxxxxxx0.000009,0.000000,0.000000,0.000518,0.000525
C,ka10_req7,8,xxxxxxxxxxxxxxxx0.000003,0.000000,0.000000,0.000458,0.000469
C,ka10_req8,8,xxxxxxxxxxxxxxxx0.000007,0.000000,0.000000,0.000481,0.000491
C,ka10_req9,8,xxxxxxxxxxxxxxxx0.000005,0.000000,0.000000,0.000481,0.000491
C,ka10_req10,8,xxxxxxxxxxxxxxxx0.000004,0.000000,0.000000,0.000459,0.000467
C,ka10_req1,9,0.000006,0.000028,0.013190,0.014356,0.014373
C,ka10_req2,9,xxxxxxxxxxxxxxxx0.000007,0.000000,0.000000,0.000463,0.000469
C,ka10_req3,9,xxxxxxxxxxxxxxxx0.000003,0.000000,0.000000,0.000506,0.000518
C,ka10_req4,9,xxxxxxxxxxxxxxxx0.000006,0.000000,0.000000,0.000495,0.000501
C,ka10_req5,9,xxxxxxxxxxxxxxxx0.000003,0.000000,0.000000,0.000453,0.000463
C,ka10_req6,9,xxxxxxxxxxxxxxxx0.000006,0.000000,0.000000,0.000443,0.000451
C,ka10_req7,9,xxxxxxxxxxxxxxxx0.000004,0.000000,0.000000,0.000452,0.000458
C,ka10_req8,9,xxxxxxxxxxxxxxxx0.000003,0.000000,0.000000,0.000464,0.000472
C,ka10_req9,9,xxxxxxxxxxxxxxxx0.000004,0.000000,0.000000,0.000447,0.000454
C,ka10_req10,9,xxxxxxxxxxxxxxxx0.000003,0.000000,0.000000,0.000484,0.000524
C,ka10_req1,10,0.000007,0.000029,0.013301,0.014797,0.014817
C,ka10_req2,10,xxxxxxxxxxxxxxxx0.000005,0.000000,0.000000,0.000407,0.000415
C,ka10_req3,10,xxxxxxxxxxxxxxxx0.000003,0.000000,0.000000,0.000482,0.000491
C,ka10_req4,10,xxxxxxxxxxxxxxxx0.000007,0.000000,0.000000,0.000460,0.000468
C,ka10_req5,10,xxxxxxxxxxxxxxxx0.000007,0.000000,0.000000,0.000447,0.000453
C,ka10_req6,10,xxxxxxxxxxxxxxxx0.000004,0.000000,0.000000,0.000475,0.000481
C,ka10_req7,10,xxxxxxxxxxxxxxxx0.000003,0.000000,0.000000,0.000441,0.000447
C,ka10_req8,10,xxxxxxxxxxxxxxxx0.000006,0.000000,0.000000,0.000463,0.000472
C,ka10_req9,10,xxxxxxxxxxxxxxxx0.000005,0.000000,0.000000,0.000508,0.000515
C,ka10_req10,10,xxxxxxxxxxxxxxxx0.000003,0.000000,0.000000,0.000423,0.000430
C,ka10_req1,11,0.000007,0.000027,0.013363,0.014695,0.014710
C,ka10_req2,11,xxxxxxxxxxxxxxxx0.000006,0.000000,0.000000,0.000438,0.000448
C,ka10_req3,11,xxxxxxxxxxxxxxxx0.000004,0.000000,0.000000,0.000465,0.000472
C,ka10_req4,11,xxxxxxxxxxxxxxxx0.000004,0.000000,0.000000,0.000439,0.000448
C,ka10_req5,11,xxxxxxxxxxxxxxxx0.000007,0.000000,0.000000,0.000479,0.000485
C,ka10_req6,11,xxxxxxxxxxxxxxxx0.000003,0.000000,0.000000,0.000452,0.000458
C,ka10_req7,11,xxxxxxxxxxxxxxxx0.000006,0.000000,0.000000,0.000460,0.000465
C,ka10_req8,11,xxxxxxxxxxxxxxxx0.000003,0.000000,0.000000,0.000457,0.000464
C,ka10_req9,11,xxxxxxxxxxxxxxxx0.000003,0.000000,0.000000,0.000441,0.000448
C,ka10_req10,11,xxxxxxxxxxxxxxxx0.000004,0.000000,0.000000,0.000476,0.000483
C,ka10_req1,12,0.000007,0.000030,0.013313,0.014578,0.014594
C,ka10_req2,12,xxxxxxxxxxxxxxxx0.000005,0.000000,0.000000,0.000399,0.000406
C,ka10_req3,12,xxxxxxxxxxxxxxxx0.000004,0.000000,0.000000,0.000519,0.000526
C,ka10_req4,12,xxxxxxxxxxxxxxxx0.000003,0.000000,0.000000,0.000465,0.000475
C,ka10_req5,12,xxxxxxxxxxxxxxxx0.000006,0.000000,0.000000,0.000439,0.000446
C,ka10_req6,12,xxxxxxxxxxxxxxxx0.000004,0.000000,0.000000,0.000431,0.000437
C,ka10_req7,12,xxxxxxxxxxxxxxxx0.000003,0.000000,0.000000,0.000468,0.000479
C,ka10_req8,12,xxxxxxxxxxxxxxxx0.000006,0.000000,0.000000,0.000475,0.000483
C,ka10_req9,12,xxxxxxxxxxxxxxxx0.000004,0.000000,0.000000,0.000472,0.000481
C,ka10_req10,12,xxxxxxxxxxxxxxxx0.000007,0.000000,0.000000,0.000463,0.000471
C,ka10_req1,13,0.000007,0.000036,0.013377,0.014892,0.014910
C,ka10_req2,13,xxxxxxxxxxxxxxxx0.000006,0.000000,0.000000,0.000427,0.000438
C,ka10_req3,13,xxxxxxxxxxxxxxxx0.000004,0.000000,0.000000,0.000456,0.000467
C,ka10_req4,13,xxxxxxxxxxxxxxxx0.000006,0.000000,0.000000,0.000497,0.000505
C,ka10_req5,13,xxxxxxxxxxxxxxxx0.000006,0.000000,0.000000,0.000520,0.000531
C,ka10_req6,13,xxxxxxxxxxxxxxxx0.000006,0.000000,0.000000,0.000495,0.000501
C,ka10_req7,13,xxxxxxxxxxxxxxxx0.000004,0.000000,0.000000,0.000479,0.000485
C,ka10_req8,13,xxxxxxxxxxxxxxxx0.000004,0.000000,0.000000,0.000469,0.000480
C,ka10_req9,13,xxxxxxxxxxxxxxxx0.000008,0.000000,0.000000,0.000491,0.000500
C,ka10_req10,13,xxxxxxxxxxxxxxxx0.000004,0.000000,0.000000,0.000468,0.000477
C,ka10_req1,14,0.000006,0.000026,0.013282,0.014485,0.014499
C,ka10_req2,14,xxxxxxxxxxxxxxxx0.000005,0.000000,0.000000,0.000428,0.000437
C,ka10_req3,14,xxxxxxxxxxxxxxxx0.000005,0.000000,0.000000,0.000456,0.000467
C,ka10_req4,14,xxxxxxxxxxxxxxxx0.000005,0.000000,0.000000,0.000497,0.000505
C,ka10_req5,14,xxxxxxxxxxxxxxxx0.000003,0.000000,0.000000,0.000463,0.000468
C,ka10_req6,14,xxxxxxxxxxxxxxxx0.000003,0.000000,0.000000,0.000438,0.000445
C,ka10_req7,14,xxxxxxxxxxxxxxxx0.000005,0.000000,0.000000,0.000460,0.000466
C,ka10_req8,14,xxxxxxxxxxxxxxxx0.000003,0.000000,0.000000,0.000492,0.000504
C,ka10_req9,14,xxxxxxxxxxxxxxxx0.000008,0.000000,0.000000,0.000494,0.000506
C,ka10_req10,14,xxxxxxxxxxxxxxxx0.000005,0.000000,0.000000,0.000474,0.000514
C,ka10_req1,15,0.000006,0.000029,0.013469,0.014730,0.014745
C,ka10_req2,15,xxxxxxxxxxxxxxxx0.000005,0.000000,0.000000,0.000447,0.000456
C,ka10_req3,15,xxxxxxxxxxxxxxxx0.000003,0.000000,0.000000,0.000465,0.000471
C,ka10_req4,15,xxxxxxxxxxxxxxxx0.000003,0.000000,0.000000,0.000474,0.000480
C,ka10_req5,15,xxxxxxxxxxxxxxxx0.000003,0.000000,0.000000,0.000487,0.000493
C,ka10_req6,15,xxxxxxxxxxxxxxxx0.000003,0.000000,0.000000,0.000439,0.000449
C,ka10_req7,15,xxxxxxxxxxxxxxxx0.000006,0.000000,0.000000,0.000497,0.000503
C,ka10_req8,15,xxxxxxxxxxxxxxxx0.000003,0.000000,0.000000,0.000482,0.000490
C,ka10_req9,15,xxxxxxxxxxxxxxxx0.000004,0.000000,0.000000,0.000525,0.000535
C,ka10_req10,15,xxxxxxxxxxxxxxxx0.000007,0.000000,0.000000,0.000585,0.000596
C,ka10_req1,16,0.000007,0.000030,0.013273,0.014484,0.014498
C,ka10_req2,16,xxxxxxxxxxxxxxxx0.000004,0.000000,0.000000,0.000454,0.000462
C,ka10_req3,16,xxxxxxxxxxxxxxxx0.000005,0.000000,0.000000,0.000473,0.000482
C,ka10_req4,16,xxxxxxxxxxxxxxxx0.000004,0.000000,0.000000,0.000499,0.000506
C,ka10_req5,16,xxxxxxxxxxxxxxxx0.000006,0.000000,0.000000,0.000530,0.000537
C,ka10_req6,16,xxxxxxxxxxxxxxxx0.000003,0.000000,0.000000,0.000469,0.000477
C,ka10_req7,16,xxxxxxxxxxxxxxxx0.000004,0.000000,0.000000,0.000524,0.000530
C,ka10_req8,16,xxxxxxxxxxxxxxxx0.000003,0.000000,0.000000,0.000464,0.000479
C,ka10_req9,16,xxxxxxxxxxxxxxxx0.000004,0.000000,0.000000,0.000448,0.000456
C,ka10_req10,16,xxxxxxxxxxxxxxxx0.000004,0.000000,0.000000,0.000487,0.000514
C,ka10_req1,17,0.000006,0.000027,0.013480,0.014863,0.014877
C,ka10_req2,17,xxxxxxxxxxxxxxxx0.000005,0.000000,0.000000,0.000479,0.000487
C,ka10_req3,17,xxxxxxxxxxxxxxxx0.000005,0.000000,0.000000,0.000491,0.000498
C,ka10_req4,17,xxxxxxxxxxxxxxxx0.000004,0.000000,0.000000,0.000481,0.000487
C,ka10_req5,17,xxxxxxxxxxxxxxxx0.000003,0.000000,0.000000,0.000499,0.000506
C,ka10_req6,17,xxxxxxxxxxxxxxxx0.000004,0.000000,0.000000,0.000427,0.000432
C,ka10_req7,17,xxxxxxxxxxxxxxxx0.000003,0.000000,0.000000,0.000475,0.000483
C,ka10_req8,17,xxxxxxxxxxxxxxxx0.000007,0.000000,0.000000,0.000414,0.000450
C,ka10_req9,17,xxxxxxxxxxxxxxxx0.000003,0.000000,0.000000,0.000424,0.000450
C,ka10_req10,17,xxxxxxxxxxxxxxxx0.000004,0.000000,0.000000,0.000431,0.000439
C,ka10_req1,18,0.000007,0.000028,0.013355,0.014742,0.014756
C,ka10_req2,18,xxxxxxxxxxxxxxxx0.000005,0.000000,0.000000,0.000478,0.000485
C,ka10_req3,18,xxxxxxxxxxxxxxxx0.000003,0.000000,0.000000,0.000487,0.000496
C,ka10_req4,18,xxxxxxxxxxxxxxxx0.000006,0.000000,0.000000,0.000485,0.000493
C,ka10_req5,18,xxxxxxxxxxxxxxxx0.000004,0.000000,0.000000,0.000453,0.000459
C,ka10_req6,18,xxxxxxxxxxxxxxxx0.000003,0.000000,0.000000,0.000467,0.000474
C,ka10_req7,18,xxxxxxxxxxxxxxxx0.000003,0.000000,0.000000,0.000456,0.000463
C,ka10_req8,18,xxxxxxxxxxxxxxxx0.000003,0.000000,0.000000,0.000516,0.000526
C,ka10_req9,18,xxxxxxxxxxxxxxxx0.000007,0.000000,0.000000,0.000512,0.000542
C,ka10_req10,18,xxxxxxxxxxxxxxxx0.000004,0.000000,0.000000,0.000440,0.000479
C,ka10_req1,19,0.000007,0.000027,0.013165,0.014520,0.014534
C,ka10_req2,19,xxxxxxxxxxxxxxxx0.000006,0.000000,0.000000,0.000492,0.000500
C,ka10_req3,19,xxxxxxxxxxxxxxxx0.000004,0.000000,0.000000,0.000470,0.000481
C,ka10_req4,19,xxxxxxxxxxxxxxxx0.000006,0.000000,0.000000,0.000511,0.000517
C,ka10_req5,19,xxxxxxxxxxxxxxxx0.000004,0.000000,0.000000,0.000489,0.000495
C,ka10_req6,19,xxxxxxxxxxxxxxxx0.000003,0.000000,0.000000,0.000494,0.000504
C,ka10_req7,19,xxxxxxxxxxxxxxxx0.000005,0.000000,0.000000,0.000441,0.000449
C,ka10_req8,19,xxxxxxxxxxxxxxxx0.000004,0.000000,0.000000,0.000519,0.000528
C,ka10_req9,19,xxxxxxxxxxxxxxxx0.000004,0.000000,0.000000,0.000443,0.000452
C,ka10_req10,19,xxxxxxxxxxxxxxxx0.000005,0.000000,0.000000,0.000468,0.000476
C,ka10_req1,20,0.000007,0.000039,0.013276,0.014666,0.014680
C,ka10_req2,20,xxxxxxxxxxxxxxxx0.000006,0.000000,0.000000,0.000416,0.000425
C,ka10_req3,20,xxxxxxxxxxxxxxxx0.000006,0.000000,0.000000,0.000478,0.000486
C,ka10_req4,20,xxxxxxxxxxxxxxxx0.000004,0.000000,0.000000,0.000514,0.000524
C,ka10_req5,20,xxxxxxxxxxxxxxxx0.000006,0.000000,0.000000,0.000476,0.000482
C,ka10_req6,20,xxxxxxxxxxxxxxxx0.000003,0.000000,0.000000,0.000492,0.000499
C,ka10_req7,20,xxxxxxxxxxxxxxxx0.000004,0.000000,0.000000,0.000458,0.000465
C,ka10_req8,20,xxxxxxxxxxxxxxxx0.000004,0.000000,0.000000,0.000504,0.000536
C,ka10_req9,20,xxxxxxxxxxxxxxxx0.000006,0.000000,0.000000,0.000486,0.000499
C,ka10_req10,20,xxxxxxxxxxxxxxxx0.000004,0.000000,0.000000,0.000468,0.000511
C,ka10_req1,21,0.000006,0.000027,0.013261,0.014887,0.014906
C,ka10_req2,21,xxxxxxxxxxxxxxxx0.000006,0.000000,0.000000,0.000472,0.000484
C,ka10_req3,21,xxxxxxxxxxxxxxxx0.000008,0.000000,0.000000,0.000485,0.000494
C,ka10_req4,21,xxxxxxxxxxxxxxxx0.000006,0.000000,0.000000,0.000463,0.000470
C,ka10_req5,21,xxxxxxxxxxxxxxxx0.000005,0.000000,0.000000,0.000446,0.000452
C,ka10_req6,21,xxxxxxxxxxxxxxxx0.000003,0.000000,0.000000,0.000458,0.000464
C,ka10_req7,21,xxxxxxxxxxxxxxxx0.000004,0.000000,0.000000,0.000488,0.000497
C,ka10_req8,21,xxxxxxxxxxxxxxxx0.000004,0.000000,0.000000,0.000491,0.000500
C,ka10_req9,21,xxxxxxxxxxxxxxxx0.000005,0.000000,0.000000,0.000454,0.000462
C,ka10_req10,21,xxxxxxxxxxxxxxxx0.000003,0.000000,0.000000,0.000456,0.000464
C,ka10_req1,22,0.000006,0.000032,0.013435,0.015121,0.015141
C,ka10_req2,22,xxxxxxxxxxxxxxxx0.000007,0.000000,0.000000,0.000461,0.000471
C,ka10_req3,22,xxxxxxxxxxxxxxxx0.000003,0.000000,0.000000,0.000483,0.000499
C,ka10_req4,22,xxxxxxxxxxxxxxxx0.000005,0.000000,0.000000,0.000518,0.000527
C,ka10_req5,22,xxxxxxxxxxxxxxxx0.000005,0.000000,0.000000,0.000476,0.000487
C,ka10_req6,22,xxxxxxxxxxxxxxxx0.000007,0.000000,0.000000,0.000484,0.000496
C,ka10_req7,22,xxxxxxxxxxxxxxxx0.000006,0.000000,0.000000,0.000480,0.000486
C,ka10_req8,22,xxxxxxxxxxxxxxxx0.000003,0.000000,0.000000,0.000466,0.000473
C,ka10_req9,22,xxxxxxxxxxxxxxxx0.000004,0.000000,0.000000,0.000428,0.000472
C,ka10_req10,22,xxxxxxxxxxxxxxxx0.000004,0.000000,0.000000,0.000435,0.000451
C,ka10_req1,23,0.000007,0.000031,0.013287,0.014737,0.014751
C,ka10_req2,23,xxxxxxxxxxxxxxxx0.000006,0.000000,0.000000,0.000444,0.000454
C,ka10_req3,23,xxxxxxxxxxxxxxxx0.000005,0.000000,0.000000,0.000443,0.000451
C,ka10_req4,23,xxxxxxxxxxxxxxxx0.000004,0.000000,0.000000,0.000463,0.000471
C,ka10_req5,23,xxxxxxxxxxxxxxxx0.000006,0.000000,0.000000,0.000471,0.000479
C,ka10_req6,23,xxxxxxxxxxxxxxxx0.000004,0.000000,0.000000,0.000476,0.000483
C,ka10_req7,23,xxxxxxxxxxxxxxxx0.000003,0.000000,0.000000,0.000427,0.000436
C,ka10_req8,23,xxxxxxxxxxxxxxxx0.000004,0.000000,0.000000,0.000501,0.000510
C,ka10_req9,23,xxxxxxxxxxxxxxxx0.000004,0.000000,0.000000,0.000446,0.000451
C,ka10_req10,23,xxxxxxxxxxxxxxxx0.000003,0.000000,0.000000,0.000440,0.000449
C,ka10_req1,24,0.000006,0.000032,0.013401,0.014974,0.014992
C,ka10_req2,24,xxxxxxxxxxxxxxxx0.000007,0.000000,0.000000,0.000437,0.000445
C,ka10_req3,24,xxxxxxxxxxxxxxxx0.000003,0.000000,0.000000,0.000527,0.000536
C,ka10_req4,24,xxxxxxxxxxxxxxxx0.000005,0.000000,0.000000,0.000483,0.000490
C,ka10_req5,24,xxxxxxxxxxxxxxxx0.000003,0.000000,0.000000,0.000469,0.000477
C,ka10_req6,24,xxxxxxxxxxxxxxxx0.000003,0.000000,0.000000,0.000485,0.000492
C,ka10_req7,24,xxxxxxxxxxxxxxxx0.000006,0.000000,0.000000,0.000463,0.000471
C,ka10_req8,24,xxxxxxxxxxxxxxxx0.000004,0.000000,0.000000,0.000475,0.000517
C,ka10_req9,24,xxxxxxxxxxxxxxxx0.000004,0.000000,0.000000,0.000465,0.000501
C,ka10_req10,24,xxxxxxxxxxxxxxxx0.000002,0.000000,0.000000,0.000448,0.000457
C,ka10_req1,25,0.000007,0.000028,0.013446,0.014980,0.014996
C,ka10_req2,25,xxxxxxxxxxxxxxxx0.000006,0.000000,0.000000,0.000441,0.000450
C,ka10_req3,25,xxxxxxxxxxxxxxxx0.000006,0.000000,0.000000,0.000489,0.000497
C,ka10_req4,25,xxxxxxxxxxxxxxxx0.000004,0.000000,0.000000,0.000512,0.000519
C,ka10_req5,25,xxxxxxxxxxxxxxxx0.000004,0.000000,0.000000,0.000497,0.000504
C,ka10_req6,25,xxxxxxxxxxxxxxxx0.000004,0.000000,0.000000,0.000452,0.000461
C,ka10_req7,25,xxxxxxxxxxxxxxxx0.000004,0.000000,0.000000,0.000466,0.000476
C,ka10_req8,25,xxxxxxxxxxxxxxxx0.000007,0.000000,0.000000,0.000430,0.000438
C,ka10_req9,25,xxxxxxxxxxxxxxxx0.000004,0.000000,0.000000,0.000444,0.000449
C,ka10_req10,25,xxxxxxxxxxxxxxxx0.000004,0.000000,0.000000,0.000450,0.000458
C,ka10_req1,26,0.000007,0.000030,0.013140,0.014163,0.014181
C,ka10_req2,26,xxxxxxxxxxxxxxxx0.000005,0.000000,0.000000,0.000419,0.000427
C,ka10_req3,26,xxxxxxxxxxxxxxxx0.000004,0.000000,0.000000,0.000498,0.000510
C,ka10_req4,26,xxxxxxxxxxxxxxxx0.000004,0.000000,0.000000,0.000484,0.000492
C,ka10_req5,26,xxxxxxxxxxxxxxxx0.000006,0.000000,0.000000,0.000447,0.000475
C,ka10_req6,26,xxxxxxxxxxxxxxxx0.000006,0.000000,0.000000,0.000467,0.000475
C,ka10_req7,26,xxxxxxxxxxxxxxxx0.000004,0.000000,0.000000,0.000535,0.000542
C,ka10_req8,26,xxxxxxxxxxxxxxxx0.000003,0.000000,0.000000,0.000469,0.000479
C,ka10_req9,26,xxxxxxxxxxxxxxxx0.000006,0.000000,0.000000,0.000504,0.000517
C,ka10_req10,26,xxxxxxxxxxxxxxxx0.000008,0.000000,0.000000,0.000469,0.000476
C,ka10_req1,27,0.000006,0.000030,0.013375,0.014946,0.014961
C,ka10_req2,27,xxxxxxxxxxxxxxxx0.000005,0.000000,0.000000,0.000438,0.000445
C,ka10_req3,27,xxxxxxxxxxxxxxxx0.000003,0.000000,0.000000,0.000450,0.000463
C,ka10_req4,27,xxxxxxxxxxxxxxxx0.000010,0.000000,0.000000,0.000567,0.000576
C,ka10_req5,27,xxxxxxxxxxxxxxxx0.000003,0.000000,0.000000,0.000452,0.000459
C,ka10_req6,27,xxxxxxxxxxxxxxxx0.000004,0.000000,0.000000,0.000465,0.000471
C,ka10_req7,27,xxxxxxxxxxxxxxxx0.000004,0.000000,0.000000,0.000460,0.000465
C,ka10_req8,27,xxxxxxxxxxxxxxxx0.000004,0.000000,0.000000,0.000446,0.000477
C,ka10_req9,27,xxxxxxxxxxxxxxxx0.000004,0.000000,0.000000,0.000461,0.000504
C,ka10_req10,27,xxxxxxxxxxxxxxxx0.000006,0.000000,0.000000,0.000419,0.000426
C,ka10_req1,28,0.000006,0.000028,0.013440,0.014738,0.014754
C,ka10_req2,28,xxxxxxxxxxxxxxxx0.000006,0.000000,0.000000,0.000450,0.000460
C,ka10_req3,28,xxxxxxxxxxxxxxxx0.000004,0.000000,0.000000,0.000498,0.000507
C,ka10_req4,28,xxxxxxxxxxxxxxxx0.000003,0.000000,0.000000,0.000513,0.000520
C,ka10_req5,28,xxxxxxxxxxxxxxxx0.000003,0.000000,0.000000,0.000453,0.000460
C,ka10_req6,28,xxxxxxxxxxxxxxxx0.000006,0.000000,0.000000,0.000453,0.000461
C,ka10_req7,28,xxxxxxxxxxxxxxxx0.000004,0.000000,0.000000,0.000452,0.000460
C,ka10_req8,28,xxxxxxxxxxxxxxxx0.000006,0.000000,0.000000,0.000541,0.000549
C,ka10_req9,28,xxxxxxxxxxxxxxxx0.000003,0.000000,0.000000,0.000458,0.000464
C,ka10_req10,28,xxxxxxxxxxxxxxxx0.000003,0.000000,0.000000,0.000435,0.000443
C,ka10_req1,29,0.000006,0.000027,0.013409,0.014895,0.014912
C,ka10_req2,29,xxxxxxxxxxxxxxxx0.000007,0.000000,0.000000,0.000416,0.000424
C,ka10_req3,29,xxxxxxxxxxxxxxxx0.000003,0.000000,0.000000,0.000471,0.000480
C,ka10_req4,29,xxxxxxxxxxxxxxxx0.000006,0.000000,0.000000,0.000461,0.000468
C,ka10_req5,29,xxxxxxxxxxxxxxxx0.000004,0.000000,0.000000,0.000464,0.000471
C,ka10_req6,29,xxxxxxxxxxxxxxxx0.000004,0.000000,0.000000,0.000430,0.000436
C,ka10_req7,29,xxxxxxxxxxxxxxxx0.000004,0.000000,0.000000,0.000471,0.000480
C,ka10_req8,29,xxxxxxxxxxxxxxxx0.000005,0.000000,0.000000,0.000449,0.000455
C,ka10_req9,29,xxxxxxxxxxxxxxxx0.000004,0.000000,0.000000,0.000477,0.000485
C,ka10_req10,29,xxxxxxxxxxxxxxxx0.000004,0.000000,0.000000,0.000487,0.000494
C,ka10_req1,30,0.000007,0.000031,0.013495,0.014948,0.014963
C,ka10_req2,30,xxxxxxxxxxxxxxxx0.000006,0.000000,0.000000,0.000423,0.000431
C,ka10_req3,30,xxxxxxxxxxxxxxxx0.000005,0.000000,0.000000,0.000494,0.000505
C,ka10_req4,30,xxxxxxxxxxxxxxxx0.000007,0.000000,0.000000,0.000447,0.000454
C,ka10_req5,30,xxxxxxxxxxxxxxxx0.000004,0.000000,0.000000,0.000469,0.000480
C,ka10_req6,30,xxxxxxxxxxxxxxxx0.000006,0.000000,0.000000,0.000494,0.000501
C,ka10_req7,30,xxxxxxxxxxxxxxxx0.000004,0.000000,0.000000,0.000422,0.000430
C,ka10_req8,30,xxxxxxxxxxxxxxxx0.000005,0.000000,0.000000,0.000476,0.000483
C,ka10_req9,30,xxxxxxxxxxxxxxxx0.000004,0.000000,0.000000,0.000436,0.000442
C,ka10_req10,30,xxxxxxxxxxxxxxxx0.000004,0.000000,0.000000,0.000444,0.000474
C,ka100_req1,1,0.000006,0.000029,0.013597,0.015304,0.015323
C,ka100_req2,1,xxxxxxxxxxxxxxxx0.000008,0.000000,0.000000,0.000417,0.000427
C,ka100_req3,1,xxxxxxxxxxxxxxxx0.000006,0.000000,0.000000,0.000478,0.000487
C,ka100_req4,1,xxxxxxxxxxxxxxxx0.000004,0.000000,0.000000,0.000423,0.000432
C,ka100_req5,1,xxxxxxxxxxxxxxxx0.000007,0.000000,0.000000,0.000510,0.000519
C,ka100_req6,1,xxxxxxxxxxxxxxxx0.000005,0.000000,0.000000,0.000443,0.000451
C,ka100_req7,1,xxxxxxxxxxxxxxxx0.000004,0.000000,0.000000,0.000472,0.000480
C,ka100_req8,1,xxxxxxxxxxxxxxxx0.000005,0.000000,0.000000,0.000478,0.000534
C,ka100_req9,1,xxxxxxxxxxxxxxxx0.000004,0.000000,0.000000,0.000448,0.000486
C,ka100_req10,1,xxxxxxxxxxxxxxxx0.000005,0.000000,0.000000,0.000465,0.000475
C,ka100_req11,1,xxxxxxxxxxxxxxxx0.000004,0.000000,0.000000,0.000455,0.000462
C,ka100_req12,1,xxxxxxxxxxxxxxxx0.000004,0.000000,0.000000,0.000470,0.000478
C,ka100_req13,1,xxxxxxxxxxxxxxxx0.000006,0.000000,0.000000,0.000514,0.000522
C,ka100_req14,1,xxxxxxxxxxxxxxxx0.000004,0.000000,0.000000,0.000453,0.000459
C,ka100_req15,1,xxxxxxxxxxxxxxxx0.000003,0.000000,0.000000,0.000513,0.000522
C,ka100_req16,1,xxxxxxxxxxxxxxxx0.000003,0.000000,0.000000,0.000490,0.000527
C,ka100_req17,1,xxxxxxxxxxxxxxxx0.000004,0.000000,0.000000,0.000438,0.000444
C,ka100_req18,1,xxxxxxxxxxxxxxxx0.000003,0.000000,0.000000,0.000446,0.000453
C,ka100_req19,1,xxxxxxxxxxxxxxxx0.000004,0.000000,0.000000,0.000457,0.000465
C,ka100_req20,1,xxxxxxxxxxxxxxxx0.000005,0.000000,0.000000,0.000491,0.000499
C,ka100_req21,1,xxxxxxxxxxxxxxxx0.000004,0.000000,0.000000,0.000419,0.000426
C,ka100_req22,1,xxxxxxxxxxxxxxxx0.000003,0.000000,0.000000,0.000461,0.000469
C,ka100_req23,1,xxxxxxxxxxxxxxxx0.000003,0.000000,0.000000,0.000457,0.000464
C,ka100_req24,1,xxxxxxxxxxxxxxxx0.000003,0.000000,0.000000,0.000433,0.000441
C,ka100_req25,1,xxxxxxxxxxxxxxxx0.000004,0.000000,0.000000,0.000494,0.000501
C,ka100_req26,1,xxxxxxxxxxxxxxxx0.000005,0.000000,0.000000,0.000583,0.000590
C,ka100_req27,1,xxxxxxxxxxxxxxxx0.000003,0.000000,0.000000,0.000464,0.000472
C,ka100_req28,1,xxxxxxxxxxxxxxxx0.000003,0.000000,0.000000,0.000519,0.000529
C,ka100_req29,1,xxxxxxxxxxxxxxxx0.000007,0.000000,0.000000,0.000480,0.000488
C,ka100_req30,1,xxxxxxxxxxxxxxxx0.000004,0.000000,0.000000,0.000451,0.000458
C,ka100_req31,1,xxxxxxxxxxxxxxxx0.000003,0.000000,0.000000,0.000444,0.000453
C,ka100_req32,1,xxxxxxxxxxxxxxxx0.000004,0.000000,0.000000,0.000428,0.000436
C,ka100_req33,1,xxxxxxxxxxxxxxxx0.000004,0.000000,0.000000,0.000433,0.000440
C,ka100_req34,1,xxxxxxxxxxxxxxxx0.000003,0.000000,0.000000,0.000414,0.000420
C,ka100_req35,1,xxxxxxxxxxxxxxxx0.000003,0.000000,0.000000,0.000443,0.000451
C,ka100_req36,1,xxxxxxxxxxxxxxxx0.000003,0.000000,0.000000,0.000447,0.000454
C,ka100_req37,1,xxxxxxxxxxxxxxxx0.000003,0.000000,0.000000,0.000473,0.000480
C,ka100_req38,1,xxxxxxxxxxxxxxxx0.000003,0.000000,0.000000,0.000453,0.000504
C,ka100_req39,1,xxxxxxxxxxxxxxxx0.000003,0.000000,0.000000,0.000456,0.000463
C,ka100_req40,1,xxxxxxxxxxxxxxxx0.000003,0.000000,0.000000,0.000495,0.000501
C,ka100_req41,1,xxxxxxxxxxxxxxxx0.000004,0.000000,0.000000,0.000480,0.000488
C,ka100_req42,1,xxxxxxxxxxxxxxxx0.000005,0.000000,0.000000,0.000466,0.000517
C,ka100_req43,1,xxxxxxxxxxxxxxxx0.000003,0.000000,0.000000,0.000470,0.000477
C,ka100_req44,1,xxxxxxxxxxxxxxxx0.000003,0.000000,0.000000,0.000450,0.000457
C,ka100_req45,1,xxxxxxxxxxxxxxxx0.000004,0.000000,0.000000,0.000453,0.000459
C,ka100_req46,1,xxxxxxxxxxxxxxxx0.000003,0.000000,0.000000,0.000458,0.000465
C,ka100_req47,1,xxxxxxxxxxxxxxxx0.000004,0.000000,0.000000,0.000412,0.000418
C,ka100_req48,1,xxxxxxxxxxxxxxxx0.000003,0.000000,0.000000,0.000434,0.000476
C,ka100_req49,1,xxxxxxxxxxxxxxxx0.000002,0.000000,0.000000,0.000417,0.000427
C,ka100_req50,1,xxxxxxxxxxxxxxxx0.000003,0.000000,0.000000,0.000418,0.000425
C,ka100_req51,1,xxxxxxxxxxxxxxxx0.000004,0.000000,0.000000,0.000437,0.000444
C,ka100_req52,1,xxxxxxxxxxxxxxxx0.000004,0.000000,0.000000,0.000423,0.000430
C,ka100_req53,1,xxxxxxxxxxxxxxxx0.000003,0.000000,0.000000,0.000452,0.000459
C,ka100_req54,1,xxxxxxxxxxxxxxxx0.000003,0.000000,0.000000,0.000426,0.000434
C,ka100_req55,1,xxxxxxxxxxxxxxxx0.000003,0.000000,0.000000,0.000409,0.000416
C,ka100_req56,1,xxxxxxxxxxxxxxxx0.000004,0.000000,0.000000,0.000422,0.000429
C,ka100_req57,1,xxxxxxxxxxxxxxxx0.000004,0.000000,0.000000,0.000432,0.000439
C,ka100_req58,1,xxxxxxxxxxxxxxxx0.000003,0.000000,0.000000,0.000389,0.000396
C,ka100_req59,1,xxxxxxxxxxxxxxxx0.000004,0.000000,0.000000,0.000411,0.000421
C,ka100_req60,1,xxxxxxxxxxxxxxxx0.000003,0.000000,0.000000,0.000428,0.000462
C,ka100_req61,1,xxxxxxxxxxxxxxxx0.000003,0.000000,0.000000,0.000391,0.000398
C,ka100_req62,1,xxxxxxxxxxxxxxxx0.000003,0.000000,0.000000,0.000420,0.000427
C,ka100_req63,1,xxxxxxxxxxxxxxxx0.000003,0.000000,0.000000,0.000436,0.000442
C,ka100_req64,1,xxxxxxxxxxxxxxxx0.000004,0.000000,0.000000,0.000453,0.000461
C,ka100_req65,1,xxxxxxxxxxxxxxxx0.000003,0.000000,0.000000,0.000440,0.000447
C,ka100_req66,1,xxxxxxxxxxxxxxxx0.000003,0.000000,0.000000,0.000420,0.000426
C,ka100_req67,1,xxxxxxxxxxxxxxxx0.000003,0.000000,0.000000,0.000415,0.000422
C,ka100_req68,1,xxxxxxxxxxxxxxxx0.000003,0.000000,0.000000,0.000410,0.000417
C,ka100_req69,1,xxxxxxxxxxxxxxxx0.000002,0.000000,0.000000,0.000403,0.000411
C,ka100_req70,1,xxxxxxxxxxxxxxxx0.000004,0.000000,0.000000,0.000413,0.000419
C,ka100_req71,1,xxxxxxxxxxxxxxxx0.000003,0.000000,0.000000,0.000412,0.000418
C,ka100_req72,1,xxxxxxxxxxxxxxxx0.000004,0.000000,0.000000,0.000444,0.000449
C,ka100_req73,1,xxxxxxxxxxxxxxxx0.000003,0.000000,0.000000,0.000439,0.000447
C,ka100_req74,1,xxxxxxxxxxxxxxxx0.000004,0.000000,0.000000,0.000417,0.000423
C,ka100_req75,1,xxxxxxxxxxxxxxxx0.000004,0.000000,0.000000,0.000488,0.000495
C,ka100_req76,1,xxxxxxxxxxxxxxxx0.000004,0.000000,0.000000,0.000429,0.000435
C,ka100_req77,1,xxxxxxxxxxxxxxxx0.000004,0.000000,0.000000,0.000420,0.000427
C,ka100_req78,1,xxxxxxxxxxxxxxxx0.000004,0.000000,0.000000,0.000493,0.000501
C,ka100_req79,1,xxxxxxxxxxxxxxxx0.000003,0.000000,0.000000,0.000451,0.000473
C,ka100_req80,1,xxxxxxxxxxxxxxxx0.000003,0.000000,0.000000,0.000447,0.000454
C,ka100_req81,1,xxxxxxxxxxxxxxxx0.000004,0.000000,0.000000,0.000415,0.000421
C,ka100_req82,1,xxxxxxxxxxxxxxxx0.000004,0.000000,0.000000,0.000453,0.000460
C,ka100_req83,1,xxxxxxxxxxxxxxxx0.000003,0.000000,0.000000,0.000469,0.000475
C,ka100_req84,1,xxxxxxxxxxxxxxxx0.000003,0.000000,0.000000,0.000420,0.000426
C,ka100_req85,1,xxxxxxxxxxxxxxxx0.000003,0.000000,0.000000,0.000452,0.000458
C,ka100_req86,1,xxxxxxxxxxxxxxxx0.000003,0.000000,0.000000,0.000409,0.000414
C,ka100_req87,1,xxxxxxxxxxxxxxxx0.000003,0.000000,0.000000,0.000415,0.000420
C,ka100_req88,1,xxxxxxxxxxxxxxxx0.000002,0.000000,0.000000,0.000425,0.000432
C,ka100_req89,1,xxxxxxxxxxxxxxxx0.000003,0.000000,0.000000,0.000434,0.000441
C,ka100_req90,1,xxxxxxxxxxxxxxxx0.000004,0.000000,0.000000,0.000414,0.000421
C,ka100_req91,1,xxxxxxxxxxxxxxxx0.000003,0.000000,0.000000,0.000400,0.000407
C,ka100_req92,1,xxxxxxxxxxxxxxxx0.000003,0.000000,0.000000,0.000453,0.000459
C,ka100_req93,1,xxxxxxxxxxxxxxxx0.000003,0.000000,0.000000,0.000467,0.000474
C,ka100_req94,1,xxxxxxxxxxxxxxxx0.000003,0.000000,0.000000,0.000394,0.000453
C,ka100_req95,1,xxxxxxxxxxxxxxxx0.000003,0.000000,0.000000,0.000409,0.000416
C,ka100_req96,1,xxxxxxxxxxxxxxxx0.000003,0.000000,0.000000,0.000459,0.000465
C,ka100_req97,1,xxxxxxxxxxxxxxxx0.000002,0.000000,0.000000,0.000448,0.000456
C,ka100_req98,1,xxxxxxxxxxxxxxxx0.000004,0.000000,0.000000,0.000435,0.000442
C,ka100_req99,1,xxxxxxxxxxxxxxxx0.000003,0.000000,0.000000,0.000393,0.000400
C,ka100_req100,1,xxxxxxxxxxxxxxxx0.000003,0.000000,0.000000,0.000412,0.000417
C,ka100_req1,2,0.000007,0.000037,0.013537,0.014851,0.014871
C,ka100_req2,2,xxxxxxxxxxxxxxxx0.000006,0.000000,0.000000,0.000422,0.000429
C,ka100_req3,2,xxxxxxxxxxxxxxxx0.000005,0.000000,0.000000,0.000461,0.000468
C,ka100_req4,2,xxxxxxxxxxxxxxxx0.000005,0.000000,0.000000,0.000480,0.000498
C,ka100_req5,2,xxxxxxxxxxxxxxxx0.000004,0.000000,0.000000,0.000442,0.000448
C,ka100_req6,2,xxxxxxxxxxxxxxxx0.000002,0.000000,0.000000,0.000439,0.000448
C,ka100_req7,2,xxxxxxxxxxxxxxxx0.000006,0.000000,0.000000,0.000457,0.000464
C,ka100_req8,2,xxxxxxxxxxxxxxxx0.000003,0.000000,0.000000,0.000452,0.000460
C,ka100_req9,2,xxxxxxxxxxxxxxxx0.000009,0.000000,0.000000,0.000437,0.000471
C,ka100_req10,2,xxxxxxxxxxxxxxxx0.000005,0.000000,0.000000,0.000456,0.000464
C,ka100_req11,2,xxxxxxxxxxxxxxxx0.000003,0.000000,0.000000,0.000399,0.000408
C,ka100_req12,2,xxxxxxxxxxxxxxxx0.000005,0.000000,0.000000,0.000413,0.000422
C,ka100_req13,2,xxxxxxxxxxxxxxxx0.000004,0.000000,0.000000,0.000453,0.000460
C,ka100_req14,2,xxxxxxxxxxxxxxxx0.000004,0.000000,0.000000,0.000414,0.000422
C,ka100_req15,2,xxxxxxxxxxxxxxxx0.000003,0.000000,0.000000,0.000420,0.000427
C,ka100_req16,2,xxxxxxxxxxxxxxxx0.000003,0.000000,0.000000,0.000442,0.000450
C,ka100_req17,2,xxxxxxxxxxxxxxxx0.000004,0.000000,0.000000,0.000454,0.000460
C,ka100_req18,2,xxxxxxxxxxxxxxxx0.000003,0.000000,0.000000,0.000452,0.000460
C,ka100_req19,2,xxxxxxxxxxxxxxxx0.000004,0.000000,0.000000,0.000429,0.000435
C,ka100_req20,2,xxxxxxxxxxxxxxxx0.000003,0.000000,0.000000,0.000404,0.000411
C,ka100_req21,2,xxxxxxxxxxxxxxxx0.000004,0.000000,0.000000,0.000417,0.000424
C,ka100_req22,2,xxxxxxxxxxxxxxxx0.000003,0.000000,0.000000,0.000445,0.000453
C,ka100_req23,2,xxxxxxxxxxxxxxxx0.000004,0.000000,0.000000,0.000452,0.000458
C,ka100_req24,2,xxxxxxxxxxxxxxxx0.000003,0.000000,0.000000,0.000434,0.000442
C,ka100_req25,2,xxxxxxxxxxxxxxxx0.000004,0.000000,0.000000,0.000415,0.000448
C,ka100_req26,2,xxxxxxxxxxxxxxxx0.000004,0.000000,0.000000,0.000410,0.000417
C,ka100_req27,2,xxxxxxxxxxxxxxxx0.000002,0.000000,0.000000,0.000426,0.000434
C,ka100_req28,2,xxxxxxxxxxxxxxxx0.000003,0.000000,0.000000,0.000413,0.000418
C,ka100_req29,2,xxxxxxxxxxxxxxxx0.000003,0.000000,0.000000,0.000432,0.000437
C,ka100_req30,2,xxxxxxxxxxxxxxxx0.000003,0.000000,0.000000,0.000456,0.000463
C,ka100_req31,2,xxxxxxxxxxxxxxxx0.000003,0.000000,0.000000,0.000413,0.000420
C,ka100_req32,2,xxxxxxxxxxxxxxxx0.000003,0.000000,0.000000,0.000419,0.000425
C,ka100_req33,2,xxxxxxxxxxxxxxxx0.000002,0.000000,0.000000,0.000460,0.000468
C,ka100_req34,2,xxxxxxxxxxxxxxxx0.000003,0.000000,0.000000,0.000390,0.000396
C,ka100_req35,2,xxxxxxxxxxxxxxxx0.000003,0.000000,0.000000,0.000426,0.000432
C,ka100_req36,2,xxxxxxxxxxxxxxxx0.000003,0.000000,0.000000,0.000388,0.000394
C,ka100_req37,2,xxxxxxxxxxxxxxxx0.000002,0.000000,0.000000,0.000424,0.000430
C,ka100_req38,2,xxxxxxxxxxxxxxxx0.000002,0.000000,0.000000,0.000438,0.000445
C,ka100_req39,2,xxxxxxxxxxxxxxxx0.000004,0.000000,0.000000,0.000401,0.000406
C,ka100_req40,2,xxxxxxxxxxxxxxxx0.000002,0.000000,0.000000,0.000428,0.000436
C,ka100_req41,2,xxxxxxxxxxxxxxxx0.000003,0.000000,0.000000,0.000431,0.000437
C,ka100_req42,2,xxxxxxxxxxxxxxxx0.000004,0.000000,0.000000,0.000464,0.000471
C,ka100_req43,2,xxxxxxxxxxxxxxxx0.000003,0.000000,0.000000,0.000484,0.000502
C,ka100_req44,2,xxxxxxxxxxxxxxxx0.000003,0.000000,0.000000,0.000441,0.000447
C,ka100_req45,2,xxxxxxxxxxxxxxxx0.000003,0.000000,0.000000,0.000417,0.000425
C,ka100_req46,2,xxxxxxxxxxxxxxxx0.000004,0.000000,0.000000,0.000446,0.000453
C,ka100_req47,2,xxxxxxxxxxxxxxxx0.000004,0.000000,0.000000,0.000394,0.000400
C,ka100_req48,2,xxxxxxxxxxxxxxxx0.000003,0.000000,0.000000,0.000429,0.000435
C,ka100_req49,2,xxxxxxxxxxxxxxxx0.000003,0.000000,0.000000,0.000400,0.000405
C,ka100_req50,2,xxxxxxxxxxxxxxxx0.000003,0.000000,0.000000,0.000381,0.000387
C,ka100_req51,2,xxxxxxxxxxxxxxxx0.000003,0.000000,0.000000,0.000503,0.000510
C,ka100_req52,2,xxxxxxxxxxxxxxxx0.000004,0.000000,0.000000,0.000446,0.000453
C,ka100_req53,2,xxxxxxxxxxxxxxxx0.000003,0.000000,0.000000,0.000446,0.000454
C,ka100_req54,2,xxxxxxxxxxxxxxxx0.000003,0.000000,0.000000,0.000384,0.000389
C,ka100_req55,2,xxxxxxxxxxxxxxxx0.000003,0.000000,0.000000,0.000408,0.000414
C,ka100_req56,2,xxxxxxxxxxxxxxxx0.000003,0.000000,0.000000,0.000397,0.000402
C,ka100_req57,2,xxxxxxxxxxxxxxxx0.000002,0.000000,0.000000,0.000421,0.000428
C,ka100_req58,2,xxxxxxxxxxxxxxxx0.000003,0.000000,0.000000,0.000420,0.000450
C,ka100_req59,2,xxxxxxxxxxxxxxxx0.000003,0.000000,0.000000,0.000479,0.000485
C,ka100_req60,2,xxxxxxxxxxxxxxxx0.000004,0.000000,0.000000,0.000423,0.000430
C,ka100_req61,2,xxxxxxxxxxxxxxxx0.000004,0.000000,0.000000,0.000467,0.000472
C,ka100_req62,2,xxxxxxxxxxxxxxxx0.000003,0.000000,0.000000,0.000400,0.000407
C,ka100_req63,2,xxxxxxxxxxxxxxxx0.000004,0.000000,0.000000,0.000459,0.000498
C,ka100_req64,2,xxxxxxxxxxxxxxxx0.000003,0.000000,0.000000,0.000431,0.000464
C,ka100_req65,2,xxxxxxxxxxxxxxxx0.000004,0.000000,0.000000,0.000420,0.000426
C,ka100_req66,2,xxxxxxxxxxxxxxxx0.000003,0.000000,0.000000,0.000453,0.000461
C,ka100_req67,2,xxxxxxxxxxxxxxxx0.000004,0.000000,0.000000,0.000453,0.000459
C,ka100_req68,2,xxxxxxxxxxxxxxxx0.000002,0.000000,0.000000,0.000384,0.000392
C,ka100_req69,2,xxxxxxxxxxxxxxxx0.000003,0.000000,0.000000,0.000442,0.000448
C,ka100_req70,2,xxxxxxxxxxxxxxxx0.000003,0.000000,0.000000,0.000440,0.000446
C,ka100_req71,2,xxxxxxxxxxxxxxxx0.000004,0.000000,0.000000,0.000393,0.000399
C,ka100_req72,2,xxxxxxxxxxxxxxxx0.000003,0.000000,0.000000,0.000433,0.000439
C,ka100_req73,2,xxxxxxxxxxxxxxxx0.000003,0.000000,0.000000,0.000434,0.000440
C,ka100_req74,2,xxxxxxxxxxxxxxxx0.000003,0.000000,0.000000,0.000438,0.000445
C,ka100_req75,2,xxxxxxxxxxxxxxxx0.000003,0.000000,0.000000,0.000441,0.000448
C,ka100_req76,2,xxxxxxxxxxxxxxxx0.000003,0.000000,0.000000,0.000413,0.000421
C,ka100_req77,2,xxxxxxxxxxxxxxxx0.000003,0.000000,0.000000,0.000412,0.000419
C,ka100_req78,2,xxxxxxxxxxxxxxxx0.000003,0.000000,0.000000,0.000463,0.000470
C,ka100_req79,2,xxxxxxxxxxxxxxxx0.000003,0.000000,0.000000,0.000414,0.000422
C,ka100_req80,2,xxxxxxxxxxxxxxxx0.000003,0.000000,0.000000,0.000421,0.000428
C,ka100_req81,2,xxxxxxxxxxxxxxxx0.000003,0.000000,0.000000,0.000451,0.000458
C,ka100_req82,2,xxxxxxxxxxxxxxxx0.000002,0.000000,0.000000,0.000385,0.000411
C,ka100_req83,2,xxxxxxxxxxxxxxxx0.000002,0.000000,0.000000,0.000441,0.000447
C,ka100_req84,2,xxxxxxxxxxxxxxxx0.000003,0.000000,0.000000,0.000408,0.000432
C,ka100_req85,2,xxxxxxxxxxxxxxxx0.000002,0.000000,0.000000,0.000405,0.000411
C,ka100_req86,2,xxxxxxxxxxxxxxxx0.000003,0.000000,0.000000,0.000410,0.000443
C,ka100_req87,2,xxxxxxxxxxxxxxxx0.000003,0.000000,0.000000,0.000392,0.000401
C,ka100_req88,2,xxxxxxxxxxxxxxxx0.000003,0.000000,0.000000,0.000434,0.000442
C,ka100_req89,2,xxxxxxxxxxxxxxxx0.000004,0.000000,0.000000,0.000426,0.000438
C,ka100_req90,2,xxxxxxxxxxxxxxxx0.000002,0.000000,0.000000,0.000419,0.000426
C,ka100_req91,2,xxxxxxxxxxxxxxxx0.000003,0.000000,0.000000,0.000436,0.000444
C,ka100_req92,2,xxxxxxxxxxxxxxxx0.000004,0.000000,0.000000,0.000446,0.000453
C,ka100_req93,2,xxxxxxxxxxxxxxxx0.000003,0.000000,0.000000,0.000461,0.000467
C,ka100_req94,2,xxxxxxxxxxxxxxxx0.000003,0.000000,0.000000,0.000419,0.000429
C,ka100_req95,2,xxxxxxxxxxxxxxxx0.000004,0.000000,0.000000,0.000402,0.000407
C,ka100_req96,2,xxxxxxxxxxxxxxxx0.000003,0.000000,0.000000,0.000423,0.000430
C,ka100_req97,2,xxxxxxxxxxxxxxxx0.000003,0.000000,0.000000,0.000391,0.000396
C,ka100_req98,2,xxxxxxxxxxxxxxxx0.000004,0.000000,0.000000,0.000446,0.000451
C,ka100_req99,2,xxxxxxxxxxxxxxxx0.000003,0.000000,0.000000,0.000436,0.000444
C,ka100_req100,2,xxxxxxxxxxxxxxxx0.000003,0.000000,0.000000,0.000390,0.000397
C,ka100_req1,3,0.000007,0.000033,0.013377,0.014740,0.014754
C,ka100_req2,3,xxxxxxxxxxxxxxxx0.000005,0.000000,0.000000,0.000439,0.000449
C,ka100_req3,3,xxxxxxxxxxxxxxxx0.000006,0.000000,0.000000,0.000446,0.000452
C,ka100_req4,3,xxxxxxxxxxxxxxxx0.000004,0.000000,0.000000,0.000479,0.000485
C,ka100_req5,3,xxxxxxxxxxxxxxxx0.000004,0.000000,0.000000,0.000485,0.000490
C,ka100_req6,3,xxxxxxxxxxxxxxxx0.000003,0.000000,0.000000,0.000485,0.000491
C,ka100_req7,3,xxxxxxxxxxxxxxxx0.000003,0.000000,0.000000,0.000444,0.000449
C,ka100_req8,3,xxxxxxxxxxxxxxxx0.000003,0.000000,0.000000,0.000429,0.000465
C,ka100_req9,3,xxxxxxxxxxxxxxxx0.000004,0.000000,0.000000,0.000453,0.000467
C,ka100_req10,3,xxxxxxxxxxxxxxxx0.000004,0.000000,0.000000,0.000424,0.000443
C,ka100_req11,3,xxxxxxxxxxxxxxxx0.000007,0.000000,0.000000,0.000449,0.000463
C,ka100_req12,3,xxxxxxxxxxxxxxxx0.000004,0.000000,0.000000,0.000427,0.000460
C,ka100_req13,3,xxxxxxxxxxxxxxxx0.000004,0.000000,0.000000,0.000488,0.000521
C,ka100_req14,3,xxxxxxxxxxxxxxxx0.000006,0.000000,0.000000,0.000448,0.000456
C,ka100_req15,3,xxxxxxxxxxxxxxxx0.000003,0.000000,0.000000,0.000486,0.000514
C,ka100_req16,3,xxxxxxxxxxxxxxxx0.000005,0.000000,0.000000,0.000465,0.000502
C,ka100_req17,3,xxxxxxxxxxxxxxxx0.000004,0.000000,0.000000,0.000569,0.000633
C,ka100_req18,3,xxxxxxxxxxxxxxxx0.000004,0.000000,0.000000,0.000452,0.000459
C,ka100_req19,3,xxxxxxxxxxxxxxxx0.000004,0.000000,0.000000,0.000433,0.000472
C,ka100_req20,3,xxxxxxxxxxxxxxxx0.000005,0.000000,0.000000,0.000472,0.000480
C,ka100_req21,3,xxxxxxxxxxxxxxxx0.000003,0.000000,0.000000,0.000402,0.000409
C,ka100_req22,3,xxxxxxxxxxxxxxxx0.000003,0.000000,0.000000,0.000428,0.000435
C,ka100_req23,3,xxxxxxxxxxxxxxxx0.000003,0.000000,0.000000,0.000457,0.000464
C,ka100_req24,3,xxxxxxxxxxxxxxxx0.000004,0.000000,0.000000,0.000412,0.000419
C,ka100_req25,3,xxxxxxxxxxxxxxxx0.000003,0.000000,0.000000,0.000477,0.000485
C,ka100_req26,3,xxxxxxxxxxxxxxxx0.000004,0.000000,0.000000,0.000413,0.000419
C,ka100_req27,3,xxxxxxxxxxxxxxxx0.000003,0.000000,0.000000,0.000437,0.000452
C,ka100_req28,3,xxxxxxxxxxxxxxxx0.000002,0.000000,0.000000,0.000418,0.000432
C,ka100_req29,3,xxxxxxxxxxxxxxxx0.000003,0.000000,0.000000,0.000409,0.000449
C,ka100_req30,3,xxxxxxxxxxxxxxxx0.000004,0.000000,0.000000,0.000411,0.000439
C,ka100_req31,3,xxxxxxxxxxxxxxxx0.000004,0.000000,0.000000,0.000441,0.000510
C,ka100_req32,3,xxxxxxxxxxxxxxxx0.000003,0.000000,0.000000,0.000398,0.000422
C,ka100_req33,3,xxxxxxxxxxxxxxxx0.000004,0.000000,0.000000,0.000448,0.000455
C,ka100_req34,3,xxxxxxxxxxxxxxxx0.000003,0.000000,0.000000,0.000422,0.000428
C,ka100_req35,3,xxxxxxxxxxxxxxxx0.000004,0.000000,0.000000,0.000418,0.000423
C,ka100_req36,3,xxxxxxxxxxxxxxxx0.000003,0.000000,0.000000,0.000407,0.000413
C,ka100_req37,3,xxxxxxxxxxxxxxxx0.000004,0.000000,0.000000,0.000422,0.000428
C,ka100_req38,3,xxxxxxxxxxxxxxxx0.000004,0.000000,0.000000,0.000438,0.000444
C,ka100_req39,3,xxxxxxxxxxxxxxxx0.000004,0.000000,0.000000,0.000422,0.000456
C,ka100_req40,3,xxxxxxxxxxxxxxxx0.000003,0.000000,0.000000,0.000414,0.000420
C,ka100_req41,3,xxxxxxxxxxxxxxxx0.000003,0.000000,0.000000,0.000414,0.000422
C,ka100_req42,3,xxxxxxxxxxxxxxxx0.000004,0.000000,0.000000,0.000430,0.000436
C,ka100_req43,3,xxxxxxxxxxxxxxxx0.000003,0.000000,0.000000,0.000427,0.000434
C,ka100_req44,3,xxxxxxxxxxxxxxxx0.000003,0.000000,0.000000,0.000412,0.000418
C,ka100_req45,3,xxxxxxxxxxxxxxxx0.000003,0.000000,0.000000,0.000397,0.000403
C,ka100_req46,3,xxxxxxxxxxxxxxxx0.000004,0.000000,0.000000,0.000407,0.000413
C,ka100_req47,3,xxxxxxxxxxxxxxxx0.000004,0.000000,0.000000,0.000492,0.000499
C,ka100_req48,3,xxxxxxxxxxxxxxxx0.000003,0.000000,0.000000,0.000443,0.000448
C,ka100_req49,3,xxxxxxxxxxxxxxxx0.000003,0.000000,0.000000,0.000458,0.000464
C,ka100_req50,3,xxxxxxxxxxxxxxxx0.000003,0.000000,0.000000,0.000423,0.000466
C,ka100_req51,3,xxxxxxxxxxxxxxxx0.000003,0.000000,0.000000,0.000452,0.000458
C,ka100_req52,3,xxxxxxxxxxxxxxxx0.000004,0.000000,0.000000,0.000475,0.000481
C,ka100_req53,3,xxxxxxxxxxxxxxxx0.000004,0.000000,0.000000,0.000490,0.000526
C,ka100_req54,3,xxxxxxxxxxxxxxxx0.000003,0.000000,0.000000,0.000441,0.000471
C,ka100_req55,3,xxxxxxxxxxxxxxxx0.000004,0.000000,0.000000,0.000439,0.000446
C,ka100_req56,3,xxxxxxxxxxxxxxxx0.000003,0.000000,0.000000,0.000422,0.000429
C,ka100_req57,3,xxxxxxxxxxxxxxxx0.000004,0.000000,0.000000,0.000452,0.000458
C,ka100_req58,3,xxxxxxxxxxxxxxxx0.000004,0.000000,0.000000,0.000447,0.000454
C,ka100_req59,3,xxxxxxxxxxxxxxxx0.000003,0.000000,0.000000,0.000452,0.000458
C,ka100_req60,3,xxxxxxxxxxxxxxxx0.000004,0.000000,0.000000,0.000442,0.000447
C,ka100_req61,3,xxxxxxxxxxxxxxxx0.000003,0.000000,0.000000,0.000442,0.000449
C,ka100_req62,3,xxxxxxxxxxxxxxxx0.000003,0.000000,0.000000,0.000444,0.000451
C,ka100_req63,3,xxxxxxxxxxxxxxxx0.000004,0.000000,0.000000,0.000507,0.000514
C,ka100_req64,3,xxxxxxxxxxxxxxxx0.000003,0.000000,0.000000,0.000435,0.000442
C,ka100_req65,3,xxxxxxxxxxxxxxxx0.000003,0.000000,0.000000,0.000462,0.000467
C,ka100_req66,3,xxxxxxxxxxxxxxxx0.000002,0.000000,0.000000,0.000424,0.000431
C,ka100_req67,3,xxxxxxxxxxxxxxxx0.000003,0.000000,0.000000,0.000416,0.000424
C,ka100_req68,3,xxxxxxxxxxxxxxxx0.000003,0.000000,0.000000,0.000413,0.000419
C,ka100_req69,3,xxxxxxxxxxxxxxxx0.000003,0.000000,0.000000,0.000409,0.000416
C,ka100_req70,3,xxxxxxxxxxxxxxxx0.000004,0.000000,0.000000,0.000413,0.000420
C,ka100_req71,3,xxxxxxxxxxxxxxxx0.000003,0.000000,0.000000,0.000417,0.000431
C,ka100_req72,3,xxxxxxxxxxxxxxxx0.000003,0.000000,0.000000,0.000400,0.000405
C,ka100_req73,3,xxxxxxxxxxxxxxxx0.000003,0.000000,0.000000,0.000422,0.000429
C,ka100_req74,3,xxxxxxxxxxxxxxxx0.000003,0.000000,0.000000,0.000391,0.000396
C,ka100_req75,3,xxxxxxxxxxxxxxxx0.000003,0.000000,0.000000,0.000428,0.000437
C,ka100_req76,3,xxxxxxxxxxxxxxxx0.000004,0.000000,0.000000,0.000422,0.000428
C,ka100_req77,3,xxxxxxxxxxxxxxxx0.000002,0.000000,0.000000,0.000466,0.000474
C,ka100_req78,3,xxxxxxxxxxxxxxxx0.000003,0.000000,0.000000,0.000402,0.000408
C,ka100_req79,3,xxxxxxxxxxxxxxxx0.000003,0.000000,0.000000,0.000431,0.000436
C,ka100_req80,3,xxxxxxxxxxxxxxxx0.000003,0.000000,0.000000,0.000406,0.000413
C,ka100_req81,3,xxxxxxxxxxxxxxxx0.000004,0.000000,0.000000,0.000420,0.000426
C,ka100_req82,3,xxxxxxxxxxxxxxxx0.000003,0.000000,0.000000,0.000416,0.000424
C,ka100_req83,3,xxxxxxxxxxxxxxxx0.000004,0.000000,0.000000,0.000504,0.000510
C,ka100_req84,3,xxxxxxxxxxxxxxxx0.000003,0.000000,0.000000,0.000425,0.000431
C,ka100_req85,3,xxxxxxxxxxxxxxxx0.000004,0.000000,0.000000,0.000447,0.000453
C,ka100_req86,3,xxxxxxxxxxxxxxxx0.000004,0.000000,0.000000,0.000455,0.000461
C,ka100_req87,3,xxxxxxxxxxxxxxxx0.000004,0.000000,0.000000,0.000463,0.000469
C,ka100_req88,3,xxxxxxxxxxxxxxxx0.000002,0.000000,0.000000,0.000488,0.000548
C,ka100_req89,3,xxxxxxxxxxxxxxxx0.000003,0.000000,0.000000,0.000506,0.000514
C,ka100_req90,3,xxxxxxxxxxxxxxxx0.000003,0.000000,0.000000,0.000476,0.000514
C,ka100_req91,3,xxxxxxxxxxxxxxxx0.000003,0.000000,0.000000,0.000459,0.000465
C,ka100_req92,3,xxxxxxxxxxxxxxxx0.000003,0.000000,0.000000,0.000470,0.000504
C,ka100_req93,3,xxxxxxxxxxxxxxxx0.000003,0.000000,0.000000,0.000440,0.000452
C,ka100_req94,3,xxxxxxxxxxxxxxxx0.000003,0.000000,0.000000,0.000517,0.000527
C,ka100_req95,3,xxxxxxxxxxxxxxxx0.000004,0.000000,0.000000,0.000484,0.000528
C,ka100_req96,3,xxxxxxxxxxxxxxxx0.000004,0.000000,0.000000,0.000441,0.000449
C,ka100_req97,3,xxxxxxxxxxxxxxxx0.000005,0.000000,0.000000,0.000448,0.000462
C,ka100_req98,3,xxxxxxxxxxxxxxxx0.000003,0.000000,0.000000,0.000464,0.000473
C,ka100_req99,3,xxxxxxxxxxxxxxxx0.000005,0.000000,0.000000,0.000489,0.000530
C,ka100_req100,3,xxxxxxxxxxxxxxxx0.000005,0.000000,0.000000,0.000456,0.000463
C,ka100_req1,4,0.000008,0.000040,0.013747,0.014933,0.014953
C,ka100_req2,4,xxxxxxxxxxxxxxxx0.000007,0.000000,0.000000,0.000506,0.000516
C,ka100_req3,4,xxxxxxxxxxxxxxxx0.000006,0.000000,0.000000,0.000506,0.000515
C,ka100_req4,4,xxxxxxxxxxxxxxxx0.000006,0.000000,0.000000,0.000518,0.000525
C,ka100_req5,4,xxxxxxxxxxxxxxxx0.000006,0.000000,0.000000,0.000482,0.000489
C,ka100_req6,4,xxxxxxxxxxxxxxxx0.000003,0.000000,0.000000,0.000465,0.000473
C,ka100_req7,4,xxxxxxxxxxxxxxxx0.000003,0.000000,0.000000,0.000477,0.000483
C,ka100_req8,4,xxxxxxxxxxxxxxxx0.000003,0.000000,0.000000,0.000472,0.000480
C,ka100_req9,4,xxxxxxxxxxxxxxxx0.000004,0.000000,0.000000,0.000462,0.000469
C,ka100_req10,4,xxxxxxxxxxxxxxxx0.000003,0.000000,0.000000,0.000437,0.000446
C,ka100_req11,4,xxxxxxxxxxxxxxxx0.000004,0.000000,0.000000,0.000456,0.000465
C,ka100_req12,4,xxxxxxxxxxxxxxxx0.000004,0.000000,0.000000,0.000447,0.000456
C,ka100_req13,4,xxxxxxxxxxxxxxxx0.000005,0.000000,0.000000,0.000424,0.000467
C,ka100_req14,4,xxxxxxxxxxxxxxxx0.000004,0.000000,0.000000,0.000439,0.000447
C,ka100_req15,4,xxxxxxxxxxxxxxxx0.000004,0.000000,0.000000,0.000435,0.000443
C,ka100_req16,4,xxxxxxxxxxxxxxxx0.000003,0.000000,0.000000,0.000420,0.000427
C,ka100_req17,4,xxxxxxxxxxxxxxxx0.000003,0.000000,0.000000,0.000450,0.000457
C,ka100_req18,4,xxxxxxxxxxxxxxxx0.000004,0.000000,0.000000,0.000471,0.000478
C,ka100_req19,4,xxxxxxxxxxxxxxxx0.000003,0.000000,0.000000,0.000445,0.000487
C,ka100_req20,4,xxxxxxxxxxxxxxxx0.000004,0.000000,0.000000,0.000474,0.000482
C,ka100_req21,4,xxxxxxxxxxxxxxxx0.000004,0.000000,0.000000,0.000477,0.000484
C,ka100_req22,4,xxxxxxxxxxxxxxxx0.000003,0.000000,0.000000,0.000411,0.000418
C,ka100_req23,4,xxxxxxxxxxxxxxxx0.000003,0.000000,0.000000,0.000409,0.000417
C,ka100_req24,4,xxxxxxxxxxxxxxxx0.000004,0.000000,0.000000,0.000455,0.000465
C,ka100_req25,4,xxxxxxxxxxxxxxxx0.000003,0.000000,0.000000,0.000450,0.000481
C,ka100_req26,4,xxxxxxxxxxxxxxxx0.000003,0.000000,0.000000,0.000442,0.000453
C,ka100_req27,4,xxxxxxxxxxxxxxxx0.000005,0.000000,0.000000,0.000451,0.000458
C,ka100_req28,4,xxxxxxxxxxxxxxxx0.000003,0.000000,0.000000,0.000456,0.000507
C,ka100_req29,4,xxxxxxxxxxxxxxxx0.000004,0.000000,0.000000,0.000436,0.000467
C,ka100_req30,4,xxxxxxxxxxxxxxxx0.000004,0.000000,0.000000,0.000459,0.000493
C,ka100_req31,4,xxxxxxxxxxxxxxxx0.000005,0.000000,0.000000,0.000519,0.000526
C,ka100_req32,4,xxxxxxxxxxxxxxxx0.000004,0.000000,0.000000,0.000456,0.000465
C,ka100_req33,4,xxxxxxxxxxxxxxxx0.000005,0.000000,0.000000,0.000463,0.000471
C,ka100_req34,4,xxxxxxxxxxxxxxxx0.000003,0.000000,0.000000,0.000485,0.000493
C,ka100_req35,4,xxxxxxxxxxxxxxxx0.000004,0.000000,0.000000,0.000435,0.000477
C,ka100_req36,4,xxxxxxxxxxxxxxxx0.000003,0.000000,0.000000,0.000424,0.000430
C,ka100_req37,4,xxxxxxxxxxxxxxxx0.000003,0.000000,0.000000,0.000362,0.000403
C,ka100_req38,4,xxxxxxxxxxxxxxxx0.000004,0.000000,0.000000,0.000406,0.000414
C,ka100_req39,4,xxxxxxxxxxxxxxxx0.000005,0.000000,0.000000,0.000434,0.000441
C,ka100_req40,4,xxxxxxxxxxxxxxxx0.000004,0.000000,0.000000,0.000428,0.000435
C,ka100_req41,4,xxxxxxxxxxxxxxxx0.000004,0.000000,0.000000,0.000441,0.000449
C,ka100_req42,4,xxxxxxxxxxxxxxxx0.000004,0.000000,0.000000,0.000424,0.000432
C,ka100_req43,4,xxxxxxxxxxxxxxxx0.000004,0.000000,0.000000,0.000422,0.000431
C,ka100_req44,4,xxxxxxxxxxxxxxxx0.000004,0.000000,0.000000,0.000392,0.000400
C,ka100_req45,4,xxxxxxxxxxxxxxxx0.000003,0.000000,0.000000,0.000425,0.000433
C,ka100_req46,4,xxxxxxxxxxxxxxxx0.000004,0.000000,0.000000,0.000400,0.000407
C,ka100_req47,4,xxxxxxxxxxxxxxxx0.000005,0.000000,0.000000,0.000413,0.000419
C,ka100_req48,4,xxxxxxxxxxxxxxxx0.000003,0.000000,0.000000,0.000456,0.000463
C,ka100_req49,4,xxxxxxxxxxxxxxxx0.000004,0.000000,0.000000,0.000479,0.000487
C,ka100_req50,4,xxxxxxxxxxxxxxxx0.000005,0.000000,0.000000,0.000455,0.000462
C,ka100_req51,4,xxxxxxxxxxxxxxxx0.000003,0.000000,0.000000,0.000434,0.000442
C,ka100_req52,4,xxxxxxxxxxxxxxxx0.000003,0.000000,0.000000,0.000432,0.000443
C,ka100_req53,4,xxxxxxxxxxxxxxxx0.000003,0.000000,0.000000,0.000414,0.000422
C,ka100_req54,4,xxxxxxxxxxxxxxxx0.000004,0.000000,0.000000,0.000378,0.000385
C,ka100_req55,4,xxxxxxxxxxxxxxxx0.000003,0.000000,0.000000,0.000368,0.000426
C,ka100_req56,4,xxxxxxxxxxxxxxxx0.000004,0.000000,0.000000,0.000382,0.000390
C,ka100_req57,4,xxxxxxxxxxxxxxxx0.000003,0.000000,0.000000,0.000382,0.000390
C,ka100_req58,4,xxxxxxxxxxxxxxxx0.000004,0.000000,0.000000,0.000357,0.000402
C,ka100_req59,4,xxxxxxxxxxxxxxxx0.000003,0.000000,0.000000,0.000414,0.000423
C,ka100_req60,4,xxxxxxxxxxxxxxxx0.000004,0.000000,0.000000,0.000380,0.000420
C,ka100_req61,4,xxxxxxxxxxxxxxxx0.000003,0.000000,0.000000,0.000415,0.000425
C,ka100_req62,4,xxxxxxxxxxxxxxxx0.000004,0.000000,0.000000,0.000422,0.000430
C,ka100_req63,4,xxxxxxxxxxxxxxxx0.000004,0.000000,0.000000,0.000425,0.000433
C,ka100_req64,4,xxxxxxxxxxxxxxxx0.000003,0.000000,0.000000,0.000411,0.000420
C,ka100_req65,4,xxxxxxxxxxxxxxxx0.000003,0.000000,0.000000,0.000417,0.000424
C,ka100_req66,4,xxxxxxxxxxxxxxxx0.000003,0.000000,0.000000,0.000386,0.000395
C,ka100_req67,4,xxxxxxxxxxxxxxxx0.000004,0.000000,0.000000,0.000416,0.000421
C,ka100_req68,4,xxxxxxxxxxxxxxxx0.000003,0.000000,0.000000,0.000402,0.000408
C,ka100_req69,4,xxxxxxxxxxxxxxxx0.000003,0.000000,0.000000,0.000422,0.000428
C,ka100_req70,4,xxxxxxxxxxxxxxxx0.000003,0.000000,0.000000,0.000410,0.000417
C,ka100_req71,4,xxxxxxxxxxxxxxxx0.000003,0.000000,0.000000,0.000412,0.000419
C,ka100_req72,4,xxxxxxxxxxxxxxxx0.000003,0.000000,0.000000,0.000405,0.000413
C,ka100_req73,4,xxxxxxxxxxxxxxxx0.000004,0.000000,0.000000,0.000402,0.000410
C,ka100_req74,4,xxxxxxxxxxxxxxxx0.000004,0.000000,0.000000,0.000388,0.000394
C,ka100_req75,4,xxxxxxxxxxxxxxxx0.000003,0.000000,0.000000,0.000440,0.000449
C,ka100_req76,4,xxxxxxxxxxxxxxxx0.000004,0.000000,0.000000,0.000414,0.000422
C,ka100_req77,4,xxxxxxxxxxxxxxxx0.000004,0.000000,0.000000,0.000448,0.000456
C,ka100_req78,4,xxxxxxxxxxxxxxxx0.000003,0.000000,0.000000,0.000425,0.000433
C,ka100_req79,4,xxxxxxxxxxxxxxxx0.000004,0.000000,0.000000,0.000388,0.000394
C,ka100_req80,4,xxxxxxxxxxxxxxxx0.000004,0.000000,0.000000,0.000452,0.000486
C,ka100_req81,4,xxxxxxxxxxxxxxxx0.000004,0.000000,0.000000,0.000476,0.000482
C,ka100_req82,4,xxxxxxxxxxxxxxxx0.000003,0.000000,0.000000,0.000409,0.000415
C,ka100_req83,4,xxxxxxxxxxxxxxxx0.000004,0.000000,0.000000,0.000428,0.000435
C,ka100_req84,4,xxxxxxxxxxxxxxxx0.000004,0.000000,0.000000,0.000389,0.000395
C,ka100_req85,4,xxxxxxxxxxxxxxxx0.000003,0.000000,0.000000,0.000450,0.000456
C,ka100_req86,4,xxxxxxxxxxxxxxxx0.000003,0.000000,0.000000,0.000407,0.000443
C,ka100_req87,4,xxxxxxxxxxxxxxxx0.000003,0.000000,0.000000,0.000373,0.000382
C,ka100_req88,4,xxxxxxxxxxxxxxxx0.000004,0.000000,0.000000,0.000431,0.000436
C,ka100_req89,4,xxxxxxxxxxxxxxxx0.000003,0.000000,0.000000,0.000456,0.000463
C,ka100_req90,4,xxxxxxxxxxxxxxxx0.000004,0.000000,0.000000,0.000391,0.000400
C,ka100_req91,4,xxxxxxxxxxxxxxxx0.000004,0.000000,0.000000,0.000402,0.000408
C,ka100_req92,4,xxxxxxxxxxxxxxxx0.000003,0.000000,0.000000,0.000404,0.000438
C,ka100_req93,4,xxxxxxxxxxxxxxxx0.000004,0.000000,0.000000,0.000415,0.000422
C,ka100_req94,4,xxxxxxxxxxxxxxxx0.000004,0.000000,0.000000,0.000418,0.000432
C,ka100_req95,4,xxxxxxxxxxxxxxxx0.000003,0.000000,0.000000,0.000416,0.000423
C,ka100_req96,4,xxxxxxxxxxxxxxxx0.000004,0.000000,0.000000,0.000390,0.000397
C,ka100_req97,4,xxxxxxxxxxxxxxxx0.000003,0.000000,0.000000,0.000505,0.000513
C,ka100_req98,4,xxxxxxxxxxxxxxxx0.000003,0.000000,0.000000,0.000433,0.000441
C,ka100_req99,4,xxxxxxxxxxxxxxxx0.000003,0.000000,0.000000,0.000442,0.000449
C,ka100_req100,4,xxxxxxxxxxxxxxxx0.000004,0.000000,0.000000,0.000432,0.000474
C,ka100_req1,5,0.000007,0.000039,0.013476,0.014559,0.014573
C,ka100_req2,5,xxxxxxxxxxxxxxxx0.000005,0.000000,0.000000,0.000425,0.000433
C,ka100_req3,5,xxxxxxxxxxxxxxxx0.000004,0.000000,0.000000,0.000492,0.000501
C,ka100_req4,5,xxxxxxxxxxxxxxxx0.000006,0.000000,0.000000,0.000452,0.000458
C,ka100_req5,5,xxxxxxxxxxxxxxxx0.000004,0.000000,0.000000,0.000467,0.000472
C,ka100_req6,5,xxxxxxxxxxxxxxxx0.000003,0.000000,0.000000,0.000445,0.000456
C,ka100_req7,5,xxxxxxxxxxxxxxxx0.000007,0.000000,0.000000,0.000498,0.000506
C,ka100_req8,5,xxxxxxxxxxxxxxxx0.000003,0.000000,0.000000,0.000468,0.000477
C,ka100_req9,5,xxxxxxxxxxxxxxxx0.000006,0.000000,0.000000,0.000567,0.000575
C,ka100_req10,5,xxxxxxxxxxxxxxxx0.000004,0.000000,0.000000,0.000491,0.000498
C,ka100_req11,5,xxxxxxxxxxxxxxxx0.000004,0.000000,0.000000,0.000471,0.000478
C,ka100_req12,5,xxxxxxxxxxxxxxxx0.000004,0.000000,0.000000,0.000490,0.000496
C,ka100_req13,5,xxxxxxxxxxxxxxxx0.000004,0.000000,0.000000,0.000465,0.000472
C,ka100_req14,5,xxxxxxxxxxxxxxxx0.000004,0.000000,0.000000,0.000469,0.000475
C,ka100_req15,5,xxxxxxxxxxxxxxxx0.000003,0.000000,0.000000,0.000489,0.000539
C,ka100_req16,5,xxxxxxxxxxxxxxxx0.000003,0.000000,0.000000,0.000486,0.000492
C,ka100_req17,5,xxxxxxxxxxxxxxxx0.000003,0.000000,0.000000,0.000480,0.000488
C,ka100_req18,5,xxxxxxxxxxxxxxxx0.000003,0.000000,0.000000,0.000474,0.000479
C,ka100_req19,5,xxxxxxxxxxxxxxxx0.000003,0.000000,0.000000,0.000427,0.000432
C,ka100_req20,5,xxxxxxxxxxxxxxxx0.000003,0.000000,0.000000,0.000448,0.000455
C,ka100_req21,5,xxxxxxxxxxxxxxxx0.000005,0.000000,0.000000,0.000445,0.000461
C,ka100_req22,5,xxxxxxxxxxxxxxxx0.000004,0.000000,0.000000,0.000437,0.000445
C,ka100_req23,5,xxxxxxxxxxxxxxxx0.000004,0.000000,0.000000,0.000484,0.000520
C,ka100_req24,5,xxxxxxxxxxxxxxxx0.000003,0.000000,0.000000,0.000467,0.000473
C,ka100_req25,5,xxxxxxxxxxxxxxxx0.000003,0.000000,0.000000,0.000436,0.000442
C,ka100_req26,5,xxxxxxxxxxxxxxxx0.000003,0.000000,0.000000,0.000462,0.000467
C,ka100_req27,5,xxxxxxxxxxxxxxxx0.000004,0.000000,0.000000,0.000419,0.000473
C,ka100_req28,5,xxxxxxxxxxxxxxxx0.000003,0.000000,0.000000,0.000422,0.000430
C,ka100_req29,5,xxxxxxxxxxxxxxxx0.000003,0.000000,0.000000,0.000527,0.000536
C,ka100_req30,5,xxxxxxxxxxxxxxxx0.000004,0.000000,0.000000,0.000422,0.000430
C,ka100_req31,5,xxxxxxxxxxxxxxxx0.000003,0.000000,0.000000,0.000443,0.000451
C,ka100_req32,5,xxxxxxxxxxxxxxxx0.000004,0.000000,0.000000,0.000444,0.000452
C,ka100_req33,5,xxxxxxxxxxxxxxxx0.000004,0.000000,0.000000,0.000435,0.000444
C,ka100_req34,5,xxxxxxxxxxxxxxxx0.000004,0.000000,0.000000,0.000478,0.000485
C,ka100_req35,5,xxxxxxxxxxxxxxxx0.000004,0.000000,0.000000,0.000398,0.000406
C,ka100_req36,5,xxxxxxxxxxxxxxxx0.000004,0.000000,0.000000,0.000434,0.000442
C,ka100_req37,5,xxxxxxxxxxxxxxxx0.000003,0.000000,0.000000,0.000432,0.000440
C,ka100_req38,5,xxxxxxxxxxxxxxxx0.000003,0.000000,0.000000,0.000443,0.000450
C,ka100_req39,5,xxxxxxxxxxxxxxxx0.000003,0.000000,0.000000,0.000411,0.000417
C,ka100_req40,5,xxxxxxxxxxxxxxxx0.000003,0.000000,0.000000,0.000429,0.000474
C,ka100_req41,5,xxxxxxxxxxxxxxxx0.000003,0.000000,0.000000,0.000396,0.000429
C,ka100_req42,5,xxxxxxxxxxxxxxxx0.000003,0.000000,0.000000,0.000400,0.000409
C,ka100_req43,5,xxxxxxxxxxxxxxxx0.000004,0.000000,0.000000,0.000414,0.000421
C,ka100_req44,5,xxxxxxxxxxxxxxxx0.000004,0.000000,0.000000,0.000411,0.000418
C,ka100_req45,5,xxxxxxxxxxxxxxxx0.000004,0.000000,0.000000,0.000454,0.000461
C,ka100_req46,5,xxxxxxxxxxxxxxxx0.000003,0.000000,0.000000,0.000423,0.000431
C,ka100_req47,5,xxxxxxxxxxxxxxxx0.000003,0.000000,0.000000,0.000399,0.000406
C,ka100_req48,5,xxxxxxxxxxxxxxxx0.000003,0.000000,0.000000,0.000422,0.000430
C,ka100_req49,5,xxxxxxxxxxxxxxxx0.000002,0.000000,0.000000,0.000393,0.000400
C,ka100_req50,5,xxxxxxxxxxxxxxxx0.000004,0.000000,0.000000,0.000431,0.000437
C,ka100_req51,5,xxxxxxxxxxxxxxxx0.000003,0.000000,0.000000,0.000426,0.000434
C,ka100_req52,5,xxxxxxxxxxxxxxxx0.000003,0.000000,0.000000,0.000404,0.000409
C,ka100_req53,5,xxxxxxxxxxxxxxxx0.000003,0.000000,0.000000,0.000449,0.000456
C,ka100_req54,5,xxxxxxxxxxxxxxxx0.000003,0.000000,0.000000,0.000380,0.000388
C,ka100_req55,5,xxxxxxxxxxxxxxxx0.000003,0.000000,0.000000,0.000435,0.000442
C,ka100_req56,5,xxxxxxxxxxxxxxxx0.000004,0.000000,0.000000,0.000384,0.000389
C,ka100_req57,5,xxxxxxxxxxxxxxxx0.000003,0.000000,0.000000,0.000403,0.000444
C,ka100_req58,5,xxxxxxxxxxxxxxxx0.000003,0.000000,0.000000,0.000434,0.000491
C,ka100_req59,5,xxxxxxxxxxxxxxxx0.000002,0.000000,0.000000,0.000455,0.000462
C,ka100_req60,5,xxxxxxxxxxxxxxxx0.000003,0.000000,0.000000,0.000405,0.000412
C,ka100_req61,5,xxxxxxxxxxxxxxxx0.000003,0.000000,0.000000,0.000448,0.000455
C,ka100_req62,5,xxxxxxxxxxxxxxxx0.000004,0.000000,0.000000,0.000418,0.000426
C,ka100_req63,5,xxxxxxxxxxxxxxxx0.000003,0.000000,0.000000,0.000435,0.000444
C,ka100_req64,5,xxxxxxxxxxxxxxxx0.000004,0.000000,0.000000,0.000426,0.000434
C,ka100_req65,5,xxxxxxxxxxxxxxxx0.000004,0.000000,0.000000,0.000480,0.000487
C,ka100_req66,5,xxxxxxxxxxxxxxxx0.000003,0.000000,0.000000,0.000480,0.000487
C,ka100_req67,5,xxxxxxxxxxxxxxxx0.000003,0.000000,0.000000,0.000466,0.000472
C,ka100_req68,5,xxxxxxxxxxxxxxxx0.000003,0.000000,0.000000,0.000451,0.000458
C,ka100_req69,5,xxxxxxxxxxxxxxxx0.000004,0.000000,0.000000,0.000432,0.000438
C,ka100_req70,5,xxxxxxxxxxxxxxxx0.000004,0.000000,0.000000,0.000388,0.000394
C,ka100_req71,5,xxxxxxxxxxxxxxxx0.000004,0.000000,0.000000,0.000431,0.000438
C,ka100_req72,5,xxxxxxxxxxxxxxxx0.000003,0.000000,0.000000,0.000367,0.000373
C,ka100_req73,5,xxxxxxxxxxxxxxxx0.000002,0.000000,0.000000,0.000403,0.000412
C,ka100_req74,5,xxxxxxxxxxxxxxxx0.000003,0.000000,0.000000,0.000403,0.000411
C,ka100_req75,5,xxxxxxxxxxxxxxxx0.000004,0.000000,0.000000,0.000402,0.000420
C,ka100_req76,5,xxxxxxxxxxxxxxxx0.000003,0.000000,0.000000,0.000395,0.000403
C,ka100_req77,5,xxxxxxxxxxxxxxxx0.000003,0.000000,0.000000,0.000427,0.000433
C,ka100_req78,5,xxxxxxxxxxxxxxxx0.000003,0.000000,0.000000,0.000389,0.000397
C,ka100_req79,5,xxxxxxxxxxxxxxxx0.000003,0.000000,0.000000,0.000434,0.000440
C,ka100_req80,5,xxxxxxxxxxxxxxxx0.000003,0.000000,0.000000,0.000471,0.000479
C,ka100_req81,5,xxxxxxxxxxxxxxxx0.000002,0.000000,0.000000,0.000411,0.000418
C,ka100_req82,5,xxxxxxxxxxxxxxxx0.000004,0.000000,0.000000,0.000396,0.000403
C,ka100_req83,5,xxxxxxxxxxxxxxxx0.000004,0.000000,0.000000,0.000398,0.000404
C,ka100_req84,5,xxxxxxxxxxxxxxxx0.000003,0.000000,0.000000,0.000402,0.000409
C,ka100_req85,5,xxxxxxxxxxxxxxxx0.000003,0.000000,0.000000,0.000391,0.000406
C,ka100_req86,5,xxxxxxxxxxxxxxxx0.000003,0.000000,0.000000,0.000412,0.000419
C,ka100_req87,5,xxxxxxxxxxxxxxxx0.000003,0.000000,0.000000,0.000409,0.000415
C,ka100_req88,5,xxxxxxxxxxxxxxxx0.000004,0.000000,0.000000,0.000373,0.000380
C,ka100_req89,5,xxxxxxxxxxxxxxxx0.000004,0.000000,0.000000,0.000411,0.000418
C,ka100_req90,5,xxxxxxxxxxxxxxxx0.000004,0.000000,0.000000,0.000421,0.000451
C,ka100_req91,5,xxxxxxxxxxxxxxxx0.000003,0.000000,0.000000,0.000480,0.000487
C,ka100_req92,5,xxxxxxxxxxxxxxxx0.000003,0.000000,0.000000,0.000370,0.000377
C,ka100_req93,5,xxxxxxxxxxxxxxxx0.000003,0.000000,0.000000,0.000430,0.000437
C,ka100_req94,5,xxxxxxxxxxxxxxxx0.000003,0.000000,0.000000,0.000404,0.000409
C,ka100_req95,5,xxxxxxxxxxxxxxxx0.000003,0.000000,0.000000,0.000415,0.000422
C,ka100_req96,5,xxxxxxxxxxxxxxxx0.000003,0.000000,0.000000,0.000421,0.000428
C,ka100_req97,5,xxxxxxxxxxxxxxxx0.000004,0.000000,0.000000,0.000432,0.000437
C,ka100_req98,5,xxxxxxxxxxxxxxxx0.000003,0.000000,0.000000,0.000399,0.000406
C,ka100_req99,5,xxxxxxxxxxxxxxxx0.000004,0.000000,0.000000,0.000426,0.000432
C,ka100_req100,5,xxxxxxxxxxxxxxxx0.000003,0.000000,0.000000,0.000378,0.000387
C,ka100_req1,6,0.000008,0.000041,0.013704,0.014775,0.014790
C,ka100_req2,6,xxxxxxxxxxxxxxxx0.000005,0.000000,0.000000,0.000384,0.000392
C,ka100_req3,6,xxxxxxxxxxxxxxxx0.000004,0.000000,0.000000,0.000446,0.000454
C,ka100_req4,6,xxxxxxxxxxxxxxxx0.000006,0.000000,0.000000,0.000445,0.000453
C,ka100_req5,6,xxxxxxxxxxxxxxxx0.000003,0.000000,0.000000,0.000455,0.000462
C,ka100_req6,6,xxxxxxxxxxxxxxxx0.000003,0.000000,0.000000,0.000420,0.000429
C,ka100_req7,6,xxxxxxxxxxxxxxxx0.000007,0.000000,0.000000,0.000473,0.000480
C,ka100_req8,6,xxxxxxxxxxxxxxxx0.000003,0.000000,0.000000,0.000469,0.000476
C,ka100_req9,6,xxxxxxxxxxxxxxxx0.000005,0.000000,0.000000,0.000454,0.000462
C,ka100_req10,6,xxxxxxxxxxxxxxxx0.000003,0.000000,0.000000,0.000457,0.000464
C,ka100_req11,6,xxxxxxxxxxxxxxxx0.000003,0.000000,0.000000,0.000481,0.000500
C,ka100_req12,6,xxxxxxxxxxxxxxxx0.000005,0.000000,0.000000,0.000401,0.000408
C,ka100_req13,6,xxxxxxxxxxxxxxxx0.000003,0.000000,0.000000,0.000457,0.000465
C,ka100_req14,6,xxxxxxxxxxxxxxxx0.000003,0.000000,0.000000,0.000405,0.000412
C,ka100_req15,6,xxxxxxxxxxxxxxxx0.000003,0.000000,0.000000,0.000428,0.000436
C,ka100_req16,6,xxxxxxxxxxxxxxxx0.000003,0.000000,0.000000,0.000419,0.000426
C,ka100_req17,6,xxxxxxxxxxxxxxxx0.000003,0.000000,0.000000,0.000381,0.000390
C,ka100_req18,6,xxxxxxxxxxxxxxxx0.000004,0.000000,0.000000,0.000466,0.000477
C,ka100_req19,6,xxxxxxxxxxxxxxxx0.000006,0.000000,0.000000,0.000441,0.000448
C,ka100_req20,6,xxxxxxxxxxxxxxxx0.000004,0.000000,0.000000,0.000426,0.000432
C,ka100_req21,6,xxxxxxxxxxxxxxxx0.000005,0.000000,0.000000,0.000445,0.000452
C,ka100_req22,6,xxxxxxxxxxxxxxxx0.000004,0.000000,0.000000,0.000444,0.000449
C,ka100_req23,6,xxxxxxxxxxxxxxxx0.000003,0.000000,0.000000,0.000460,0.000467
C,ka100_req24,6,xxxxxxxxxxxxxxxx0.000004,0.000000,0.000000,0.000471,0.000477
C,ka100_req25,6,xxxxxxxxxxxxxxxx0.000003,0.000000,0.000000,0.000436,0.000453
C,ka100_req26,6,xxxxxxxxxxxxxxxx0.000004,0.000000,0.000000,0.000427,0.000432
C,ka100_req27,6,xxxxxxxxxxxxxxxx0.000003,0.000000,0.000000,0.000427,0.000443
C,ka100_req28,6,xxxxxxxxxxxxxxxx0.000004,0.000000,0.000000,0.000431,0.000438
C,ka100_req29,6,xxxxxxxxxxxxxxxx0.000004,0.000000,0.000000,0.000492,0.000499
C,ka100_req30,6,xxxxxxxxxxxxxxxx0.000003,0.000000,0.000000,0.000440,0.000447
C,ka100_req31,6,xxxxxxxxxxxxxxxx0.000004,0.000000,0.000000,0.000417,0.000424
C,ka100_req32,6,xxxxxxxxxxxxxxxx0.000004,0.000000,0.000000,0.000462,0.000470
C,ka100_req33,6,xxxxxxxxxxxxxxxx0.000003,0.000000,0.000000,0.000448,0.000454
C,ka100_req34,6,xxxxxxxxxxxxxxxx0.000003,0.000000,0.000000,0.000426,0.000433
C,ka100_req35,6,xxxxxxxxxxxxxxxx0.000004,0.000000,0.000000,0.000413,0.000421
C,ka100_req36,6,xxxxxxxxxxxxxxxx0.000003,0.000000,0.000000,0.000443,0.000450
C,ka100_req37,6,xxxxxxxxxxxxxxxx0.000003,0.000000,0.000000,0.000394,0.000441
C,ka100_req38,6,xxxxxxxxxxxxxxxx0.000002,0.000000,0.000000,0.000412,0.000420
C,ka100_req39,6,xxxxxxxxxxxxxxxx0.000002,0.000000,0.000000,0.000465,0.000472
C,ka100_req40,6,xxxxxxxxxxxxxxxx0.000004,0.000000,0.000000,0.000467,0.000474
C,ka100_req41,6,xxxxxxxxxxxxxxxx0.000003,0.000000,0.000000,0.000449,0.000476
C,ka100_req42,6,xxxxxxxxxxxxxxxx0.000003,0.000000,0.000000,0.000488,0.000496
C,ka100_req43,6,xxxxxxxxxxxxxxxx0.000003,0.000000,0.000000,0.000454,0.000461
C,ka100_req44,6,xxxxxxxxxxxxxxxx0.000003,0.000000,0.000000,0.000432,0.000439
C,ka100_req45,6,xxxxxxxxxxxxxxxx0.000003,0.000000,0.000000,0.000467,0.000474
C,ka100_req46,6,xxxxxxxxxxxxxxxx0.000004,0.000000,0.000000,0.000466,0.000473
C,ka100_req47,6,xxxxxxxxxxxxxxxx0.000004,0.000000,0.000000,0.000447,0.000484
C,ka100_req48,6,xxxxxxxxxxxxxxxx0.000003,0.000000,0.000000,0.000426,0.000463
C,ka100_req49,6,xxxxxxxxxxxxxxxx0.000003,0.000000,0.000000,0.000460,0.000466
C,ka100_req50,6,xxxxxxxxxxxxxxxx0.000003,0.000000,0.000000,0.000461,0.000467
C,ka100_req51,6,xxxxxxxxxxxxxxxx0.000003,0.000000,0.000000,0.000457,0.000464
C,ka100_req52,6,xxxxxxxxxxxxxxxx0.000003,0.000000,0.000000,0.000417,0.000424
C,ka100_req53,6,xxxxxxxxxxxxxxxx0.000002,0.000000,0.000000,0.000452,0.000458
C,ka100_req54,6,xxxxxxxxxxxxxxxx0.000004,0.000000,0.000000,0.000424,0.000431
C,ka100_req55,6,xxxxxxxxxxxxxxxx0.000003,0.000000,0.000000,0.000390,0.000398
C,ka100_req56,6,xxxxxxxxxxxxxxxx0.000003,0.000000,0.000000,0.000433,0.000439
C,ka100_req57,6,xxxxxxxxxxxxxxxx0.000003,0.000000,0.000000,0.000450,0.000458
C,ka100_req58,6,xxxxxxxxxxxxxxxx0.000003,0.000000,0.000000,0.000408,0.000416
C,ka100_req59,6,xxxxxxxxxxxxxxxx0.000004,0.000000,0.000000,0.000408,0.000415
C,ka100_req60,6,xxxxxxxxxxxxxxxx0.000004,0.000000,0.000000,0.000426,0.000432
C,ka100_req61,6,xxxxxxxxxxxxxxxx0.000003,0.000000,0.000000,0.000383,0.000389
C,ka100_req62,6,xxxxxxxxxxxxxxxx0.000003,0.000000,0.000000,0.000375,0.000382
C,ka100_req63,6,xxxxxxxxxxxxxxxx0.000003,0.000000,0.000000,0.000439,0.000446
C,ka100_req64,6,xxxxxxxxxxxxxxxx0.000003,0.000000,0.000000,0.000389,0.000395
C,ka100_req65,6,xxxxxxxxxxxxxxxx0.000003,0.000000,0.000000,0.000399,0.000405
C,ka100_req66,6,xxxxxxxxxxxxxxxx0.000003,0.000000,0.000000,0.000410,0.000417
C,ka100_req67,6,xxxxxxxxxxxxxxxx0.000003,0.000000,0.000000,0.000413,0.000431
C,ka100_req68,6,xxxxxxxxxxxxxxxx0.000003,0.000000,0.000000,0.000397,0.000406
C,ka100_req69,6,xxxxxxxxxxxxxxxx0.000003,0.000000,0.000000,0.000420,0.000426
C,ka100_req70,6,xxxxxxxxxxxxxxxx0.000004,0.000000,0.000000,0.000432,0.000438
C,ka100_req71,6,xxxxxxxxxxxxxxxx0.000003,0.000000,0.000000,0.000411,0.000419
C,ka100_req72,6,xxxxxxxxxxxxxxxx0.000004,0.000000,0.000000,0.000457,0.000465
C,ka100_req73,6,xxxxxxxxxxxxxxxx0.000003,0.000000,0.000000,0.000401,0.000409
C,ka100_req74,6,xxxxxxxxxxxxxxxx0.000004,0.000000,0.000000,0.000404,0.000413
C,ka100_req75,6,xxxxxxxxxxxxxxxx0.000003,0.000000,0.000000,0.000376,0.000383
C,ka100_req76,6,xxxxxxxxxxxxxxxx0.000007,0.000000,0.000000,0.000412,0.000420
C,ka100_req77,6,xxxxxxxxxxxxxxxx0.000003,0.000000,0.000000,0.000442,0.000450
C,ka100_req78,6,xxxxxxxxxxxxxxxx0.000003,0.000000,0.000000,0.000415,0.000421
C,ka100_req79,6,xxxxxxxxxxxxxxxx0.000003,0.000000,0.000000,0.000430,0.000436
C,ka100_req80,6,xxxxxxxxxxxxxxxx0.000003,0.000000,0.000000,0.000391,0.000398
C,ka100_req81,6,xxxxxxxxxxxxxxxx0.000003,0.000000,0.000000,0.000479,0.000488
C,ka100_req82,6,xxxxxxxxxxxxxxxx0.000004,0.000000,0.000000,0.000428,0.000436
C,ka100_req83,6,xxxxxxxxxxxxxxxx0.000003,0.000000,0.000000,0.000400,0.000408
C,ka100_req84,6,xxxxxxxxxxxxxxxx0.000003,0.000000,0.000000,0.000419,0.000427
C,ka100_req85,6,xxxxxxxxxxxxxxxx0.000003,0.000000,0.000000,0.000440,0.000449
C,ka100_req86,6,xxxxxxxxxxxxxxxx0.000003,0.000000,0.000000,0.000470,0.000477
C,ka100_req87,6,xxxxxxxxxxxxxxxx0.000003,0.000000,0.000000,0.000394,0.000400
C,ka100_req88,6,xxxxxxxxxxxxxxxx0.000003,0.000000,0.000000,0.000636,0.000644
C,ka100_req89,6,xxxxxxxxxxxxxxxx0.000004,0.000000,0.000000,0.000466,0.000474
C,ka100_req90,6,xxxxxxxxxxxxxxxx0.000003,0.000000,0.000000,0.000412,0.000420
C,ka100_req91,6,xxxxxxxxxxxxxxxx0.000003,0.000000,0.000000,0.000411,0.000416
C,ka100_req92,6,xxxxxxxxxxxxxxxx0.000003,0.000000,0.000000,0.000380,0.000386
C,ka100_req93,6,xxxxxxxxxxxxxxxx0.000003,0.000000,0.000000,0.000405,0.000412
C,ka100_req94,6,xxxxxxxxxxxxxxxx0.000003,0.000000,0.000000,0.000400,0.000411
C,ka100_req95,6,xxxxxxxxxxxxxxxx0.000004,0.000000,0.000000,0.000386,0.000394
C,ka100_req96,6,xxxxxxxxxxxxxxxx0.000003,0.000000,0.000000,0.000391,0.000398
C,ka100_req97,6,xxxxxxxxxxxxxxxx0.000003,0.000000,0.000000,0.000410,0.000417
C,ka100_req98,6,xxxxxxxxxxxxxxxx0.000004,0.000000,0.000000,0.000396,0.000401
C,ka100_req99,6,xxxxxxxxxxxxxxxx0.000003,0.000000,0.000000,0.000405,0.000413
C,ka100_req100,6,xxxxxxxxxxxxxxxx0.000004,0.000000,0.000000,0.000395,0.000401
C,ka100_req1,7,0.000007,0.000042,0.014111,0.015272,0.015291
C,ka100_req2,7,xxxxxxxxxxxxxxxx0.000005,0.000000,0.000000,0.000430,0.000437
C,ka100_req3,7,xxxxxxxxxxxxxxxx0.000003,0.000000,0.000000,0.000504,0.000512
C,ka100_req4,7,xxxxxxxxxxxxxxxx0.000006,0.000000,0.000000,0.000491,0.000498
C,ka100_req5,7,xxxxxxxxxxxxxxxx0.000004,0.000000,0.000000,0.000505,0.000517
C,ka100_req6,7,xxxxxxxxxxxxxxxx0.000006,0.000000,0.000000,0.000462,0.000470
C,ka100_req7,7,xxxxxxxxxxxxxxxx0.000006,0.000000,0.000000,0.000445,0.000452
C,ka100_req8,7,xxxxxxxxxxxxxxxx0.000004,0.000000,0.000000,0.000483,0.000491
C,ka100_req9,7,xxxxxxxxxxxxxxxx0.000004,0.000000,0.000000,0.000563,0.000573
C,ka100_req10,7,xxxxxxxxxxxxxxxx0.000005,0.000000,0.000000,0.000465,0.000472
C,ka100_req11,7,xxxxxxxxxxxxxxxx0.000004,0.000000,0.000000,0.000447,0.000490
C,ka100_req12,7,xxxxxxxxxxxxxxxx0.000004,0.000000,0.000000,0.000427,0.000435
C,ka100_req13,7,xxxxxxxxxxxxxxxx0.000004,0.000000,0.000000,0.000407,0.000415
C,ka100_req14,7,xxxxxxxxxxxxxxxx0.000004,0.000000,0.000000,0.000417,0.000426
C,ka100_req15,7,xxxxxxxxxxxxxxxx0.000004,0.000000,0.000000,0.000417,0.000424
C,ka100_req16,7,xxxxxxxxxxxxxxxx0.000004,0.000000,0.000000,0.000395,0.000402
C,ka100_req17,7,xxxxxxxxxxxxxxxx0.000003,0.000000,0.000000,0.000397,0.000405
C,ka100_req18,7,xxxxxxxxxxxxxxxx0.000004,0.000000,0.000000,0.000451,0.000458
C,ka100_req19,7,xxxxxxxxxxxxxxxx0.000003,0.000000,0.000000,0.000397,0.000405
C,ka100_req20,7,xxxxxxxxxxxxxxxx0.000004,0.000000,0.000000,0.000386,0.000429
C,ka100_req21,7,xxxxxxxxxxxxxxxx0.000003,0.000000,0.000000,0.000415,0.000420
C,ka100_req22,7,xxxxxxxxxxxxxxxx0.000003,0.000000,0.000000,0.000409,0.000418
C,ka100_req23,7,xxxxxxxxxxxxxxxx0.000004,0.000000,0.000000,0.000421,0.000493
C,ka100_req24,7,xxxxxxxxxxxxxxxx0.000003,0.000000,0.000000,0.000413,0.000421
C,ka100_req25,7,xxxxxxxxxxxxxxxx0.000004,0.000000,0.000000,0.000417,0.000423
C,ka100_req26,7,xxxxxxxxxxxxxxxx0.000003,0.000000,0.000000,0.000397,0.000403
C,ka100_req27,7,xxxxxxxxxxxxxxxx0.000003,0.000000,0.000000,0.000407,0.000415
C,ka100_req28,7,xxxxxxxxxxxxxxxx0.000005,0.000000,0.000000,0.000436,0.000442
C,ka100_req29,7,xxxxxxxxxxxxxxxx0.000004,0.000000,0.000000,0.000416,0.000423
C,ka100_req30,7,xxxxxxxxxxxxxxxx0.000004,0.000000,0.000000,0.000379,0.000385
C,ka100_req31,7,xxxxxxxxxxxxxxxx0.000004,0.000000,0.000000,0.000499,0.000558
C,ka100_req32,7,xxxxxxxxxxxxxxxx0.000003,0.000000,0.000000,0.000409,0.000419
C,ka100_req33,7,xxxxxxxxxxxxxxxx0.000004,0.000000,0.000000,0.000401,0.000409
C,ka100_req34,7,xxxxxxxxxxxxxxxx0.000003,0.000000,0.000000,0.000400,0.000409
C,ka100_req35,7,xxxxxxxxxxxxxxxx0.000003,0.000000,0.000000,0.000416,0.000443
C,ka100_req36,7,xxxxxxxxxxxxxxxx0.000004,0.000000,0.000000,0.000427,0.000435
C,ka100_req37,7,xxxxxxxxxxxxxxxx0.000003,0.000000,0.000000,0.000411,0.000418
C,ka100_req38,7,xxxxxxxxxxxxxxxx0.000003,0.000000,0.000000,0.000396,0.000403
C,ka100_req39,7,xxxxxxxxxxxxxxxx0.000003,0.000000,0.000000,0.000391,0.000398
C,ka100_req40,7,xxxxxxxxxxxxxxxx0.000004,0.000000,0.000000,0.000436,0.000444
C,ka100_req41,7,xxxxxxxxxxxxxxxx0.000004,0.000000,0.000000,0.000417,0.000426
C,ka100_req42,7,xxxxxxxxxxxxxxxx0.000003,0.000000,0.000000,0.000419,0.000428
C,ka100_req43,7,xxxxxxxxxxxxxxxx0.000004,0.000000,0.000000,0.000417,0.000425
C,ka100_req44,7,xxxxxxxxxxxxxxxx0.000003,0.000000,0.000000,0.000425,0.000434
C,ka100_req45,7,xxxxxxxxxxxxxxxx0.000003,0.000000,0.000000,0.000393,0.000401
C,ka100_req46,7,xxxxxxxxxxxxxxxx0.000003,0.000000,0.000000,0.000417,0.000423
C,ka100_req47,7,xxxxxxxxxxxxxxxx0.000003,0.000000,0.000000,0.000425,0.000431
C,ka100_req48,7,xxxxxxxxxxxxxxxx0.000003,0.000000,0.000000,0.000398,0.000428
C,ka100_req49,7,xxxxxxxxxxxxxxxx0.000004,0.000000,0.000000,0.000423,0.000448
C,ka100_req50,7,xxxxxxxxxxxxxxxx0.000003,0.000000,0.000000,0.000372,0.000384
C,ka100_req51,7,xxxxxxxxxxxxxxxx0.000003,0.000000,0.000000,0.000416,0.000424
C,ka100_req52,7,xxxxxxxxxxxxxxxx0.000004,0.000000,0.000000,0.000398,0.000404
C,ka100_req53,7,xxxxxxxxxxxxxxxx0.000004,0.000000,0.000000,0.000393,0.000407
C,ka100_req54,7,xxxxxxxxxxxxxxxx0.000003,0.000000,0.000000,0.000433,0.000440
C,ka100_req55,7,xxxxxxxxxxxxxxxx0.000003,0.000000,0.000000,0.000401,0.000409
C,ka100_req56,7,xxxxxxxxxxxxxxxx0.000003,0.000000,0.000000,0.000422,0.000429
C,ka100_req57,7,xxxxxxxxxxxxxxxx0.000003,0.000000,0.000000,0.000389,0.000396
C,ka100_req58,7,xxxxxxxxxxxxxxxx0.000003,0.000000,0.000000,0.000377,0.000384
C,ka100_req59,7,xxxxxxxxxxxxxxxx0.000003,0.000000,0.000000,0.000521,0.000528
C,ka100_req60,7,xxxxxxxxxxxxxxxx0.000004,0.000000,0.000000,0.000433,0.000440
C,ka100_req61,7,xxxxxxxxxxxxxxxx0.000003,0.000000,0.000000,0.000460,0.000467
C,ka100_req62,7,xxxxxxxxxxxxxxxx0.000003,0.000000,0.000000,0.000407,0.000413
C,ka100_req63,7,xxxxxxxxxxxxxxxx0.000004,0.000000,0.000000,0.000450,0.000456
C,ka100_req64,7,xxxxxxxxxxxxxxxx0.000002,0.000000,0.000000,0.000431,0.000436
C,ka100_req65,7,xxxxxxxxxxxxxxxx0.000002,0.000000,0.000000,0.000384,0.000391
C,ka100_req66,7,xxxxxxxxxxxxxxxx0.000003,0.000000,0.000000,0.000450,0.000458
C,ka100_req67,7,xxxxxxxxxxxxxxxx0.000003,0.000000,0.000000,0.000443,0.000449
C,ka100_req68,7,xxxxxxxxxxxxxxxx0.000003,0.000000,0.000000,0.000403,0.000409
C,ka100_req69,7,xxxxxxxxxxxxxxxx0.000003,0.000000,0.000000,0.000487,0.000494
C,ka100_req70,7,xxxxxxxxxxxxxxxx0.000003,0.000000,0.000000,0.000449,0.000457
C,ka100_req71,7,xxxxxxxxxxxxxxxx0.000003,0.000000,0.000000,0.000435,0.000443
C,ka100_req72,7,xxxxxxxxxxxxxxxx0.000004,0.000000,0.000000,0.000391,0.000397
C,ka100_req73,7,xxxxxxxxxxxxxxxx0.000003,0.000000,0.000000,0.000445,0.000452
C,ka100_req74,7,xxxxxxxxxxxxxxxx0.000004,0.000000,0.000000,0.000437,0.000444
C,ka100_req75,7,xxxxxxxxxxxxxxxx0.000002,0.000000,0.000000,0.000424,0.000451
C,ka100_req76,7,xxxxxxxxxxxxxxxx0.000004,0.000000,0.000000,0.000395,0.000402
C,ka100_req77,7,xxxxxxxxxxxxxxxx0.000004,0.000000,0.000000,0.000429,0.000435
C,ka100_req78,7,xxxxxxxxxxxxxxxx0.000018,0.000000,0.000000,0.000435,0.000441
C,ka100_req79,7,xxxxxxxxxxxxxxxx0.000003,0.000000,0.000000,0.000386,0.000394
C,ka100_req80,7,xxxxxxxxxxxxxxxx0.000004,0.000000,0.000000,0.000429,0.000436
C,ka100_req81,7,xxxxxxxxxxxxxxxx0.000003,0.000000,0.000000,0.000398,0.000405
C,ka100_req82,7,xxxxxxxxxxxxxxxx0.000003,0.000000,0.000000,0.000415,0.000422
C,ka100_req83,7,xxxxxxxxxxxxxxxx0.000003,0.000000,0.000000,0.000436,0.000445
C,ka100_req84,7,xxxxxxxxxxxxxxxx0.000004,0.000000,0.000000,0.000437,0.000444
C,ka100_req85,7,xxxxxxxxxxxxxxxx0.000002,0.000000,0.000000,0.000414,0.000422
C,ka100_req86,7,xxxxxxxxxxxxxxxx0.000004,0.000000,0.000000,0.000435,0.000442
C,ka100_req87,7,xxxxxxxxxxxxxxxx0.000004,0.000000,0.000000,0.000402,0.000408
C,ka100_req88,7,xxxxxxxxxxxxxxxx0.000004,0.000000,0.000000,0.000387,0.000392
C,ka100_req89,7,xxxxxxxxxxxxxxxx0.000002,0.000000,0.000000,0.000417,0.000424
C,ka100_req90,7,xxxxxxxxxxxxxxxx0.000004,0.000000,0.000000,0.000414,0.000421
C,ka100_req91,7,xxxxxxxxxxxxxxxx0.000003,0.000000,0.000000,0.000417,0.000423
C,ka100_req92,7,xxxxxxxxxxxxxxxx0.000003,0.000000,0.000000,0.000416,0.000423
C,ka100_req93,7,xxxxxxxxxxxxxxxx0.000003,0.000000,0.000000,0.000446,0.000452
C,ka100_req94,7,xxxxxxxxxxxxxxxx0.000003,0.000000,0.000000,0.000429,0.000436
C,ka100_req95,7,xxxxxxxxxxxxxxxx0.000004,0.000000,0.000000,0.000455,0.000461
C,ka100_req96,7,xxxxxxxxxxxxxxxx0.000002,0.000000,0.000000,0.000437,0.000443
C,ka100_req97,7,xxxxxxxxxxxxxxxx0.000003,0.000000,0.000000,0.000414,0.000455
C,ka100_req98,7,xxxxxxxxxxxxxxxx0.000004,0.000000,0.000000,0.000419,0.000425
C,ka100_req99,7,xxxxxxxxxxxxxxxx0.000004,0.000000,0.000000,0.000386,0.000393
C,ka100_req100,7,xxxxxxxxxxxxxxxx0.000003,0.000000,0.000000,0.000418,0.000424
C,ka100_req1,8,0.000007,0.000043,0.013697,0.014885,0.014905
C,ka100_req2,8,xxxxxxxxxxxxxxxx0.000006,0.000000,0.000000,0.000437,0.000446
C,ka100_req3,8,xxxxxxxxxxxxxxxx0.000003,0.000000,0.000000,0.000516,0.000526
C,ka100_req4,8,xxxxxxxxxxxxxxxx0.000006,0.000000,0.000000,0.000512,0.000521
C,ka100_req5,8,xxxxxxxxxxxxxxxx0.000004,0.000000,0.000000,0.000512,0.000518
C,ka100_req6,8,xxxxxxxxxxxxxxxx0.000004,0.000000,0.000000,0.000447,0.000453
C,ka100_req7,8,xxxxxxxxxxxxxxxx0.000003,0.000000,0.000000,0.000443,0.000450
C,ka100_req8,8,xxxxxxxxxxxxxxxx0.000003,0.000000,0.000000,0.000451,0.000469
C,ka100_req9,8,xxxxxxxxxxxxxxxx0.000007,0.000000,0.000000,0.000469,0.000477
C,ka100_req10,8,xxxxxxxxxxxxxxxx0.000005,0.000000,0.000000,0.000438,0.000483
C,ka100_req11,8,xxxxxxxxxxxxxxxx0.000003,0.000000,0.000000,0.000464,0.000519
C,ka100_req12,8,xxxxxxxxxxxxxxxx0.000004,0.000000,0.000000,0.000437,0.000443
C,ka100_req13,8,xxxxxxxxxxxxxxxx0.000004,0.000000,0.000000,0.000460,0.000468
C,ka100_req14,8,xxxxxxxxxxxxxxxx0.000003,0.000000,0.000000,0.000452,0.000461
C,ka100_req15,8,xxxxxxxxxxxxxxxx0.000004,0.000000,0.000000,0.000400,0.000417
C,ka100_req16,8,xxxxxxxxxxxxxxxx0.000004,0.000000,0.000000,0.000397,0.000404
C,ka100_req17,8,xxxxxxxxxxxxxxxx0.000003,0.000000,0.000000,0.000419,0.000426
C,ka100_req18,8,xxxxxxxxxxxxxxxx0.000004,0.000000,0.000000,0.000437,0.000449
C,ka100_req19,8,xxxxxxxxxxxxxxxx0.000004,0.000000,0.000000,0.000423,0.000451
C,ka100_req20,8,xxxxxxxxxxxxxxxx0.000003,0.000000,0.000000,0.000430,0.000443
C,ka100_req21,8,xxxxxxxxxxxxxxxx0.000003,0.000000,0.000000,0.000454,0.000460
C,ka100_req22,8,xxxxxxxxxxxxxxxx0.000003,0.000000,0.000000,0.000391,0.000398
C,ka100_req23,8,xxxxxxxxxxxxxxxx0.000003,0.000000,0.000000,0.000447,0.000456
C,ka100_req24,8,xxxxxxxxxxxxxxxx0.000003,0.000000,0.000000,0.000413,0.000426
C,ka100_req25,8,xxxxxxxxxxxxxxxx0.000004,0.000000,0.000000,0.000396,0.000436
C,ka100_req26,8,xxxxxxxxxxxxxxxx0.000003,0.000000,0.000000,0.000400,0.000425
C,ka100_req27,8,xxxxxxxxxxxxxxxx0.000003,0.000000,0.000000,0.000400,0.000408
C,ka100_req28,8,xxxxxxxxxxxxxxxx0.000003,0.000000,0.000000,0.000448,0.000463
C,ka100_req29,8,xxxxxxxxxxxxxxxx0.000003,0.000000,0.000000,0.000423,0.000431
C,ka100_req30,8,xxxxxxxxxxxxxxxx0.000004,0.000000,0.000000,0.000419,0.000425
C,ka100_req31,8,xxxxxxxxxxxxxxxx0.000003,0.000000,0.000000,0.000411,0.000451
C,ka100_req32,8,xxxxxxxxxxxxxxxx0.000004,0.000000,0.000000,0.000410,0.000417
C,ka100_req33,8,xxxxxxxxxxxxxxxx0.000002,0.000000,0.000000,0.000431,0.000459
C,ka100_req34,8,xxxxxxxxxxxxxxxx0.000003,0.000000,0.000000,0.000393,0.000430
C,ka100_req35,8,xxxxxxxxxxxxxxxx0.000003,0.000000,0.000000,0.000405,0.000447
C,ka100_req36,8,xxxxxxxxxxxxxxxx0.000003,0.000000,0.000000,0.000397,0.000439
C,ka100_req37,8,xxxxxxxxxxxxxxxx0.000004,0.000000,0.000000,0.000431,0.000437
C,ka100_req38,8,xxxxxxxxxxxxxxxx0.000003,0.000000,0.000000,0.000431,0.000445
C,ka100_req39,8,xxxxxxxxxxxxxxxx0.000003,0.000000,0.000000,0.000392,0.000432
C,ka100_req40,8,xxxxxxxxxxxxxxxx0.000003,0.000000,0.000000,0.000392,0.000400
C,ka100_req41,8,xxxxxxxxxxxxxxxx0.000004,0.000000,0.000000,0.000436,0.000443
C,ka100_req42,8,xxxxxxxxxxxxxxxx0.000004,0.000000,0.000000,0.000407,0.000414
C,ka100_req43,8,xxxxxxxxxxxxxxxx0.000004,0.000000,0.000000,0.000418,0.000426
C,ka100_req44,8,xxxxxxxxxxxxxxxx0.000004,0.000000,0.000000,0.000400,0.000408
C,ka100_req45,8,xxxxxxxxxxxxxxxx0.000003,0.000000,0.000000,0.000420,0.000427
C,ka100_req46,8,xxxxxxxxxxxxxxxx0.000004,0.000000,0.000000,0.000413,0.000421
C,ka100_req47,8,xxxxxxxxxxxxxxxx0.000004,0.000000,0.000000,0.000424,0.000431
C,ka100_req48,8,xxxxxxxxxxxxxxxx0.000004,0.000000,0.000000,0.000419,0.000424
C,ka100_req49,8,xxxxxxxxxxxxxxxx0.000003,0.000000,0.000000,0.000416,0.000422
C,ka100_req50,8,xxxxxxxxxxxxxxxx0.000003,0.000000,0.000000,0.000412,0.000418
C,ka100_req51,8,xxxxxxxxxxxxxxxx0.000004,0.000000,0.000000,0.000401,0.000429
C,ka100_req52,8,xxxxxxxxxxxxxxxx0.000004,0.000000,0.000000,0.000364,0.000371
C,ka100_req53,8,xxxxxxxxxxxxxxxx0.000004,0.000000,0.000000,0.000415,0.000420
C,ka100_req54,8,xxxxxxxxxxxxxxxx0.000003,0.000000,0.000000,0.000514,0.000521
C,ka100_req55,8,xxxxxxxxxxxxxxxx0.000003,0.000000,0.000000,0.000476,0.000488
C,ka100_req56,8,xxxxxxxxxxxxxxxx0.000003,0.000000,0.000000,0.000410,0.000417
C,ka100_req57,8,xxxxxxxxxxxxxxxx0.000003,0.000000,0.000000,0.000448,0.000453
C,ka100_req58,8,xxxxxxxxxxxxxxxx0.000003,0.000000,0.000000,0.000428,0.000468
C,ka100_req59,8,xxxxxxxxxxxxxxxx0.000003,0.000000,0.000000,0.000464,0.000470
C,ka100_req60,8,xxxxxxxxxxxxxxxx0.000003,0.000000,0.000000,0.000429,0.000434
C,ka100_req61,8,xxxxxxxxxxxxxxxx0.000003,0.000000,0.000000,0.000402,0.000410
C,ka100_req62,8,xxxxxxxxxxxxxxxx0.000004,0.000000,0.000000,0.000436,0.000444
C,ka100_req63,8,xxxxxxxxxxxxxxxx0.000004,0.000000,0.000000,0.000454,0.000462
C,ka100_req64,8,xxxxxxxxxxxxxxxx0.000003,0.000000,0.000000,0.000428,0.000435
C,ka100_req65,8,xxxxxxxxxxxxxxxx0.000003,0.000000,0.000000,0.000427,0.000434
C,ka100_req66,8,xxxxxxxxxxxxxxxx0.000003,0.000000,0.000000,0.000425,0.000432
C,ka100_req67,8,xxxxxxxxxxxxxxxx0.000004,0.000000,0.000000,0.000443,0.000449
C,ka100_req68,8,xxxxxxxxxxxxxxxx0.000002,0.000000,0.000000,0.000416,0.000424
C,ka100_req69,8,xxxxxxxxxxxxxxxx0.000004,0.000000,0.000000,0.000434,0.000440
C,ka100_req70,8,xxxxxxxxxxxxxxxx0.000003,0.000000,0.000000,0.000390,0.000396
C,ka100_req71,8,xxxxxxxxxxxxxxxx0.000003,0.000000,0.000000,0.000405,0.000412
C,ka100_req72,8,xxxxxxxxxxxxxxxx0.000003,0.000000,0.000000,0.000493,0.000507
C,ka100_req73,8,xxxxxxxxxxxxxxxx0.000004,0.000000,0.000000,0.000442,0.000449
C,ka100_req74,8,xxxxxxxxxxxxxxxx0.000003,0.000000,0.000000,0.000433,0.000440
C,ka100_req75,8,xxxxxxxxxxxxxxxx0.000004,0.000000,0.000000,0.000428,0.000433
C,ka100_req76,8,xxxxxxxxxxxxxxxx0.000003,0.000000,0.000000,0.000382,0.000388
C,ka100_req77,8,xxxxxxxxxxxxxxxx0.000003,0.000000,0.000000,0.000391,0.000397
C,ka100_req78,8,xxxxxxxxxxxxxxxx0.000003,0.000000,0.000000,0.000385,0.000392
C,ka100_req79,8,xxxxxxxxxxxxxxxx0.000004,0.000000,0.000000,0.000409,0.000414
C,ka100_req80,8,xxxxxxxxxxxxxxxx0.000002,0.000000,0.000000,0.000371,0.000380
C,ka100_req81,8,xxxxxxxxxxxxxxxx0.000003,0.000000,0.000000,0.000396,0.000426
C,ka100_req82,8,xxxxxxxxxxxxxxxx0.000003,0.000000,0.000000,0.000434,0.000441
C,ka100_req83,8,xxxxxxxxxxxxxxxx0.000004,0.000000,0.000000,0.000435,0.000441
C,ka100_req84,8,xxxxxxxxxxxxxxxx0.000004,0.000000,0.000000,0.000398,0.000406
C,ka100_req85,8,xxxxxxxxxxxxxxxx0.000003,0.000000,0.000000,0.000410,0.000417
C,ka100_req86,8,xxxxxxxxxxxxxxxx0.000004,0.000000,0.000000,0.000377,0.000384
C,ka100_req87,8,xxxxxxxxxxxxxxxx0.000003,0.000000,0.000000,0.000401,0.000407
C,ka100_req88,8,xxxxxxxxxxxxxxxx0.000004,0.000000,0.000000,0.000407,0.000413
C,ka100_req89,8,xxxxxxxxxxxxxxxx0.000009,0.000000,0.000000,0.000366,0.000372
C,ka100_req90,8,xxxxxxxxxxxxxxxx0.000003,0.000000,0.000000,0.000418,0.000425
C,ka100_req91,8,xxxxxxxxxxxxxxxx0.000003,0.000000,0.000000,0.000372,0.000378
C,ka100_req92,8,xxxxxxxxxxxxxxxx0.000004,0.000000,0.000000,0.000418,0.000424
C,ka100_req93,8,xxxxxxxxxxxxxxxx0.000004,0.000000,0.000000,0.000433,0.000440
C,ka100_req94,8,xxxxxxxxxxxxxxxx0.000003,0.000000,0.000000,0.000386,0.000392
C,ka100_req95,8,xxxxxxxxxxxxxxxx0.000003,0.000000,0.000000,0.000439,0.000475
C,ka100_req96,8,xxxxxxxxxxxxxxxx0.000003,0.000000,0.000000,0.000354,0.000366
C,ka100_req97,8,xxxxxxxxxxxxxxxx0.000003,0.000000,0.000000,0.000423,0.000430
C,ka100_req98,8,xxxxxxxxxxxxxxxx0.000004,0.000000,0.000000,0.000413,0.000421
C,ka100_req99,8,xxxxxxxxxxxxxxxx0.000003,0.000000,0.000000,0.000405,0.000413
C,ka100_req100,8,xxxxxxxxxxxxxxxx0.000003,0.000000,0.000000,0.000437,0.000445
C,ka100_req1,9,0.000007,0.000042,0.013774,0.014939,0.014964
C,ka100_req2,9,xxxxxxxxxxxxxxxx0.000007,0.000000,0.000000,0.000407,0.000413
C,ka100_req3,9,xxxxxxxxxxxxxxxx0.000004,0.000000,0.000000,0.000439,0.000448
C,ka100_req4,9,xxxxxxxxxxxxxxxx0.000006,0.000000,0.000000,0.000502,0.000511
C,ka100_req5,9,xxxxxxxxxxxxxxxx0.000006,0.000000,0.000000,0.000438,0.000445
C,ka100_req6,9,xxxxxxxxxxxxxxxx0.000004,0.000000,0.000000,0.000500,0.000506
C,ka100_req7,9,xxxxxxxxxxxxxxxx0.000004,0.000000,0.000000,0.000421,0.000428
C,ka100_req8,9,xxxxxxxxxxxxxxxx0.000003,0.000000,0.000000,0.000466,0.000475
C,ka100_req9,9,xxxxxxxxxxxxxxxx0.000006,0.000000,0.000000,0.000467,0.000476
C,ka100_req10,9,xxxxxxxxxxxxxxxx0.000003,0.000000,0.000000,0.000451,0.000460
C,ka100_req11,9,xxxxxxxxxxxxxxxx0.000004,0.000000,0.000000,0.000420,0.000427
C,ka100_req12,9,xxxxxxxxxxxxxxxx0.000004,0.000000,0.000000,0.000445,0.000454
C,ka100_req13,9,xxxxxxxxxxxxxxxx0.000004,0.000000,0.000000,0.000449,0.000458
C,ka100_req14,9,xxxxxxxxxxxxxxxx0.000003,0.000000,0.000000,0.000457,0.000464
C,ka100_req15,9,xxxxxxxxxxxxxxxx0.000004,0.000000,0.000000,0.000423,0.000431
C,ka100_req16,9,xxxxxxxxxxxxxxxx0.000003,0.000000,0.000000,0.000465,0.000472
C,ka100_req17,9,xxxxxxxxxxxxxxxx0.000003,0.000000,0.000000,0.000444,0.000452
C,ka100_req18,9,xxxxxxxxxxxxxxxx0.000003,0.000000,0.000000,0.000480,0.000487
C,ka100_req19,9,xxxxxxxxxxxxxxxx0.000004,0.000000,0.000000,0.000457,0.000464
C,ka100_req20,9,xxxxxxxxxxxxxxxx0.000003,0.000000,0.000000,0.000422,0.000428
C,ka100_req21,9,xxxxxxxxxxxxxxxx0.000003,0.000000,0.000000,0.000436,0.000443
C,ka100_req22,9,xxxxxxxxxxxxxxxx0.000003,0.000000,0.000000,0.000459,0.000466
C,ka100_req23,9,xxxxxxxxxxxxxxxx0.000003,0.000000,0.000000,0.000462,0.000470
C,ka100_req24,9,xxxxxxxxxxxxxxxx0.000003,0.000000,0.000000,0.000447,0.000454
C,ka100_req25,9,xxxxxxxxxxxxxxxx0.000003,0.000000,0.000000,0.000396,0.000411
C,ka100_req26,9,xxxxxxxxxxxxxxxx0.000003,0.000000,0.000000,0.000390,0.000403
C,ka100_req27,9,xxxxxxxxxxxxxxxx0.000004,0.000000,0.000000,0.000441,0.000448
C,ka100_req28,9,xxxxxxxxxxxxxxxx0.000003,0.000000,0.000000,0.000382,0.000389
C,ka100_req29,9,xxxxxxxxxxxxxxxx0.000003,0.000000,0.000000,0.000394,0.000409
C,ka100_req30,9,xxxxxxxxxxxxxxxx0.000004,0.000000,0.000000,0.000422,0.000459
C,ka100_req31,9,xxxxxxxxxxxxxxxx0.000004,0.000000,0.000000,0.000431,0.000438
C,ka100_req32,9,xxxxxxxxxxxxxxxx0.000004,0.000000,0.000000,0.000420,0.000426
C,ka100_req33,9,xxxxxxxxxxxxxxxx0.000003,0.000000,0.000000,0.000435,0.000440
C,ka100_req34,9,xxxxxxxxxxxxxxxx0.000003,0.000000,0.000000,0.000424,0.000431
C,ka100_req35,9,xxxxxxxxxxxxxxxx0.000003,0.000000,0.000000,0.000419,0.000425
C,ka100_req36,9,xxxxxxxxxxxxxxxx0.000003,0.000000,0.000000,0.000443,0.000450
C,ka100_req37,9,xxxxxxxxxxxxxxxx0.000004,0.000000,0.000000,0.000445,0.000455
C,ka100_req38,9,xxxxxxxxxxxxxxxx0.000006,0.000000,0.000000,0.000431,0.000437
C,ka100_req39,9,xxxxxxxxxxxxxxxx0.000003,0.000000,0.000000,0.000474,0.000519
C,ka100_req40,9,xxxxxxxxxxxxxxxx0.000003,0.000000,0.000000,0.000440,0.000448
C,ka100_req41,9,xxxxxxxxxxxxxxxx0.000005,0.000000,0.000000,0.000457,0.000484
C,ka100_req42,9,xxxxxxxxxxxxxxxx0.000004,0.000000,0.000000,0.000410,0.000438
C,ka100_req43,9,xxxxxxxxxxxxxxxx0.000004,0.000000,0.000000,0.000411,0.000419
C,ka100_req44,9,xxxxxxxxxxxxxxxx0.000003,0.000000,0.000000,0.000433,0.000463
C,ka100_req45,9,xxxxxxxxxxxxxxxx0.000004,0.000000,0.000000,0.000409,0.000427
C,ka100_req46,9,xxxxxxxxxxxxxxxx0.000004,0.000000,0.000000,0.000436,0.000453
C,ka100_req47,9,xxxxxxxxxxxxxxxx0.000004,0.000000,0.000000,0.000428,0.000438
C,ka100_req48,9,xxxxxxxxxxxxxxxx0.000003,0.000000,0.000000,0.000446,0.000452
C,ka100_req49,9,xxxxxxxxxxxxxxxx0.000004,0.000000,0.000000,0.000417,0.000445
C,ka100_req50,9,xxxxxxxxxxxxxxxx0.000004,0.000000,0.000000,0.000406,0.000413
C,ka100_req51,9,xxxxxxxxxxxxxxxx0.000004,0.000000,0.000000,0.000412,0.000417
C,ka100_req52,9,xxxxxxxxxxxxxxxx0.000003,0.000000,0.000000,0.000419,0.000424
C,ka100_req53,9,xxxxxxxxxxxxxxxx0.000004,0.000000,0.000000,0.000409,0.000416
C,ka100_req54,9,xxxxxxxxxxxxxxxx0.000004,0.000000,0.000000,0.000421,0.000469
C,ka100_req55,9,xxxxxxxxxxxxxxxx0.000003,0.000000,0.000000,0.000406,0.000413
C,ka100_req56,9,xxxxxxxxxxxxxxxx0.000003,0.000000,0.000000,0.000488,0.000496
C,ka100_req57,9,xxxxxxxxxxxxxxxx0.000005,0.000000,0.000000,0.000466,0.000473
C,ka100_req58,9,xxxxxxxxxxxxxxxx0.000003,0.000000,0.000000,0.000399,0.000409
C,ka100_req59,9,xxxxxxxxxxxxxxxx0.000004,0.000000,0.000000,0.000435,0.000467
C,ka100_req60,9,xxxxxxxxxxxxxxxx0.000004,0.000000,0.000000,0.000423,0.000429
C,ka100_req61,9,xxxxxxxxxxxxxxxx0.000003,0.000000,0.000000,0.000445,0.000485
C,ka100_req62,9,xxxxxxxxxxxxxxxx0.000004,0.000000,0.000000,0.000443,0.000473
C,ka100_req63,9,xxxxxxxxxxxxxxxx0.000004,0.000000,0.000000,0.000447,0.000456
C,ka100_req64,9,xxxxxxxxxxxxxxxx0.000003,0.000000,0.000000,0.000434,0.000449
C,ka100_req65,9,xxxxxxxxxxxxxxxx0.000003,0.000000,0.000000,0.000404,0.000456
C,ka100_req66,9,xxxxxxxxxxxxxxxx0.000004,0.000000,0.000000,0.000412,0.000426
C,ka100_req67,9,xxxxxxxxxxxxxxxx0.000003,0.000000,0.000000,0.000402,0.000410
C,ka100_req68,9,xxxxxxxxxxxxxxxx0.000003,0.000000,0.000000,0.000411,0.000417
C,ka100_req69,9,xxxxxxxxxxxxxxxx0.000003,0.000000,0.000000,0.000434,0.000441
C,ka100_req70,9,xxxxxxxxxxxxxxxx0.000003,0.000000,0.000000,0.000413,0.000444
C,ka100_req71,9,xxxxxxxxxxxxxxxx0.000003,0.000000,0.000000,0.000423,0.000466
C,ka100_req72,9,xxxxxxxxxxxxxxxx0.000003,0.000000,0.000000,0.000419,0.000426
C,ka100_req73,9,xxxxxxxxxxxxxxxx0.000004,0.000000,0.000000,0.000451,0.000458
C,ka100_req74,9,xxxxxxxxxxxxxxxx0.000004,0.000000,0.000000,0.000427,0.000442
C,ka100_req75,9,xxxxxxxxxxxxxxxx0.000004,0.000000,0.000000,0.000393,0.000401
C,ka100_req76,9,xxxxxxxxxxxxxxxx0.000003,0.000000,0.000000,0.000417,0.000424
C,ka100_req77,9,xxxxxxxxxxxxxxxx0.000003,0.000000,0.000000,0.000413,0.000418
C,ka100_req78,9,xxxxxxxxxxxxxxxx0.000003,0.000000,0.000000,0.000452,0.000458
C,ka100_req79,9,xxxxxxxxxxxxxxxx0.000002,0.000000,0.000000,0.000456,0.000507
C,ka100_req80,9,xxxxxxxxxxxxxxxx0.000004,0.000000,0.000000,0.000433,0.000440
C,ka100_req81,9,xxxxxxxxxxxxxxxx0.000003,0.000000,0.000000,0.000420,0.000434
C,ka100_req82,9,xxxxxxxxxxxxxxxx0.000004,0.000000,0.000000,0.000393,0.000399
C,ka100_req83,9,xxxxxxxxxxxxxxxx0.000003,0.000000,0.000000,0.000390,0.000430
C,ka100_req84,9,xxxxxxxxxxxxxxxx0.000003,0.000000,0.000000,0.000389,0.000397
C,ka100_req85,9,xxxxxxxxxxxxxxxx0.000003,0.000000,0.000000,0.000425,0.000432
C,ka100_req86,9,xxxxxxxxxxxxxxxx0.000003,0.000000,0.000000,0.000404,0.000435
C,ka100_req87,9,xxxxxxxxxxxxxxxx0.000004,0.000000,0.000000,0.000395,0.000401
C,ka100_req88,9,xxxxxxxxxxxxxxxx0.000003,0.000000,0.000000,0.000405,0.000413
C,ka100_req89,9,xxxxxxxxxxxxxxxx0.000004,0.000000,0.000000,0.000414,0.000420
C,ka100_req90,9,xxxxxxxxxxxxxxxx0.000004,0.000000,0.000000,0.000404,0.000412
C,ka100_req91,9,xxxxxxxxxxxxxxxx0.000003,0.000000,0.000000,0.000408,0.000447
C,ka100_req92,9,xxxxxxxxxxxxxxxx0.000004,0.000000,0.000000,0.000382,0.000423
C,ka100_req93,9,xxxxxxxxxxxxxxxx0.000003,0.000000,0.000000,0.000399,0.000437
C,ka100_req94,9,xxxxxxxxxxxxxxxx0.000003,0.000000,0.000000,0.000416,0.000423
C,ka100_req95,9,xxxxxxxxxxxxxxxx0.000004,0.000000,0.000000,0.000398,0.000412
C,ka100_req96,9,xxxxxxxxxxxxxxxx0.000003,0.000000,0.000000,0.000420,0.000458
C,ka100_req97,9,xxxxxxxxxxxxxxxx0.000004,0.000000,0.000000,0.000431,0.000438
C,ka100_req98,9,xxxxxxxxxxxxxxxx0.000003,0.000000,0.000000,0.000411,0.000419
C,ka100_req99,9,xxxxxxxxxxxxxxxx0.000003,0.000000,0.000000,0.000398,0.000404
C,ka100_req100,9,xxxxxxxxxxxxxxxx0.000003,0.000000,0.000000,0.000429,0.000437
C,ka100_req1,10,0.000008,0.000071,0.013858,0.015046,0.015062
C,ka100_req2,10,xxxxxxxxxxxxxxxx0.000005,0.000000,0.000000,0.000450,0.000459
C,ka100_req3,10,xxxxxxxxxxxxxxxx0.000005,0.000000,0.000000,0.000441,0.000448
C,ka100_req4,10,xxxxxxxxxxxxxxxx0.000004,0.000000,0.000000,0.000476,0.000484
C,ka100_req5,10,xxxxxxxxxxxxxxxx0.000006,0.000000,0.000000,0.000468,0.000474
C,ka100_req6,10,xxxxxxxxxxxxxxxx0.000003,0.000000,0.000000,0.000474,0.000481
C,ka100_req7,10,xxxxxxxxxxxxxxxx0.000004,0.000000,0.000000,0.000485,0.000492
C,ka100_req8,10,xxxxxxxxxxxxxxxx0.000003,0.000000,0.000000,0.000443,0.000452
C,ka100_req9,10,xxxxxxxxxxxxxxxx0.000004,0.000000,0.000000,0.000438,0.000482
C,ka100_req10,10,xxxxxxxxxxxxxxxx0.000006,0.000000,0.000000,0.000474,0.000483
C,ka100_req11,10,xxxxxxxxxxxxxxxx0.000004,0.000000,0.000000,0.000466,0.000474
C,ka100_req12,10,xxxxxxxxxxxxxxxx0.000003,0.000000,0.000000,0.000458,0.000465
C,ka100_req13,10,xxxxxxxxxxxxxxxx0.000003,0.000000,0.000000,0.000439,0.000446
C,ka100_req14,10,xxxxxxxxxxxxxxxx0.000003,0.000000,0.000000,0.000495,0.000502
C,ka100_req15,10,xxxxxxxxxxxxxxxx0.000004,0.000000,0.000000,0.000569,0.000576
C,ka100_req16,10,xxxxxxxxxxxxxxxx0.000004,0.000000,0.000000,0.000444,0.000482
C,ka100_req17,10,xxxxxxxxxxxxxxxx0.000004,0.000000,0.000000,0.000407,0.000414
C,ka100_req18,10,xxxxxxxxxxxxxxxx0.000005,0.000000,0.000000,0.000523,0.000533
C,ka100_req19,10,xxxxxxxxxxxxxxxx0.000006,0.000000,0.000000,0.000523,0.000539
C,ka100_req20,10,xxxxxxxxxxxxxxxx0.000004,0.000000,0.000000,0.000403,0.000411
C,ka100_req21,10,xxxxxxxxxxxxxxxx0.000004,0.000000,0.000000,0.000505,0.000512
C,ka100_req22,10,xxxxxxxxxxxxxxxx0.000003,0.000000,0.000000,0.000429,0.000471
C,ka100_req23,10,xxxxxxxxxxxxxxxx0.000006,0.000000,0.000000,0.000460,0.000469
C,ka100_req24,10,xxxxxxxxxxxxxxxx0.000003,0.000000,0.000000,0.000416,0.000422
C,ka100_req25,10,xxxxxxxxxxxxxxxx0.000004,0.000000,0.000000,0.000484,0.000491
C,ka100_req26,10,xxxxxxxxxxxxxxxx0.000003,0.000000,0.000000,0.000442,0.000483
C,ka100_req27,10,xxxxxxxxxxxxxxxx0.000003,0.000000,0.000000,0.000434,0.000475
C,ka100_req28,10,xxxxxxxxxxxxxxxx0.000004,0.000000,0.000000,0.000481,0.000521
C,ka100_req29,10,xxxxxxxxxxxxxxxx0.000003,0.000000,0.000000,0.000455,0.000460
C,ka100_req30,10,xxxxxxxxxxxxxxxx0.000003,0.000000,0.000000,0.000445,0.000488
C,ka100_req31,10,xxxxxxxxxxxxxxxx0.000004,0.000000,0.000000,0.000451,0.000481
C,ka100_req32,10,xxxxxxxxxxxxxxxx0.000004,0.000000,0.000000,0.000458,0.000471
C,ka100_req33,10,xxxxxxxxxxxxxxxx0.000004,0.000000,0.000000,0.000430,0.000458
C,ka100_req34,10,xxxxxxxxxxxxxxxx0.000003,0.000000,0.000000,0.000421,0.000466
C,ka100_req35,10,xxxxxxxxxxxxxxxx0.000004,0.000000,0.000000,0.000440,0.000447
C,ka100_req36,10,xxxxxxxxxxxxxxxx0.000003,0.000000,0.000000,0.000443,0.000450
C,ka100_req37,10,xxxxxxxxxxxxxxxx0.000003,0.000000,0.000000,0.000459,0.000466
C,ka100_req38,10,xxxxxxxxxxxxxxxx0.000003,0.000000,0.000000,0.000425,0.000432
C,ka100_req39,10,xxxxxxxxxxxxxxxx0.000003,0.000000,0.000000,0.000494,0.000500
C,ka100_req40,10,xxxxxxxxxxxxxxxx0.000003,0.000000,0.000000,0.000439,0.000446
C,ka100_req41,10,xxxxxxxxxxxxxxxx0.000003,0.000000,0.000000,0.000429,0.000456
C,ka100_req42,10,xxxxxxxxxxxxxxxx0.000004,0.000000,0.000000,0.000413,0.000427
C,ka100_req43,10,xxxxxxxxxxxxxxxx0.000003,0.000000,0.000000,0.000407,0.000441
C,ka100_req44,10,xxxxxxxxxxxxxxxx0.000003,0.000000,0.000000,0.000406,0.000418
C,ka100_req45,10,xxxxxxxxxxxxxxxx0.000003,0.000000,0.000000,0.000445,0.000453
C,ka100_req46,10,xxxxxxxxxxxxxxxx0.000003,0.000000,0.000000,0.000428,0.000435
C,ka100_req47,10,xxxxxxxxxxxxxxxx0.000003,0.000000,0.000000,0.000426,0.000434
C,ka100_req48,10,xxxxxxxxxxxxxxxx0.000003,0.000000,0.000000,0.000418,0.000443
C,ka100_req49,10,xxxxxxxxxxxxxxxx0.000004,0.000000,0.000000,0.000444,0.000450
C,ka100_req50,10,xxxxxxxxxxxxxxxx0.000002,0.000000,0.000000,0.000430,0.000437
C,ka100_req51,10,xxxxxxxxxxxxxxxx0.000004,0.000000,0.000000,0.000447,0.000485
C,ka100_req52,10,xxxxxxxxxxxxxxxx0.000003,0.000000,0.000000,0.000412,0.000420
C,ka100_req53,10,xxxxxxxxxxxxxxxx0.000003,0.000000,0.000000,0.000402,0.000409
C,ka100_req54,10,xxxxxxxxxxxxxxxx0.000004,0.000000,0.000000,0.000407,0.000412
C,ka100_req55,10,xxxxxxxxxxxxxxxx0.000003,0.000000,0.000000,0.000428,0.000439
C,ka100_req56,10,xxxxxxxxxxxxxxxx0.000004,0.000000,0.000000,0.000442,0.000448
C,ka100_req57,10,xxxxxxxxxxxxxxxx0.000004,0.000000,0.000000,0.000456,0.000462
C,ka100_req58,10,xxxxxxxxxxxxxxxx0.000003,0.000000,0.000000,0.000425,0.000433
C,ka100_req59,10,xxxxxxxxxxxxxxxx0.000003,0.000000,0.000000,0.000457,0.000465
C,ka100_req60,10,xxxxxxxxxxxxxxxx0.000003,0.000000,0.000000,0.000393,0.000400
C,ka100_req61,10,xxxxxxxxxxxxxxxx0.000002,0.000000,0.000000,0.000426,0.000433
C,ka100_req62,10,xxxxxxxxxxxxxxxx0.000004,0.000000,0.000000,0.000427,0.000454
C,ka100_req63,10,xxxxxxxxxxxxxxxx0.000004,0.000000,0.000000,0.000397,0.000403
C,ka100_req64,10,xxxxxxxxxxxxxxxx0.000003,0.000000,0.000000,0.000431,0.000437
C,ka100_req65,10,xxxxxxxxxxxxxxxx0.000003,0.000000,0.000000,0.000418,0.000463
C,ka100_req66,10,xxxxxxxxxxxxxxxx0.000003,0.000000,0.000000,0.000442,0.000447
C,ka100_req67,10,xxxxxxxxxxxxxxxx0.000004,0.000000,0.000000,0.000452,0.000459
C,ka100_req68,10,xxxxxxxxxxxxxxxx0.000002,0.000000,0.000000,0.000410,0.000451
C,ka100_req69,10,xxxxxxxxxxxxxxxx0.000003,0.000000,0.000000,0.000375,0.000381
C,ka100_req70,10,xxxxxxxxxxxxxxxx0.000003,0.000000,0.000000,0.000442,0.000449
C,ka100_req71,10,xxxxxxxxxxxxxxxx0.000003,0.000000,0.000000,0.000438,0.000444
C,ka100_req72,10,xxxxxxxxxxxxxxxx0.000003,0.000000,0.000000,0.000423,0.000430
C,ka100_req73,10,xxxxxxxxxxxxxxxx0.000003,0.000000,0.000000,0.000403,0.000446
C,ka100_req74,10,xxxxxxxxxxxxxxxx0.000004,0.000000,0.000000,0.000427,0.000432
C,ka100_req75,10,xxxxxxxxxxxxxxxx0.000003,0.000000,0.000000,0.000428,0.000436
C,ka100_req76,10,xxxxxxxxxxxxxxxx0.000004,0.000000,0.000000,0.000425,0.000453
C,ka100_req77,10,xxxxxxxxxxxxxxxx0.000003,0.000000,0.000000,0.000431,0.000445
C,ka100_req78,10,xxxxxxxxxxxxxxxx0.000003,0.000000,0.000000,0.000381,0.000388
C,ka100_req79,10,xxxxxxxxxxxxxxxx0.000003,0.000000,0.000000,0.000419,0.000425
C,ka100_req80,10,xxxxxxxxxxxxxxxx0.000002,0.000000,0.000000,0.000395,0.000402
C,ka100_req81,10,xxxxxxxxxxxxxxxx0.000003,0.000000,0.000000,0.000443,0.000450
C,ka100_req82,10,xxxxxxxxxxxxxxxx0.000003,0.000000,0.000000,0.000419,0.000426
C,ka100_req83,10,xxxxxxxxxxxxxxxx0.000004,0.000000,0.000000,0.000408,0.000447
C,ka100_req84,10,xxxxxxxxxxxxxxxx0.000003,0.000000,0.000000,0.000408,0.000421
C,ka100_req85,10,xxxxxxxxxxxxxxxx0.000003,0.000000,0.000000,0.000428,0.000433
C,ka100_req86,10,xxxxxxxxxxxxxxxx0.000003,0.000000,0.000000,0.000423,0.000462
C,ka100_req87,10,xxxxxxxxxxxxxxxx0.000003,0.000000,0.000000,0.000428,0.000444
C,ka100_req88,10,xxxxxxxxxxxxxxxx0.000002,0.000000,0.000000,0.000398,0.000405
C,ka100_req89,10,xxxxxxxxxxxxxxxx0.000003,0.000000,0.000000,0.000458,0.000464
C,ka100_req90,10,xxxxxxxxxxxxxxxx0.000004,0.000000,0.000000,0.000410,0.000456
C,ka100_req91,10,xxxxxxxxxxxxxxxx0.000003,0.000000,0.000000,0.000440,0.000447
C,ka100_req92,10,xxxxxxxxxxxxxxxx0.000003,0.000000,0.000000,0.000426,0.000433
C,ka100_req93,10,xxxxxxxxxxxxxxxx0.000003,0.000000,0.000000,0.000419,0.000427
C,ka100_req94,10,xxxxxxxxxxxxxxxx0.000003,0.000000,0.000000,0.000432,0.000438
C,ka100_req95,10,xxxxxxxxxxxxxxxx0.000004,0.000000,0.000000,0.000399,0.000430
C,ka100_req96,10,xxxxxxxxxxxxxxxx0.000003,0.000000,0.000000,0.000430,0.000468
C,ka100_req97,10,xxxxxxxxxxxxxxxx0.000003,0.000000,0.000000,0.000417,0.000459
C,ka100_req98,10,xxxxxxxxxxxxxxxx0.000003,0.000000,0.000000,0.000468,0.000475
C,ka100_req99,10,xxxxxxxxxxxxxxxx0.000003,0.000000,0.000000,0.000452,0.000464
C,ka100_req100,10,xxxxxxxxxxxxxxxx0.000003,0.000000,0.000000,0.000458,0.000464
C,ka100_req1,11,0.000007,0.000043,0.013733,0.014919,0.014934
C,ka100_req2,11,xxxxxxxxxxxxxxxx0.000013,0.000000,0.000000,0.000521,0.000530
C,ka100_req3,11,xxxxxxxxxxxxxxxx0.000005,0.000000,0.000000,0.000486,0.000495
C,ka100_req4,11,xxxxxxxxxxxxxxxx0.000004,0.000000,0.000000,0.000505,0.000512
C,ka100_req5,11,xxxxxxxxxxxxxxxx0.000004,0.000000,0.000000,0.000548,0.000560
C,ka100_req6,11,xxxxxxxxxxxxxxxx0.000007,0.000000,0.000000,0.000542,0.000550
C,ka100_req7,11,xxxxxxxxxxxxxxxx0.000006,0.000000,0.000000,0.000479,0.000488
C,ka100_req8,11,xxxxxxxxxxxxxxxx0.000004,0.000000,0.000000,0.000550,0.000558
C,ka100_req9,11,xxxxxxxxxxxxxxxx0.000005,0.000000,0.000000,0.000522,0.000532
C,ka100_req10,11,xxxxxxxxxxxxxxxx0.000004,0.000000,0.000000,0.000460,0.000468
C,ka100_req11,11,xxxxxxxxxxxxxxxx0.000005,0.000000,0.000000,0.000478,0.000485
C,ka100_req12,11,xxxxxxxxxxxxxxxx0.000005,0.000000,0.000000,0.000443,0.000450
C,ka100_req13,11,xxxxxxxxxxxxxxxx0.000004,0.000000,0.000000,0.000479,0.000485
C,ka100_req14,11,xxxxxxxxxxxxxxxx0.000003,0.000000,0.000000,0.000478,0.000486
C,ka100_req15,11,xxxxxxxxxxxxxxxx0.000003,0.000000,0.000000,0.000467,0.000473
C,ka100_req16,11,xxxxxxxxxxxxxxxx0.000003,0.000000,0.000000,0.000449,0.000457
C,ka100_req17,11,xxxxxxxxxxxxxxxx0.000004,0.000000,0.000000,0.000662,0.000668
C,ka100_req18,11,xxxxxxxxxxxxxxxx0.000003,0.000000,0.000000,0.000617,0.000624
C,ka100_req19,11,xxxxxxxxxxxxxxxx0.000003,0.000000,0.000000,0.000494,0.000503
C,ka100_req20,11,xxxxxxxxxxxxxxxx0.000004,0.000000,0.000000,0.000453,0.000459
C,ka100_req21,11,xxxxxxxxxxxxxxxx0.000004,0.000000,0.000000,0.000489,0.000498
C,ka100_req22,11,xxxxxxxxxxxxxxxx0.000004,0.000000,0.000000,0.001153,0.001177
C,ka100_req23,11,xxxxxxxxxxxxxxxx0.000012,0.000000,0.000000,0.001032,0.001058
C,ka100_req24,11,xxxxxxxxxxxxxxxx0.000008,0.000000,0.000000,0.000494,0.000504
C,ka100_req25,11,xxxxxxxxxxxxxxxx0.000005,0.000000,0.000000,0.000798,0.000809
C,ka100_req26,11,xxxxxxxxxxxxxxxx0.000004,0.000000,0.000000,0.000507,0.000518
C,ka100_req27,11,xxxxxxxxxxxxxxxx0.000004,0.000000,0.000000,0.000469,0.000504
C,ka100_req28,11,xxxxxxxxxxxxxxxx0.000003,0.000000,0.000000,0.000442,0.000451
C,ka100_req29,11,xxxxxxxxxxxxxxxx0.000004,0.000000,0.000000,0.000409,0.000416
C,ka100_req30,11,xxxxxxxxxxxxxxxx0.000004,0.000000,0.000000,0.000385,0.000392
C,ka100_req31,11,xxxxxxxxxxxxxxxx0.000003,0.000000,0.000000,0.000408,0.000420
C,ka100_req32,11,xxxxxxxxxxxxxxxx0.000003,0.000000,0.000000,0.000389,0.000396
C,ka100_req33,11,xxxxxxxxxxxxxxxx0.000004,0.000000,0.000000,0.000394,0.000427
C,ka100_req34,11,xxxxxxxxxxxxxxxx0.000004,0.000000,0.000000,0.000429,0.000436
C,ka100_req35,11,xxxxxxxxxxxxxxxx0.000004,0.000000,0.000000,0.000442,0.000448
C,ka100_req36,11,xxxxxxxxxxxxxxxx0.000003,0.000000,0.000000,0.000359,0.000399
C,ka100_req37,11,xxxxxxxxxxxxxxxx0.000003,0.000000,0.000000,0.000409,0.000416
C,ka100_req38,11,xxxxxxxxxxxxxxxx0.000004,0.000000,0.000000,0.000547,0.000554
C,ka100_req39,11,xxxxxxxxxxxxxxxx0.000004,0.000000,0.000000,0.000427,0.000434
C,ka100_req40,11,xxxxxxxxxxxxxxxx0.000004,0.000000,0.000000,0.000432,0.000439
C,ka100_req41,11,xxxxxxxxxxxxxxxx0.000003,0.000000,0.000000,0.000380,0.000388
C,ka100_req42,11,xxxxxxxxxxxxxxxx0.000004,0.000000,0.000000,0.000426,0.000433
C,ka100_req43,11,xxxxxxxxxxxxxxxx0.000004,0.000000,0.000000,0.000425,0.000432
C,ka100_req44,11,xxxxxxxxxxxxxxxx0.000003,0.000000,0.000000,0.000442,0.000454
C,ka100_req45,11,xxxxxxxxxxxxxxxx0.000005,0.000000,0.000000,0.000439,0.000446
C,ka100_req46,11,xxxxxxxxxxxxxxxx0.000004,0.000000,0.000000,0.000414,0.000422
C,ka100_req47,11,xxxxxxxxxxxxxxxx0.000005,0.000000,0.000000,0.000435,0.000443
C,ka100_req48,11,xxxxxxxxxxxxxxxx0.000004,0.000000,0.000000,0.000394,0.000466
C,ka100_req49,11,xxxxxxxxxxxxxxxx0.000002,0.000000,0.000000,0.000432,0.000440
C,ka100_req50,11,xxxxxxxxxxxxxxxx0.000004,0.000000,0.000000,0.000394,0.000401
C,ka100_req51,11,xxxxxxxxxxxxxxxx0.000004,0.000000,0.000000,0.000409,0.000415
C,ka100_req52,11,xxxxxxxxxxxxxxxx0.000003,0.000000,0.000000,0.000431,0.000442
C,ka100_req53,11,xxxxxxxxxxxxxxxx0.000004,0.000000,0.000000,0.000472,0.000478
C,ka100_req54,11,xxxxxxxxxxxxxxxx0.000003,0.000000,0.000000,0.000400,0.000407
C,ka100_req55,11,xxxxxxxxxxxxxxxx0.000003,0.000000,0.000000,0.000457,0.000464
C,ka100_req56,11,xxxxxxxxxxxxxxxx0.000003,0.000000,0.000000,0.000412,0.000418
C,ka100_req57,11,xxxxxxxxxxxxxxxx0.000003,0.000000,0.000000,0.000392,0.000400
C,ka100_req58,11,xxxxxxxxxxxxxxxx0.000003,0.000000,0.000000,0.000411,0.000420
C,ka100_req59,11,xxxxxxxxxxxxxxxx0.000004,0.000000,0.000000,0.000395,0.000404
C,ka100_req60,11,xxxxxxxxxxxxxxxx0.000004,0.000000,0.000000,0.000510,0.000517
C,ka100_req61,11,xxxxxxxxxxxxxxxx0.000005,0.000000,0.000000,0.000377,0.000401
C,ka100_req62,11,xxxxxxxxxxxxxxxx0.000003,0.000000,0.000000,0.000441,0.000449
C,ka100_req63,11,xxxxxxxxxxxxxxxx0.000004,0.000000,0.000000,0.000411,0.000445
C,ka100_req64,11,xxxxxxxxxxxxxxxx0.000003,0.000000,0.000000,0.000395,0.000401
C,ka100_req65,11,xxxxxxxxxxxxxxxx0.000004,0.000000,0.000000,0.000474,0.000525
C,ka100_req66,11,xxxxxxxxxxxxxxxx0.000003,0.000000,0.000000,0.000413,0.000420
C,ka100_req67,11,xxxxxxxxxxxxxxxx0.000004,0.000000,0.000000,0.000409,0.000415
C,ka100_req68,11,xxxxxxxxxxxxxxxx0.000004,0.000000,0.000000,0.000399,0.000406
C,ka100_req69,11,xxxxxxxxxxxxxxxx0.000004,0.000000,0.000000,0.000424,0.000432
C,ka100_req70,11,xxxxxxxxxxxxxxxx0.000004,0.000000,0.000000,0.000392,0.000400
C,ka100_req71,11,xxxxxxxxxxxxxxxx0.000003,0.000000,0.000000,0.000402,0.000408
C,ka100_req72,11,xxxxxxxxxxxxxxxx0.000003,0.000000,0.000000,0.000400,0.000407
C,ka100_req73,11,xxxxxxxxxxxxxxxx0.000003,0.000000,0.000000,0.000385,0.000392
C,ka100_req74,11,xxxxxxxxxxxxxxxx0.000003,0.000000,0.000000,0.000396,0.000427
C,ka100_req75,11,xxxxxxxxxxxxxxxx0.000004,0.000000,0.000000,0.000421,0.000427
C,ka100_req76,11,xxxxxxxxxxxxxxxx0.000004,0.000000,0.000000,0.000442,0.000449
C,ka100_req77,11,xxxxxxxxxxxxxxxx0.000004,0.000000,0.000000,0.000403,0.000441
C,ka100_req78,11,xxxxxxxxxxxxxxxx0.000002,0.000000,0.000000,0.000404,0.000412
C,ka100_req79,11,xxxxxxxxxxxxxxxx0.000005,0.000000,0.000000,0.000363,0.000376
C,ka100_req80,11,xxxxxxxxxxxxxxxx0.000004,0.000000,0.000000,0.000407,0.000449
C,ka100_req81,11,xxxxxxxxxxxxxxxx0.000004,0.000000,0.000000,0.000428,0.000435
C,ka100_req82,11,xxxxxxxxxxxxxxxx0.000004,0.000000,0.000000,0.000422,0.000428
C,ka100_req83,11,xxxxxxxxxxxxxxxx0.000003,0.000000,0.000000,0.000379,0.000386
C,ka100_req84,11,xxxxxxxxxxxxxxxx0.000004,0.000000,0.000000,0.000404,0.000411
C,ka100_req85,11,xxxxxxxxxxxxxxxx0.000003,0.000000,0.000000,0.000421,0.000429
C,ka100_req86,11,xxxxxxxxxxxxxxxx0.000004,0.000000,0.000000,0.000387,0.000393
C,ka100_req87,11,xxxxxxxxxxxxxxxx0.000004,0.000000,0.000000,0.000426,0.000433
C,ka100_req88,11,xxxxxxxxxxxxxxxx0.000004,0.000000,0.000000,0.000395,0.000402
C,ka100_req89,11,xxxxxxxxxxxxxxxx0.000004,0.000000,0.000000,0.000428,0.000437
C,ka100_req90,11,xxxxxxxxxxxxxxxx0.000003,0.000000,0.000000,0.000369,0.000376
C,ka100_req91,11,xxxxxxxxxxxxxxxx0.000003,0.000000,0.000000,0.000397,0.000405
C,ka100_req92,11,xxxxxxxxxxxxxxxx0.000004,0.000000,0.000000,0.000427,0.000433
C,ka100_req93,11,xxxxxxxxxxxxxxxx0.000004,0.000000,0.000000,0.000402,0.000407
C,ka100_req94,11,xxxxxxxxxxxxxxxx0.000004,0.000000,0.000000,0.000414,0.000456
C,ka100_req95,11,xxxxxxxxxxxxxxxx0.000003,0.000000,0.000000,0.000396,0.000439
C,ka100_req96,11,xxxxxxxxxxxxxxxx0.000003,0.000000,0.000000,0.000400,0.000407
C,ka100_req97,11,xxxxxxxxxxxxxxxx0.000003,0.000000,0.000000,0.000402,0.000410
C,ka100_req98,11,xxxxxxxxxxxxxxxx0.000005,0.000000,0.000000,0.000401,0.000429
C,ka100_req99,11,xxxxxxxxxxxxxxxx0.000004,0.000000,0.000000,0.000400,0.000408
C,ka100_req100,11,xxxxxxxxxxxxxxxx0.000003,0.000000,0.000000,0.000415,0.000423
C,ka100_req1,12,0.000007,0.000054,0.013815,0.014881,0.014900
C,ka100_req2,12,xxxxxxxxxxxxxxxx0.000006,0.000000,0.000000,0.000395,0.000402
C,ka100_req3,12,xxxxxxxxxxxxxxxx0.000004,0.000000,0.000000,0.000521,0.000529
C,ka100_req4,12,xxxxxxxxxxxxxxxx0.000006,0.000000,0.000000,0.000495,0.000501
C,ka100_req5,12,xxxxxxxxxxxxxxxx0.000003,0.000000,0.000000,0.000454,0.000460
C,ka100_req6,12,xxxxxxxxxxxxxxxx0.000004,0.000000,0.000000,0.000445,0.000450
C,ka100_req7,12,xxxxxxxxxxxxxxxx0.000002,0.000000,0.000000,0.000445,0.000451
C,ka100_req8,12,xxxxxxxxxxxxxxxx0.000002,0.000000,0.000000,0.000455,0.000500
C,ka100_req9,12,xxxxxxxxxxxxxxxx0.000004,0.000000,0.000000,0.000481,0.000492
C,ka100_req10,12,xxxxxxxxxxxxxxxx0.000005,0.000000,0.000000,0.000435,0.000443
C,ka100_req11,12,xxxxxxxxxxxxxxxx0.000004,0.000000,0.000000,0.000471,0.000511
C,ka100_req12,12,xxxxxxxxxxxxxxxx0.000006,0.000000,0.000000,0.000450,0.000492
C,ka100_req13,12,xxxxxxxxxxxxxxxx0.000003,0.000000,0.000000,0.000442,0.000456
C,ka100_req14,12,xxxxxxxxxxxxxxxx0.000003,0.000000,0.000000,0.000450,0.000492
C,ka100_req15,12,xxxxxxxxxxxxxxxx0.000005,0.000000,0.000000,0.000463,0.000504
C,ka100_req16,12,xxxxxxxxxxxxxxxx0.000004,0.000000,0.000000,0.000466,0.000494
C,ka100_req17,12,xxxxxxxxxxxxxxxx0.000003,0.000000,0.000000,0.000465,0.000472
C,ka100_req18,12,xxxxxxxxxxxxxxxx0.000003,0.000000,0.000000,0.000438,0.000473
C,ka100_req19,12,xxxxxxxxxxxxxxxx0.000003,0.000000,0.000000,0.000457,0.000497
C,ka100_req20,12,xxxxxxxxxxxxxxxx0.000004,0.000000,0.000000,0.000389,0.000425
C,ka100_req21,12,xxxxxxxxxxxxxxxx0.000004,0.000000,0.000000,0.000463,0.000469
C,ka100_req22,12,xxxxxxxxxxxxxxxx0.000003,0.000000,0.000000,0.000487,0.000527
C,ka100_req23,12,xxxxxxxxxxxxxxxx0.000003,0.000000,0.000000,0.000433,0.000448
C,ka100_req24,12,xxxxxxxxxxxxxxxx0.000003,0.000000,0.000000,0.000457,0.000473
C,ka100_req25,12,xxxxxxxxxxxxxxxx0.000003,0.000000,0.000000,0.000454,0.000499
C,ka100_req26,12,xxxxxxxxxxxxxxxx0.000003,0.000000,0.000000,0.000406,0.000448
C,ka100_req27,12,xxxxxxxxxxxxxxxx0.000004,0.000000,0.000000,0.000418,0.000462
C,ka100_req28,12,xxxxxxxxxxxxxxxx0.000003,0.000000,0.000000,0.000422,0.000459
C,ka100_req29,12,xxxxxxxxxxxxxxxx0.000004,0.000000,0.000000,0.000413,0.000419
C,ka100_req30,12,xxxxxxxxxxxxxxxx0.000003,0.000000,0.000000,0.000449,0.000493
C,ka100_req31,12,xxxxxxxxxxxxxxxx0.000004,0.000000,0.000000,0.000414,0.000445
C,ka100_req32,12,xxxxxxxxxxxxxxxx0.000004,0.000000,0.000000,0.000424,0.000451
C,ka100_req33,12,xxxxxxxxxxxxxxxx0.000003,0.000000,0.000000,0.000405,0.000450
C,ka100_req34,12,xxxxxxxxxxxxxxxx0.000003,0.000000,0.000000,0.000418,0.000425
C,ka100_req35,12,xxxxxxxxxxxxxxxx0.000004,0.000000,0.000000,0.000431,0.000471
C,ka100_req36,12,xxxxxxxxxxxxxxxx0.000004,0.000000,0.000000,0.000399,0.000438
C,ka100_req37,12,xxxxxxxxxxxxxxxx0.000004,0.000000,0.000000,0.000395,0.000409
C,ka100_req38,12,xxxxxxxxxxxxxxxx0.000003,0.000000,0.000000,0.000487,0.000529
C,ka100_req39,12,xxxxxxxxxxxxxxxx0.000004,0.000000,0.000000,0.000434,0.000449
C,ka100_req40,12,xxxxxxxxxxxxxxxx0.000003,0.000000,0.000000,0.000467,0.000480
C,ka100_req41,12,xxxxxxxxxxxxxxxx0.000003,0.000000,0.000000,0.000427,0.000434
C,ka100_req42,12,xxxxxxxxxxxxxxxx0.000004,0.000000,0.000000,0.000424,0.000432
C,ka100_req43,12,xxxxxxxxxxxxxxxx0.000004,0.000000,0.000000,0.000431,0.000457
C,ka100_req44,12,xxxxxxxxxxxxxxxx0.000003,0.000000,0.000000,0.000398,0.000438
C,ka100_req45,12,xxxxxxxxxxxxxxxx0.000003,0.000000,0.000000,0.000403,0.000419
C,ka100_req46,12,xxxxxxxxxxxxxxxx0.000003,0.000000,0.000000,0.000411,0.000419
C,ka100_req47,12,xxxxxxxxxxxxxxxx0.000003,0.000000,0.000000,0.000416,0.000422
C,ka100_req48,12,xxxxxxxxxxxxxxxx0.000004,0.000000,0.000000,0.000413,0.000450
C,ka100_req49,12,xxxxxxxxxxxxxxxx0.000003,0.000000,0.000000,0.000432,0.000442
C,ka100_req50,12,xxxxxxxxxxxxxxxx0.000003,0.000000,0.000000,0.000408,0.000415
C,ka100_req51,12,xxxxxxxxxxxxxxxx0.000004,0.000000,0.000000,0.000435,0.000476
C,ka100_req52,12,xxxxxxxxxxxxxxxx0.000003,0.000000,0.000000,0.000443,0.000457
C,ka100_req53,12,xxxxxxxxxxxxxxxx0.000003,0.000000,0.000000,0.000464,0.000511
C,ka100_req54,12,xxxxxxxxxxxxxxxx0.000004,0.000000,0.000000,0.000409,0.000452
C,ka100_req55,12,xxxxxxxxxxxxxxxx0.000003,0.000000,0.000000,0.000425,0.000467
C,ka100_req56,12,xxxxxxxxxxxxxxxx0.000003,0.000000,0.000000,0.000391,0.000428
C,ka100_req57,12,xxxxxxxxxxxxxxxx0.000002,0.000000,0.000000,0.000443,0.000450
C,ka100_req58,12,xxxxxxxxxxxxxxxx0.000003,0.000000,0.000000,0.000420,0.000427
C,ka100_req59,12,xxxxxxxxxxxxxxxx0.000003,0.000000,0.000000,0.000469,0.000477
C,ka100_req60,12,xxxxxxxxxxxxxxxx0.000003,0.000000,0.000000,0.000442,0.000450
C,ka100_req61,12,xxxxxxxxxxxxxxxx0.000003,0.000000,0.000000,0.000413,0.000429
C,ka100_req62,12,xxxxxxxxxxxxxxxx0.000004,0.000000,0.000000,0.000427,0.000434
C,ka100_req63,12,xxxxxxxxxxxxxxxx0.000004,0.000000,0.000000,0.000456,0.000463
C,ka100_req64,12,xxxxxxxxxxxxxxxx0.000004,0.000000,0.000000,0.000473,0.000480
C,ka100_req65,12,xxxxxxxxxxxxxxxx0.000002,0.000000,0.000000,0.000478,0.000489
C,ka100_req66,12,xxxxxxxxxxxxxxxx0.000004,0.000000,0.000000,0.000433,0.000440
C,ka100_req67,12,xxxxxxxxxxxxxxxx0.000004,0.000000,0.000000,0.000399,0.000428
C,ka100_req68,12,xxxxxxxxxxxxxxxx0.000003,0.000000,0.000000,0.000408,0.000414
C,ka100_req69,12,xxxxxxxxxxxxxxxx0.000003,0.000000,0.000000,0.000423,0.000430
C,ka100_req70,12,xxxxxxxxxxxxxxxx0.000004,0.000000,0.000000,0.000509,0.000516
C,ka100_req71,12,xxxxxxxxxxxxxxxx0.000003,0.000000,0.000000,0.000426,0.000433
C,ka100_req72,12,xxxxxxxxxxxxxxxx0.000004,0.000000,0.000000,0.000451,0.000458
C,ka100_req73,12,xxxxxxxxxxxxxxxx0.000004,0.000000,0.000000,0.000443,0.000450
C,ka100_req74,12,xxxxxxxxxxxxxxxx0.000004,0.000000,0.000000,0.000401,0.000408
C,ka100_req75,12,xxxxxxxxxxxxxxxx0.000002,0.000000,0.000000,0.000435,0.000442
C,ka100_req76,12,xxxxxxxxxxxxxxxx0.000003,0.000000,0.000000,0.000416,0.000423
C,ka100_req77,12,xxxxxxxxxxxxxxxx0.000004,0.000000,0.000000,0.000445,0.000451
C,ka100_req78,12,xxxxxxxxxxxxxxxx0.000003,0.000000,0.000000,0.000449,0.000455
C,ka100_req79,12,xxxxxxxxxxxxxxxx0.000003,0.000000,0.000000,0.000381,0.000388
C,ka100_req80,12,xxxxxxxxxxxxxxxx0.000003,0.000000,0.000000,0.000431,0.000437
C,ka100_req81,12,xxxxxxxxxxxxxxxx0.000003,0.000000,0.000000,0.000439,0.000446
C,ka100_req82,12,xxxxxxxxxxxxxxxx0.000003,0.000000,0.000000,0.000398,0.000405
C,ka100_req83,12,xxxxxxxxxxxxxxxx0.000003,0.000000,0.000000,0.000459,0.000466
C,ka100_req84,12,xxxxxxxxxxxxxxxx0.000003,0.000000,0.000000,0.000420,0.000427
C,ka100_req85,12,xxxxxxxxxxxxxxxx0.000003,0.000000,0.000000,0.000433,0.000472
C,ka100_req86,12,xxxxxxxxxxxxxxxx0.000002,0.000000,0.000000,0.000404,0.000411
C,ka100_req87,12,xxxxxxxxxxxxxxxx0.000003,0.000000,0.000000,0.000451,0.000459
C,ka100_req88,12,xxxxxxxxxxxxxxxx0.000003,0.000000,0.000000,0.000439,0.000447
C,ka100_req89,12,xxxxxxxxxxxxxxxx0.000003,0.000000,0.000000,0.000442,0.000447
C,ka100_req90,12,xxxxxxxxxxxxxxxx0.000003,0.000000,0.000000,0.000450,0.000455
C,ka100_req91,12,xxxxxxxxxxxxxxxx0.000003,0.000000,0.000000,0.000423,0.000431
C,ka100_req92,12,xxxxxxxxxxxxxxxx0.000002,0.000000,0.000000,0.000411,0.000417
C,ka100_req93,12,xxxxxxxxxxxxxxxx0.000003,0.000000,0.000000,0.000449,0.000455
C,ka100_req94,12,xxxxxxxxxxxxxxxx0.000003,0.000000,0.000000,0.000382,0.000389
C,ka100_req95,12,xxxxxxxxxxxxxxxx0.000003,0.000000,0.000000,0.000431,0.000438
C,ka100_req96,12,xxxxxxxxxxxxxxxx0.000003,0.000000,0.000000,0.000449,0.000455
C,ka100_req97,12,xxxxxxxxxxxxxxxx0.000003,0.000000,0.000000,0.000384,0.000411
C,ka100_req98,12,xxxxxxxxxxxxxxxx0.000003,0.000000,0.000000,0.000403,0.000417
C,ka100_req99,12,xxxxxxxxxxxxxxxx0.000004,0.000000,0.000000,0.000395,0.000422
C,ka100_req100,12,xxxxxxxxxxxxxxxx0.000003,0.000000,0.000000,0.000449,0.000456
C,ka100_req1,13,0.000007,0.000046,0.013618,0.014709,0.014725
C,ka100_req2,13,xxxxxxxxxxxxxxxx0.000006,0.000000,0.000000,0.000409,0.000418
C,ka100_req3,13,xxxxxxxxxxxxxxxx0.000006,0.000000,0.000000,0.000460,0.000467
C,ka100_req4,13,xxxxxxxxxxxxxxxx0.000004,0.000000,0.000000,0.000441,0.000448
C,ka100_req5,13,xxxxxxxxxxxxxxxx0.000006,0.000000,0.000000,0.000471,0.000479
C,ka100_req6,13,xxxxxxxxxxxxxxxx0.000003,0.000000,0.000000,0.000466,0.000472
C,ka100_req7,13,xxxxxxxxxxxxxxxx0.000003,0.000000,0.000000,0.000460,0.000466
C,ka100_req8,13,xxxxxxxxxxxxxxxx0.000004,0.000000,0.000000,0.000435,0.000476
C,ka100_req9,13,xxxxxxxxxxxxxxxx0.000004,0.000000,0.000000,0.000462,0.000470
C,ka100_req10,13,xxxxxxxxxxxxxxxx0.000003,0.000000,0.000000,0.000411,0.000433
C,ka100_req11,13,xxxxxxxxxxxxxxxx0.000003,0.000000,0.000000,0.000454,0.000461
C,ka100_req12,13,xxxxxxxxxxxxxxxx0.000004,0.000000,0.000000,0.000440,0.000452
C,ka100_req13,13,xxxxxxxxxxxxxxxx0.000020,0.000000,0.000000,0.000433,0.000474
C,ka100_req14,13,xxxxxxxxxxxxxxxx0.000004,0.000000,0.000000,0.000431,0.000454
C,ka100_req15,13,xxxxxxxxxxxxxxxx0.000003,0.000000,0.000000,0.000462,0.000468
C,ka100_req16,13,xxxxxxxxxxxxxxxx0.000005,0.000000,0.000000,0.000456,0.000496
C,ka100_req17,13,xxxxxxxxxxxxxxxx0.000002,0.000000,0.000000,0.000458,0.000466
C,ka100_req18,13,xxxxxxxxxxxxxxxx0.000003,0.000000,0.000000,0.000414,0.000427
C,ka100_req19,13,xxxxxxxxxxxxxxxx0.000003,0.000000,0.000000,0.000438,0.000444
C,ka100_req20,13,xxxxxxxxxxxxxxxx0.000003,0.000000,0.000000,0.000441,0.000448
C,ka100_req21,13,xxxxxxxxxxxxxxxx0.000003,0.000000,0.000000,0.000445,0.000459
C,ka100_req22,13,xxxxxxxxxxxxxxxx0.000003,0.000000,0.000000,0.000397,0.000404
C,ka100_req23,13,xxxxxxxxxxxxxxxx0.000004,0.000000,0.000000,0.000435,0.000440
C,ka100_req24,13,xxxxxxxxxxxxxxxx0.000003,0.000000,0.000000,0.000430,0.000437
C,ka100_req25,13,xxxxxxxxxxxxxxxx0.000003,0.000000,0.000000,0.000408,0.000417
C,ka100_req26,13,xxxxxxxxxxxxxxxx0.000005,0.000000,0.000000,0.000443,0.000457
C,ka100_req27,13,xxxxxxxxxxxxxxxx0.000003,0.000000,0.000000,0.000390,0.000415
C,ka100_req28,13,xxxxxxxxxxxxxxxx0.000003,0.000000,0.000000,0.000439,0.000484
C,ka100_req29,13,xxxxxxxxxxxxxxxx0.000002,0.000000,0.000000,0.000410,0.000418
C,ka100_req30,13,xxxxxxxxxxxxxxxx0.000003,0.000000,0.000000,0.000436,0.000442
C,ka100_req31,13,xxxxxxxxxxxxxxxx0.000004,0.000000,0.000000,0.000437,0.000444
C,ka100_req32,13,xxxxxxxxxxxxxxxx0.000003,0.000000,0.000000,0.000419,0.000460
C,ka100_req33,13,xxxxxxxxxxxxxxxx0.000003,0.000000,0.000000,0.000406,0.000448
C,ka100_req34,13,xxxxxxxxxxxxxxxx0.000003,0.000000,0.000000,0.000445,0.000452
C,ka100_req35,13,xxxxxxxxxxxxxxxx0.000003,0.000000,0.000000,0.000425,0.000431
C,ka100_req36,13,xxxxxxxxxxxxxxxx0.000003,0.000000,0.000000,0.000397,0.000438
C,ka100_req37,13,xxxxxxxxxxxxxxxx0.000003,0.000000,0.000000,0.000416,0.000455
C,ka100_req38,13,xxxxxxxxxxxxxxxx0.000003,0.000000,0.000000,0.000429,0.000436
C,ka100_req39,13,xxxxxxxxxxxxxxxx0.000004,0.000000,0.000000,0.000445,0.000479
C,ka100_req40,13,xxxxxxxxxxxxxxxx0.000004,0.000000,0.000000,0.000427,0.000467
C,ka100_req41,13,xxxxxxxxxxxxxxxx0.000003,0.000000,0.000000,0.000455,0.000462
C,ka100_req42,13,xxxxxxxxxxxxxxxx0.000002,0.000000,0.000000,0.000401,0.000410
C,ka100_req43,13,xxxxxxxxxxxxxxxx0.000003,0.000000,0.000000,0.000402,0.000442
C,ka100_req44,13,xxxxxxxxxxxxxxxx0.000004,0.000000,0.000000,0.000430,0.000437
C,ka100_req45,13,xxxxxxxxxxxxxxxx0.000003,0.000000,0.000000,0.000412,0.000418
C,ka100_req46,13,xxxxxxxxxxxxxxxx0.000003,0.000000,0.000000,0.000412,0.000447
C,ka100_req47,13,xxxxxxxxxxxxxxxx0.000004,0.000000,0.000000,0.000430,0.000464
C,ka100_req48,13,xxxxxxxxxxxxxxxx0.000003,0.000000,0.000000,0.000448,0.000462
C,ka100_req49,13,xxxxxxxxxxxxxxxx0.000003,0.000000,0.000000,0.000466,0.000471
C,ka100_req50,13,xxxxxxxxxxxxxxxx0.000004,0.000000,0.000000,0.000415,0.000423
C,ka100_req51,13,xxxxxxxxxxxxxxxx0.000003,0.000000,0.000000,0.000517,0.000525
C,ka100_req52,13,xxxxxxxxxxxxxxxx0.000004,0.000000,0.000000,0.000412,0.000433
C,ka100_req53,13,xxxxxxxxxxxxxxxx0.000003,0.000000,0.000000,0.000460,0.000467
C,ka100_req54,13,xxxxxxxxxxxxxxxx0.000003,0.000000,0.000000,0.000414,0.000420
C,ka100_req55,13,xxxxxxxxxxxxxxxx0.000003,0.000000,0.000000,0.000428,0.000435
C,ka100_req56,13,xxxxxxxxxxxxxxxx0.000003,0.000000,0.000000,0.000414,0.000425
C,ka100_req57,13,xxxxxxxxxxxxxxxx0.000003,0.000000,0.000000,0.000461,0.000466
C,ka100_req58,13,xxxxxxxxxxxxxxxx0.000003,0.000000,0.000000,0.000395,0.000437
C,ka100_req59,13,xxxxxxxxxxxxxxxx0.000003,0.000000,0.000000,0.000422,0.000428
C,ka100_req60,13,xxxxxxxxxxxxxxxx0.000003,0.000000,0.000000,0.000442,0.000482
C,ka100_req61,13,xxxxxxxxxxxxxxxx0.000004,0.000000,0.000000,0.000416,0.000453
C,ka100_req62,13,xxxxxxxxxxxxxxxx0.000004,0.000000,0.000000,0.000392,0.000432
C,ka100_req63,13,xxxxxxxxxxxxxxxx0.000003,0.000000,0.000000,0.000400,0.000442
C,ka100_req64,13,xxxxxxxxxxxxxxxx0.000004,0.000000,0.000000,0.000449,0.000483
C,ka100_req65,13,xxxxxxxxxxxxxxxx0.000003,0.000000,0.000000,0.000401,0.000408
C,ka100_req66,13,xxxxxxxxxxxxxxxx0.000003,0.000000,0.000000,0.000452,0.000460
C,ka100_req67,13,xxxxxxxxxxxxxxxx0.000003,0.000000,0.000000,0.000403,0.000410
C,ka100_req68,13,xxxxxxxxxxxxxxxx0.000004,0.000000,0.000000,0.000473,0.000508
C,ka100_req69,13,xxxxxxxxxxxxxxxx0.000004,0.000000,0.000000,0.000459,0.000472
C,ka100_req70,13,xxxxxxxxxxxxxxxx0.000004,0.000000,0.000000,0.000437,0.000444
C,ka100_req71,13,xxxxxxxxxxxxxxxx0.000003,0.000000,0.000000,0.000447,0.000453
C,ka100_req72,13,xxxxxxxxxxxxxxxx0.000003,0.000000,0.000000,0.000422,0.000428
C,ka100_req73,13,xxxxxxxxxxxxxxxx0.000002,0.000000,0.000000,0.000414,0.000455
C,ka100_req74,13,xxxxxxxxxxxxxxxx0.000003,0.000000,0.000000,0.000391,0.000412
C,ka100_req75,13,xxxxxxxxxxxxxxxx0.000003,0.000000,0.000000,0.000419,0.000430
C,ka100_req76,13,xxxxxxxxxxxxxxxx0.000003,0.000000,0.000000,0.000406,0.000444
C,ka100_req77,13,xxxxxxxxxxxxxxxx0.000003,0.000000,0.000000,0.000425,0.000433
C,ka100_req78,13,xxxxxxxxxxxxxxxx0.000004,0.000000,0.000000,0.000406,0.000450
C,ka100_req79,13,xxxxxxxxxxxxxxxx0.000002,0.000000,0.000000,0.000421,0.000428
C,ka100_req80,13,xxxxxxxxxxxxxxxx0.000003,0.000000,0.000000,0.000421,0.000447
C,ka100_req81,13,xxxxxxxxxxxxxxxx0.000004,0.000000,0.000000,0.000411,0.000424
C,ka100_req82,13,xxxxxxxxxxxxxxxx0.000003,0.000000,0.000000,0.000494,0.000533
C,ka100_req83,13,xxxxxxxxxxxxxxxx0.000003,0.000000,0.000000,0.000461,0.000489
C,ka100_req84,13,xxxxxxxxxxxxxxxx0.000004,0.000000,0.000000,0.000480,0.000487
C,ka100_req85,13,xxxxxxxxxxxxxxxx0.000004,0.000000,0.000000,0.000490,0.000502
C,ka100_req86,13,xxxxxxxxxxxxxxxx0.000002,0.000000,0.000000,0.000408,0.000416
C,ka100_req87,13,xxxxxxxxxxxxxxxx0.000003,0.000000,0.000000,0.000420,0.000426
C,ka100_req88,13,xxxxxxxxxxxxxxxx0.000003,0.000000,0.000000,0.000487,0.000493
C,ka100_req89,13,xxxxxxxxxxxxxxxx0.000004,0.000000,0.000000,0.000436,0.000443
C,ka100_req90,13,xxxxxxxxxxxxxxxx0.000003,0.000000,0.000000,0.000408,0.000448
C,ka100_req91,13,xxxxxxxxxxxxxxxx0.000003,0.000000,0.000000,0.000441,0.000478
C,ka100_req92,13,xxxxxxxxxxxxxxxx0.000003,0.000000,0.000000,0.000441,0.000480
C,ka100_req93,13,xxxxxxxxxxxxxxxx0.000003,0.000000,0.000000,0.000457,0.000462
C,ka100_req94,13,xxxxxxxxxxxxxxxx0.000003,0.000000,0.000000,0.000421,0.000433
C,ka100_req95,13,xxxxxxxxxxxxxxxx0.000003,0.000000,0.000000,0.000440,0.000448
C,ka100_req96,13,xxxxxxxxxxxxxxxx0.000003,0.000000,0.000000,0.000439,0.000446
C,ka100_req97,13,xxxxxxxxxxxxxxxx0.000003,0.000000,0.000000,0.000415,0.000421
C,ka100_req98,13,xxxxxxxxxxxxxxxx0.000002,0.000000,0.000000,0.000412,0.000420
C,ka100_req99,13,xxxxxxxxxxxxxxxx0.000003,0.000000,0.000000,0.000449,0.000455
C,ka100_req100,13,xxxxxxxxxxxxxxxx0.000002,0.000000,0.000000,0.000436,0.000477
C,ka100_req1,14,0.000010,0.000038,0.013566,0.014652,0.014671
C,ka100_req2,14,xxxxxxxxxxxxxxxx0.000006,0.000000,0.000000,0.000378,0.000387
C,ka100_req3,14,xxxxxxxxxxxxxxxx0.000006,0.000000,0.000000,0.000453,0.000461
C,ka100_req4,14,xxxxxxxxxxxxxxxx0.000006,0.000000,0.000000,0.000439,0.000447
C,ka100_req5,14,xxxxxxxxxxxxxxxx0.000005,0.000000,0.000000,0.000443,0.000449
C,ka100_req6,14,xxxxxxxxxxxxxxxx0.000004,0.000000,0.000000,0.000447,0.000455
C,ka100_req7,14,xxxxxxxxxxxxxxxx0.000003,0.000000,0.000000,0.000446,0.000453
C,ka100_req8,14,xxxxxxxxxxxxxxxx0.000003,0.000000,0.000000,0.000438,0.000443
C,ka100_req9,14,xxxxxxxxxxxxxxxx0.000004,0.000000,0.000000,0.000471,0.000479
C,ka100_req10,14,xxxxxxxxxxxxxxxx0.000005,0.000000,0.000000,0.000420,0.000428
C,ka100_req11,14,xxxxxxxxxxxxxxxx0.000004,0.000000,0.000000,0.000437,0.000474
C,ka100_req12,14,xxxxxxxxxxxxxxxx0.000004,0.000000,0.000000,0.000418,0.000449
C,ka100_req13,14,xxxxxxxxxxxxxxxx0.000004,0.000000,0.000000,0.000446,0.000454
C,ka100_req14,14,xxxxxxxxxxxxxxxx0.000003,0.000000,0.000000,0.000455,0.000463
C,ka100_req15,14,xxxxxxxxxxxxxxxx0.000005,0.000000,0.000000,0.000485,0.000492
C,ka100_req16,14,xxxxxxxxxxxxxxxx0.000003,0.000000,0.000000,0.000441,0.000447
C,ka100_req17,14,xxxxxxxxxxxxxxxx0.000003,0.000000,0.000000,0.000459,0.000494
C,ka100_req18,14,xxxxxxxxxxxxxxxx0.000003,0.000000,0.000000,0.000436,0.000476
C,ka100_req19,14,xxxxxxxxxxxxxxxx0.000004,0.000000,0.000000,0.000444,0.000483
C,ka100_req20,14,xxxxxxxxxxxxxxxx0.000003,0.000000,0.000000,0.000406,0.000413
C,ka100_req21,14,xxxxxxxxxxxxxxxx0.000003,0.000000,0.000000,0.000427,0.000434
C,ka100_req22,14,xxxxxxxxxxxxxxxx0.000003,0.000000,0.000000,0.000452,0.000458
C,ka100_req23,14,xxxxxxxxxxxxxxxx0.000004,0.000000,0.000000,0.000405,0.000445
C,ka100_req24,14,xxxxxxxxxxxxxxxx0.000003,0.000000,0.000000,0.000393,0.000408
C,ka100_req25,14,xxxxxxxxxxxxxxxx0.000003,0.000000,0.000000,0.000390,0.000421
C,ka100_req26,14,xxxxxxxxxxxxxxxx0.000003,0.000000,0.000000,0.000400,0.000443
C,ka100_req27,14,xxxxxxxxxxxxxxxx0.000004,0.000000,0.000000,0.000405,0.000410
C,ka100_req28,14,xxxxxxxxxxxxxxxx0.000003,0.000000,0.000000,0.000446,0.000487
C,ka100_req29,14,xxxxxxxxxxxxxxxx0.000003,0.000000,0.000000,0.000425,0.000434
C,ka100_req30,14,xxxxxxxxxxxxxxxx0.000003,0.000000,0.000000,0.000449,0.000497
C,ka100_req31,14,xxxxxxxxxxxxxxxx0.000003,0.000000,0.000000,0.000409,0.000450
C,ka100_req32,14,xxxxxxxxxxxxxxxx0.000003,0.000000,0.000000,0.000412,0.000450
C,ka100_req33,14,xxxxxxxxxxxxxxxx0.000003,0.000000,0.000000,0.000433,0.000440
C,ka100_req34,14,xxxxxxxxxxxxxxxx0.000003,0.000000,0.000000,0.000450,0.000492
C,ka100_req35,14,xxxxxxxxxxxxxxxx0.000003,0.000000,0.000000,0.000423,0.000430
C,ka100_req36,14,xxxxxxxxxxxxxxxx0.000003,0.000000,0.000000,0.000428,0.000436
C,ka100_req37,14,xxxxxxxxxxxxxxxx0.000003,0.000000,0.000000,0.000402,0.000414
C,ka100_req38,14,xxxxxxxxxxxxxxxx0.000003,0.000000,0.000000,0.000440,0.000479
C,ka100_req39,14,xxxxxxxxxxxxxxxx0.000004,0.000000,0.000000,0.000416,0.000453
C,ka100_req40,14,xxxxxxxxxxxxxxxx0.000004,0.000000,0.000000,0.000395,0.000406
C,ka100_req41,14,xxxxxxxxxxxxxxxx0.000003,0.000000,0.000000,0.000408,0.000415
C,ka100_req42,14,xxxxxxxxxxxxxxxx0.000003,0.000000,0.000000,0.000394,0.000408
C,ka100_req43,14,xxxxxxxxxxxxxxxx0.000003,0.000000,0.000000,0.000429,0.000468
C,ka100_req44,14,xxxxxxxxxxxxxxxx0.000004,0.000000,0.000000,0.000430,0.000436
C,ka100_req45,14,xxxxxxxxxxxxxxxx0.000003,0.000000,0.000000,0.000430,0.000458
C,ka100_req46,14,xxxxxxxxxxxxxxxx0.000004,0.000000,0.000000,0.000426,0.000432
C,ka100_req47,14,xxxxxxxxxxxxxxxx0.000004,0.000000,0.000000,0.000480,0.000486
C,ka100_req48,14,xxxxxxxxxxxxxxxx0.000002,0.000000,0.000000,0.000413,0.000421
C,ka100_req49,14,xxxxxxxxxxxxxxxx0.000003,0.000000,0.000000,0.000437,0.000442
C,ka100_req50,14,xxxxxxxxxxxxxxxx0.000002,0.000000,0.000000,0.000411,0.000450
C,ka100_req51,14,xxxxxxxxxxxxxxxx0.000003,0.000000,0.000000,0.000419,0.000453
C,ka100_req52,14,xxxxxxxxxxxxxxxx0.000003,0.000000,0.000000,0.000420,0.000427
C,ka100_req53,14,xxxxxxxxxxxxxxxx0.000004,0.000000,0.000000,0.000418,0.000425
C,ka100_req54,14,xxxxxxxxxxxxxxxx0.000003,0.000000,0.000000,0.000416,0.000423
C,ka100_req55,14,xxxxxxxxxxxxxxxx0.000003,0.000000,0.000000,0.000405,0.000443
C,ka100_req56,14,xxxxxxxxxxxxxxxx0.000002,0.000000,0.000000,0.000417,0.000448
C,ka100_req57,14,xxxxxxxxxxxxxxxx0.000003,0.000000,0.000000,0.000438,0.000445
C,ka100_req58,14,xxxxxxxxxxxxxxxx0.000004,0.000000,0.000000,0.000425,0.000432
C,ka100_req59,14,xxxxxxxxxxxxxxxx0.000004,0.000000,0.000000,0.000408,0.000414
C,ka100_req60,14,xxxxxxxxxxxxxxxx0.000004,0.000000,0.000000,0.000406,0.000413
C,ka100_req61,14,xxxxxxxxxxxxxxxx0.000004,0.000000,0.000000,0.000439,0.000445
C,ka100_req62,14,xxxxxxxxxxxxxxxx0.000003,0.000000,0.000000,0.000430,0.000462
C,ka100_req63,14,xxxxxxxxxxxxxxxx0.000003,0.000000,0.000000,0.000407,0.000440
C,ka100_req64,14,xxxxxxxxxxxxxxxx0.000004,0.000000,0.000000,0.000472,0.000478
C,ka100_req65,14,xxxxxxxxxxxxxxxx0.000003,0.000000,0.000000,0.000399,0.000437
C,ka100_req66,14,xxxxxxxxxxxxxxxx0.000004,0.000000,0.000000,0.000423,0.000442
C,ka100_req67,14,xxxxxxxxxxxxxxxx0.000003,0.000000,0.000000,0.000414,0.000426
C,ka100_req68,14,xxxxxxxxxxxxxxxx0.000003,0.000000,0.000000,0.000414,0.000456
C,ka100_req69,14,xxxxxxxxxxxxxxxx0.000004,0.000000,0.000000,0.000459,0.000464
C,ka100_req70,14,xxxxxxxxxxxxxxxx0.000003,0.000000,0.000000,0.000382,0.000423
C,ka100_req71,14,xxxxxxxxxxxxxxxx0.000004,0.000000,0.000000,0.000429,0.000435
C,ka100_req72,14,xxxxxxxxxxxxxxxx0.000003,0.000000,0.000000,0.000414,0.000420
C,ka100_req73,14,xxxxxxxxxxxxxxxx0.000003,0.000000,0.000000,0.000421,0.000458
C,ka100_req74,14,xxxxxxxxxxxxxxxx0.000004,0.000000,0.000000,0.000395,0.000408
C,ka100_req75,14,xxxxxxxxxxxxxxxx0.000004,0.000000,0.000000,0.000425,0.000430
C,ka100_req76,14,xxxxxxxxxxxxxxxx0.000003,0.000000,0.000000,0.000377,0.000404
C,ka100_req77,14,xxxxxxxxxxxxxxxx0.000003,0.000000,0.000000,0.000430,0.000436
C,ka100_req78,14,xxxxxxxxxxxxxxxx0.000003,0.000000,0.000000,0.000481,0.000487
C,ka100_req79,14,xxxxxxxxxxxxxxxx0.000003,0.000000,0.000000,0.000411,0.000416
C,ka100_req80,14,xxxxxxxxxxxxxxxx0.000003,0.000000,0.000000,0.000465,0.000471
C,ka100_req81,14,xxxxxxxxxxxxxxxx0.000003,0.000000,0.000000,0.000423,0.000429
C,ka100_req82,14,xxxxxxxxxxxxxxxx0.000004,0.000000,0.000000,0.000452,0.000481
C,ka100_req83,14,xxxxxxxxxxxxxxxx0.000003,0.000000,0.000000,0.000459,0.000498
C,ka100_req84,14,xxxxxxxxxxxxxxxx0.000003,0.000000,0.000000,0.000432,0.000439
C,ka100_req85,14,xxxxxxxxxxxxxxxx0.000003,0.000000,0.000000,0.000391,0.000399
C,ka100_req86,14,xxxxxxxxxxxxxxxx0.000003,0.000000,0.000000,0.000439,0.000474
C,ka100_req87,14,xxxxxxxxxxxxxxxx0.000004,0.000000,0.000000,0.000416,0.000434
C,ka100_req88,14,xxxxxxxxxxxxxxxx0.000002,0.000000,0.000000,0.000441,0.000448
C,ka100_req89,14,xxxxxxxxxxxxxxxx0.000004,0.000000,0.000000,0.000440,0.000447
C,ka100_req90,14,xxxxxxxxxxxxxxxx0.000003,0.000000,0.000000,0.000391,0.000451
C,ka100_req91,14,xxxxxxxxxxxxxxxx0.000003,0.000000,0.000000,0.000423,0.000430
C,ka100_req92,14,xxxxxxxxxxxxxxxx0.000003,0.000000,0.000000,0.000446,0.000452
C,ka100_req93,14,xxxxxxxxxxxxxxxx0.000004,0.000000,0.000000,0.000412,0.000420
C,ka100_req94,14,xxxxxxxxxxxxxxxx0.000003,0.000000,0.000000,0.000452,0.000458
C,ka100_req95,14,xxxxxxxxxxxxxxxx0.000003,0.000000,0.000000,0.000416,0.000422
C,ka100_req96,14,xxxxxxxxxxxxxxxx0.000004,0.000000,0.000000,0.000406,0.000412
C,ka100_req97,14,xxxxxxxxxxxxxxxx0.000004,0.000000,0.000000,0.000443,0.000450
C,ka100_req98,14,xxxxxxxxxxxxxxxx0.000004,0.000000,0.000000,0.000404,0.000445
C,ka100_req99,14,xxxxxxxxxxxxxxxx0.000003,0.000000,0.000000,0.000422,0.000429
C,ka100_req100,14,xxxxxxxxxxxxxxxx0.000003,0.000000,0.000000,0.000442,0.000457
C,ka100_req1,15,0.000007,0.000033,0.013312,0.014922,0.014938
C,ka100_req2,15,xxxxxxxxxxxxxxxx0.000006,0.000000,0.000000,0.000414,0.000423
C,ka100_req3,15,xxxxxxxxxxxxxxxx0.000005,0.000000,0.000000,0.000476,0.000483
C,ka100_req4,15,xxxxxxxxxxxxxxxx0.000003,0.000000,0.000000,0.000470,0.000477
C,ka100_req5,15,xxxxxxxxxxxxxxxx0.000003,0.000000,0.000000,0.000445,0.000454
C,ka100_req6,15,xxxxxxxxxxxxxxxx0.000008,0.000000,0.000000,0.000475,0.000484
C,ka100_req7,15,xxxxxxxxxxxxxxxx0.000004,0.000000,0.000000,0.000468,0.000474
C,ka100_req8,15,xxxxxxxxxxxxxxxx0.000003,0.000000,0.000000,0.000407,0.000415
C,ka100_req9,15,xxxxxxxxxxxxxxxx0.000004,0.000000,0.000000,0.000462,0.000476
C,ka100_req10,15,xxxxxxxxxxxxxxxx0.000003,0.000000,0.000000,0.000441,0.000481
C,ka100_req11,15,xxxxxxxxxxxxxxxx0.000002,0.000000,0.000000,0.000465,0.000473
C,ka100_req12,15,xxxxxxxxxxxxxxxx0.000004,0.000000,0.000000,0.000473,0.000479
C,ka100_req13,15,xxxxxxxxxxxxxxxx0.000003,0.000000,0.000000,0.000463,0.000471
C,ka100_req14,15,xxxxxxxxxxxxxxxx0.000003,0.000000,0.000000,0.000463,0.000472
C,ka100_req15,15,xxxxxxxxxxxxxxxx0.000005,0.000000,0.000000,0.000446,0.000486
C,ka100_req16,15,xxxxxxxxxxxxxxxx0.000003,0.000000,0.000000,0.000448,0.000456
C,ka100_req17,15,xxxxxxxxxxxxxxxx0.000003,0.000000,0.000000,0.000439,0.000445
C,ka100_req18,15,xxxxxxxxxxxxxxxx0.000003,0.000000,0.000000,0.000441,0.000447
C,ka100_req19,15,xxxxxxxxxxxxxxxx0.000004,0.000000,0.000000,0.000472,0.000479
C,ka100_req20,15,xxxxxxxxxxxxxxxx0.000003,0.000000,0.000000,0.000423,0.000476
C,ka100_req21,15,xxxxxxxxxxxxxxxx0.000004,0.000000,0.000000,0.000452,0.000499
C,ka100_req22,15,xxxxxxxxxxxxxxxx0.000004,0.000000,0.000000,0.000436,0.000443
C,ka100_req23,15,xxxxxxxxxxxxxxxx0.000003,0.000000,0.000000,0.000465,0.000506
C,ka100_req24,15,xxxxxxxxxxxxxxxx0.000004,0.000000,0.000000,0.000459,0.000472
C,ka100_req25,15,xxxxxxxxxxxxxxxx0.000004,0.000000,0.000000,0.000459,0.000486
C,ka100_req26,15,xxxxxxxxxxxxxxxx0.000004,0.000000,0.000000,0.000466,0.000474
C,ka100_req27,15,xxxxxxxxxxxxxxxx0.000003,0.000000,0.000000,0.000493,0.000521
C,ka100_req28,15,xxxxxxxxxxxxxxxx0.000003,0.000000,0.000000,0.000469,0.000477
C,ka100_req29,15,xxxxxxxxxxxxxxxx0.000003,0.000000,0.000000,0.000474,0.000481
C,ka100_req30,15,xxxxxxxxxxxxxxxx0.000004,0.000000,0.000000,0.000449,0.000457
C,ka100_req31,15,xxxxxxxxxxxxxxxx0.000003,0.000000,0.000000,0.000447,0.000486
C,ka100_req32,15,xxxxxxxxxxxxxxxx0.000004,0.000000,0.000000,0.000449,0.000463
C,ka100_req33,15,xxxxxxxxxxxxxxxx0.000003,0.000000,0.000000,0.000448,0.000481
C,ka100_req34,15,xxxxxxxxxxxxxxxx0.000004,0.000000,0.000000,0.000456,0.000492
C,ka100_req35,15,xxxxxxxxxxxxxxxx0.000004,0.000000,0.000000,0.000471,0.000484
C,ka100_req36,15,xxxxxxxxxxxxxxxx0.000003,0.000000,0.000000,0.000412,0.000454
C,ka100_req37,15,xxxxxxxxxxxxxxxx0.000004,0.000000,0.000000,0.000472,0.000514
C,ka100_req38,15,xxxxxxxxxxxxxxxx0.000004,0.000000,0.000000,0.000413,0.000420
C,ka100_req39,15,xxxxxxxxxxxxxxxx0.000003,0.000000,0.000000,0.000461,0.000466
C,ka100_req40,15,xxxxxxxxxxxxxxxx0.000002,0.000000,0.000000,0.000433,0.000472
C,ka100_req41,15,xxxxxxxxxxxxxxxx0.000002,0.000000,0.000000,0.000452,0.000460
C,ka100_req42,15,xxxxxxxxxxxxxxxx0.000003,0.000000,0.000000,0.000587,0.000593
C,ka100_req43,15,xxxxxxxxxxxxxxxx0.000002,0.000000,0.000000,0.000512,0.000520
C,ka100_req44,15,xxxxxxxxxxxxxxxx0.000003,0.000000,0.000000,0.000517,0.000524
C,ka100_req45,15,xxxxxxxxxxxxxxxx0.000002,0.000000,0.000000,0.000519,0.000525
C,ka100_req46,15,xxxxxxxxxxxxxxxx0.000003,0.000000,0.000000,0.000463,0.000471
C,ka100_req47,15,xxxxxxxxxxxxxxxx0.000003,0.000000,0.000000,0.000484,0.000527
C,ka100_req48,15,xxxxxxxxxxxxxxxx0.000003,0.000000,0.000000,0.000480,0.000487
C,ka100_req49,15,xxxxxxxxxxxxxxxx0.000004,0.000000,0.000000,0.000489,0.000528
C,ka100_req50,15,xxxxxxxxxxxxxxxx0.000003,0.000000,0.000000,0.000491,0.000496
C,ka100_req51,15,xxxxxxxxxxxxxxxx0.000004,0.000000,0.000000,0.000555,0.000562
C,ka100_req52,15,xxxxxxxxxxxxxxxx0.000003,0.000000,0.000000,0.000473,0.000484
C,ka100_req53,15,xxxxxxxxxxxxxxxx0.000003,0.000000,0.000000,0.000459,0.000465
C,ka100_req54,15,xxxxxxxxxxxxxxxx0.000004,0.000000,0.000000,0.000450,0.000457
C,ka100_req55,15,xxxxxxxxxxxxxxxx0.000003,0.000000,0.000000,0.000444,0.000457
C,ka100_req56,15,xxxxxxxxxxxxxxxx0.000004,0.000000,0.000000,0.000419,0.000432
C,ka100_req57,15,xxxxxxxxxxxxxxxx0.000003,0.000000,0.000000,0.000398,0.000406
C,ka100_req58,15,xxxxxxxxxxxxxxxx0.000003,0.000000,0.000000,0.000429,0.000435
C,ka100_req59,15,xxxxxxxxxxxxxxxx0.000003,0.000000,0.000000,0.000453,0.000492
C,ka100_req60,15,xxxxxxxxxxxxxxxx0.000003,0.000000,0.000000,0.000389,0.000428
C,ka100_req61,15,xxxxxxxxxxxxxxxx0.000004,0.000000,0.000000,0.000437,0.000472
C,ka100_req62,15,xxxxxxxxxxxxxxxx0.000003,0.000000,0.000000,0.000473,0.000479
C,ka100_req63,15,xxxxxxxxxxxxxxxx0.000004,0.000000,0.000000,0.000455,0.000462
C,ka100_req64,15,xxxxxxxxxxxxxxxx0.000003,0.000000,0.000000,0.000673,0.000686
C,ka100_req65,15,xxxxxxxxxxxxxxxx0.000003,0.000000,0.000000,0.000517,0.000523
C,ka100_req66,15,xxxxxxxxxxxxxxxx0.000003,0.000000,0.000000,0.000479,0.000514
C,ka100_req67,15,xxxxxxxxxxxxxxxx0.000003,0.000000,0.000000,0.000485,0.000493
C,ka100_req68,15,xxxxxxxxxxxxxxxx0.000003,0.000000,0.000000,0.000423,0.000427
C,ka100_req69,15,xxxxxxxxxxxxxxxx0.000002,0.000000,0.000000,0.000452,0.000491
C,ka100_req70,15,xxxxxxxxxxxxxxxx0.000004,0.000000,0.000000,0.000433,0.000471
C,ka100_req71,15,xxxxxxxxxxxxxxxx0.000003,0.000000,0.000000,0.000427,0.000440
C,ka100_req72,15,xxxxxxxxxxxxxxxx0.000003,0.000000,0.000000,0.000403,0.000431
C,ka100_req73,15,xxxxxxxxxxxxxxxx0.000002,0.000000,0.000000,0.000447,0.000454
C,ka100_req74,15,xxxxxxxxxxxxxxxx0.000003,0.000000,0.000000,0.000437,0.000451
C,ka100_req75,15,xxxxxxxxxxxxxxxx0.000003,0.000000,0.000000,0.000487,0.000527
C,ka100_req76,15,xxxxxxxxxxxxxxxx0.000004,0.000000,0.000000,0.000467,0.000507
C,ka100_req77,15,xxxxxxxxxxxxxxxx0.000004,0.000000,0.000000,0.000504,0.000509
C,ka100_req78,15,xxxxxxxxxxxxxxxx0.000003,0.000000,0.000000,0.000455,0.000496
C,ka100_req79,15,xxxxxxxxxxxxxxxx0.000004,0.000000,0.000000,0.000464,0.000471
C,ka100_req80,15,xxxxxxxxxxxxxxxx0.000004,0.000000,0.000000,0.000431,0.000437
C,ka100_req81,15,xxxxxxxxxxxxxxxx0.000003,0.000000,0.000000,0.000437,0.000442
C,ka100_req82,15,xxxxxxxxxxxxxxxx0.000003,0.000000,0.000000,0.000412,0.000419
C,ka100_req83,15,xxxxxxxxxxxxxxxx0.000003,0.000000,0.000000,0.000443,0.000485
C,ka100_req84,15,xxxxxxxxxxxxxxxx0.000003,0.000000,0.000000,0.000410,0.000422
C,ka100_req85,15,xxxxxxxxxxxxxxxx0.000003,0.000000,0.000000,0.000409,0.000416
C,ka100_req86,15,xxxxxxxxxxxxxxxx0.000003,0.000000,0.000000,0.000425,0.000431
C,ka100_req87,15,xxxxxxxxxxxxxxxx0.000003,0.000000,0.000000,0.000433,0.000440
C,ka100_req88,15,xxxxxxxxxxxxxxxx0.000004,0.000000,0.000000,0.000383,0.000391
C,ka100_req89,15,xxxxxxxxxxxxxxxx0.000004,0.000000,0.000000,0.000426,0.000439
C,ka100_req90,15,xxxxxxxxxxxxxxxx0.000003,0.000000,0.000000,0.000443,0.000450
C,ka100_req91,15,xxxxxxxxxxxxxxxx0.000003,0.000000,0.000000,0.000429,0.000442
C,ka100_req92,15,xxxxxxxxxxxxxxxx0.000003,0.000000,0.000000,0.000429,0.000440
C,ka100_req93,15,xxxxxxxxxxxxxxxx0.000003,0.000000,0.000000,0.000430,0.000469
C,ka100_req94,15,xxxxxxxxxxxxxxxx0.000004,0.000000,0.000000,0.000413,0.000420
C,ka100_req95,15,xxxxxxxxxxxxxxxx0.000003,0.000000,0.000000,0.000451,0.000457
C,ka100_req96,15,xxxxxxxxxxxxxxxx0.000003,0.000000,0.000000,0.000447,0.000454
C,ka100_req97,15,xxxxxxxxxxxxxxxx0.000004,0.000000,0.000000,0.000415,0.000421
C,ka100_req98,15,xxxxxxxxxxxxxxxx0.000003,0.000000,0.000000,0.000419,0.000447
C,ka100_req99,15,xxxxxxxxxxxxxxxx0.000004,0.000000,0.000000,0.000431,0.000445
C,ka100_req100,15,xxxxxxxxxxxxxxxx0.000003,0.000000,0.000000,0.000407,0.000435
C,ka100_req1,16,0.000007,0.000031,0.013542,0.014754,0.014769
C,ka100_req2,16,xxxxxxxxxxxxxxxx0.000005,0.000000,0.000000,0.000458,0.000470
C,ka100_req3,16,xxxxxxxxxxxxxxxx0.000007,0.000000,0.000000,0.000464,0.000474
C,ka100_req4,16,xxxxxxxxxxxxxxxx0.000004,0.000000,0.000000,0.000466,0.000477
C,ka100_req5,16,xxxxxxxxxxxxxxxx0.000007,0.000000,0.000000,0.000449,0.000456
C,ka100_req6,16,xxxxxxxxxxxxxxxx0.000004,0.000000,0.000000,0.000524,0.000532
C,ka100_req7,16,xxxxxxxxxxxxxxxx0.000004,0.000000,0.000000,0.000484,0.000492
C,ka100_req8,16,xxxxxxxxxxxxxxxx0.000004,0.000000,0.000000,0.000483,0.000489
C,ka100_req9,16,xxxxxxxxxxxxxxxx0.000003,0.000000,0.000000,0.000471,0.000478
C,ka100_req10,16,xxxxxxxxxxxxxxxx0.000003,0.000000,0.000000,0.000400,0.000425
C,ka100_req11,16,xxxxxxxxxxxxxxxx0.000004,0.000000,0.000000,0.000426,0.000452
C,ka100_req12,16,xxxxxxxxxxxxxxxx0.000004,0.000000,0.000000,0.000452,0.000489
C,ka100_req13,16,xxxxxxxxxxxxxxxx0.000003,0.000000,0.000000,0.000441,0.000484
C,ka100_req14,16,xxxxxxxxxxxxxxxx0.000003,0.000000,0.000000,0.000431,0.000446
C,ka100_req15,16,xxxxxxxxxxxxxxxx0.000005,0.000000,0.000000,0.000432,0.000440
C,ka100_req16,16,xxxxxxxxxxxxxxxx0.000003,0.000000,0.000000,0.000427,0.000471
C,ka100_req17,16,xxxxxxxxxxxxxxxx0.000003,0.000000,0.000000,0.000414,0.000440
C,ka100_req18,16,xxxxxxxxxxxxxxxx0.000004,0.000000,0.000000,0.000389,0.000396
C,ka100_req19,16,xxxxxxxxxxxxxxxx0.000006,0.000000,0.000000,0.000489,0.000497
C,ka100_req20,16,xxxxxxxxxxxxxxxx0.000004,0.000000,0.000000,0.000447,0.000453
C,ka100_req21,16,xxxxxxxxxxxxxxxx0.000005,0.000000,0.000000,0.000457,0.000464
C,ka100_req22,16,xxxxxxxxxxxxxxxx0.000003,0.000000,0.000000,0.000461,0.000468
C,ka100_req23,16,xxxxxxxxxxxxxxxx0.000003,0.000000,0.000000,0.000433,0.000474
C,ka100_req24,16,xxxxxxxxxxxxxxxx0.000003,0.000000,0.000000,0.000399,0.000439
C,ka100_req25,16,xxxxxxxxxxxxxxxx0.000003,0.000000,0.000000,0.000464,0.000504
C,ka100_req26,16,xxxxxxxxxxxxxxxx0.000003,0.000000,0.000000,0.000412,0.000419
C,ka100_req27,16,xxxxxxxxxxxxxxxx0.000004,0.000000,0.000000,0.000464,0.000470
C,ka100_req28,16,xxxxxxxxxxxxxxxx0.000004,0.000000,0.000000,0.000433,0.000471
C,ka100_req29,16,xxxxxxxxxxxxxxxx0.000003,0.000000,0.000000,0.000439,0.000446
C,ka100_req30,16,xxxxxxxxxxxxxxxx0.000003,0.000000,0.000000,0.000439,0.000446
C,ka100_req31,16,xxxxxxxxxxxxxxxx0.000003,0.000000,0.000000,0.000435,0.000442
C,ka100_req32,16,xxxxxxxxxxxxxxxx0.000003,0.000000,0.000000,0.000443,0.000450
C,ka100_req33,16,xxxxxxxxxxxxxxxx0.000003,0.000000,0.000000,0.000478,0.000485
C,ka100_req34,16,xxxxxxxxxxxxxxxx0.000003,0.000000,0.000000,0.000409,0.000423
C,ka100_req35,16,xxxxxxxxxxxxxxxx0.000003,0.000000,0.000000,0.000419,0.000456
C,ka100_req36,16,xxxxxxxxxxxxxxxx0.000003,0.000000,0.000000,0.000415,0.000423
C,ka100_req37,16,xxxxxxxxxxxxxxxx0.000004,0.000000,0.000000,0.000410,0.000420
C,ka100_req38,16,xxxxxxxxxxxxxxxx0.000003,0.000000,0.000000,0.000439,0.000479
C,ka100_req39,16,xxxxxxxxxxxxxxxx0.000003,0.000000,0.000000,0.000432,0.000440
C,ka100_req40,16,xxxxxxxxxxxxxxxx0.000003,0.000000,0.000000,0.000441,0.000485
C,ka100_req41,16,xxxxxxxxxxxxxxxx0.000003,0.000000,0.000000,0.000412,0.000425
C,ka100_req42,16,xxxxxxxxxxxxxxxx0.000003,0.000000,0.000000,0.000402,0.000410
C,ka100_req43,16,xxxxxxxxxxxxxxxx0.000003,0.000000,0.000000,0.000452,0.000459
C,ka100_req44,16,xxxxxxxxxxxxxxxx0.000003,0.000000,0.000000,0.000484,0.000491
C,ka100_req45,16,xxxxxxxxxxxxxxxx0.000004,0.000000,0.000000,0.000422,0.000460
C,ka100_req46,16,xxxxxxxxxxxxxxxx0.000004,0.000000,0.000000,0.000420,0.000426
C,ka100_req47,16,xxxxxxxxxxxxxxxx0.000002,0.000000,0.000000,0.000432,0.000439
C,ka100_req48,16,xxxxxxxxxxxxxxxx0.000004,0.000000,0.000000,0.000400,0.000444
C,ka100_req49,16,xxxxxxxxxxxxxxxx0.000002,0.000000,0.000000,0.000417,0.000424
C,ka100_req50,16,xxxxxxxxxxxxxxxx0.000004,0.000000,0.000000,0.000418,0.000460
C,ka100_req51,16,xxxxxxxxxxxxxxxx0.000003,0.000000,0.000000,0.000432,0.000471
C,ka100_req52,16,xxxxxxxxxxxxxxxx0.000004,0.000000,0.000000,0.000409,0.000416
C,ka100_req53,16,xxxxxxxxxxxxxxxx0.000004,0.000000,0.000000,0.000447,0.000486
C,ka100_req54,16,xxxxxxxxxxxxxxxx0.000004,0.000000,0.000000,0.000399,0.000442
C,ka100_req55,16,xxxxxxxxxxxxxxxx0.000003,0.000000,0.000000,0.000455,0.000469
C,ka100_req56,16,xxxxxxxxxxxxxxxx0.000003,0.000000,0.000000,0.000436,0.000472
C,ka100_req57,16,xxxxxxxxxxxxxxxx0.000003,0.000000,0.000000,0.000421,0.000430
C,ka100_req58,16,xxxxxxxxxxxxxxxx0.000003,0.000000,0.000000,0.000422,0.000428
C,ka100_req59,16,xxxxxxxxxxxxxxxx0.000004,0.000000,0.000000,0.000447,0.000453
C,ka100_req60,16,xxxxxxxxxxxxxxxx0.000003,0.000000,0.000000,0.000403,0.000408
C,ka100_req61,16,xxxxxxxxxxxxxxxx0.000003,0.000000,0.000000,0.000425,0.000461
C,ka100_req62,16,xxxxxxxxxxxxxxxx0.000004,0.000000,0.000000,0.000439,0.000478
C,ka100_req63,16,xxxxxxxxxxxxxxxx0.000004,0.000000,0.000000,0.000432,0.000477
C,ka100_req64,16,xxxxxxxxxxxxxxxx0.000003,0.000000,0.000000,0.000400,0.000407
C,ka100_req65,16,xxxxxxxxxxxxxxxx0.000003,0.000000,0.000000,0.000410,0.000452
C,ka100_req66,16,xxxxxxxxxxxxxxxx0.000003,0.000000,0.000000,0.000376,0.000390
C,ka100_req67,16,xxxxxxxxxxxxxxxx0.000004,0.000000,0.000000,0.000425,0.000431
C,ka100_req68,16,xxxxxxxxxxxxxxxx0.000004,0.000000,0.000000,0.000423,0.000436
C,ka100_req69,16,xxxxxxxxxxxxxxxx0.000003,0.000000,0.000000,0.000425,0.000439
C,ka100_req70,16,xxxxxxxxxxxxxxxx0.000004,0.000000,0.000000,0.000423,0.000429
C,ka100_req71,16,xxxxxxxxxxxxxxxx0.000004,0.000000,0.000000,0.000423,0.000459
C,ka100_req72,16,xxxxxxxxxxxxxxxx0.000002,0.000000,0.000000,0.000474,0.000481
C,ka100_req73,16,xxxxxxxxxxxxxxxx0.000003,0.000000,0.000000,0.000404,0.000418
C,ka100_req74,16,xxxxxxxxxxxxxxxx0.000004,0.000000,0.000000,0.000388,0.000393
C,ka100_req75,16,xxxxxxxxxxxxxxxx0.000003,0.000000,0.000000,0.000384,0.000391
C,ka100_req76,16,xxxxxxxxxxxxxxxx0.000003,0.000000,0.000000,0.000402,0.000409
C,ka100_req77,16,xxxxxxxxxxxxxxxx0.000003,0.000000,0.000000,0.000429,0.000437
C,ka100_req78,16,xxxxxxxxxxxxxxxx0.000003,0.000000,0.000000,0.000433,0.000438
C,ka100_req79,16,xxxxxxxxxxxxxxxx0.000002,0.000000,0.000000,0.000459,0.000499
C,ka100_req80,16,xxxxxxxxxxxxxxxx0.000003,0.000000,0.000000,0.000394,0.000407
C,ka100_req81,16,xxxxxxxxxxxxxxxx0.000003,0.000000,0.000000,0.000461,0.000467
C,ka100_req82,16,xxxxxxxxxxxxxxxx0.000003,0.000000,0.000000,0.000385,0.000396
C,ka100_req83,16,xxxxxxxxxxxxxxxx0.000004,0.000000,0.000000,0.000451,0.000457
C,ka100_req84,16,xxxxxxxxxxxxxxxx0.000003,0.000000,0.000000,0.000421,0.000428
C,ka100_req85,16,xxxxxxxxxxxxxxxx0.000003,0.000000,0.000000,0.000452,0.000457
C,ka100_req86,16,xxxxxxxxxxxxxxxx0.000003,0.000000,0.000000,0.000406,0.000433
C,ka100_req87,16,xxxxxxxxxxxxxxxx0.000003,0.000000,0.000000,0.000397,0.000435
C,ka100_req88,16,xxxxxxxxxxxxxxxx0.000003,0.000000,0.000000,0.000427,0.000433
C,ka100_req89,16,xxxxxxxxxxxxxxxx0.000003,0.000000,0.000000,0.000432,0.000440
C,ka100_req90,16,xxxxxxxxxxxxxxxx0.000004,0.000000,0.000000,0.000421,0.000426
C,ka100_req91,16,xxxxxxxxxxxxxxxx0.000003,0.000000,0.000000,0.000450,0.000456
C,ka100_req92,16,xxxxxxxxxxxxxxxx0.000004,0.000000,0.000000,0.000431,0.000437
C,ka100_req93,16,xxxxxxxxxxxxxxxx0.000004,0.000000,0.000000,0.000439,0.000486
C,ka100_req94,16,xxxxxxxxxxxxxxxx0.000003,0.000000,0.000000,0.000416,0.000422
C,ka100_req95,16,xxxxxxxxxxxxxxxx0.000004,0.000000,0.000000,0.000432,0.000439
C,ka100_req96,16,xxxxxxxxxxxxxxxx0.000003,0.000000,0.000000,0.000420,0.000448
C,ka100_req97,16,xxxxxxxxxxxxxxxx0.000003,0.000000,0.000000,0.000417,0.000432
C,ka100_req98,16,xxxxxxxxxxxxxxxx0.000003,0.000000,0.000000,0.000396,0.000431
C,ka100_req99,16,xxxxxxxxxxxxxxxx0.000003,0.000000,0.000000,0.000416,0.000458
C,ka100_req100,16,xxxxxxxxxxxxxxxx0.000004,0.000000,0.000000,0.000401,0.000441
C,ka100_req1,17,0.000007,0.000033,0.013348,0.014648,0.014666
C,ka100_req2,17,xxxxxxxxxxxxxxxx0.000006,0.000000,0.000000,0.000472,0.000482
C,ka100_req3,17,xxxxxxxxxxxxxxxx0.000006,0.000000,0.000000,0.000509,0.000517
C,ka100_req4,17,xxxxxxxxxxxxxxxx0.000005,0.000000,0.000000,0.000480,0.000487
C,ka100_req5,17,xxxxxxxxxxxxxxxx0.000006,0.000000,0.000000,0.000487,0.000494
C,ka100_req6,17,xxxxxxxxxxxxxxxx0.000005,0.000000,0.000000,0.000482,0.000490
C,ka100_req7,17,xxxxxxxxxxxxxxxx0.000005,0.000000,0.000000,0.000464,0.000471
C,ka100_req8,17,xxxxxxxxxxxxxxxx0.000004,0.000000,0.000000,0.000432,0.000439
C,ka100_req9,17,xxxxxxxxxxxxxxxx0.000005,0.000000,0.000000,0.000497,0.000542
C,ka100_req10,17,xxxxxxxxxxxxxxxx0.000004,0.000000,0.000000,0.000484,0.000493
C,ka100_req11,17,xxxxxxxxxxxxxxxx0.000004,0.000000,0.000000,0.000475,0.000483
C,ka100_req12,17,xxxxxxxxxxxxxxxx0.000003,0.000000,0.000000,0.000459,0.000467
C,ka100_req13,17,xxxxxxxxxxxxxxxx0.000005,0.000000,0.000000,0.000462,0.000470
C,ka100_req14,17,xxxxxxxxxxxxxxxx0.000003,0.000000,0.000000,0.000455,0.000502
C,ka100_req15,17,xxxxxxxxxxxxxxxx0.000003,0.000000,0.000000,0.000491,0.000499
C,ka100_req16,17,xxxxxxxxxxxxxxxx0.000004,0.000000,0.000000,0.000485,0.000492
C,ka100_req17,17,xxxxxxxxxxxxxxxx0.000004,0.000000,0.000000,0.000457,0.000473
C,ka100_req18,17,xxxxxxxxxxxxxxxx0.000004,0.000000,0.000000,0.000464,0.000470
C,ka100_req19,17,xxxxxxxxxxxxxxxx0.000003,0.000000,0.000000,0.000483,0.000497
C,ka100_req20,17,xxxxxxxxxxxxxxxx0.000003,0.000000,0.000000,0.000493,0.000510
C,ka100_req21,17,xxxxxxxxxxxxxxxx0.000003,0.000000,0.000000,0.000462,0.000469
C,ka100_req22,17,xxxxxxxxxxxxxxxx0.000004,0.000000,0.000000,0.000449,0.000456
C,ka100_req23,17,xxxxxxxxxxxxxxxx0.000004,0.000000,0.000000,0.000442,0.000447
C,ka100_req24,17,xxxxxxxxxxxxxxxx0.000003,0.000000,0.000000,0.000434,0.000472
C,ka100_req25,17,xxxxxxxxxxxxxxxx0.000004,0.000000,0.000000,0.000439,0.000451
C,ka100_req26,17,xxxxxxxxxxxxxxxx0.000003,0.000000,0.000000,0.000481,0.000487
C,ka100_req27,17,xxxxxxxxxxxxxxxx0.000004,0.000000,0.000000,0.000435,0.000462
C,ka100_req28,17,xxxxxxxxxxxxxxxx0.000004,0.000000,0.000000,0.000418,0.000426
C,ka100_req29,17,xxxxxxxxxxxxxxxx0.000003,0.000000,0.000000,0.000439,0.000480
C,ka100_req30,17,xxxxxxxxxxxxxxxx0.000004,0.000000,0.000000,0.000396,0.000410
C,ka100_req31,17,xxxxxxxxxxxxxxxx0.000003,0.000000,0.000000,0.000428,0.000465
C,ka100_req32,17,xxxxxxxxxxxxxxxx0.000004,0.000000,0.000000,0.000429,0.000473
C,ka100_req33,17,xxxxxxxxxxxxxxxx0.000003,0.000000,0.000000,0.000457,0.000496
C,ka100_req34,17,xxxxxxxxxxxxxxxx0.000004,0.000000,0.000000,0.000455,0.000469
C,ka100_req35,17,xxxxxxxxxxxxxxxx0.000003,0.000000,0.000000,0.000438,0.000478
C,ka100_req36,17,xxxxxxxxxxxxxxxx0.000003,0.000000,0.000000,0.000458,0.000467
C,ka100_req37,17,xxxxxxxxxxxxxxxx0.000003,0.000000,0.000000,0.000433,0.000445
C,ka100_req38,17,xxxxxxxxxxxxxxxx0.000003,0.000000,0.000000,0.000463,0.000469
C,ka100_req39,17,xxxxxxxxxxxxxxxx0.000004,0.000000,0.000000,0.000439,0.000452
C,ka100_req40,17,xxxxxxxxxxxxxxxx0.000003,0.000000,0.000000,0.000402,0.000442
C,ka100_req41,17,xxxxxxxxxxxxxxxx0.000003,0.000000,0.000000,0.000443,0.000450
C,ka100_req42,17,xxxxxxxxxxxxxxxx0.000003,0.000000,0.000000,0.000444,0.000452
C,ka100_req43,17,xxxxxxxxxxxxxxxx0.000004,0.000000,0.000000,0.000482,0.000489
C,ka100_req44,17,xxxxxxxxxxxxxxxx0.000003,0.000000,0.000000,0.000463,0.000470
C,ka100_req45,17,xxxxxxxxxxxxxxxx0.000004,0.000000,0.000000,0.000462,0.000469
C,ka100_req46,17,xxxxxxxxxxxxxxxx0.000002,0.000000,0.000000,0.000450,0.000457
C,ka100_req47,17,xxxxxxxxxxxxxxxx0.000003,0.000000,0.000000,0.000461,0.000506
C,ka100_req48,17,xxxxxxxxxxxxxxxx0.000004,0.000000,0.000000,0.000445,0.000450
C,ka100_req49,17,xxxxxxxxxxxxxxxx0.000003,0.000000,0.000000,0.000458,0.000464
C,ka100_req50,17,xxxxxxxxxxxxxxxx0.000003,0.000000,0.000000,0.000457,0.000472
C,ka100_req51,17,xxxxxxxxxxxxxxxx0.000003,0.000000,0.000000,0.000493,0.000505
C,ka100_req52,17,xxxxxxxxxxxxxxxx0.000003,0.000000,0.000000,0.000399,0.000441
C,ka100_req53,17,xxxxxxxxxxxxxxxx0.000003,0.000000,0.000000,0.000399,0.000427
C,ka100_req54,17,xxxxxxxxxxxxxxxx0.000004,0.000000,0.000000,0.000420,0.000462
C,ka100_req55,17,xxxxxxxxxxxxxxxx0.000003,0.000000,0.000000,0.000440,0.000445
C,ka100_req56,17,xxxxxxxxxxxxxxxx0.000003,0.000000,0.000000,0.000437,0.000444
C,ka100_req57,17,xxxxxxxxxxxxxxxx0.000003,0.000000,0.000000,0.000408,0.000422
C,ka100_req58,17,xxxxxxxxxxxxxxxx0.000003,0.000000,0.000000,0.000411,0.000454
C,ka100_req59,17,xxxxxxxxxxxxxxxx0.000002,0.000000,0.000000,0.000405,0.000419
C,ka100_req60,17,xxxxxxxxxxxxxxxx0.000003,0.000000,0.000000,0.000420,0.000426
C,ka100_req61,17,xxxxxxxxxxxxxxxx0.000003,0.000000,0.000000,0.000425,0.000432
C,ka100_req62,17,xxxxxxxxxxxxxxxx0.000004,0.000000,0.000000,0.000405,0.000412
C,ka100_req63,17,xxxxxxxxxxxxxxxx0.000003,0.000000,0.000000,0.000436,0.000449
C,ka100_req64,17,xxxxxxxxxxxxxxxx0.000003,0.000000,0.000000,0.000416,0.000455
C,ka100_req65,17,xxxxxxxxxxxxxxxx0.000003,0.000000,0.000000,0.000448,0.000455
C,ka100_req66,17,xxxxxxxxxxxxxxxx0.000004,0.000000,0.000000,0.000427,0.000433
C,ka100_req67,17,xxxxxxxxxxxxxxxx0.000004,0.000000,0.000000,0.000404,0.000442
C,ka100_req68,17,xxxxxxxxxxxxxxxx0.000003,0.000000,0.000000,0.000417,0.000434
C,ka100_req69,17,xxxxxxxxxxxxxxxx0.000003,0.000000,0.000000,0.000412,0.000458
C,ka100_req70,17,xxxxxxxxxxxxxxxx0.000004,0.000000,0.000000,0.000414,0.000421
C,ka100_req71,17,xxxxxxxxxxxxxxxx0.000003,0.000000,0.000000,0.000437,0.000443
C,ka100_req72,17,xxxxxxxxxxxxxxxx0.000003,0.000000,0.000000,0.000427,0.000433
C,ka100_req73,17,xxxxxxxxxxxxxxxx0.000003,0.000000,0.000000,0.000489,0.000496
C,ka100_req74,17,xxxxxxxxxxxxxxxx0.000003,0.000000,0.000000,0.000407,0.000448
C,ka100_req75,17,xxxxxxxxxxxxxxxx0.000003,0.000000,0.000000,0.000436,0.000475
C,ka100_req76,17,xxxxxxxxxxxxxxxx0.000003,0.000000,0.000000,0.000410,0.000416
C,ka100_req77,17,xxxxxxxxxxxxxxxx0.000003,0.000000,0.000000,0.000445,0.000453
C,ka100_req78,17,xxxxxxxxxxxxxxxx0.000003,0.000000,0.000000,0.000418,0.000425
C,ka100_req79,17,xxxxxxxxxxxxxxxx0.000003,0.000000,0.000000,0.000422,0.000428
C,ka100_req80,17,xxxxxxxxxxxxxxxx0.000003,0.000000,0.000000,0.000404,0.000409
C,ka100_req81,17,xxxxxxxxxxxxxxxx0.000002,0.000000,0.000000,0.000455,0.000495
C,ka100_req82,17,xxxxxxxxxxxxxxxx0.000003,0.000000,0.000000,0.000428,0.000469
C,ka100_req83,17,xxxxxxxxxxxxxxxx0.000003,0.000000,0.000000,0.000420,0.000469
C,ka100_req84,17,xxxxxxxxxxxxxxxx0.000004,0.000000,0.000000,0.000416,0.000460
C,ka100_req85,17,xxxxxxxxxxxxxxxx0.000003,0.000000,0.000000,0.000402,0.000446
C,ka100_req86,17,xxxxxxxxxxxxxxxx0.000003,0.000000,0.000000,0.000423,0.000439
C,ka100_req87,17,xxxxxxxxxxxxxxxx0.000004,0.000000,0.000000,0.000423,0.000456
C,ka100_req88,17,xxxxxxxxxxxxxxxx0.000004,0.000000,0.000000,0.000403,0.000408
C,ka100_req89,17,xxxxxxxxxxxxxxxx0.000002,0.000000,0.000000,0.000433,0.000440
C,ka100_req90,17,xxxxxxxxxxxxxxxx0.000004,0.000000,0.000000,0.000427,0.000465
C,ka100_req91,17,xxxxxxxxxxxxxxxx0.000003,0.000000,0.000000,0.000407,0.000445
C,ka100_req92,17,xxxxxxxxxxxxxxxx0.000003,0.000000,0.000000,0.000409,0.000423
C,ka100_req93,17,xxxxxxxxxxxxxxxx0.000003,0.000000,0.000000,0.000407,0.000446
C,ka100_req94,17,xxxxxxxxxxxxxxxx0.000003,0.000000,0.000000,0.000389,0.000396
C,ka100_req95,17,xxxxxxxxxxxxxxxx0.000004,0.000000,0.000000,0.000423,0.000429
C,ka100_req96,17,xxxxxxxxxxxxxxxx0.000003,0.000000,0.000000,0.000407,0.000412
C,ka100_req97,17,xxxxxxxxxxxxxxxx0.000004,0.000000,0.000000,0.000431,0.000465
C,ka100_req98,17,xxxxxxxxxxxxxxxx0.000003,0.000000,0.000000,0.000418,0.000425
C,ka100_req99,17,xxxxxxxxxxxxxxxx0.000003,0.000000,0.000000,0.000448,0.000480
C,ka100_req100,17,xxxxxxxxxxxxxxxx0.000002,0.000000,0.000000,0.000423,0.000430
C,ka100_req1,18,0.000007,0.000038,0.013584,0.014806,0.014821
C,ka100_req2,18,xxxxxxxxxxxxxxxx0.000005,0.000000,0.000000,0.000422,0.000429
C,ka100_req3,18,xxxxxxxxxxxxxxxx0.000004,0.000000,0.000000,0.000501,0.000509
C,ka100_req4,18,xxxxxxxxxxxxxxxx0.000003,0.000000,0.000000,0.000454,0.000461
C,ka100_req5,18,xxxxxxxxxxxxxxxx0.000002,0.000000,0.000000,0.000449,0.000455
C,ka100_req6,18,xxxxxxxxxxxxxxxx0.000002,0.000000,0.000000,0.000428,0.000434
C,ka100_req7,18,xxxxxxxxxxxxxxxx0.000003,0.000000,0.000000,0.000448,0.000456
C,ka100_req8,18,xxxxxxxxxxxxxxxx0.000006,0.000000,0.000000,0.000437,0.000445
C,ka100_req9,18,xxxxxxxxxxxxxxxx0.000003,0.000000,0.000000,0.000448,0.000460
C,ka100_req10,18,xxxxxxxxxxxxxxxx0.000006,0.000000,0.000000,0.000423,0.000432
C,ka100_req11,18,xxxxxxxxxxxxxxxx0.000005,0.000000,0.000000,0.000426,0.000434
C,ka100_req12,18,xxxxxxxxxxxxxxxx0.000003,0.000000,0.000000,0.000483,0.000490
C,ka100_req13,18,xxxxxxxxxxxxxxxx0.000005,0.000000,0.000000,0.000415,0.000450
C,ka100_req14,18,xxxxxxxxxxxxxxxx0.000004,0.000000,0.000000,0.000416,0.000423
C,ka100_req15,18,xxxxxxxxxxxxxxxx0.000003,0.000000,0.000000,0.000447,0.000457
C,ka100_req16,18,xxxxxxxxxxxxxxxx0.000007,0.000000,0.000000,0.000419,0.000428
C,ka100_req17,18,xxxxxxxxxxxxxxxx0.000004,0.000000,0.000000,0.000438,0.000467
C,ka100_req18,18,xxxxxxxxxxxxxxxx0.000003,0.000000,0.000000,0.000428,0.000435
C,ka100_req19,18,xxxxxxxxxxxxxxxx0.000003,0.000000,0.000000,0.000421,0.000429
C,ka100_req20,18,xxxxxxxxxxxxxxxx0.000003,0.000000,0.000000,0.000428,0.000435
C,ka100_req21,18,xxxxxxxxxxxxxxxx0.000003,0.000000,0.000000,0.000389,0.000396
C,ka100_req22,18,xxxxxxxxxxxxxxxx0.000003,0.000000,0.000000,0.000437,0.000444
C,ka100_req23,18,xxxxxxxxxxxxxxxx0.000003,0.000000,0.000000,0.000400,0.000422
C,ka100_req24,18,xxxxxxxxxxxxxxxx0.000003,0.000000,0.000000,0.000444,0.000452
C,ka100_req25,18,xxxxxxxxxxxxxxxx0.000004,0.000000,0.000000,0.000427,0.000434
C,ka100_req26,18,xxxxxxxxxxxxxxxx0.000004,0.000000,0.000000,0.000421,0.000428
C,ka100_req27,18,xxxxxxxxxxxxxxxx0.000003,0.000000,0.000000,0.000412,0.000426
C,ka100_req28,18,xxxxxxxxxxxxxxxx0.000003,0.000000,0.000000,0.000417,0.000422
C,ka100_req29,18,xxxxxxxxxxxxxxxx0.000012,0.000000,0.000000,0.000430,0.000435
C,ka100_req30,18,xxxxxxxxxxxxxxxx0.000003,0.000000,0.000000,0.000427,0.000434
C,ka100_req31,18,xxxxxxxxxxxxxxxx0.000003,0.000000,0.000000,0.000396,0.000403
C,ka100_req32,18,xxxxxxxxxxxxxxxx0.000004,0.000000,0.000000,0.000405,0.000412
C,ka100_req33,18,xxxxxxxxxxxxxxxx0.000002,0.000000,0.000000,0.000420,0.000426
C,ka100_req34,18,xxxxxxxxxxxxxxxx0.000003,0.000000,0.000000,0.000466,0.000473
C,ka100_req35,18,xxxxxxxxxxxxxxxx0.000004,0.000000,0.000000,0.000428,0.000433
C,ka100_req36,18,xxxxxxxxxxxxxxxx0.000004,0.000000,0.000000,0.000399,0.000406
C,ka100_req37,18,xxxxxxxxxxxxxxxx0.000004,0.000000,0.000000,0.000419,0.000425
C,ka100_req38,18,xxxxxxxxxxxxxxxx0.000003,0.000000,0.000000,0.000418,0.000425
C,ka100_req39,18,xxxxxxxxxxxxxxxx0.000004,0.000000,0.000000,0.000446,0.000453
C,ka100_req40,18,xxxxxxxxxxxxxxxx0.000003,0.000000,0.000000,0.000411,0.000418
C,ka100_req41,18,xxxxxxxxxxxxxxxx0.000004,0.000000,0.000000,0.000459,0.000467
C,ka100_req42,18,xxxxxxxxxxxxxxxx0.000003,0.000000,0.000000,0.000440,0.000447
C,ka100_req43,18,xxxxxxxxxxxxxxxx0.000003,0.000000,0.000000,0.000410,0.000417
C,ka100_req44,18,xxxxxxxxxxxxxxxx0.000004,0.000000,0.000000,0.000479,0.000485
C,ka100_req45,18,xxxxxxxxxxxxxxxx0.000003,0.000000,0.000000,0.000390,0.000396
C,ka100_req46,18,xxxxxxxxxxxxxxxx0.000003,0.000000,0.000000,0.000450,0.000457
C,ka100_req47,18,xxxxxxxxxxxxxxxx0.000003,0.000000,0.000000,0.000413,0.000419
C,ka100_req48,18,xxxxxxxxxxxxxxxx0.000003,0.000000,0.000000,0.000416,0.000423
C,ka100_req49,18,xxxxxxxxxxxxxxxx0.000003,0.000000,0.000000,0.000376,0.000382
C,ka100_req50,18,xxxxxxxxxxxxxxxx0.000004,0.000000,0.000000,0.000391,0.000397
C,ka100_req51,18,xxxxxxxxxxxxxxxx0.000002,0.000000,0.000000,0.000388,0.000421
C,ka100_req52,18,xxxxxxxxxxxxxxxx0.000003,0.000000,0.000000,0.000393,0.000400
C,ka100_req53,18,xxxxxxxxxxxxxxxx0.000003,0.000000,0.000000,0.000427,0.000435
C,ka100_req54,18,xxxxxxxxxxxxxxxx0.000004,0.000000,0.000000,0.000428,0.000435
C,ka100_req55,18,xxxxxxxxxxxxxxxx0.000003,0.000000,0.000000,0.000433,0.000440
C,ka100_req56,18,xxxxxxxxxxxxxxxx0.000003,0.000000,0.000000,0.000393,0.000400
C,ka100_req57,18,xxxxxxxxxxxxxxxx0.000004,0.000000,0.000000,0.000414,0.000421
C,ka100_req58,18,xxxxxxxxxxxxxxxx0.000003,0.000000,0.000000,0.000406,0.000413
C,ka100_req59,18,xxxxxxxxxxxxxxxx0.000004,0.000000,0.000000,0.000409,0.000415
C,ka100_req60,18,xxxxxxxxxxxxxxxx0.000003,0.000000,0.000000,0.000383,0.000390
C,ka100_req61,18,xxxxxxxxxxxxxxxx0.000004,0.000000,0.000000,0.000398,0.000404
C,ka100_req62,18,xxxxxxxxxxxxxxxx0.000004,0.000000,0.000000,0.000392,0.000418
C,ka100_req63,18,xxxxxxxxxxxxxxxx0.000003,0.000000,0.000000,0.000410,0.000416
C,ka100_req64,18,xxxxxxxxxxxxxxxx0.000003,0.000000,0.000000,0.000423,0.000427
C,ka100_req65,18,xxxxxxxxxxxxxxxx0.000003,0.000000,0.000000,0.000512,0.000518
C,ka100_req66,18,xxxxxxxxxxxxxxxx0.000003,0.000000,0.000000,0.000461,0.000469
C,ka100_req67,18,xxxxxxxxxxxxxxxx0.000003,0.000000,0.000000,0.000495,0.000502
C,ka100_req68,18,xxxxxxxxxxxxxxxx0.000003,0.000000,0.000000,0.000449,0.000456
C,ka100_req69,18,xxxxxxxxxxxxxxxx0.000003,0.000000,0.000000,0.000460,0.000468
C,ka100_req70,18,xxxxxxxxxxxxxxxx0.000004,0.000000,0.000000,0.000455,0.000462
C,ka100_req71,18,xxxxxxxxxxxxxxxx0.000003,0.000000,0.000000,0.000435,0.000440
C,ka100_req72,18,xxxxxxxxxxxxxxxx0.000002,0.000000,0.000000,0.000426,0.000434
C,ka100_req73,18,xxxxxxxxxxxxxxxx0.000004,0.000000,0.000000,0.000427,0.000433
C,ka100_req74,18,xxxxxxxxxxxxxxxx0.000003,0.000000,0.000000,0.000412,0.000418
C,ka100_req75,18,xxxxxxxxxxxxxxxx0.000003,0.000000,0.000000,0.000450,0.000456
C,ka100_req76,18,xxxxxxxxxxxxxxxx0.000003,0.000000,0.000000,0.000426,0.000433
C,ka100_req77,18,xxxxxxxxxxxxxxxx0.000004,0.000000,0.000000,0.000430,0.000436
C,ka100_req78,18,xxxxxxxxxxxxxxxx0.000003,0.000000,0.000000,0.000473,0.000479
C,ka100_req79,18,xxxxxxxxxxxxxxxx0.000004,0.000000,0.000000,0.000448,0.000485
C,ka100_req80,18,xxxxxxxxxxxxxxxx0.000003,0.000000,0.000000,0.000439,0.000447
C,ka100_req81,18,xxxxxxxxxxxxxxxx0.000003,0.000000,0.000000,0.000386,0.000393
C,ka100_req82,18,xxxxxxxxxxxxxxxx0.000004,0.000000,0.000000,0.000462,0.000468
C,ka100_req83,18,xxxxxxxxxxxxxxxx0.000003,0.000000,0.000000,0.000468,0.000474
C,ka100_req84,18,xxxxxxxxxxxxxxxx0.000003,0.000000,0.000000,0.000441,0.000447
C,ka100_req85,18,xxxxxxxxxxxxxxxx0.000003,0.000000,0.000000,0.000416,0.000423
C,ka100_req86,18,xxxxxxxxxxxxxxxx0.000004,0.000000,0.000000,0.000410,0.000417
C,ka100_req87,18,xxxxxxxxxxxxxxxx0.000004,0.000000,0.000000,0.000397,0.000402
C,ka100_req88,18,xxxxxxxxxxxxxxxx0.000003,0.000000,0.000000,0.000423,0.000429
C,ka100_req89,18,xxxxxxxxxxxxxxxx0.000003,0.000000,0.000000,0.000405,0.000413
C,ka100_req90,18,xxxxxxxxxxxxxxxx0.000003,0.000000,0.000000,0.000445,0.000452
C,ka100_req91,18,xxxxxxxxxxxxxxxx0.000003,0.000000,0.000000,0.000435,0.000441
C,ka100_req92,18,xxxxxxxxxxxxxxxx0.000003,0.000000,0.000000,0.000474,0.000500
C,ka100_req93,18,xxxxxxxxxxxxxxxx0.000003,0.000000,0.000000,0.000475,0.000482
C,ka100_req94,18,xxxxxxxxxxxxxxxx0.000003,0.000000,0.000000,0.000460,0.000468
C,ka100_req95,18,xxxxxxxxxxxxxxxx0.000003,0.000000,0.000000,0.000464,0.000471
C,ka100_req96,18,xxxxxxxxxxxxxxxx0.000004,0.000000,0.000000,0.000422,0.000427
C,ka100_req97,18,xxxxxxxxxxxxxxxx0.000003,0.000000,0.000000,0.000422,0.000429
C,ka100_req98,18,xxxxxxxxxxxxxxxx0.000004,0.000000,0.000000,0.000456,0.000463
C,ka100_req99,18,xxxxxxxxxxxxxxxx0.000004,0.000000,0.000000,0.000461,0.000467
C,ka100_req100,18,xxxxxxxxxxxxxxxx0.000004,0.000000,0.000000,0.000444,0.000449
C,ka100_req1,19,0.000007,0.000030,0.013344,0.014524,0.014543
C,ka100_req2,19,xxxxxxxxxxxxxxxx0.000006,0.000000,0.000000,0.000440,0.000448
C,ka100_req3,19,xxxxxxxxxxxxxxxx0.000004,0.000000,0.000000,0.000460,0.000468
C,ka100_req4,19,xxxxxxxxxxxxxxxx0.000005,0.000000,0.000000,0.000500,0.000508
C,ka100_req5,19,xxxxxxxxxxxxxxxx0.000004,0.000000,0.000000,0.000439,0.000447
C,ka100_req6,19,xxxxxxxxxxxxxxxx0.000005,0.000000,0.000000,0.000407,0.000414
C,ka100_req7,19,xxxxxxxxxxxxxxxx0.000003,0.000000,0.000000,0.000480,0.000493
C,ka100_req8,19,xxxxxxxxxxxxxxxx0.000006,0.000000,0.000000,0.000463,0.000471
C,ka100_req9,19,xxxxxxxxxxxxxxxx0.000004,0.000000,0.000000,0.000444,0.000484
C,ka100_req10,19,xxxxxxxxxxxxxxxx0.000007,0.000000,0.000000,0.000446,0.000454
C,ka100_req11,19,xxxxxxxxxxxxxxxx0.000003,0.000000,0.000000,0.000470,0.000476
C,ka100_req12,19,xxxxxxxxxxxxxxxx0.000004,0.000000,0.000000,0.000438,0.000446
C,ka100_req13,19,xxxxxxxxxxxxxxxx0.000004,0.000000,0.000000,0.000481,0.000491
C,ka100_req14,19,xxxxxxxxxxxxxxxx0.000004,0.000000,0.000000,0.000453,0.000461
C,ka100_req15,19,xxxxxxxxxxxxxxxx0.000003,0.000000,0.000000,0.000455,0.000473
C,ka100_req16,19,xxxxxxxxxxxxxxxx0.000003,0.000000,0.000000,0.000427,0.000433
C,ka100_req17,19,xxxxxxxxxxxxxxxx0.000003,0.000000,0.000000,0.000436,0.000444
C,ka100_req18,19,xxxxxxxxxxxxxxxx0.000006,0.000000,0.000000,0.000437,0.000444
C,ka100_req19,19,xxxxxxxxxxxxxxxx0.000003,0.000000,0.000000,0.000419,0.000426
C,ka100_req20,19,xxxxxxxxxxxxxxxx0.000003,0.000000,0.000000,0.000428,0.000436
C,ka100_req21,19,xxxxxxxxxxxxxxxx0.000005,0.000000,0.000000,0.000396,0.000403
C,ka100_req22,19,xxxxxxxxxxxxxxxx0.000004,0.000000,0.000000,0.000387,0.000395
C,ka100_req23,19,xxxxxxxxxxxxxxxx0.000003,0.000000,0.000000,0.000419,0.000426
C,ka100_req24,19,xxxxxxxxxxxxxxxx0.000004,0.000000,0.000000,0.000444,0.000451
C,ka100_req25,19,xxxxxxxxxxxxxxxx0.000004,0.000000,0.000000,0.000393,0.000399
C,ka100_req26,19,xxxxxxxxxxxxxxxx0.000004,0.000000,0.000000,0.000408,0.000414
C,ka100_req27,19,xxxxxxxxxxxxxxxx0.000004,0.000000,0.000000,0.000461,0.000468
C,ka100_req28,19,xxxxxxxxxxxxxxxx0.000004,0.000000,0.000000,0.000434,0.000441
C,ka100_req29,19,xxxxxxxxxxxxxxxx0.000004,0.000000,0.000000,0.000442,0.000449
C,ka100_req30,19,xxxxxxxxxxxxxxxx0.000004,0.000000,0.000000,0.000424,0.000456
C,ka100_req31,19,xxxxxxxxxxxxxxxx0.000004,0.000000,0.000000,0.000408,0.000417
C,ka100_req32,19,xxxxxxxxxxxxxxxx0.000004,0.000000,0.000000,0.000429,0.000436
C,ka100_req33,19,xxxxxxxxxxxxxxxx0.000003,0.000000,0.000000,0.000468,0.000519
C,ka100_req34,19,xxxxxxxxxxxxxxxx0.000003,0.000000,0.000000,0.000405,0.000413
C,ka100_req35,19,xxxxxxxxxxxxxxxx0.000003,0.000000,0.000000,0.000406,0.000413
C,ka100_req36,19,xxxxxxxxxxxxxxxx0.000003,0.000000,0.000000,0.000416,0.000423
C,ka100_req37,19,xxxxxxxxxxxxxxxx0.000003,0.000000,0.000000,0.000448,0.000456
C,ka100_req38,19,xxxxxxxxxxxxxxxx0.000003,0.000000,0.000000,0.000387,0.000395
C,ka100_req39,19,xxxxxxxxxxxxxxxx0.000004,0.000000,0.000000,0.000433,0.000441
C,ka100_req40,19,xxxxxxxxxxxxxxxx0.000003,0.000000,0.000000,0.000461,0.000468
C,ka100_req41,19,xxxxxxxxxxxxxxxx0.000004,0.000000,0.000000,0.000457,0.000464
C,ka100_req42,19,xxxxxxxxxxxxxxxx0.000003,0.000000,0.000000,0.000389,0.000396
C,ka100_req43,19,xxxxxxxxxxxxxxxx0.000003,0.000000,0.000000,0.000418,0.000423
C,ka100_req44,19,xxxxxxxxxxxxxxxx0.000003,0.000000,0.000000,0.000403,0.000409
C,ka100_req45,19,xxxxxxxxxxxxxxxx0.000003,0.000000,0.000000,0.000424,0.000431
C,ka100_req46,19,xxxxxxxxxxxxxxxx0.000003,0.000000,0.000000,0.000372,0.000396
C,ka100_req47,19,xxxxxxxxxxxxxxxx0.000005,0.000000,0.000000,0.000423,0.000429
C,ka100_req48,19,xxxxxxxxxxxxxxxx0.000003,0.000000,0.000000,0.000403,0.000410
C,ka100_req49,19,xxxxxxxxxxxxxxxx0.000003,0.000000,0.000000,0.000407,0.000413
C,ka100_req50,19,xxxxxxxxxxxxxxxx0.000003,0.000000,0.000000,0.000425,0.000434
C,ka100_req51,19,xxxxxxxxxxxxxxxx0.000004,0.000000,0.000000,0.000433,0.000440
C,ka100_req52,19,xxxxxxxxxxxxxxxx0.000004,0.000000,0.000000,0.000398,0.000404
C,ka100_req53,19,xxxxxxxxxxxxxxxx0.000003,0.000000,0.000000,0.000449,0.000455
C,ka100_req54,19,xxxxxxxxxxxxxxxx0.000004,0.000000,0.000000,0.000414,0.000422
C,ka100_req55,19,xxxxxxxxxxxxxxxx0.000004,0.000000,0.000000,0.000403,0.000446
C,ka100_req56,19,xxxxxxxxxxxxxxxx0.000003,0.000000,0.000000,0.000417,0.000423
C,ka100_req57,19,xxxxxxxxxxxxxxxx0.000003,0.000000,0.000000,0.000402,0.000409
C,ka100_req58,19,xxxxxxxxxxxxxxxx0.000003,0.000000,0.000000,0.000415,0.000421
C,ka100_req59,19,xxxxxxxxxxxxxxxx0.000004,0.000000,0.000000,0.000435,0.000482
C,ka100_req60,19,xxxxxxxxxxxxxxxx0.000003,0.000000,0.000000,0.000431,0.000442
C,ka100_req61,19,xxxxxxxxxxxxxxxx0.000004,0.000000,0.000000,0.000480,0.000488
C,ka100_req62,19,xxxxxxxxxxxxxxxx0.000003,0.000000,0.000000,0.000471,0.000476
C,ka100_req63,19,xxxxxxxxxxxxxxxx0.000003,0.000000,0.000000,0.000501,0.000510
C,ka100_req64,19,xxxxxxxxxxxxxxxx0.000003,0.000000,0.000000,0.000418,0.000426
C,ka100_req65,19,xxxxxxxxxxxxxxxx0.000004,0.000000,0.000000,0.000409,0.000415
C,ka100_req66,19,xxxxxxxxxxxxxxxx0.000003,0.000000,0.000000,0.000404,0.000412
C,ka100_req67,19,xxxxxxxxxxxxxxxx0.000003,0.000000,0.000000,0.000469,0.000475
C,ka100_req68,19,xxxxxxxxxxxxxxxx0.000003,0.000000,0.000000,0.000447,0.000455
C,ka100_req69,19,xxxxxxxxxxxxxxxx0.000003,0.000000,0.000000,0.000452,0.000459
C,ka100_req70,19,xxxxxxxxxxxxxxxx0.000004,0.000000,0.000000,0.000438,0.000446
C,ka100_req71,19,xxxxxxxxxxxxxxxx0.000005,0.000000,0.000000,0.000445,0.000451
C,ka100_req72,19,xxxxxxxxxxxxxxxx0.000004,0.000000,0.000000,0.000442,0.000450
C,ka100_req73,19,xxxxxxxxxxxxxxxx0.000003,0.000000,0.000000,0.000405,0.000413
C,ka100_req74,19,xxxxxxxxxxxxxxxx0.000003,0.000000,0.000000,0.000439,0.000445
C,ka100_req75,19,xxxxxxxxxxxxxxxx0.000003,0.000000,0.000000,0.000404,0.000411
C,ka100_req76,19,xxxxxxxxxxxxxxxx0.000003,0.000000,0.000000,0.000422,0.000465
C,ka100_req77,19,xxxxxxxxxxxxxxxx0.000003,0.000000,0.000000,0.000414,0.000455
C,ka100_req78,19,xxxxxxxxxxxxxxxx0.000004,0.000000,0.000000,0.000450,0.000457
C,ka100_req79,19,xxxxxxxxxxxxxxxx0.000004,0.000000,0.000000,0.000407,0.000413
C,ka100_req80,19,xxxxxxxxxxxxxxxx0.000002,0.000000,0.000000,0.000401,0.000409
C,ka100_req81,19,xxxxxxxxxxxxxxxx0.000004,0.000000,0.000000,0.000407,0.000414
C,ka100_req82,19,xxxxxxxxxxxxxxxx0.000004,0.000000,0.000000,0.000424,0.000433
C,ka100_req83,19,xxxxxxxxxxxxxxxx0.000006,0.000000,0.000000,0.000439,0.000448
C,ka100_req84,19,xxxxxxxxxxxxxxxx0.000004,0.000000,0.000000,0.000446,0.000453
C,ka100_req85,19,xxxxxxxxxxxxxxxx0.000004,0.000000,0.000000,0.000437,0.000444
C,ka100_req86,19,xxxxxxxxxxxxxxxx0.000004,0.000000,0.000000,0.000394,0.000399
C,ka100_req87,19,xxxxxxxxxxxxxxxx0.000003,0.000000,0.000000,0.000446,0.000452
C,ka100_req88,19,xxxxxxxxxxxxxxxx0.000004,0.000000,0.000000,0.000410,0.000426
C,ka100_req89,19,xxxxxxxxxxxxxxxx0.000004,0.000000,0.000000,0.000431,0.000438
C,ka100_req90,19,xxxxxxxxxxxxxxxx0.000004,0.000000,0.000000,0.000445,0.000451
C,ka100_req91,19,xxxxxxxxxxxxxxxx0.000003,0.000000,0.000000,0.000416,0.000423
C,ka100_req92,19,xxxxxxxxxxxxxxxx0.000003,0.000000,0.000000,0.000565,0.000572
C,ka100_req93,19,xxxxxxxxxxxxxxxx0.000004,0.000000,0.000000,0.000403,0.000465
C,ka100_req94,19,xxxxxxxxxxxxxxxx0.000004,0.000000,0.000000,0.000477,0.000483
C,ka100_req95,19,xxxxxxxxxxxxxxxx0.000003,0.000000,0.000000,0.000392,0.000400
C,ka100_req96,19,xxxxxxxxxxxxxxxx0.000003,0.000000,0.000000,0.000403,0.000411
C,ka100_req97,19,xxxxxxxxxxxxxxxx0.000003,0.000000,0.000000,0.000419,0.000424
C,ka100_req98,19,xxxxxxxxxxxxxxxx0.000003,0.000000,0.000000,0.000419,0.000427
C,ka100_req99,19,xxxxxxxxxxxxxxxx0.000004,0.000000,0.000000,0.000405,0.000413
C,ka100_req100,19,xxxxxxxxxxxxxxxx0.000004,0.000000,0.000000,0.000422,0.000459
C,ka100_req1,20,0.000009,0.000054,0.014353,0.015435,0.015460
C,ka100_req2,20,xxxxxxxxxxxxxxxx0.000006,0.000000,0.000000,0.000446,0.000453
C,ka100_req3,20,xxxxxxxxxxxxxxxx0.000004,0.000000,0.000000,0.000436,0.000447
C,ka100_req4,20,xxxxxxxxxxxxxxxx0.000007,0.000000,0.000000,0.000514,0.000522
C,ka100_req5,20,xxxxxxxxxxxxxxxx0.000005,0.000000,0.000000,0.000451,0.000460
C,ka100_req6,20,xxxxxxxxxxxxxxxx0.000005,0.000000,0.000000,0.000446,0.000456
C,ka100_req7,20,xxxxxxxxxxxxxxxx0.000005,0.000000,0.000000,0.000482,0.000488
C,ka100_req8,20,xxxxxxxxxxxxxxxx0.000003,0.000000,0.000000,0.000424,0.000433
C,ka100_req9,20,xxxxxxxxxxxxxxxx0.000005,0.000000,0.000000,0.000444,0.000487
C,ka100_req10,20,xxxxxxxxxxxxxxxx0.000005,0.000000,0.000000,0.000433,0.000440
C,ka100_req11,20,xxxxxxxxxxxxxxxx0.000004,0.000000,0.000000,0.000507,0.000516
C,ka100_req12,20,xxxxxxxxxxxxxxxx0.000004,0.000000,0.000000,0.000415,0.000423
C,ka100_req13,20,xxxxxxxxxxxxxxxx0.000004,0.000000,0.000000,0.000425,0.000433
C,ka100_req14,20,xxxxxxxxxxxxxxxx0.000004,0.000000,0.000000,0.000424,0.000479
C,ka100_req15,20,xxxxxxxxxxxxxxxx0.000003,0.000000,0.000000,0.000440,0.000447
C,ka100_req16,20,xxxxxxxxxxxxxxxx0.000004,0.000000,0.000000,0.000425,0.000433
C,ka100_req17,20,xxxxxxxxxxxxxxxx0.000004,0.000000,0.000000,0.000470,0.000477
C,ka100_req18,20,xxxxxxxxxxxxxxxx0.000003,0.000000,0.000000,0.000406,0.000413
C,ka100_req19,20,xxxxxxxxxxxxxxxx0.000004,0.000000,0.000000,0.000408,0.000418
C,ka100_req20,20,xxxxxxxxxxxxxxxx0.000004,0.000000,0.000000,0.000394,0.000402
C,ka100_req21,20,xxxxxxxxxxxxxxxx0.000004,0.000000,0.000000,0.000462,0.000470
C,ka100_req22,20,xxxxxxxxxxxxxxxx0.000003,0.000000,0.000000,0.000402,0.000411
C,ka100_req23,20,xxxxxxxxxxxxxxxx0.000003,0.000000,0.000000,0.000426,0.000459
C,ka100_req24,20,xxxxxxxxxxxxxxxx0.000004,0.000000,0.000000,0.000427,0.000434
C,ka100_req25,20,xxxxxxxxxxxxxxxx0.000004,0.000000,0.000000,0.000419,0.000428
C,ka100_req26,20,xxxxxxxxxxxxxxxx0.000005,0.000000,0.000000,0.000416,0.000424
C,ka100_req27,20,xxxxxxxxxxxxxxxx0.000003,0.000000,0.000000,0.000430,0.000436
C,ka100_req28,20,xxxxxxxxxxxxxxxx0.000003,0.000000,0.000000,0.000421,0.000429
C,ka100_req29,20,xxxxxxxxxxxxxxxx0.000004,0.000000,0.000000,0.000414,0.000420
C,ka100_req30,20,xxxxxxxxxxxxxxxx0.000003,0.000000,0.000000,0.000409,0.000448
C,ka100_req31,20,xxxxxxxxxxxxxxxx0.000004,0.000000,0.000000,0.000424,0.000433
C,ka100_req32,20,xxxxxxxxxxxxxxxx0.000003,0.000000,0.000000,0.000409,0.000415
C,ka100_req33,20,xxxxxxxxxxxxxxxx0.000003,0.000000,0.000000,0.000424,0.000531
C,ka100_req34,20,xxxxxxxxxxxxxxxx0.000003,0.000000,0.000000,0.000400,0.000407
C,ka100_req35,20,xxxxxxxxxxxxxxxx0.000004,0.000000,0.000000,0.000491,0.000573
C,ka100_req36,20,xxxxxxxxxxxxxxxx0.000004,0.000000,0.000000,0.000416,0.000425
C,ka100_req37,20,xxxxxxxxxxxxxxxx0.000003,0.000000,0.000000,0.000417,0.000424
C,ka100_req38,20,xxxxxxxxxxxxxxxx0.000004,0.000000,0.000000,0.000438,0.000445
C,ka100_req39,20,xxxxxxxxxxxxxxxx0.000004,0.000000,0.000000,0.000429,0.000436
C,ka100_req40,20,xxxxxxxxxxxxxxxx0.000004,0.000000,0.000000,0.000404,0.000412
C,ka100_req41,20,xxxxxxxxxxxxxxxx0.000003,0.000000,0.000000,0.000426,0.000434
C,ka100_req42,20,xxxxxxxxxxxxxxxx0.000003,0.000000,0.000000,0.000418,0.000425
C,ka100_req43,20,xxxxxxxxxxxxxxxx0.000003,0.000000,0.000000,0.000417,0.000424
C,ka100_req44,20,xxxxxxxxxxxxxxxx0.000004,0.000000,0.000000,0.000422,0.000428
C,ka100_req45,20,xxxxxxxxxxxxxxxx0.000003,0.000000,0.000000,0.000420,0.000426
C,ka100_req46,20,xxxxxxxxxxxxxxxx0.000003,0.000000,0.000000,0.000421,0.000428
C,ka100_req47,20,xxxxxxxxxxxxxxxx0.000004,0.000000,0.000000,0.000411,0.000418
C,ka100_req48,20,xxxxxxxxxxxxxxxx0.000004,0.000000,0.000000,0.000401,0.000409
C,ka100_req49,20,xxxxxxxxxxxxxxxx0.000004,0.000000,0.000000,0.000414,0.000421
C,ka100_req50,20,xxxxxxxxxxxxxxxx0.000004,0.000000,0.000000,0.000406,0.000415
C,ka100_req51,20,xxxxxxxxxxxxxxxx0.000004,0.000000,0.000000,0.000434,0.000440
C,ka100_req52,20,xxxxxxxxxxxxxxxx0.000003,0.000000,0.000000,0.000461,0.000479
C,ka100_req53,20,xxxxxxxxxxxxxxxx0.000004,0.000000,0.000000,0.000435,0.000442
C,ka100_req54,20,xxxxxxxxxxxxxxxx0.000003,0.000000,0.000000,0.000395,0.000402
C,ka100_req55,20,xxxxxxxxxxxxxxxx0.000003,0.000000,0.000000,0.000448,0.000455
C,ka100_req56,20,xxxxxxxxxxxxxxxx0.000003,0.000000,0.000000,0.000385,0.000395
C,ka100_req57,20,xxxxxxxxxxxxxxxx0.000004,0.000000,0.000000,0.000416,0.000453
C,ka100_req58,20,xxxxxxxxxxxxxxxx0.000004,0.000000,0.000000,0.000379,0.000386
C,ka100_req59,20,xxxxxxxxxxxxxxxx0.000004,0.000000,0.000000,0.000400,0.000405
C,ka100_req60,20,xxxxxxxxxxxxxxxx0.000003,0.000000,0.000000,0.000377,0.000385
C,ka100_req61,20,xxxxxxxxxxxxxxxx0.000003,0.000000,0.000000,0.000413,0.000421
C,ka100_req62,20,xxxxxxxxxxxxxxxx0.000003,0.000000,0.000000,0.000424,0.000432
C,ka100_req63,20,xxxxxxxxxxxxxxxx0.000004,0.000000,0.000000,0.000387,0.000393
C,ka100_req64,20,xxxxxxxxxxxxxxxx0.000004,0.000000,0.000000,0.000396,0.000404
C,ka100_req65,20,xxxxxxxxxxxxxxxx0.000004,0.000000,0.000000,0.000417,0.000454
C,ka100_req66,20,xxxxxxxxxxxxxxxx0.000004,0.000000,0.000000,0.000415,0.000422
C,ka100_req67,20,xxxxxxxxxxxxxxxx0.000003,0.000000,0.000000,0.000345,0.000404
C,ka100_req68,20,xxxxxxxxxxxxxxxx0.000003,0.000000,0.000000,0.000400,0.000407
C,ka100_req69,20,xxxxxxxxxxxxxxxx0.000004,0.000000,0.000000,0.000389,0.000396
C,ka100_req70,20,xxxxxxxxxxxxxxxx0.000003,0.000000,0.000000,0.000396,0.000403
C,ka100_req71,20,xxxxxxxxxxxxxxxx0.000004,0.000000,0.000000,0.000376,0.000384
C,ka100_req72,20,xxxxxxxxxxxxxxxx0.000003,0.000000,0.000000,0.000396,0.000403
C,ka100_req73,20,xxxxxxxxxxxxxxxx0.000003,0.000000,0.000000,0.000533,0.000540
C,ka100_req74,20,xxxxxxxxxxxxxxxx0.000003,0.000000,0.000000,0.000458,0.000466
C,ka100_req75,20,xxxxxxxxxxxxxxxx0.000005,0.000000,0.000000,0.000401,0.000412
C,ka100_req76,20,xxxxxxxxxxxxxxxx0.000004,0.000000,0.000000,0.000427,0.000436
C,ka100_req77,20,xxxxxxxxxxxxxxxx0.000004,0.000000,0.000000,0.000408,0.000416
C,ka100_req78,20,xxxxxxxxxxxxxxxx0.000004,0.000000,0.000000,0.000406,0.000412
C,ka100_req79,20,xxxxxxxxxxxxxxxx0.000003,0.000000,0.000000,0.000435,0.000442
C,ka100_req80,20,xxxxxxxxxxxxxxxx0.000003,0.000000,0.000000,0.000377,0.000384
C,ka100_req81,20,xxxxxxxxxxxxxxxx0.000003,0.000000,0.000000,0.000408,0.000415
C,ka100_req82,20,xxxxxxxxxxxxxxxx0.000003,0.000000,0.000000,0.000388,0.000395
C,ka100_req83,20,xxxxxxxxxxxxxxxx0.000003,0.000000,0.000000,0.000403,0.000411
C,ka100_req84,20,xxxxxxxxxxxxxxxx0.000004,0.000000,0.000000,0.000405,0.000413
C,ka100_req85,20,xxxxxxxxxxxxxxxx0.000003,0.000000,0.000000,0.000426,0.000432
C,ka100_req86,20,xxxxxxxxxxxxxxxx0.000003,0.000000,0.000000,0.000405,0.000413
C,ka100_req87,20,xxxxxxxxxxxxxxxx0.000004,0.000000,0.000000,0.000434,0.000441
C,ka100_req88,20,xxxxxxxxxxxxxxxx0.000003,0.000000,0.000000,0.000412,0.000419
C,ka100_req89,20,xxxxxxxxxxxxxxxx0.000004,0.000000,0.000000,0.000429,0.000436
C,ka100_req90,20,xxxxxxxxxxxxxxxx0.000003,0.000000,0.000000,0.000405,0.000428
C,ka100_req91,20,xxxxxxxxxxxxxxxx0.000004,0.000000,0.000000,0.000406,0.000412
C,ka100_req92,20,xxxxxxxxxxxxxxxx0.000003,0.000000,0.000000,0.000389,0.000396
C,ka100_req93,20,xxxxxxxxxxxxxxxx0.000004,0.000000,0.000000,0.000400,0.000408
C,ka100_req94,20,xxxxxxxxxxxxxxxx0.000004,0.000000,0.000000,0.000392,0.000397
C,ka100_req95,20,xxxxxxxxxxxxxxxx0.000004,0.000000,0.000000,0.000397,0.000435
C,ka100_req96,20,xxxxxxxxxxxxxxxx0.000004,0.000000,0.000000,0.000398,0.000405
C,ka100_req97,20,xxxxxxxxxxxxxxxx0.000004,0.000000,0.000000,0.000406,0.000413
C,ka100_req98,20,xxxxxxxxxxxxxxxx0.000005,0.000000,0.000000,0.000368,0.000373
C,ka100_req99,20,xxxxxxxxxxxxxxxx0.000003,0.000000,0.000000,0.000435,0.000442
C,ka100_req100,20,xxxxxxxxxxxxxxxx0.000003,0.000000,0.000000,0.000390,0.000396
C,ka100_req1,21,0.000008,0.000042,0.014082,0.015185,0.015201
C,ka100_req2,21,xxxxxxxxxxxxxxxx0.000005,0.000000,0.000000,0.000451,0.000464
C,ka100_req3,21,xxxxxxxxxxxxxxxx0.000006,0.000000,0.000000,0.000474,0.000487
C,ka100_req4,21,xxxxxxxxxxxxxxxx0.000007,0.000000,0.000000,0.000556,0.000564
C,ka100_req5,21,xxxxxxxxxxxxxxxx0.000004,0.000000,0.000000,0.000457,0.000465
C,ka100_req6,21,xxxxxxxxxxxxxxxx0.000006,0.000000,0.000000,0.000455,0.000461
C,ka100_req7,21,xxxxxxxxxxxxxxxx0.000004,0.000000,0.000000,0.000446,0.000455
C,ka100_req8,21,xxxxxxxxxxxxxxxx0.000003,0.000000,0.000000,0.000479,0.000487
C,ka100_req9,21,xxxxxxxxxxxxxxxx0.000004,0.000000,0.000000,0.000533,0.000612
C,ka100_req10,21,xxxxxxxxxxxxxxxx0.000004,0.000000,0.000000,0.000504,0.000510
C,ka100_req11,21,xxxxxxxxxxxxxxxx0.000003,0.000000,0.000000,0.000594,0.000603
C,ka100_req12,21,xxxxxxxxxxxxxxxx0.000004,0.000000,0.000000,0.000748,0.000764
C,ka100_req13,21,xxxxxxxxxxxxxxxx0.000006,0.000000,0.000000,0.000776,0.000786
C,ka100_req14,21,xxxxxxxxxxxxxxxx0.000006,0.000000,0.000000,0.000808,0.000816
C,ka100_req15,21,xxxxxxxxxxxxxxxx0.000005,0.000000,0.000000,0.000841,0.000851
C,ka100_req16,21,xxxxxxxxxxxxxxxx0.000006,0.000000,0.000000,0.000790,0.000851
C,ka100_req17,21,xxxxxxxxxxxxxxxx0.000007,0.000000,0.000000,0.000860,0.000886
C,ka100_req18,21,xxxxxxxxxxxxxxxx0.000007,0.000000,0.000000,0.000882,0.000895
C,ka100_req19,21,xxxxxxxxxxxxxxxx0.000006,0.000000,0.000000,0.001066,0.001122
C,ka100_req20,21,xxxxxxxxxxxxxxxx0.000013,0.000000,0.000000,0.001019,0.001030
C,ka100_req21,21,xxxxxxxxxxxxxxxx0.000006,0.000000,0.000000,0.000930,0.000939
C,ka100_req22,21,xxxxxxxxxxxxxxxx0.000005,0.000000,0.000000,0.000468,0.000475
C,ka100_req23,21,xxxxxxxxxxxxxxxx0.000004,0.000000,0.000000,0.000528,0.000536
C,ka100_req24,21,xxxxxxxxxxxxxxxx0.000005,0.000000,0.000000,0.000689,0.000697
C,ka100_req25,21,xxxxxxxxxxxxxxxx0.000004,0.000000,0.000000,0.001324,0.001336
C,ka100_req26,21,xxxxxxxxxxxxxxxx0.000006,0.000000,0.000000,0.000879,0.000887
C,ka100_req27,21,xxxxxxxxxxxxxxxx0.000004,0.000000,0.000000,0.000460,0.000564
C,ka100_req28,21,xxxxxxxxxxxxxxxx0.000003,0.000000,0.000000,0.000497,0.000505
C,ka100_req29,21,xxxxxxxxxxxxxxxx0.000004,0.000000,0.000000,0.000514,0.000521
C,ka100_req30,21,xxxxxxxxxxxxxxxx0.000004,0.000000,0.000000,0.000481,0.000493
C,ka100_req31,21,xxxxxxxxxxxxxxxx0.000006,0.000000,0.000000,0.000528,0.000558
C,ka100_req32,21,xxxxxxxxxxxxxxxx0.000004,0.000000,0.000000,0.000450,0.000458
C,ka100_req33,21,xxxxxxxxxxxxxxxx0.000004,0.000000,0.000000,0.000491,0.000498
C,ka100_req34,21,xxxxxxxxxxxxxxxx0.000004,0.000000,0.000000,0.000484,0.000491
C,ka100_req35,21,xxxxxxxxxxxxxxxx0.000005,0.000000,0.000000,0.000453,0.000464
C,ka100_req36,21,xxxxxxxxxxxxxxxx0.000005,0.000000,0.000000,0.000527,0.000534
C,ka100_req37,21,xxxxxxxxxxxxxxxx0.000003,0.000000,0.000000,0.000764,0.000772
C,ka100_req38,21,xxxxxxxxxxxxxxxx0.000004,0.000000,0.000000,0.000685,0.000693
C,ka100_req39,21,xxxxxxxxxxxxxxxx0.000005,0.000000,0.000000,0.001016,0.001025
C,ka100_req40,21,xxxxxxxxxxxxxxxx0.000006,0.000000,0.000000,0.000670,0.000676
C,ka100_req41,21,xxxxxxxxxxxxxxxx0.000004,0.000000,0.000000,0.000594,0.000601
C,ka100_req42,21,xxxxxxxxxxxxxxxx0.000004,0.000000,0.000000,0.000563,0.000571
C,ka100_req43,21,xxxxxxxxxxxxxxxx0.000003,0.000000,0.000000,0.000460,0.000468
C,ka100_req44,21,xxxxxxxxxxxxxxxx0.000003,0.000000,0.000000,0.000514,0.000522
C,ka100_req45,21,xxxxxxxxxxxxxxxx0.000004,0.000000,0.000000,0.000439,0.000446
C,ka100_req46,21,xxxxxxxxxxxxxxxx0.000003,0.000000,0.000000,0.000441,0.000447
C,ka100_req47,21,xxxxxxxxxxxxxxxx0.000004,0.000000,0.000000,0.000436,0.000444
C,ka100_req48,21,xxxxxxxxxxxxxxxx0.000004,0.000000,0.000000,0.000424,0.000466
C,ka100_req49,21,xxxxxxxxxxxxxxxx0.000004,0.000000,0.000000,0.000445,0.000453
C,ka100_req50,21,xxxxxxxxxxxxxxxx0.000005,0.000000,0.000000,0.000486,0.000494
C,ka100_req51,21,xxxxxxxxxxxxxxxx0.000003,0.000000,0.000000,0.000450,0.000488
C,ka100_req52,21,xxxxxxxxxxxxxxxx0.000003,0.000000,0.000000,0.000460,0.000467
C,ka100_req53,21,xxxxxxxxxxxxxxxx0.000004,0.000000,0.000000,0.000457,0.000463
C,ka100_req54,21,xxxxxxxxxxxxxxxx0.000004,0.000000,0.000000,0.000501,0.000508
C,ka100_req55,21,xxxxxxxxxxxxxxxx0.000003,0.000000,0.000000,0.000481,0.000489
C,ka100_req56,21,xxxxxxxxxxxxxxxx0.000006,0.000000,0.000000,0.000525,0.000533
C,ka100_req57,21,xxxxxxxxxxxxxxxx0.000003,0.000000,0.000000,0.000447,0.000453
C,ka100_req58,21,xxxxxxxxxxxxxxxx0.000003,0.000000,0.000000,0.000498,0.000505
C,ka100_req59,21,xxxxxxxxxxxxxxxx0.000003,0.000000,0.000000,0.000463,0.000470
C,ka100_req60,21,xxxxxxxxxxxxxxxx0.000003,0.000000,0.000000,0.000470,0.000477
C,ka100_req61,21,xxxxxxxxxxxxxxxx0.000003,0.000000,0.000000,0.000507,0.000515
C,ka100_req62,21,xxxxxxxxxxxxxxxx0.000004,0.000000,0.000000,0.000437,0.000444
C,ka100_req63,21,xxxxxxxxxxxxxxxx0.000004,0.000000,0.000000,0.000472,0.000480
C,ka100_req64,21,xxxxxxxxxxxxxxxx0.000003,0.000000,0.000000,0.000428,0.000435
C,ka100_req65,21,xxxxxxxxxxxxxxxx0.000003,0.000000,0.000000,0.000421,0.000429
C,ka100_req66,21,xxxxxxxxxxxxxxxx0.000004,0.000000,0.000000,0.000421,0.000466
C,ka100_req67,21,xxxxxxxxxxxxxxxx0.000003,0.000000,0.000000,0.000426,0.000469
C,ka100_req68,21,xxxxxxxxxxxxxxxx0.000003,0.000000,0.000000,0.000484,0.000491
C,ka100_req69,21,xxxxxxxxxxxxxxxx0.000004,0.000000,0.000000,0.000456,0.000462
C,ka100_req70,21,xxxxxxxxxxxxxxxx0.000003,0.000000,0.000000,0.000440,0.000483
C,ka100_req71,21,xxxxxxxxxxxxxxxx0.000005,0.000000,0.000000,0.000433,0.000440
C,ka100_req72,21,xxxxxxxxxxxxxxxx0.000003,0.000000,0.000000,0.000448,0.000454
C,ka100_req73,21,xxxxxxxxxxxxxxxx0.000004,0.000000,0.000000,0.000414,0.000422
C,ka100_req74,21,xxxxxxxxxxxxxxxx0.000004,0.000000,0.000000,0.000431,0.000436
C,ka100_req75,21,xxxxxxxxxxxxxxxx0.000004,0.000000,0.000000,0.000451,0.000490
C,ka100_req76,21,xxxxxxxxxxxxxxxx0.000004,0.000000,0.000000,0.000414,0.000453
C,ka100_req77,21,xxxxxxxxxxxxxxxx0.000004,0.000000,0.000000,0.000436,0.000443
C,ka100_req78,21,xxxxxxxxxxxxxxxx0.000003,0.000000,0.000000,0.000394,0.000401
C,ka100_req79,21,xxxxxxxxxxxxxxxx0.000004,0.000000,0.000000,0.000410,0.000417
C,ka100_req80,21,xxxxxxxxxxxxxxxx0.000003,0.000000,0.000000,0.000396,0.000413
C,ka100_req81,21,xxxxxxxxxxxxxxxx0.000004,0.000000,0.000000,0.000399,0.000407
C,ka100_req82,21,xxxxxxxxxxxxxxxx0.000004,0.000000,0.000000,0.000380,0.000387
C,ka100_req83,21,xxxxxxxxxxxxxxxx0.000003,0.000000,0.000000,0.000381,0.000388
C,ka100_req84,21,xxxxxxxxxxxxxxxx0.000004,0.000000,0.000000,0.000424,0.000431
C,ka100_req85,21,xxxxxxxxxxxxxxxx0.000004,0.000000,0.000000,0.000388,0.000396
C,ka100_req86,21,xxxxxxxxxxxxxxxx0.000004,0.000000,0.000000,0.000423,0.000430
C,ka100_req87,21,xxxxxxxxxxxxxxxx0.000004,0.000000,0.000000,0.000428,0.000436
C,ka100_req88,21,xxxxxxxxxxxxxxxx0.000003,0.000000,0.000000,0.000422,0.000429
C,ka100_req89,21,xxxxxxxxxxxxxxxx0.000003,0.000000,0.000000,0.000455,0.000464
C,ka100_req90,21,xxxxxxxxxxxxxxxx0.000005,0.000000,0.000000,0.000451,0.000457
C,ka100_req91,21,xxxxxxxxxxxxxxxx0.000003,0.000000,0.000000,0.000391,0.000397
C,ka100_req92,21,xxxxxxxxxxxxxxxx0.000003,0.000000,0.000000,0.000404,0.000412
C,ka100_req93,21,xxxxxxxxxxxxxxxx0.000003,0.000000,0.000000,0.000445,0.000454
C,ka100_req94,21,xxxxxxxxxxxxxxxx0.000003,0.000000,0.000000,0.000390,0.000397
C,ka100_req95,21,xxxxxxxxxxxxxxxx0.000003,0.000000,0.000000,0.000401,0.000410
C,ka100_req96,21,xxxxxxxxxxxxxxxx0.000003,0.000000,0.000000,0.000412,0.000420
C,ka100_req97,21,xxxxxxxxxxxxxxxx0.000003,0.000000,0.000000,0.000433,0.000440
C,ka100_req98,21,xxxxxxxxxxxxxxxx0.000004,0.000000,0.000000,0.000404,0.000412
C,ka100_req99,21,xxxxxxxxxxxxxxxx0.000004,0.000000,0.000000,0.000443,0.000450
C,ka100_req100,21,xxxxxxxxxxxxxxxx0.000004,0.000000,0.000000,0.000399,0.000406
C,ka100_req1,22,0.000007,0.000045,0.013726,0.014926,0.014945
C,ka100_req2,22,xxxxxxxxxxxxxxxx0.000007,0.000000,0.000000,0.000454,0.000462
C,ka100_req3,22,xxxxxxxxxxxxxxxx0.000004,0.000000,0.000000,0.000485,0.000493
C,ka100_req4,22,xxxxxxxxxxxxxxxx0.000003,0.000000,0.000000,0.000524,0.000530
C,ka100_req5,22,xxxxxxxxxxxxxxxx0.000003,0.000000,0.000000,0.000474,0.000481
C,ka100_req6,22,xxxxxxxxxxxxxxxx0.000006,0.000000,0.000000,0.000466,0.000475
C,ka100_req7,22,xxxxxxxxxxxxxxxx0.000005,0.000000,0.000000,0.000473,0.000482
C,ka100_req8,22,xxxxxxxxxxxxxxxx0.000007,0.000000,0.000000,0.000500,0.000508
C,ka100_req9,22,xxxxxxxxxxxxxxxx0.000004,0.000000,0.000000,0.000439,0.000448
C,ka100_req10,22,xxxxxxxxxxxxxxxx0.000005,0.000000,0.000000,0.000458,0.000465
C,ka100_req11,22,xxxxxxxxxxxxxxxx0.000003,0.000000,0.000000,0.000424,0.000432
C,ka100_req12,22,xxxxxxxxxxxxxxxx0.000004,0.000000,0.000000,0.000476,0.000485
C,ka100_req13,22,xxxxxxxxxxxxxxxx0.000003,0.000000,0.000000,0.000445,0.000453
C,ka100_req14,22,xxxxxxxxxxxxxxxx0.000003,0.000000,0.000000,0.000451,0.000458
C,ka100_req15,22,xxxxxxxxxxxxxxxx0.000004,0.000000,0.000000,0.000433,0.000442
C,ka100_req16,22,xxxxxxxxxxxxxxxx0.000004,0.000000,0.000000,0.000462,0.000469
C,ka100_req17,22,xxxxxxxxxxxxxxxx0.000003,0.000000,0.000000,0.000437,0.000444
C,ka100_req18,22,xxxxxxxxxxxxxxxx0.000003,0.000000,0.000000,0.000435,0.000442
C,ka100_req19,22,xxxxxxxxxxxxxxxx0.000003,0.000000,0.000000,0.000444,0.000452
C,ka100_req20,22,xxxxxxxxxxxxxxxx0.000003,0.000000,0.000000,0.000423,0.000453
C,ka100_req21,22,xxxxxxxxxxxxxxxx0.000004,0.000000,0.000000,0.000419,0.000426
C,ka100_req22,22,xxxxxxxxxxxxxxxx0.000004,0.000000,0.000000,0.000429,0.000436
C,ka100_req23,22,xxxxxxxxxxxxxxxx0.000004,0.000000,0.000000,0.000406,0.000415
C,ka100_req24,22,xxxxxxxxxxxxxxxx0.000005,0.000000,0.000000,0.000432,0.000441
C,ka100_req25,22,xxxxxxxxxxxxxxxx0.000003,0.000000,0.000000,0.000435,0.000441
C,ka100_req26,22,xxxxxxxxxxxxxxxx0.000003,0.000000,0.000000,0.000415,0.000422
C,ka100_req27,22,xxxxxxxxxxxxxxxx0.000004,0.000000,0.000000,0.000433,0.000440
C,ka100_req28,22,xxxxxxxxxxxxxxxx0.000004,0.000000,0.000000,0.000418,0.000424
C,ka100_req29,22,xxxxxxxxxxxxxxxx0.000004,0.000000,0.000000,0.000451,0.000458
C,ka100_req30,22,xxxxxxxxxxxxxxxx0.000004,0.000000,0.000000,0.000407,0.000414
C,ka100_req31,22,xxxxxxxxxxxxxxxx0.000003,0.000000,0.000000,0.000427,0.000433
C,ka100_req32,22,xxxxxxxxxxxxxxxx0.000004,0.000000,0.000000,0.000410,0.000416
C,ka100_req33,22,xxxxxxxxxxxxxxxx0.000003,0.000000,0.000000,0.000446,0.000453
C,ka100_req34,22,xxxxxxxxxxxxxxxx0.000003,0.000000,0.000000,0.000549,0.000556
C,ka100_req35,22,xxxxxxxxxxxxxxxx0.000003,0.000000,0.000000,0.000460,0.000467
C,ka100_req36,22,xxxxxxxxxxxxxxxx0.000004,0.000000,0.000000,0.000449,0.000455
C,ka100_req37,22,xxxxxxxxxxxxxxxx0.000004,0.000000,0.000000,0.000550,0.000556
C,ka100_req38,22,xxxxxxxxxxxxxxxx0.000004,0.000000,0.000000,0.000654,0.000741
C,ka100_req39,22,xxxxxxxxxxxxxxxx0.000004,0.000000,0.000000,0.000498,0.000506
C,ka100_req40,22,xxxxxxxxxxxxxxxx0.000005,0.000000,0.000000,0.000459,0.000466
C,ka100_req41,22,xxxxxxxxxxxxxxxx0.000003,0.000000,0.000000,0.000438,0.000445
C,ka100_req42,22,xxxxxxxxxxxxxxxx0.000004,0.000000,0.000000,0.000400,0.000407
C,ka100_req43,22,xxxxxxxxxxxxxxxx0.000003,0.000000,0.000000,0.000398,0.000405
C,ka100_req44,22,xxxxxxxxxxxxxxxx0.000003,0.000000,0.000000,0.000407,0.000414
C,ka100_req45,22,xxxxxxxxxxxxxxxx0.000003,0.000000,0.000000,0.000439,0.000447
C,ka100_req46,22,xxxxxxxxxxxxxxxx0.000003,0.000000,0.000000,0.000387,0.000396
C,ka100_req47,22,xxxxxxxxxxxxxxxx0.000003,0.000000,0.000000,0.000389,0.000397
C,ka100_req48,22,xxxxxxxxxxxxxxxx0.000005,0.000000,0.000000,0.000423,0.000430
C,ka100_req49,22,xxxxxxxxxxxxxxxx0.000004,0.000000,0.000000,0.000418,0.000425
C,ka100_req50,22,xxxxxxxxxxxxxxxx0.000003,0.000000,0.000000,0.000388,0.000396
C,ka100_req51,22,xxxxxxxxxxxxxxxx0.000003,0.000000,0.000000,0.000385,0.000392
C,ka100_req52,22,xxxxxxxxxxxxxxxx0.000004,0.000000,0.000000,0.000385,0.000429
C,ka100_req53,22,xxxxxxxxxxxxxxxx0.000004,0.000000,0.000000,0.000398,0.000405
C,ka100_req54,22,xxxxxxxxxxxxxxxx0.000003,0.000000,0.000000,0.000399,0.000404
C,ka100_req55,22,xxxxxxxxxxxxxxxx0.000003,0.000000,0.000000,0.000414,0.000421
C,ka100_req56,22,xxxxxxxxxxxxxxxx0.000004,0.000000,0.000000,0.000398,0.000405
C,ka100_req57,22,xxxxxxxxxxxxxxxx0.000003,0.000000,0.000000,0.000497,0.000505
C,ka100_req58,22,xxxxxxxxxxxxxxxx0.000004,0.000000,0.000000,0.000400,0.000408
C,ka100_req59,22,xxxxxxxxxxxxxxxx0.000004,0.000000,0.000000,0.000431,0.000438
C,ka100_req60,22,xxxxxxxxxxxxxxxx0.000003,0.000000,0.000000,0.000407,0.000413
C,ka100_req61,22,xxxxxxxxxxxxxxxx0.000002,0.000000,0.000000,0.000402,0.000410
C,ka100_req62,22,xxxxxxxxxxxxxxxx0.000004,0.000000,0.000000,0.000426,0.000432
C,ka100_req63,22,xxxxxxxxxxxxxxxx0.000003,0.000000,0.000000,0.000403,0.000410
C,ka100_req64,22,xxxxxxxxxxxxxxxx0.000003,0.000000,0.000000,0.000463,0.000470
C,ka100_req65,22,xxxxxxxxxxxxxxxx0.000004,0.000000,0.000000,0.000434,0.000500
C,ka100_req66,22,xxxxxxxxxxxxxxxx0.000003,0.000000,0.000000,0.000444,0.000451
C,ka100_req67,22,xxxxxxxxxxxxxxxx0.000003,0.000000,0.000000,0.000458,0.000466
C,ka100_req68,22,xxxxxxxxxxxxxxxx0.000003,0.000000,0.000000,0.000407,0.000416
C,ka100_req69,22,xxxxxxxxxxxxxxxx0.000004,0.000000,0.000000,0.000426,0.000433
C,ka100_req70,22,xxxxxxxxxxxxxxxx0.000003,0.000000,0.000000,0.000445,0.000453
C,ka100_req71,22,xxxxxxxxxxxxxxxx0.000004,0.000000,0.000000,0.000364,0.000401
C,ka100_req72,22,xxxxxxxxxxxxxxxx0.000003,0.000000,0.000000,0.000401,0.000409
C,ka100_req73,22,xxxxxxxxxxxxxxxx0.000003,0.000000,0.000000,0.000404,0.000412
C,ka100_req74,22,xxxxxxxxxxxxxxxx0.000003,0.000000,0.000000,0.000408,0.000415
C,ka100_req75,22,xxxxxxxxxxxxxxxx0.000003,0.000000,0.000000,0.000431,0.000438
C,ka100_req76,22,xxxxxxxxxxxxxxxx0.000003,0.000000,0.000000,0.000395,0.000426
C,ka100_req77,22,xxxxxxxxxxxxxxxx0.000004,0.000000,0.000000,0.000554,0.000564
C,ka100_req78,22,xxxxxxxxxxxxxxxx0.000005,0.000000,0.000000,0.000490,0.000525
C,ka100_req79,22,xxxxxxxxxxxxxxxx0.000003,0.000000,0.000000,0.000428,0.000439
C,ka100_req80,22,xxxxxxxxxxxxxxxx0.000004,0.000000,0.000000,0.000490,0.000499
C,ka100_req81,22,xxxxxxxxxxxxxxxx0.000004,0.000000,0.000000,0.000425,0.000464
C,ka100_req82,22,xxxxxxxxxxxxxxxx0.000003,0.000000,0.000000,0.000419,0.000426
C,ka100_req83,22,xxxxxxxxxxxxxxxx0.000005,0.000000,0.000000,0.000507,0.000547
C,ka100_req84,22,xxxxxxxxxxxxxxxx0.000003,0.000000,0.000000,0.000441,0.000449
C,ka100_req85,22,xxxxxxxxxxxxxxxx0.000003,0.000000,0.000000,0.000426,0.000435
C,ka100_req86,22,xxxxxxxxxxxxxxxx0.000004,0.000000,0.000000,0.000470,0.000480
C,ka100_req87,22,xxxxxxxxxxxxxxxx0.000004,0.000000,0.000000,0.000452,0.000459
C,ka100_req88,22,xxxxxxxxxxxxxxxx0.000004,0.000000,0.000000,0.000404,0.000412
C,ka100_req89,22,xxxxxxxxxxxxxxxx0.000003,0.000000,0.000000,0.000449,0.000458
C,ka100_req90,22,xxxxxxxxxxxxxxxx0.000004,0.000000,0.000000,0.000413,0.000452
C,ka100_req91,22,xxxxxxxxxxxxxxxx0.000004,0.000000,0.000000,0.000387,0.000428
C,ka100_req92,22,xxxxxxxxxxxxxxxx0.000003,0.000000,0.000000,0.000399,0.000413
C,ka100_req93,22,xxxxxxxxxxxxxxxx0.000004,0.000000,0.000000,0.000432,0.000439
C,ka100_req94,22,xxxxxxxxxxxxxxxx0.000004,0.000000,0.000000,0.000430,0.000456
C,ka100_req95,22,xxxxxxxxxxxxxxxx0.000003,0.000000,0.000000,0.000418,0.000425
C,ka100_req96,22,xxxxxxxxxxxxxxxx0.000003,0.000000,0.000000,0.000409,0.000418
C,ka100_req97,22,xxxxxxxxxxxxxxxx0.000005,0.000000,0.000000,0.000432,0.000480
C,ka100_req98,22,xxxxxxxxxxxxxxxx0.000003,0.000000,0.000000,0.000450,0.000459
C,ka100_req99,22,xxxxxxxxxxxxxxxx0.000004,0.000000,0.000000,0.000423,0.000430
C,ka100_req100,22,xxxxxxxxxxxxxxxx0.000003,0.000000,0.000000,0.000430,0.000471
C,ka100_req1,23,0.000008,0.000041,0.014013,0.015054,0.015072
C,ka100_req2,23,xxxxxxxxxxxxxxxx0.000006,0.000000,0.000000,0.000409,0.000429
C,ka100_req3,23,xxxxxxxxxxxxxxxx0.000008,0.000000,0.000000,0.000564,0.000572
C,ka100_req4,23,xxxxxxxxxxxxxxxx0.000004,0.000000,0.000000,0.000453,0.000459
C,ka100_req5,23,xxxxxxxxxxxxxxxx0.000004,0.000000,0.000000,0.000456,0.000464
C,ka100_req6,23,xxxxxxxxxxxxxxxx0.000006,0.000000,0.000000,0.000467,0.000473
C,ka100_req7,23,xxxxxxxxxxxxxxxx0.000003,0.000000,0.000000,0.000449,0.000455
C,ka100_req8,23,xxxxxxxxxxxxxxxx0.000003,0.000000,0.000000,0.000418,0.000429
C,ka100_req9,23,xxxxxxxxxxxxxxxx0.000003,0.000000,0.000000,0.000363,0.000372
C,ka100_req10,23,xxxxxxxxxxxxxxxx0.000006,0.000000,0.000000,0.000336,0.000344
C,ka100_req11,23,xxxxxxxxxxxxxxxx0.000004,0.000000,0.000000,0.000354,0.000360
C,ka100_req12,23,xxxxxxxxxxxxxxxx0.000005,0.000000,0.000000,0.000354,0.000378
C,ka100_req13,23,xxxxxxxxxxxxxxxx0.000004,0.000000,0.000000,0.000434,0.000440
C,ka100_req14,23,xxxxxxxxxxxxxxxx0.000003,0.000000,0.000000,0.000372,0.000379
C,ka100_req15,23,xxxxxxxxxxxxxxxx0.000003,0.000000,0.000000,0.000363,0.000373
C,ka100_req16,23,xxxxxxxxxxxxxxxx0.000013,0.000000,0.000000,0.000374,0.000381
C,ka100_req17,23,xxxxxxxxxxxxxxxx0.000003,0.000000,0.000000,0.000386,0.000392
C,ka100_req18,23,xxxxxxxxxxxxxxxx0.000004,0.000000,0.000000,0.000346,0.000352
C,ka100_req19,23,xxxxxxxxxxxxxxxx0.000003,0.000000,0.000000,0.000439,0.000447
C,ka100_req20,23,xxxxxxxxxxxxxxxx0.000004,0.000000,0.000000,0.000420,0.000437
C,ka100_req21,23,xxxxxxxxxxxxxxxx0.000003,0.000000,0.000000,0.000414,0.000452
C,ka100_req22,23,xxxxxxxxxxxxxxxx0.000004,0.000000,0.000000,0.000401,0.000409
C,ka100_req23,23,xxxxxxxxxxxxxxxx0.000004,0.000000,0.000000,0.000431,0.000439
C,ka100_req24,23,xxxxxxxxxxxxxxxx0.000004,0.000000,0.000000,0.000445,0.000484
C,ka100_req25,23,xxxxxxxxxxxxxxxx0.000004,0.000000,0.000000,0.000394,0.000417
C,ka100_req26,23,xxxxxxxxxxxxxxxx0.000004,0.000000,0.000000,0.000391,0.000398
C,ka100_req27,23,xxxxxxxxxxxxxxxx0.000004,0.000000,0.000000,0.000510,0.000517
C,ka100_req28,23,xxxxxxxxxxxxxxxx0.000003,0.000000,0.000000,0.000449,0.000492
C,ka100_req29,23,xxxxxxxxxxxxxxxx0.000003,0.000000,0.000000,0.000481,0.000495
C,ka100_req30,23,xxxxxxxxxxxxxxxx0.000003,0.000000,0.000000,0.000420,0.000434
C,ka100_req31,23,xxxxxxxxxxxxxxxx0.000004,0.000000,0.000000,0.000451,0.000457
C,ka100_req32,23,xxxxxxxxxxxxxxxx0.000003,0.000000,0.000000,0.000504,0.000513
C,ka100_req33,23,xxxxxxxxxxxxxxxx0.000004,0.000000,0.000000,0.000440,0.000447
C,ka100_req34,23,xxxxxxxxxxxxxxxx0.000003,0.000000,0.000000,0.000413,0.000428
C,ka100_req35,23,xxxxxxxxxxxxxxxx0.000004,0.000000,0.000000,0.000452,0.000466
C,ka100_req36,23,xxxxxxxxxxxxxxxx0.000003,0.000000,0.000000,0.000423,0.000431
C,ka100_req37,23,xxxxxxxxxxxxxxxx0.000004,0.000000,0.000000,0.000459,0.000497
C,ka100_req38,23,xxxxxxxxxxxxxxxx0.000004,0.000000,0.000000,0.000410,0.000415
C,ka100_req39,23,xxxxxxxxxxxxxxxx0.000003,0.000000,0.000000,0.000404,0.000410
C,ka100_req40,23,xxxxxxxxxxxxxxxx0.000004,0.000000,0.000000,0.000450,0.000457
C,ka100_req41,23,xxxxxxxxxxxxxxxx0.000003,0.000000,0.000000,0.000423,0.000440
C,ka100_req42,23,xxxxxxxxxxxxxxxx0.000003,0.000000,0.000000,0.000423,0.000428
C,ka100_req43,23,xxxxxxxxxxxxxxxx0.000003,0.000000,0.000000,0.000461,0.000468
C,ka100_req44,23,xxxxxxxxxxxxxxxx0.000003,0.000000,0.000000,0.000419,0.000428
C,ka100_req45,23,xxxxxxxxxxxxxxxx0.000004,0.000000,0.000000,0.000426,0.000469
C,ka100_req46,23,xxxxxxxxxxxxxxxx0.000004,0.000000,0.000000,0.000442,0.000449
C,ka100_req47,23,xxxxxxxxxxxxxxxx0.000003,0.000000,0.000000,0.000436,0.000442
C,ka100_req48,23,xxxxxxxxxxxxxxxx0.000004,0.000000,0.000000,0.000427,0.000468
C,ka100_req49,23,xxxxxxxxxxxxxxxx0.000003,0.000000,0.000000,0.000437,0.000476
C,ka100_req50,23,xxxxxxxxxxxxxxxx0.000004,0.000000,0.000000,0.000446,0.000453
C,ka100_req51,23,xxxxxxxxxxxxxxxx0.000004,0.000000,0.000000,0.000457,0.000463
C,ka100_req52,23,xxxxxxxxxxxxxxxx0.000003,0.000000,0.000000,0.000472,0.000510
C,ka100_req53,23,xxxxxxxxxxxxxxxx0.000003,0.000000,0.000000,0.000453,0.000467
C,ka100_req54,23,xxxxxxxxxxxxxxxx0.000004,0.000000,0.000000,0.000432,0.000438
C,ka100_req55,23,xxxxxxxxxxxxxxxx0.000003,0.000000,0.000000,0.000435,0.000442
C,ka100_req56,23,xxxxxxxxxxxxxxxx0.000003,0.000000,0.000000,0.000473,0.000479
C,ka100_req57,23,xxxxxxxxxxxxxxxx0.000004,0.000000,0.000000,0.000459,0.000465
C,ka100_req58,23,xxxxxxxxxxxxxxxx0.000004,0.000000,0.000000,0.000417,0.000424
C,ka100_req59,23,xxxxxxxxxxxxxxxx0.000004,0.000000,0.000000,0.000439,0.000445
C,ka100_req60,23,xxxxxxxxxxxxxxxx0.000003,0.000000,0.000000,0.000431,0.000439
C,ka100_req61,23,xxxxxxxxxxxxxxxx0.000004,0.000000,0.000000,0.000438,0.000473
C,ka100_req62,23,xxxxxxxxxxxxxxxx0.000004,0.000000,0.000000,0.000420,0.000427
C,ka100_req63,23,xxxxxxxxxxxxxxxx0.000003,0.000000,0.000000,0.000419,0.000426
C,ka100_req64,23,xxxxxxxxxxxxxxxx0.000004,0.000000,0.000000,0.000422,0.000435
C,ka100_req65,23,xxxxxxxxxxxxxxxx0.000004,0.000000,0.000000,0.000425,0.000432
C,ka100_req66,23,xxxxxxxxxxxxxxxx0.000004,0.000000,0.000000,0.000432,0.000446
C,ka100_req67,23,xxxxxxxxxxxxxxxx0.000003,0.000000,0.000000,0.000410,0.000416
C,ka100_req68,23,xxxxxxxxxxxxxxxx0.000003,0.000000,0.000000,0.000472,0.000478
C,ka100_req69,23,xxxxxxxxxxxxxxxx0.000003,0.000000,0.000000,0.000477,0.000484
C,ka100_req70,23,xxxxxxxxxxxxxxxx0.000003,0.000000,0.000000,0.000421,0.000428
C,ka100_req71,23,xxxxxxxxxxxxxxxx0.000003,0.000000,0.000000,0.000441,0.000448
C,ka100_req72,23,xxxxxxxxxxxxxxxx0.000003,0.000000,0.000000,0.000410,0.000416
C,ka100_req73,23,xxxxxxxxxxxxxxxx0.000003,0.000000,0.000000,0.000432,0.000439
C,ka100_req74,23,xxxxxxxxxxxxxxxx0.000003,0.000000,0.000000,0.000425,0.000464
C,ka100_req75,23,xxxxxxxxxxxxxxxx0.000004,0.000000,0.000000,0.000438,0.000443
C,ka100_req76,23,xxxxxxxxxxxxxxxx0.000002,0.000000,0.000000,0.000450,0.000492
C,ka100_req77,23,xxxxxxxxxxxxxxxx0.000002,0.000000,0.000000,0.000467,0.000473
C,ka100_req78,23,xxxxxxxxxxxxxxxx0.000003,0.000000,0.000000,0.000452,0.000493
C,ka100_req79,23,xxxxxxxxxxxxxxxx0.000003,0.000000,0.000000,0.000477,0.000482
C,ka100_req80,23,xxxxxxxxxxxxxxxx0.000003,0.000000,0.000000,0.000430,0.000468
C,ka100_req81,23,xxxxxxxxxxxxxxxx0.000004,0.000000,0.000000,0.000449,0.000456
C,ka100_req82,23,xxxxxxxxxxxxxxxx0.000003,0.000000,0.000000,0.000406,0.000450
C,ka100_req83,23,xxxxxxxxxxxxxxxx0.000003,0.000000,0.000000,0.000429,0.000436
C,ka100_req84,23,xxxxxxxxxxxxxxxx0.000003,0.000000,0.000000,0.000429,0.000436
C,ka100_req85,23,xxxxxxxxxxxxxxxx0.000003,0.000000,0.000000,0.000444,0.000451
C,ka100_req86,23,xxxxxxxxxxxxxxxx0.000003,0.000000,0.000000,0.000457,0.000495
C,ka100_req87,23,xxxxxxxxxxxxxxxx0.000003,0.000000,0.000000,0.000428,0.000434
C,ka100_req88,23,xxxxxxxxxxxxxxxx0.000004,0.000000,0.000000,0.000444,0.000484
C,ka100_req89,23,xxxxxxxxxxxxxxxx0.000003,0.000000,0.000000,0.000466,0.000474
C,ka100_req90,23,xxxxxxxxxxxxxxxx0.000003,0.000000,0.000000,0.000430,0.000436
C,ka100_req91,23,xxxxxxxxxxxxxxxx0.000003,0.000000,0.000000,0.000435,0.000474
C,ka100_req92,23,xxxxxxxxxxxxxxxx0.000002,0.000000,0.000000,0.000421,0.000429
C,ka100_req93,23,xxxxxxxxxxxxxxxx0.000003,0.000000,0.000000,0.000420,0.000426
C,ka100_req94,23,xxxxxxxxxxxxxxxx0.000003,0.000000,0.000000,0.000429,0.000436
C,ka100_req95,23,xxxxxxxxxxxxxxxx0.000003,0.000000,0.000000,0.000453,0.000461
C,ka100_req96,23,xxxxxxxxxxxxxxxx0.000003,0.000000,0.000000,0.000422,0.000461
C,ka100_req97,23,xxxxxxxxxxxxxxxx0.000003,0.000000,0.000000,0.000443,0.000494
C,ka100_req98,23,xxxxxxxxxxxxxxxx0.000002,0.000000,0.000000,0.000449,0.000455
C,ka100_req99,23,xxxxxxxxxxxxxxxx0.000003,0.000000,0.000000,0.000414,0.000426
C,ka100_req100,23,xxxxxxxxxxxxxxxx0.000002,0.000000,0.000000,0.000397,0.000439
C,ka100_req1,24,0.000007,0.000038,0.013665,0.014907,0.014924
C,ka100_req2,24,xxxxxxxxxxxxxxxx0.000005,0.000000,0.000000,0.000470,0.000480
C,ka100_req3,24,xxxxxxxxxxxxxxxx0.000006,0.000000,0.000000,0.000498,0.000504
C,ka100_req4,24,xxxxxxxxxxxxxxxx0.000021,0.000000,0.000000,0.000458,0.000464
C,ka100_req5,24,xxxxxxxxxxxxxxxx0.000004,0.000000,0.000000,0.000480,0.000487
C,ka100_req6,24,xxxxxxxxxxxxxxxx0.000006,0.000000,0.000000,0.000478,0.000485
C,ka100_req7,24,xxxxxxxxxxxxxxxx0.000004,0.000000,0.000000,0.000438,0.000444
C,ka100_req8,24,xxxxxxxxxxxxxxxx0.000003,0.000000,0.000000,0.000447,0.000480
C,ka100_req9,24,xxxxxxxxxxxxxxxx0.000004,0.000000,0.000000,0.000432,0.000448
C,ka100_req10,24,xxxxxxxxxxxxxxxx0.000005,0.000000,0.000000,0.000444,0.000460
C,ka100_req11,24,xxxxxxxxxxxxxxxx0.000005,0.000000,0.000000,0.000432,0.000470
C,ka100_req12,24,xxxxxxxxxxxxxxxx0.000004,0.000000,0.000000,0.000466,0.000503
C,ka100_req13,24,xxxxxxxxxxxxxxxx0.000004,0.000000,0.000000,0.000434,0.000448
C,ka100_req14,24,xxxxxxxxxxxxxxxx0.000003,0.000000,0.000000,0.000426,0.000441
C,ka100_req15,24,xxxxxxxxxxxxxxxx0.000003,0.000000,0.000000,0.000430,0.000473
C,ka100_req16,24,xxxxxxxxxxxxxxxx0.000004,0.000000,0.000000,0.000451,0.000458
C,ka100_req17,24,xxxxxxxxxxxxxxxx0.000003,0.000000,0.000000,0.000448,0.000457
C,ka100_req18,24,xxxxxxxxxxxxxxxx0.000004,0.000000,0.000000,0.000481,0.000509
C,ka100_req19,24,xxxxxxxxxxxxxxxx0.000004,0.000000,0.000000,0.000416,0.000424
C,ka100_req20,24,xxxxxxxxxxxxxxxx0.000004,0.000000,0.000000,0.000444,0.000450
C,ka100_req21,24,xxxxxxxxxxxxxxxx0.000004,0.000000,0.000000,0.000487,0.000494
C,ka100_req22,24,xxxxxxxxxxxxxxxx0.000003,0.000000,0.000000,0.000470,0.000477
C,ka100_req23,24,xxxxxxxxxxxxxxxx0.000003,0.000000,0.000000,0.000425,0.000433
C,ka100_req24,24,xxxxxxxxxxxxxxxx0.000003,0.000000,0.000000,0.000425,0.000431
C,ka100_req25,24,xxxxxxxxxxxxxxxx0.000003,0.000000,0.000000,0.000438,0.000446
C,ka100_req26,24,xxxxxxxxxxxxxxxx0.000003,0.000000,0.000000,0.000421,0.000463
C,ka100_req27,24,xxxxxxxxxxxxxxxx0.000003,0.000000,0.000000,0.000405,0.000411
C,ka100_req28,24,xxxxxxxxxxxxxxxx0.000003,0.000000,0.000000,0.000456,0.000461
C,ka100_req29,24,xxxxxxxxxxxxxxxx0.000003,0.000000,0.000000,0.000430,0.000437
C,ka100_req30,24,xxxxxxxxxxxxxxxx0.000003,0.000000,0.000000,0.000408,0.000450
C,ka100_req31,24,xxxxxxxxxxxxxxxx0.000017,0.000000,0.000000,0.000434,0.000448
C,ka100_req32,24,xxxxxxxxxxxxxxxx0.000004,0.000000,0.000000,0.000398,0.000441
C,ka100_req33,24,xxxxxxxxxxxxxxxx0.000003,0.000000,0.000000,0.000443,0.000458
C,ka100_req34,24,xxxxxxxxxxxxxxxx0.000004,0.000000,0.000000,0.000433,0.000469
C,ka100_req35,24,xxxxxxxxxxxxxxxx0.000002,0.000000,0.000000,0.000427,0.000468
C,ka100_req36,24,xxxxxxxxxxxxxxxx0.000004,0.000000,0.000000,0.000420,0.000431
C,ka100_req37,24,xxxxxxxxxxxxxxxx0.000003,0.000000,0.000000,0.000432,0.000470
C,ka100_req38,24,xxxxxxxxxxxxxxxx0.000004,0.000000,0.000000,0.000431,0.000441
C,ka100_req39,24,xxxxxxxxxxxxxxxx0.000003,0.000000,0.000000,0.000451,0.000458
C,ka100_req40,24,xxxxxxxxxxxxxxxx0.000004,0.000000,0.000000,0.000453,0.000460
C,ka100_req41,24,xxxxxxxxxxxxxxxx0.000003,0.000000,0.000000,0.000432,0.000444
C,ka100_req42,24,xxxxxxxxxxxxxxxx0.000003,0.000000,0.000000,0.000381,0.000390
C,ka100_req43,24,xxxxxxxxxxxxxxxx0.000004,0.000000,0.000000,0.000464,0.000471
C,ka100_req44,24,xxxxxxxxxxxxxxxx0.000003,0.000000,0.000000,0.000408,0.000447
C,ka100_req45,24,xxxxxxxxxxxxxxxx0.000003,0.000000,0.000000,0.000385,0.000390
C,ka100_req46,24,xxxxxxxxxxxxxxxx0.000003,0.000000,0.000000,0.000426,0.000432
C,ka100_req47,24,xxxxxxxxxxxxxxxx0.000003,0.000000,0.000000,0.000404,0.000415
C,ka100_req48,24,xxxxxxxxxxxxxxxx0.000003,0.000000,0.000000,0.000422,0.000463
C,ka100_req49,24,xxxxxxxxxxxxxxxx0.000003,0.000000,0.000000,0.000435,0.000469
C,ka100_req50,24,xxxxxxxxxxxxxxxx0.000004,0.000000,0.000000,0.000434,0.000440
C,ka100_req51,24,xxxxxxxxxxxxxxxx0.000003,0.000000,0.000000,0.000451,0.000459
C,ka100_req52,24,xxxxxxxxxxxxxxxx0.000004,0.000000,0.000000,0.000398,0.000403
C,ka100_req53,24,xxxxxxxxxxxxxxxx0.000002,0.000000,0.000000,0.000438,0.000453
C,ka100_req54,24,xxxxxxxxxxxxxxxx0.000004,0.000000,0.000000,0.000436,0.000441
C,ka100_req55,24,xxxxxxxxxxxxxxxx0.000004,0.000000,0.000000,0.000389,0.000430
C,ka100_req56,24,xxxxxxxxxxxxxxxx0.000003,0.000000,0.000000,0.000425,0.000436
C,ka100_req57,24,xxxxxxxxxxxxxxxx0.000003,0.000000,0.000000,0.000400,0.000413
C,ka100_req58,24,xxxxxxxxxxxxxxxx0.000004,0.000000,0.000000,0.000442,0.000480
C,ka100_req59,24,xxxxxxxxxxxxxxxx0.000003,0.000000,0.000000,0.000435,0.000470
C,ka100_req60,24,xxxxxxxxxxxxxxxx0.000004,0.000000,0.000000,0.000400,0.000414
C,ka100_req61,24,xxxxxxxxxxxxxxxx0.000003,0.000000,0.000000,0.000420,0.000427
C,ka100_req62,24,xxxxxxxxxxxxxxxx0.000003,0.000000,0.000000,0.000415,0.000423
C,ka100_req63,24,xxxxxxxxxxxxxxxx0.000003,0.000000,0.000000,0.000393,0.000401
C,ka100_req64,24,xxxxxxxxxxxxxxxx0.000004,0.000000,0.000000,0.000406,0.000413
C,ka100_req65,24,xxxxxxxxxxxxxxxx0.000003,0.000000,0.000000,0.000442,0.000448
C,ka100_req66,24,xxxxxxxxxxxxxxxx0.000003,0.000000,0.000000,0.000382,0.000393
C,ka100_req67,24,xxxxxxxxxxxxxxxx0.000004,0.000000,0.000000,0.000460,0.000488
C,ka100_req68,24,xxxxxxxxxxxxxxxx0.000002,0.000000,0.000000,0.000417,0.000423
C,ka100_req69,24,xxxxxxxxxxxxxxxx0.000003,0.000000,0.000000,0.000399,0.000411
C,ka100_req70,24,xxxxxxxxxxxxxxxx0.000003,0.000000,0.000000,0.000429,0.000437
C,ka100_req71,24,xxxxxxxxxxxxxxxx0.000003,0.000000,0.000000,0.000381,0.000423
C,ka100_req72,24,xxxxxxxxxxxxxxxx0.000003,0.000000,0.000000,0.000431,0.000437
C,ka100_req73,24,xxxxxxxxxxxxxxxx0.000003,0.000000,0.000000,0.000414,0.000426
C,ka100_req74,24,xxxxxxxxxxxxxxxx0.000003,0.000000,0.000000,0.000409,0.000416
C,ka100_req75,24,xxxxxxxxxxxxxxxx0.000002,0.000000,0.000000,0.000408,0.000450
C,ka100_req76,24,xxxxxxxxxxxxxxxx0.000004,0.000000,0.000000,0.000401,0.000415
C,ka100_req77,24,xxxxxxxxxxxxxxxx0.000003,0.000000,0.000000,0.000409,0.000444
C,ka100_req78,24,xxxxxxxxxxxxxxxx0.000003,0.000000,0.000000,0.000426,0.000467
C,ka100_req79,24,xxxxxxxxxxxxxxxx0.000002,0.000000,0.000000,0.000398,0.000412
C,ka100_req80,24,xxxxxxxxxxxxxxxx0.000004,0.000000,0.000000,0.000410,0.000446
C,ka100_req81,24,xxxxxxxxxxxxxxxx0.000004,0.000000,0.000000,0.000429,0.000436
C,ka100_req82,24,xxxxxxxxxxxxxxxx0.000003,0.000000,0.000000,0.000437,0.000443
C,ka100_req83,24,xxxxxxxxxxxxxxxx0.000002,0.000000,0.000000,0.000439,0.000481
C,ka100_req84,24,xxxxxxxxxxxxxxxx0.000003,0.000000,0.000000,0.000380,0.000386
C,ka100_req85,24,xxxxxxxxxxxxxxxx0.000003,0.000000,0.000000,0.000435,0.000443
C,ka100_req86,24,xxxxxxxxxxxxxxxx0.000003,0.000000,0.000000,0.000423,0.000430
C,ka100_req87,24,xxxxxxxxxxxxxxxx0.000004,0.000000,0.000000,0.000417,0.000425
C,ka100_req88,24,xxxxxxxxxxxxxxxx0.000004,0.000000,0.000000,0.000432,0.000473
C,ka100_req89,24,xxxxxxxxxxxxxxxx0.000003,0.000000,0.000000,0.000475,0.000481
C,ka100_req90,24,xxxxxxxxxxxxxxxx0.000004,0.000000,0.000000,0.000392,0.000398
C,ka100_req91,24,xxxxxxxxxxxxxxxx0.000003,0.000000,0.000000,0.000400,0.000406
C,ka100_req92,24,xxxxxxxxxxxxxxxx0.000003,0.000000,0.000000,0.000419,0.000478
C,ka100_req93,24,xxxxxxxxxxxxxxxx0.000004,0.000000,0.000000,0.000431,0.000441
C,ka100_req94,24,xxxxxxxxxxxxxxxx0.000004,0.000000,0.000000,0.000450,0.000457
C,ka100_req95,24,xxxxxxxxxxxxxxxx0.000003,0.000000,0.000000,0.000393,0.000434
C,ka100_req96,24,xxxxxxxxxxxxxxxx0.000003,0.000000,0.000000,0.000431,0.000445
C,ka100_req97,24,xxxxxxxxxxxxxxxx0.000003,0.000000,0.000000,0.000403,0.000409
C,ka100_req98,24,xxxxxxxxxxxxxxxx0.000003,0.000000,0.000000,0.000440,0.000480
C,ka100_req99,24,xxxxxxxxxxxxxxxx0.000004,0.000000,0.000000,0.000426,0.000464
C,ka100_req100,24,xxxxxxxxxxxxxxxx0.000003,0.000000,0.000000,0.000440,0.000447
C,ka100_req1,25,0.000006,0.000033,0.013616,0.015025,0.015042
C,ka100_req2,25,xxxxxxxxxxxxxxxx0.000007,0.000000,0.000000,0.000491,0.000499
C,ka100_req3,25,xxxxxxxxxxxxxxxx0.000005,0.000000,0.000000,0.000461,0.000470
C,ka100_req4,25,xxxxxxxxxxxxxxxx0.000005,0.000000,0.000000,0.000430,0.000436
C,ka100_req5,25,xxxxxxxxxxxxxxxx0.000003,0.000000,0.000000,0.000442,0.000454
C,ka100_req6,25,xxxxxxxxxxxxxxxx0.000008,0.000000,0.000000,0.000454,0.000461
C,ka100_req7,25,xxxxxxxxxxxxxxxx0.000004,0.000000,0.000000,0.000439,0.000444
C,ka100_req8,25,xxxxxxxxxxxxxxxx0.000003,0.000000,0.000000,0.000436,0.000442
C,ka100_req9,25,xxxxxxxxxxxxxxxx0.000003,0.000000,0.000000,0.000488,0.000496
C,ka100_req10,25,xxxxxxxxxxxxxxxx0.000003,0.000000,0.000000,0.000441,0.000453
C,ka100_req11,25,xxxxxxxxxxxxxxxx0.000007,0.000000,0.000000,0.000443,0.000451
C,ka100_req12,25,xxxxxxxxxxxxxxxx0.000004,0.000000,0.000000,0.000467,0.000474
C,ka100_req13,25,xxxxxxxxxxxxxxxx0.000004,0.000000,0.000000,0.000457,0.000462
C,ka100_req14,25,xxxxxxxxxxxxxxxx0.000003,0.000000,0.000000,0.000427,0.000433
C,ka100_req15,25,xxxxxxxxxxxxxxxx0.000003,0.000000,0.000000,0.000421,0.000429
C,ka100_req16,25,xxxxxxxxxxxxxxxx0.000003,0.000000,0.000000,0.000425,0.000431
C,ka100_req17,25,xxxxxxxxxxxxxxxx0.000004,0.000000,0.000000,0.000472,0.000479
C,ka100_req18,25,xxxxxxxxxxxxxxxx0.000004,0.000000,0.000000,0.000478,0.000486
C,ka100_req19,25,xxxxxxxxxxxxxxxx0.000003,0.000000,0.000000,0.000459,0.000467
C,ka100_req20,25,xxxxxxxxxxxxxxxx0.000003,0.000000,0.000000,0.000441,0.000448
C,ka100_req21,25,xxxxxxxxxxxxxxxx0.000003,0.000000,0.000000,0.000426,0.000432
C,ka100_req22,25,xxxxxxxxxxxxxxxx0.000003,0.000000,0.000000,0.000421,0.000426
C,ka100_req23,25,xxxxxxxxxxxxxxxx0.000003,0.000000,0.000000,0.000406,0.000411
C,ka100_req24,25,xxxxxxxxxxxxxxxx0.000003,0.000000,0.000000,0.000453,0.000461
C,ka100_req25,25,xxxxxxxxxxxxxxxx0.000003,0.000000,0.000000,0.000474,0.000482
C,ka100_req26,25,xxxxxxxxxxxxxxxx0.000003,0.000000,0.000000,0.000423,0.000430
C,ka100_req27,25,xxxxxxxxxxxxxxxx0.000003,0.000000,0.000000,0.000460,0.000501
C,ka100_req28,25,xxxxxxxxxxxxxxxx0.000003,0.000000,0.000000,0.000397,0.000403
C,ka100_req29,25,xxxxxxxxxxxxxxxx0.000003,0.000000,0.000000,0.000471,0.000478
C,ka100_req30,25,xxxxxxxxxxxxxxxx0.000003,0.000000,0.000000,0.000406,0.000414
C,ka100_req31,25,xxxxxxxxxxxxxxxx0.000004,0.000000,0.000000,0.000411,0.000420
C,ka100_req32,25,xxxxxxxxxxxxxxxx0.000004,0.000000,0.000000,0.000437,0.000445
C,ka100_req33,25,xxxxxxxxxxxxxxxx0.000003,0.000000,0.000000,0.000469,0.000476
C,ka100_req34,25,xxxxxxxxxxxxxxxx0.000003,0.000000,0.000000,0.000405,0.000412
C,ka100_req35,25,xxxxxxxxxxxxxxxx0.000004,0.000000,0.000000,0.000456,0.000464
C,ka100_req36,25,xxxxxxxxxxxxxxxx0.000004,0.000000,0.000000,0.000426,0.000434
C,ka100_req37,25,xxxxxxxxxxxxxxxx0.000003,0.000000,0.000000,0.000408,0.000414
C,ka100_req38,25,xxxxxxxxxxxxxxxx0.000003,0.000000,0.000000,0.000410,0.000416
C,ka100_req39,25,xxxxxxxxxxxxxxxx0.000004,0.000000,0.000000,0.000407,0.000413
C,ka100_req40,25,xxxxxxxxxxxxxxxx0.000003,0.000000,0.000000,0.000428,0.000434
C,ka100_req41,25,xxxxxxxxxxxxxxxx0.000003,0.000000,0.000000,0.000410,0.000417
C,ka100_req42,25,xxxxxxxxxxxxxxxx0.000003,0.000000,0.000000,0.000465,0.000472
C,ka100_req43,25,xxxxxxxxxxxxxxxx0.000004,0.000000,0.000000,0.000411,0.000460
C,ka100_req44,25,xxxxxxxxxxxxxxxx0.000003,0.000000,0.000000,0.000400,0.000408
C,ka100_req45,25,xxxxxxxxxxxxxxxx0.000004,0.000000,0.000000,0.000409,0.000414
C,ka100_req46,25,xxxxxxxxxxxxxxxx0.000003,0.000000,0.000000,0.000461,0.000469
C,ka100_req47,25,xxxxxxxxxxxxxxxx0.000003,0.000000,0.000000,0.000414,0.000420
C,ka100_req48,25,xxxxxxxxxxxxxxxx0.000003,0.000000,0.000000,0.000406,0.000443
C,ka100_req49,25,xxxxxxxxxxxxxxxx0.000003,0.000000,0.000000,0.000435,0.000442
C,ka100_req50,25,xxxxxxxxxxxxxxxx0.000003,0.000000,0.000000,0.000443,0.000451
C,ka100_req51,25,xxxxxxxxxxxxxxxx0.000003,0.000000,0.000000,0.000422,0.000428
C,ka100_req52,25,xxxxxxxxxxxxxxxx0.000003,0.000000,0.000000,0.000417,0.000423
C,ka100_req53,25,xxxxxxxxxxxxxxxx0.000002,0.000000,0.000000,0.000469,0.000476
C,ka100_req54,25,xxxxxxxxxxxxxxxx0.000004,0.000000,0.000000,0.000431,0.000436
C,ka100_req55,25,xxxxxxxxxxxxxxxx0.000003,0.000000,0.000000,0.000441,0.000449
C,ka100_req56,25,xxxxxxxxxxxxxxxx0.000004,0.000000,0.000000,0.000428,0.000434
C,ka100_req57,25,xxxxxxxxxxxxxxxx0.000003,0.000000,0.000000,0.000415,0.000422
C,ka100_req58,25,xxxxxxxxxxxxxxxx0.000003,0.000000,0.000000,0.000489,0.000497
C,ka100_req59,25,xxxxxxxxxxxxxxxx0.000003,0.000000,0.000000,0.000484,0.000491
C,ka100_req60,25,xxxxxxxxxxxxxxxx0.000003,0.000000,0.000000,0.000442,0.000449
C,ka100_req61,25,xxxxxxxxxxxxxxxx0.000003,0.000000,0.000000,0.000480,0.000487
C,ka100_req62,25,xxxxxxxxxxxxxxxx0.000004,0.000000,0.000000,0.000442,0.000448
C,ka100_req63,25,xxxxxxxxxxxxxxxx0.000003,0.000000,0.000000,0.000471,0.000478
C,ka100_req64,25,xxxxxxxxxxxxxxxx0.000003,0.000000,0.000000,0.000436,0.000443
C,ka100_req65,25,xxxxxxxxxxxxxxxx0.000004,0.000000,0.000000,0.000461,0.000468
C,ka100_req66,25,xxxxxxxxxxxxxxxx0.000003,0.000000,0.000000,0.000394,0.000400
C,ka100_req67,25,xxxxxxxxxxxxxxxx0.000003,0.000000,0.000000,0.000406,0.000441
C,ka100_req68,25,xxxxxxxxxxxxxxxx0.000004,0.000000,0.000000,0.000432,0.000438
C,ka100_req69,25,xxxxxxxxxxxxxxxx0.000004,0.000000,0.000000,0.000428,0.000435
C,ka100_req70,25,xxxxxxxxxxxxxxxx0.000004,0.000000,0.000000,0.000401,0.000408
C,ka100_req71,25,xxxxxxxxxxxxxxxx0.000004,0.000000,0.000000,0.000435,0.000440
C,ka100_req72,25,xxxxxxxxxxxxxxxx0.000003,0.000000,0.000000,0.000415,0.000423
C,ka100_req73,25,xxxxxxxxxxxxxxxx0.000004,0.000000,0.000000,0.000398,0.000442
C,ka100_req74,25,xxxxxxxxxxxxxxxx0.000003,0.000000,0.000000,0.000425,0.000433
C,ka100_req75,25,xxxxxxxxxxxxxxxx0.000003,0.000000,0.000000,0.000418,0.000425
C,ka100_req76,25,xxxxxxxxxxxxxxxx0.000003,0.000000,0.000000,0.000448,0.000456
C,ka100_req77,25,xxxxxxxxxxxxxxxx0.000003,0.000000,0.000000,0.000409,0.000416
C,ka100_req78,25,xxxxxxxxxxxxxxxx0.000002,0.000000,0.000000,0.000381,0.000387
C,ka100_req79,25,xxxxxxxxxxxxxxxx0.000003,0.000000,0.000000,0.000434,0.000439
C,ka100_req80,25,xxxxxxxxxxxxxxxx0.000003,0.000000,0.000000,0.000397,0.000404
C,ka100_req81,25,xxxxxxxxxxxxxxxx0.000003,0.000000,0.000000,0.000417,0.000424
C,ka100_req82,25,xxxxxxxxxxxxxxxx0.000003,0.000000,0.000000,0.000426,0.000501
C,ka100_req83,25,xxxxxxxxxxxxxxxx0.000003,0.000000,0.000000,0.000424,0.000431
C,ka100_req84,25,xxxxxxxxxxxxxxxx0.000004,0.000000,0.000000,0.000437,0.000443
C,ka100_req85,25,xxxxxxxxxxxxxxxx0.000003,0.000000,0.000000,0.000404,0.000409
C,ka100_req86,25,xxxxxxxxxxxxxxxx0.000003,0.000000,0.000000,0.000441,0.000447
C,ka100_req87,25,xxxxxxxxxxxxxxxx0.000004,0.000000,0.000000,0.000415,0.000464
C,ka100_req88,25,xxxxxxxxxxxxxxxx0.000003,0.000000,0.000000,0.000422,0.000429
C,ka100_req89,25,xxxxxxxxxxxxxxxx0.000003,0.000000,0.000000,0.000391,0.000397
C,ka100_req90,25,xxxxxxxxxxxxxxxx0.000003,0.000000,0.000000,0.000432,0.000439
C,ka100_req91,25,xxxxxxxxxxxxxxxx0.000003,0.000000,0.000000,0.000391,0.000399
C,ka100_req92,25,xxxxxxxxxxxxxxxx0.000003,0.000000,0.000000,0.000411,0.000447
C,ka100_req93,25,xxxxxxxxxxxxxxxx0.000003,0.000000,0.000000,0.000445,0.000450
C,ka100_req94,25,xxxxxxxxxxxxxxxx0.000003,0.000000,0.000000,0.000427,0.000432
C,ka100_req95,25,xxxxxxxxxxxxxxxx0.000003,0.000000,0.000000,0.000436,0.000442
C,ka100_req96,25,xxxxxxxxxxxxxxxx0.000004,0.000000,0.000000,0.000455,0.000506
C,ka100_req97,25,xxxxxxxxxxxxxxxx0.000003,0.000000,0.000000,0.000470,0.000477
C,ka100_req98,25,xxxxxxxxxxxxxxxx0.000002,0.000000,0.000000,0.000413,0.000484
C,ka100_req99,25,xxxxxxxxxxxxxxxx0.000003,0.000000,0.000000,0.000400,0.000407
C,ka100_req100,25,xxxxxxxxxxxxxxxx0.000004,0.000000,0.000000,0.000433,0.000441
C,ka100_req1,26,0.000007,0.000034,0.013581,0.015132,0.015148
C,ka100_req2,26,xxxxxxxxxxxxxxxx0.000006,0.000000,0.000000,0.000417,0.000426
C,ka100_req3,26,xxxxxxxxxxxxxxxx0.000003,0.000000,0.000000,0.000459,0.000466
C,ka100_req4,26,xxxxxxxxxxxxxxxx0.000003,0.000000,0.000000,0.000442,0.000450
C,ka100_req5,26,xxxxxxxxxxxxxxxx0.000006,0.000000,0.000000,0.000449,0.000457
C,ka100_req6,26,xxxxxxxxxxxxxxxx0.000006,0.000000,0.000000,0.000463,0.000470
C,ka100_req7,26,xxxxxxxxxxxxxxxx0.000004,0.000000,0.000000,0.000410,0.000415
C,ka100_req8,26,xxxxxxxxxxxxxxxx0.000003,0.000000,0.000000,0.000445,0.000450
C,ka100_req9,26,xxxxxxxxxxxxxxxx0.000003,0.000000,0.000000,0.000437,0.000449
C,ka100_req10,26,xxxxxxxxxxxxxxxx0.000008,0.000000,0.000000,0.000421,0.000429
C,ka100_req11,26,xxxxxxxxxxxxxxxx0.000004,0.000000,0.000000,0.000415,0.000424
C,ka100_req12,26,xxxxxxxxxxxxxxxx0.000003,0.000000,0.000000,0.000460,0.000469
C,ka100_req13,26,xxxxxxxxxxxxxxxx0.000006,0.000000,0.000000,0.000426,0.000434
C,ka100_req14,26,xxxxxxxxxxxxxxxx0.000005,0.000000,0.000000,0.000396,0.000403
C,ka100_req15,26,xxxxxxxxxxxxxxxx0.000005,0.000000,0.000000,0.000515,0.000523
C,ka100_req16,26,xxxxxxxxxxxxxxxx0.000004,0.000000,0.000000,0.000405,0.000413
C,ka100_req17,26,xxxxxxxxxxxxxxxx0.000014,0.000000,0.000000,0.000428,0.000435
C,ka100_req18,26,xxxxxxxxxxxxxxxx0.000004,0.000000,0.000000,0.000391,0.000397
C,ka100_req19,26,xxxxxxxxxxxxxxxx0.000003,0.000000,0.000000,0.000444,0.000451
C,ka100_req20,26,xxxxxxxxxxxxxxxx0.000004,0.000000,0.000000,0.000451,0.000457
C,ka100_req21,26,xxxxxxxxxxxxxxxx0.000003,0.000000,0.000000,0.000521,0.000529
C,ka100_req22,26,xxxxxxxxxxxxxxxx0.000004,0.000000,0.000000,0.000448,0.000455
C,ka100_req23,26,xxxxxxxxxxxxxxxx0.000003,0.000000,0.000000,0.000490,0.000497
C,ka100_req24,26,xxxxxxxxxxxxxxxx0.000003,0.000000,0.000000,0.000465,0.000472
C,ka100_req25,26,xxxxxxxxxxxxxxxx0.000003,0.000000,0.000000,0.000476,0.000484
C,ka100_req26,26,xxxxxxxxxxxxxxxx0.000004,0.000000,0.000000,0.000450,0.000456
C,ka100_req27,26,xxxxxxxxxxxxxxxx0.000003,0.000000,0.000000,0.000454,0.000462
C,ka100_req28,26,xxxxxxxxxxxxxxxx0.000004,0.000000,0.000000,0.000419,0.000425
C,ka100_req29,26,xxxxxxxxxxxxxxxx0.000003,0.000000,0.000000,0.000418,0.000459
C,ka100_req30,26,xxxxxxxxxxxxxxxx0.000002,0.000000,0.000000,0.000444,0.000451
C,ka100_req31,26,xxxxxxxxxxxxxxxx0.000004,0.000000,0.000000,0.000434,0.000441
C,ka100_req32,26,xxxxxxxxxxxxxxxx0.000002,0.000000,0.000000,0.000416,0.000424
C,ka100_req33,26,xxxxxxxxxxxxxxxx0.000003,0.000000,0.000000,0.000429,0.000435
C,ka100_req34,26,xxxxxxxxxxxxxxxx0.000003,0.000000,0.000000,0.000428,0.000435
C,ka100_req35,26,xxxxxxxxxxxxxxxx0.000004,0.000000,0.000000,0.000406,0.000418
C,ka100_req36,26,xxxxxxxxxxxxxxxx0.000003,0.000000,0.000000,0.000454,0.000462
C,ka100_req37,26,xxxxxxxxxxxxxxxx0.000004,0.000000,0.000000,0.000464,0.000471
C,ka100_req38,26,xxxxxxxxxxxxxxxx0.000003,0.000000,0.000000,0.000428,0.000435
C,ka100_req39,26,xxxxxxxxxxxxxxxx0.000003,0.000000,0.000000,0.000504,0.000511
C,ka100_req40,26,xxxxxxxxxxxxxxxx0.000004,0.000000,0.000000,0.000467,0.000474
C,ka100_req41,26,xxxxxxxxxxxxxxxx0.000003,0.000000,0.000000,0.000458,0.000466
C,ka100_req42,26,xxxxxxxxxxxxxxxx0.000003,0.000000,0.000000,0.000441,0.000482
C,ka100_req43,26,xxxxxxxxxxxxxxxx0.000003,0.000000,0.000000,0.000411,0.000419
C,ka100_req44,26,xxxxxxxxxxxxxxxx0.000003,0.000000,0.000000,0.000401,0.000406
C,ka100_req45,26,xxxxxxxxxxxxxxxx0.000003,0.000000,0.000000,0.000475,0.000481
C,ka100_req46,26,xxxxxxxxxxxxxxxx0.000003,0.000000,0.000000,0.000476,0.000481
C,ka100_req47,26,xxxxxxxxxxxxxxxx0.000003,0.000000,0.000000,0.000415,0.000422
C,ka100_req48,26,xxxxxxxxxxxxxxxx0.000002,0.000000,0.000000,0.000450,0.000457
C,ka100_req49,26,xxxxxxxxxxxxxxxx0.000003,0.000000,0.000000,0.000409,0.000416
C,ka100_req50,26,xxxxxxxxxxxxxxxx0.000003,0.000000,0.000000,0.000403,0.000408
C,ka100_req51,26,xxxxxxxxxxxxxxxx0.000004,0.000000,0.000000,0.000408,0.000414
C,ka100_req52,26,xxxxxxxxxxxxxxxx0.000003,0.000000,0.000000,0.000430,0.000438
C,ka100_req53,26,xxxxxxxxxxxxxxxx0.000004,0.000000,0.000000,0.000456,0.000462
C,ka100_req54,26,xxxxxxxxxxxxxxxx0.000003,0.000000,0.000000,0.000416,0.000424
C,ka100_req55,26,xxxxxxxxxxxxxxxx0.000004,0.000000,0.000000,0.000464,0.000491
C,ka100_req56,26,xxxxxxxxxxxxxxxx0.000003,0.000000,0.000000,0.000408,0.000440
C,ka100_req57,26,xxxxxxxxxxxxxxxx0.000003,0.000000,0.000000,0.000452,0.000458
C,ka100_req58,26,xxxxxxxxxxxxxxxx0.000003,0.000000,0.000000,0.000443,0.000449
C,ka100_req59,26,xxxxxxxxxxxxxxxx0.000003,0.000000,0.000000,0.000495,0.000502
C,ka100_req60,26,xxxxxxxxxxxxxxxx0.000003,0.000000,0.000000,0.000432,0.000439
C,ka100_req61,26,xxxxxxxxxxxxxxxx0.000003,0.000000,0.000000,0.000408,0.000414
C,ka100_req62,26,xxxxxxxxxxxxxxxx0.000003,0.000000,0.000000,0.000436,0.000444
C,ka100_req63,26,xxxxxxxxxxxxxxxx0.000002,0.000000,0.000000,0.000445,0.000452
C,ka100_req64,26,xxxxxxxxxxxxxxxx0.000002,0.000000,0.000000,0.000465,0.000472
C,ka100_req65,26,xxxxxxxxxxxxxxxx0.000004,0.000000,0.000000,0.000466,0.000473
C,ka100_req66,26,xxxxxxxxxxxxxxxx0.000003,0.000000,0.000000,0.000411,0.000417
C,ka100_req67,26,xxxxxxxxxxxxxxxx0.000003,0.000000,0.000000,0.000440,0.000446
C,ka100_req68,26,xxxxxxxxxxxxxxxx0.000003,0.000000,0.000000,0.000422,0.000429
C,ka100_req69,26,xxxxxxxxxxxxxxxx0.000004,0.000000,0.000000,0.000408,0.000414
C,ka100_req70,26,xxxxxxxxxxxxxxxx0.000003,0.000000,0.000000,0.000429,0.000467
C,ka100_req71,26,xxxxxxxxxxxxxxxx0.000003,0.000000,0.000000,0.000443,0.000450
C,ka100_req72,26,xxxxxxxxxxxxxxxx0.000004,0.000000,0.000000,0.000423,0.000429
C,ka100_req73,26,xxxxxxxxxxxxxxxx0.000004,0.000000,0.000000,0.000393,0.000398
C,ka100_req74,26,xxxxxxxxxxxxxxxx0.000003,0.000000,0.000000,0.000400,0.000406
C,ka100_req75,26,xxxxxxxxxxxxxxxx0.000003,0.000000,0.000000,0.000451,0.000457
C,ka100_req76,26,xxxxxxxxxxxxxxxx0.000003,0.000000,0.000000,0.000417,0.000424
C,ka100_req77,26,xxxxxxxxxxxxxxxx0.000003,0.000000,0.000000,0.000406,0.000414
C,ka100_req78,26,xxxxxxxxxxxxxxxx0.000003,0.000000,0.000000,0.000412,0.000420
C,ka100_req79,26,xxxxxxxxxxxxxxxx0.000004,0.000000,0.000000,0.000431,0.000437
C,ka100_req80,26,xxxxxxxxxxxxxxxx0.000003,0.000000,0.000000,0.000433,0.000478
C,ka100_req81,26,xxxxxxxxxxxxxxxx0.000003,0.000000,0.000000,0.000549,0.000556
C,ka100_req82,26,xxxxxxxxxxxxxxxx0.000003,0.000000,0.000000,0.000568,0.000576
C,ka100_req83,26,xxxxxxxxxxxxxxxx0.000003,0.000000,0.000000,0.000500,0.000506
C,ka100_req84,26,xxxxxxxxxxxxxxxx0.000003,0.000000,0.000000,0.000449,0.000480
C,ka100_req85,26,xxxxxxxxxxxxxxxx0.000003,0.000000,0.000000,0.000428,0.000434
C,ka100_req86,26,xxxxxxxxxxxxxxxx0.000004,0.000000,0.000000,0.000448,0.000453
C,ka100_req87,26,xxxxxxxxxxxxxxxx0.000003,0.000000,0.000000,0.000383,0.000427
C,ka100_req88,26,xxxxxxxxxxxxxxxx0.000002,0.000000,0.000000,0.000411,0.000419
C,ka100_req89,26,xxxxxxxxxxxxxxxx0.000004,0.000000,0.000000,0.000475,0.000481
C,ka100_req90,26,xxxxxxxxxxxxxxxx0.000002,0.000000,0.000000,0.000389,0.000397
C,ka100_req91,26,xxxxxxxxxxxxxxxx0.000003,0.000000,0.000000,0.000451,0.000458
C,ka100_req92,26,xxxxxxxxxxxxxxxx0.000003,0.000000,0.000000,0.000423,0.000428
C,ka100_req93,26,xxxxxxxxxxxxxxxx0.000003,0.000000,0.000000,0.000478,0.000485
C,ka100_req94,26,xxxxxxxxxxxxxxxx0.000003,0.000000,0.000000,0.000421,0.000427
C,ka100_req95,26,xxxxxxxxxxxxxxxx0.000004,0.000000,0.000000,0.000423,0.000460
C,ka100_req96,26,xxxxxxxxxxxxxxxx0.000003,0.000000,0.000000,0.000426,0.000434
C,ka100_req97,26,xxxxxxxxxxxxxxxx0.000003,0.000000,0.000000,0.000441,0.000449
C,ka100_req98,26,xxxxxxxxxxxxxxxx0.000003,0.000000,0.000000,0.000415,0.000422
C,ka100_req99,26,xxxxxxxxxxxxxxxx0.000003,0.000000,0.000000,0.000447,0.000452
C,ka100_req100,26,xxxxxxxxxxxxxxxx0.000003,0.000000,0.000000,0.000422,0.000429
C,ka100_req1,27,0.000007,0.000034,0.013900,0.015366,0.015383
C,ka100_req2,27,xxxxxxxxxxxxxxxx0.000006,0.000000,0.000000,0.000464,0.000471
C,ka100_req3,27,xxxxxxxxxxxxxxxx0.000003,0.000000,0.000000,0.000439,0.000446
C,ka100_req4,27,xxxxxxxxxxxxxxxx0.000003,0.000000,0.000000,0.000512,0.000519
C,ka100_req5,27,xxxxxxxxxxxxxxxx0.000003,0.000000,0.000000,0.000457,0.000462
C,ka100_req6,27,xxxxxxxxxxxxxxxx0.000003,0.000000,0.000000,0.000483,0.000494
C,ka100_req7,27,xxxxxxxxxxxxxxxx0.000006,0.000000,0.000000,0.000439,0.000447
C,ka100_req8,27,xxxxxxxxxxxxxxxx0.000005,0.000000,0.000000,0.000457,0.000521
C,ka100_req9,27,xxxxxxxxxxxxxxxx0.000004,0.000000,0.000000,0.000450,0.000458
C,ka100_req10,27,xxxxxxxxxxxxxxxx0.000003,0.000000,0.000000,0.000429,0.000435
C,ka100_req11,27,xxxxxxxxxxxxxxxx0.000004,0.000000,0.000000,0.000465,0.000502
C,ka100_req12,27,xxxxxxxxxxxxxxxx0.000003,0.000000,0.000000,0.000408,0.000416
C,ka100_req13,27,xxxxxxxxxxxxxxxx0.000003,0.000000,0.000000,0.000440,0.000447
C,ka100_req14,27,xxxxxxxxxxxxxxxx0.000004,0.000000,0.000000,0.000419,0.000428
C,ka100_req15,27,xxxxxxxxxxxxxxxx0.000004,0.000000,0.000000,0.000434,0.000441
C,ka100_req16,27,xxxxxxxxxxxxxxxx0.000003,0.000000,0.000000,0.000407,0.000419
C,ka100_req17,27,xxxxxxxxxxxxxxxx0.000007,0.000000,0.000000,0.000450,0.000458
C,ka100_req18,27,xxxxxxxxxxxxxxxx0.000004,0.000000,0.000000,0.000399,0.000404
C,ka100_req19,27,xxxxxxxxxxxxxxxx0.000003,0.000000,0.000000,0.000441,0.000447
C,ka100_req20,27,xxxxxxxxxxxxxxxx0.000004,0.000000,0.000000,0.000413,0.000418
C,ka100_req21,27,xxxxxxxxxxxxxxxx0.000003,0.000000,0.000000,0.000424,0.000430
C,ka100_req22,27,xxxxxxxxxxxxxxxx0.000004,0.000000,0.000000,0.000403,0.000440
C,ka100_req23,27,xxxxxxxxxxxxxxxx0.000003,0.000000,0.000000,0.000403,0.000450
C,ka100_req24,27,xxxxxxxxxxxxxxxx0.000003,0.000000,0.000000,0.000425,0.000466
C,ka100_req25,27,xxxxxxxxxxxxxxxx0.000003,0.000000,0.000000,0.000399,0.000440
C,ka100_req26,27,xxxxxxxxxxxxxxxx0.000005,0.000000,0.000000,0.000413,0.000428
C,ka100_req27,27,xxxxxxxxxxxxxxxx0.000003,0.000000,0.000000,0.000417,0.000455
C,ka100_req28,27,xxxxxxxxxxxxxxxx0.000003,0.000000,0.000000,0.000413,0.000420
C,ka100_req29,27,xxxxxxxxxxxxxxxx0.000003,0.000000,0.000000,0.000422,0.000428
C,ka100_req30,27,xxxxxxxxxxxxxxxx0.000004,0.000000,0.000000,0.000448,0.000487
C,ka100_req31,27,xxxxxxxxxxxxxxxx0.000004,0.000000,0.000000,0.000404,0.000431
C,ka100_req32,27,xxxxxxxxxxxxxxxx0.000003,0.000000,0.000000,0.000455,0.000462
C,ka100_req33,27,xxxxxxxxxxxxxxxx0.000003,0.000000,0.000000,0.000437,0.000442
C,ka100_req34,27,xxxxxxxxxxxxxxxx0.000004,0.000000,0.000000,0.000426,0.000433
C,ka100_req35,27,xxxxxxxxxxxxxxxx0.000003,0.000000,0.000000,0.000428,0.000435
C,ka100_req36,27,xxxxxxxxxxxxxxxx0.000003,0.000000,0.000000,0.000450,0.000457
C,ka100_req37,27,xxxxxxxxxxxxxxxx0.000002,0.000000,0.000000,0.000417,0.000446
C,ka100_req38,27,xxxxxxxxxxxxxxxx0.000003,0.000000,0.000000,0.000426,0.000433
C,ka100_req39,27,xxxxxxxxxxxxxxxx0.000004,0.000000,0.000000,0.000426,0.000432
C,ka100_req40,27,xxxxxxxxxxxxxxxx0.000003,0.000000,0.000000,0.000414,0.000429
C,ka100_req41,27,xxxxxxxxxxxxxxxx0.000003,0.000000,0.000000,0.000388,0.000394
C,ka100_req42,27,xxxxxxxxxxxxxxxx0.000003,0.000000,0.000000,0.000423,0.000430
C,ka100_req43,27,xxxxxxxxxxxxxxxx0.000003,0.000000,0.000000,0.000424,0.000431
C,ka100_req44,27,xxxxxxxxxxxxxxxx0.000003,0.000000,0.000000,0.000444,0.000451
C,ka100_req45,27,xxxxxxxxxxxxxxxx0.000003,0.000000,0.000000,0.000438,0.000444
C,ka100_req46,27,xxxxxxxxxxxxxxxx0.000002,0.000000,0.000000,0.000378,0.000386
C,ka100_req47,27,xxxxxxxxxxxxxxxx0.000003,0.000000,0.000000,0.000465,0.000470
C,ka100_req48,27,xxxxxxxxxxxxxxxx0.000002,0.000000,0.000000,0.000392,0.000437
C,ka100_req49,27,xxxxxxxxxxxxxxxx0.000004,0.000000,0.000000,0.000402,0.000428
C,ka100_req50,27,xxxxxxxxxxxxxxxx0.000004,0.000000,0.000000,0.000438,0.000445
C,ka100_req51,27,xxxxxxxxxxxxxxxx0.000004,0.000000,0.000000,0.000422,0.000434
C,ka100_req52,27,xxxxxxxxxxxxxxxx0.000003,0.000000,0.000000,0.000432,0.000469
C,ka100_req53,27,xxxxxxxxxxxxxxxx0.000004,0.000000,0.000000,0.000398,0.000437
C,ka100_req54,27,xxxxxxxxxxxxxxxx0.000004,0.000000,0.000000,0.000438,0.000478
C,ka100_req55,27,xxxxxxxxxxxxxxxx0.000004,0.000000,0.000000,0.000400,0.000438
C,ka100_req56,27,xxxxxxxxxxxxxxxx0.000003,0.000000,0.000000,0.000446,0.000492
C,ka100_req57,27,xxxxxxxxxxxxxxxx0.000004,0.000000,0.000000,0.000421,0.000465
C,ka100_req58,27,xxxxxxxxxxxxxxxx0.000004,0.000000,0.000000,0.000456,0.000463
C,ka100_req59,27,xxxxxxxxxxxxxxxx0.000004,0.000000,0.000000,0.000454,0.000467
C,ka100_req60,27,xxxxxxxxxxxxxxxx0.000003,0.000000,0.000000,0.000433,0.000473
C,ka100_req61,27,xxxxxxxxxxxxxxxx0.000003,0.000000,0.000000,0.000396,0.000402
C,ka100_req62,27,xxxxxxxxxxxxxxxx0.000004,0.000000,0.000000,0.000412,0.000442
C,ka100_req63,27,xxxxxxxxxxxxxxxx0.000002,0.000000,0.000000,0.000393,0.000425
C,ka100_req64,27,xxxxxxxxxxxxxxxx0.000004,0.000000,0.000000,0.000417,0.000462
C,ka100_req65,27,xxxxxxxxxxxxxxxx0.000003,0.000000,0.000000,0.000436,0.000443
C,ka100_req66,27,xxxxxxxxxxxxxxxx0.000003,0.000000,0.000000,0.000406,0.000413
C,ka100_req67,27,xxxxxxxxxxxxxxxx0.000004,0.000000,0.000000,0.000406,0.000413
C,ka100_req68,27,xxxxxxxxxxxxxxxx0.000004,0.000000,0.000000,0.000433,0.000440
C,ka100_req69,27,xxxxxxxxxxxxxxxx0.000003,0.000000,0.000000,0.000454,0.000461
C,ka100_req70,27,xxxxxxxxxxxxxxxx0.000003,0.000000,0.000000,0.000396,0.000403
C,ka100_req71,27,xxxxxxxxxxxxxxxx0.000003,0.000000,0.000000,0.000465,0.000472
C,ka100_req72,27,xxxxxxxxxxxxxxxx0.000003,0.000000,0.000000,0.000402,0.000409
C,ka100_req73,27,xxxxxxxxxxxxxxxx0.000004,0.000000,0.000000,0.000421,0.000435
C,ka100_req74,27,xxxxxxxxxxxxxxxx0.000003,0.000000,0.000000,0.000386,0.000399
C,ka100_req75,27,xxxxxxxxxxxxxxxx0.000004,0.000000,0.000000,0.000386,0.000416
C,ka100_req76,27,xxxxxxxxxxxxxxxx0.000003,0.000000,0.000000,0.000406,0.000448
C,ka100_req77,27,xxxxxxxxxxxxxxxx0.000003,0.000000,0.000000,0.000431,0.000474
C,ka100_req78,27,xxxxxxxxxxxxxxxx0.000003,0.000000,0.000000,0.000410,0.000421
C,ka100_req79,27,xxxxxxxxxxxxxxxx0.000003,0.000000,0.000000,0.000394,0.000425
C,ka100_req80,27,xxxxxxxxxxxxxxxx0.000004,0.000000,0.000000,0.000424,0.000430
C,ka100_req81,27,xxxxxxxxxxxxxxxx0.000003,0.000000,0.000000,0.000426,0.000431
C,ka100_req82,27,xxxxxxxxxxxxxxxx0.000003,0.000000,0.000000,0.000439,0.000445
C,ka100_req83,27,xxxxxxxxxxxxxxxx0.000003,0.000000,0.000000,0.000437,0.000443
C,ka100_req84,27,xxxxxxxxxxxxxxxx0.000003,0.000000,0.000000,0.000447,0.000453
C,ka100_req85,27,xxxxxxxxxxxxxxxx0.000003,0.000000,0.000000,0.000441,0.000448
C,ka100_req86,27,xxxxxxxxxxxxxxxx0.000004,0.000000,0.000000,0.000477,0.000483
C,ka100_req87,27,xxxxxxxxxxxxxxxx0.000004,0.000000,0.000000,0.000420,0.000426
C,ka100_req88,27,xxxxxxxxxxxxxxxx0.000004,0.000000,0.000000,0.000464,0.000469
C,ka100_req89,27,xxxxxxxxxxxxxxxx0.000004,0.000000,0.000000,0.000452,0.000466
C,ka100_req90,27,xxxxxxxxxxxxxxxx0.000002,0.000000,0.000000,0.000418,0.000429
C,ka100_req91,27,xxxxxxxxxxxxxxxx0.000003,0.000000,0.000000,0.000420,0.000426
C,ka100_req92,27,xxxxxxxxxxxxxxxx0.000003,0.000000,0.000000,0.000398,0.000404
C,ka100_req93,27,xxxxxxxxxxxxxxxx0.000003,0.000000,0.000000,0.000423,0.000460
C,ka100_req94,27,xxxxxxxxxxxxxxxx0.000004,0.000000,0.000000,0.000399,0.000441
C,ka100_req95,27,xxxxxxxxxxxxxxxx0.000003,0.000000,0.000000,0.000453,0.000458
C,ka100_req96,27,xxxxxxxxxxxxxxxx0.000002,0.000000,0.000000,0.000417,0.000425
C,ka100_req97,27,xxxxxxxxxxxxxxxx0.000002,0.000000,0.000000,0.000385,0.000429
C,ka100_req98,27,xxxxxxxxxxxxxxxx0.000003,0.000000,0.000000,0.000416,0.000452
C,ka100_req99,27,xxxxxxxxxxxxxxxx0.000003,0.000000,0.000000,0.000427,0.000434
C,ka100_req100,27,xxxxxxxxxxxxxxxx0.000003,0.000000,0.000000,0.000431,0.000469
C,ka100_req1,28,0.000007,0.000035,0.013555,0.014995,0.015010
C,ka100_req2,28,xxxxxxxxxxxxxxxx0.000006,0.000000,0.000000,0.000394,0.000410
C,ka100_req3,28,xxxxxxxxxxxxxxxx0.000013,0.000000,0.000000,0.000491,0.000500
C,ka100_req4,28,xxxxxxxxxxxxxxxx0.000005,0.000000,0.000000,0.000497,0.000507
C,ka100_req5,28,xxxxxxxxxxxxxxxx0.000004,0.000000,0.000000,0.000425,0.000431
C,ka100_req6,28,xxxxxxxxxxxxxxxx0.000003,0.000000,0.000000,0.000447,0.000455
C,ka100_req7,28,xxxxxxxxxxxxxxxx0.000004,0.000000,0.000000,0.000460,0.000466
C,ka100_req8,28,xxxxxxxxxxxxxxxx0.000003,0.000000,0.000000,0.000445,0.000472
C,ka100_req9,28,xxxxxxxxxxxxxxxx0.000004,0.000000,0.000000,0.000404,0.000418
C,ka100_req10,28,xxxxxxxxxxxxxxxx0.000003,0.000000,0.000000,0.000438,0.000447
C,ka100_req11,28,xxxxxxxxxxxxxxxx0.000004,0.000000,0.000000,0.000485,0.000505
C,ka100_req12,28,xxxxxxxxxxxxxxxx0.000007,0.000000,0.000000,0.000426,0.000434
C,ka100_req13,28,xxxxxxxxxxxxxxxx0.000005,0.000000,0.000000,0.000454,0.000461
C,ka100_req14,28,xxxxxxxxxxxxxxxx0.000004,0.000000,0.000000,0.000436,0.000442
C,ka100_req15,28,xxxxxxxxxxxxxxxx0.000004,0.000000,0.000000,0.000409,0.000416
C,ka100_req16,28,xxxxxxxxxxxxxxxx0.000004,0.000000,0.000000,0.000415,0.000429
C,ka100_req17,28,xxxxxxxxxxxxxxxx0.000003,0.000000,0.000000,0.000457,0.000465
C,ka100_req18,28,xxxxxxxxxxxxxxxx0.000004,0.000000,0.000000,0.000447,0.000455
C,ka100_req19,28,xxxxxxxxxxxxxxxx0.000004,0.000000,0.000000,0.000409,0.000416
C,ka100_req20,28,xxxxxxxxxxxxxxxx0.000003,0.000000,0.000000,0.000410,0.000418
C,ka100_req21,28,xxxxxxxxxxxxxxxx0.000004,0.000000,0.000000,0.000434,0.000448
C,ka100_req22,28,xxxxxxxxxxxxxxxx0.000003,0.000000,0.000000,0.000452,0.000487
C,ka100_req23,28,xxxxxxxxxxxxxxxx0.000003,0.000000,0.000000,0.000425,0.000432
C,ka100_req24,28,xxxxxxxxxxxxxxxx0.000003,0.000000,0.000000,0.000438,0.000445
C,ka100_req25,28,xxxxxxxxxxxxxxxx0.000003,0.000000,0.000000,0.000438,0.000479
C,ka100_req26,28,xxxxxxxxxxxxxxxx0.000004,0.000000,0.000000,0.000441,0.000448
C,ka100_req27,28,xxxxxxxxxxxxxxxx0.000004,0.000000,0.000000,0.000441,0.000480
C,ka100_req28,28,xxxxxxxxxxxxxxxx0.000003,0.000000,0.000000,0.000431,0.000438
C,ka100_req29,28,xxxxxxxxxxxxxxxx0.000003,0.000000,0.000000,0.000408,0.000449
C,ka100_req30,28,xxxxxxxxxxxxxxxx0.000004,0.000000,0.000000,0.000425,0.000465
C,ka100_req31,28,xxxxxxxxxxxxxxxx0.000004,0.000000,0.000000,0.000444,0.000458
C,ka100_req32,28,xxxxxxxxxxxxxxxx0.000003,0.000000,0.000000,0.000409,0.000454
C,ka100_req33,28,xxxxxxxxxxxxxxxx0.000003,0.000000,0.000000,0.000372,0.000379
C,ka100_req34,28,xxxxxxxxxxxxxxxx0.000003,0.000000,0.000000,0.000448,0.000456
C,ka100_req35,28,xxxxxxxxxxxxxxxx0.000003,0.000000,0.000000,0.000405,0.000442
C,ka100_req36,28,xxxxxxxxxxxxxxxx0.000003,0.000000,0.000000,0.000406,0.000456
C,ka100_req37,28,xxxxxxxxxxxxxxxx0.000003,0.000000,0.000000,0.000436,0.000444
C,ka100_req38,28,xxxxxxxxxxxxxxxx0.000003,0.000000,0.000000,0.000414,0.000421
C,ka100_req39,28,xxxxxxxxxxxxxxxx0.000004,0.000000,0.000000,0.000429,0.000463
C,ka100_req40,28,xxxxxxxxxxxxxxxx0.000003,0.000000,0.000000,0.000409,0.000449
C,ka100_req41,28,xxxxxxxxxxxxxxxx0.000002,0.000000,0.000000,0.000472,0.000509
C,ka100_req42,28,xxxxxxxxxxxxxxxx0.000004,0.000000,0.000000,0.000460,0.000465
C,ka100_req43,28,xxxxxxxxxxxxxxxx0.000002,0.000000,0.000000,0.000454,0.000461
C,ka100_req44,28,xxxxxxxxxxxxxxxx0.000003,0.000000,0.000000,0.000439,0.000445
C,ka100_req45,28,xxxxxxxxxxxxxxxx0.000003,0.000000,0.000000,0.000565,0.000604
C,ka100_req46,28,xxxxxxxxxxxxxxxx0.000004,0.000000,0.000000,0.000430,0.000437
C,ka100_req47,28,xxxxxxxxxxxxxxxx0.000003,0.000000,0.000000,0.000456,0.000462
C,ka100_req48,28,xxxxxxxxxxxxxxxx0.000003,0.000000,0.000000,0.000443,0.000449
C,ka100_req49,28,xxxxxxxxxxxxxxxx0.000003,0.000000,0.000000,0.000474,0.000481
C,ka100_req50,28,xxxxxxxxxxxxxxxx0.000004,0.000000,0.000000,0.000445,0.000451
C,ka100_req51,28,xxxxxxxxxxxxxxxx0.000003,0.000000,0.000000,0.000442,0.000447
C,ka100_req52,28,xxxxxxxxxxxxxxxx0.000004,0.000000,0.000000,0.000416,0.000461
C,ka100_req53,28,xxxxxxxxxxxxxxxx0.000003,0.000000,0.000000,0.000431,0.000438
C,ka100_req54,28,xxxxxxxxxxxxxxxx0.000003,0.000000,0.000000,0.000429,0.000437
C,ka100_req55,28,xxxxxxxxxxxxxxxx0.000002,0.000000,0.000000,0.000448,0.000488
C,ka100_req56,28,xxxxxxxxxxxxxxxx0.000003,0.000000,0.000000,0.000517,0.000525
C,ka100_req57,28,xxxxxxxxxxxxxxxx0.000003,0.000000,0.000000,0.000507,0.000514
C,ka100_req58,28,xxxxxxxxxxxxxxxx0.000004,0.000000,0.000000,0.000431,0.000469
C,ka100_req59,28,xxxxxxxxxxxxxxxx0.000003,0.000000,0.000000,0.000431,0.000437
C,ka100_req60,28,xxxxxxxxxxxxxxxx0.000003,0.000000,0.000000,0.000485,0.000525
C,ka100_req61,28,xxxxxxxxxxxxxxxx0.000003,0.000000,0.000000,0.000453,0.000466
C,ka100_req62,28,xxxxxxxxxxxxxxxx0.000002,0.000000,0.000000,0.000438,0.000479
C,ka100_req63,28,xxxxxxxxxxxxxxxx0.000003,0.000000,0.000000,0.000476,0.000483
C,ka100_req64,28,xxxxxxxxxxxxxxxx0.000003,0.000000,0.000000,0.000473,0.000479
C,ka100_req65,28,xxxxxxxxxxxxxxxx0.000002,0.000000,0.000000,0.000500,0.000506
C,ka100_req66,28,xxxxxxxxxxxxxxxx0.000003,0.000000,0.000000,0.000481,0.000488
C,ka100_req67,28,xxxxxxxxxxxxxxxx0.000003,0.000000,0.000000,0.000451,0.000489
C,ka100_req68,28,xxxxxxxxxxxxxxxx0.000003,0.000000,0.000000,0.000419,0.000451
C,ka100_req69,28,xxxxxxxxxxxxxxxx0.000003,0.000000,0.000000,0.000457,0.000463
C,ka100_req70,28,xxxxxxxxxxxxxxxx0.000003,0.000000,0.000000,0.000452,0.000494
C,ka100_req71,28,xxxxxxxxxxxxxxxx0.000003,0.000000,0.000000,0.000482,0.000493
C,ka100_req72,28,xxxxxxxxxxxxxxxx0.000003,0.000000,0.000000,0.000443,0.000483
C,ka100_req73,28,xxxxxxxxxxxxxxxx0.000002,0.000000,0.000000,0.000431,0.000445
C,ka100_req74,28,xxxxxxxxxxxxxxxx0.000002,0.000000,0.000000,0.000432,0.000472
C,ka100_req75,28,xxxxxxxxxxxxxxxx0.000004,0.000000,0.000000,0.000424,0.000433
C,ka100_req76,28,xxxxxxxxxxxxxxxx0.000004,0.000000,0.000000,0.000434,0.000441
C,ka100_req77,28,xxxxxxxxxxxxxxxx0.000004,0.000000,0.000000,0.000421,0.000457
C,ka100_req78,28,xxxxxxxxxxxxxxxx0.000003,0.000000,0.000000,0.000459,0.000466
C,ka100_req79,28,xxxxxxxxxxxxxxxx0.000003,0.000000,0.000000,0.000435,0.000441
C,ka100_req80,28,xxxxxxxxxxxxxxxx0.000003,0.000000,0.000000,0.000417,0.000458
C,ka100_req81,28,xxxxxxxxxxxxxxxx0.000003,0.000000,0.000000,0.000390,0.000403
C,ka100_req82,28,xxxxxxxxxxxxxxxx0.000003,0.000000,0.000000,0.000409,0.000422
C,ka100_req83,28,xxxxxxxxxxxxxxxx0.000003,0.000000,0.000000,0.000436,0.000475
C,ka100_req84,28,xxxxxxxxxxxxxxxx0.000003,0.000000,0.000000,0.000462,0.000469
C,ka100_req85,28,xxxxxxxxxxxxxxxx0.000003,0.000000,0.000000,0.000452,0.000458
C,ka100_req86,28,xxxxxxxxxxxxxxxx0.000003,0.000000,0.000000,0.000444,0.000450
C,ka100_req87,28,xxxxxxxxxxxxxxxx0.000003,0.000000,0.000000,0.000470,0.000475
C,ka100_req88,28,xxxxxxxxxxxxxxxx0.000004,0.000000,0.000000,0.000499,0.000505
C,ka100_req89,28,xxxxxxxxxxxxxxxx0.000004,0.000000,0.000000,0.000445,0.000488
C,ka100_req90,28,xxxxxxxxxxxxxxxx0.000003,0.000000,0.000000,0.000439,0.000450
C,ka100_req91,28,xxxxxxxxxxxxxxxx0.000002,0.000000,0.000000,0.000437,0.000478
C,ka100_req92,28,xxxxxxxxxxxxxxxx0.000003,0.000000,0.000000,0.000432,0.000477
C,ka100_req93,28,xxxxxxxxxxxxxxxx0.000002,0.000000,0.000000,0.000455,0.000462
C,ka100_req94,28,xxxxxxxxxxxxxxxx0.000003,0.000000,0.000000,0.000448,0.000476
C,ka100_req95,28,xxxxxxxxxxxxxxxx0.000004,0.000000,0.000000,0.000463,0.000489
C,ka100_req96,28,xxxxxxxxxxxxxxxx0.000003,0.000000,0.000000,0.000466,0.000494
C,ka100_req97,28,xxxxxxxxxxxxxxxx0.000004,0.000000,0.000000,0.000435,0.000476
C,ka100_req98,28,xxxxxxxxxxxxxxxx0.000003,0.000000,0.000000,0.000417,0.000458
C,ka100_req99,28,xxxxxxxxxxxxxxxx0.000003,0.000000,0.000000,0.000438,0.000480
C,ka100_req100,28,xxxxxxxxxxxxxxxx0.000003,0.000000,0.000000,0.000470,0.000508
C,ka100_req1,29,0.000007,0.000035,0.013671,0.014915,0.014929
C,ka100_req2,29,xxxxxxxxxxxxxxxx0.000006,0.000000,0.000000,0.000457,0.000463
C,ka100_req3,29,xxxxxxxxxxxxxxxx0.000003,0.000000,0.000000,0.000526,0.000534
C,ka100_req4,29,xxxxxxxxxxxxxxxx0.000006,0.000000,0.000000,0.000489,0.000495
C,ka100_req5,29,xxxxxxxxxxxxxxxx0.000003,0.000000,0.000000,0.000461,0.000467
C,ka100_req6,29,xxxxxxxxxxxxxxxx0.000002,0.000000,0.000000,0.000434,0.000443
C,ka100_req7,29,xxxxxxxxxxxxxxxx0.000007,0.000000,0.000000,0.000485,0.000496
C,ka100_req8,29,xxxxxxxxxxxxxxxx0.000006,0.000000,0.000000,0.000476,0.000483
C,ka100_req9,29,xxxxxxxxxxxxxxxx0.000004,0.000000,0.000000,0.000488,0.000494
C,ka100_req10,29,xxxxxxxxxxxxxxxx0.000003,0.000000,0.000000,0.000414,0.000422
C,ka100_req11,29,xxxxxxxxxxxxxxxx0.000004,0.000000,0.000000,0.000422,0.000438
C,ka100_req12,29,xxxxxxxxxxxxxxxx0.000005,0.000000,0.000000,0.000462,0.000470
C,ka100_req13,29,xxxxxxxxxxxxxxxx0.000004,0.000000,0.000000,0.000438,0.000482
C,ka100_req14,29,xxxxxxxxxxxxxxxx0.000004,0.000000,0.000000,0.000417,0.000425
C,ka100_req15,29,xxxxxxxxxxxxxxxx0.000004,0.000000,0.000000,0.000426,0.000433
C,ka100_req16,29,xxxxxxxxxxxxxxxx0.000004,0.000000,0.000000,0.000459,0.000466
C,ka100_req17,29,xxxxxxxxxxxxxxxx0.000003,0.000000,0.000000,0.000454,0.000461
C,ka100_req18,29,xxxxxxxxxxxxxxxx0.000002,0.000000,0.000000,0.000425,0.000431
C,ka100_req19,29,xxxxxxxxxxxxxxxx0.000003,0.000000,0.000000,0.000430,0.000440
C,ka100_req20,29,xxxxxxxxxxxxxxxx0.000004,0.000000,0.000000,0.000446,0.000453
C,ka100_req21,29,xxxxxxxxxxxxxxxx0.000004,0.000000,0.000000,0.000441,0.000448
C,ka100_req22,29,xxxxxxxxxxxxxxxx0.000003,0.000000,0.000000,0.000413,0.000420
C,ka100_req23,29,xxxxxxxxxxxxxxxx0.000003,0.000000,0.000000,0.000433,0.000476
C,ka100_req24,29,xxxxxxxxxxxxxxxx0.000003,0.000000,0.000000,0.000433,0.000440
C,ka100_req25,29,xxxxxxxxxxxxxxxx0.000003,0.000000,0.000000,0.000453,0.000461
C,ka100_req26,29,xxxxxxxxxxxxxxxx0.000003,0.000000,0.000000,0.000460,0.000469
C,ka100_req27,29,xxxxxxxxxxxxxxxx0.000003,0.000000,0.000000,0.000411,0.000417
C,ka100_req28,29,xxxxxxxxxxxxxxxx0.000003,0.000000,0.000000,0.000429,0.000436
C,ka100_req29,29,xxxxxxxxxxxxxxxx0.000003,0.000000,0.000000,0.000403,0.000411
C,ka100_req30,29,xxxxxxxxxxxxxxxx0.000002,0.000000,0.000000,0.000442,0.000450
C,ka100_req31,29,xxxxxxxxxxxxxxxx0.000003,0.000000,0.000000,0.000476,0.000482
C,ka100_req32,29,xxxxxxxxxxxxxxxx0.000003,0.000000,0.000000,0.000449,0.000455
C,ka100_req33,29,xxxxxxxxxxxxxxxx0.000003,0.000000,0.000000,0.000456,0.000462
C,ka100_req34,29,xxxxxxxxxxxxxxxx0.000003,0.000000,0.000000,0.000396,0.000402
C,ka100_req35,29,xxxxxxxxxxxxxxxx0.000004,0.000000,0.000000,0.000416,0.000422
C,ka100_req36,29,xxxxxxxxxxxxxxxx0.000003,0.000000,0.000000,0.000413,0.000418
C,ka100_req37,29,xxxxxxxxxxxxxxxx0.000003,0.000000,0.000000,0.000419,0.000424
C,ka100_req38,29,xxxxxxxxxxxxxxxx0.000003,0.000000,0.000000,0.000435,0.000441
C,ka100_req39,29,xxxxxxxxxxxxxxxx0.000003,0.000000,0.000000,0.000481,0.000487
C,ka100_req40,29,xxxxxxxxxxxxxxxx0.000003,0.000000,0.000000,0.000432,0.000439
C,ka100_req41,29,xxxxxxxxxxxxxxxx0.000003,0.000000,0.000000,0.000466,0.000472
C,ka100_req42,29,xxxxxxxxxxxxxxxx0.000003,0.000000,0.000000,0.000453,0.000458
C,ka100_req43,29,xxxxxxxxxxxxxxxx0.000003,0.000000,0.000000,0.000412,0.000441
C,ka100_req44,29,xxxxxxxxxxxxxxxx0.000003,0.000000,0.000000,0.000420,0.000427
C,ka100_req45,29,xxxxxxxxxxxxxxxx0.000003,0.000000,0.000000,0.000434,0.000441
C,ka100_req46,29,xxxxxxxxxxxxxxxx0.000002,0.000000,0.000000,0.000394,0.000404
C,ka100_req47,29,xxxxxxxxxxxxxxxx0.000003,0.000000,0.000000,0.000463,0.000470
C,ka100_req48,29,xxxxxxxxxxxxxxxx0.000003,0.000000,0.000000,0.000429,0.000435
C,ka100_req49,29,xxxxxxxxxxxxxxxx0.000003,0.000000,0.000000,0.000399,0.000406
C,ka100_req50,29,xxxxxxxxxxxxxxxx0.000004,0.000000,0.000000,0.000402,0.000407
C,ka100_req51,29,xxxxxxxxxxxxxxxx0.000003,0.000000,0.000000,0.000398,0.000406
C,ka100_req52,29,xxxxxxxxxxxxxxxx0.000004,0.000000,0.000000,0.000414,0.000421
C,ka100_req53,29,xxxxxxxxxxxxxxxx0.000004,0.000000,0.000000,0.000463,0.000468
C,ka100_req54,29,xxxxxxxxxxxxxxxx0.000003,0.000000,0.000000,0.000407,0.000414
C,ka100_req55,29,xxxxxxxxxxxxxxxx0.000004,0.000000,0.000000,0.000419,0.000444
C,ka100_req56,29,xxxxxxxxxxxxxxxx0.000004,0.000000,0.000000,0.000405,0.000410
C,ka100_req57,29,xxxxxxxxxxxxxxxx0.000003,0.000000,0.000000,0.000452,0.000459
C,ka100_req58,29,xxxxxxxxxxxxxxxx0.000002,0.000000,0.000000,0.000429,0.000437
C,ka100_req59,29,xxxxxxxxxxxxxxxx0.000002,0.000000,0.000000,0.000429,0.000436
C,ka100_req60,29,xxxxxxxxxxxxxxxx0.000003,0.000000,0.000000,0.000388,0.000399
C,ka100_req61,29,xxxxxxxxxxxxxxxx0.000004,0.000000,0.000000,0.000406,0.000413
C,ka100_req62,29,xxxxxxxxxxxxxxxx0.000004,0.000000,0.000000,0.000373,0.000389
C,ka100_req63,29,xxxxxxxxxxxxxxxx0.000004,0.000000,0.000000,0.000426,0.000432
C,ka100_req64,29,xxxxxxxxxxxxxxxx0.000003,0.000000,0.000000,0.000420,0.000427
C,ka100_req65,29,xxxxxxxxxxxxxxxx0.000003,0.000000,0.000000,0.000436,0.000444
C,ka100_req66,29,xxxxxxxxxxxxxxxx0.000003,0.000000,0.000000,0.000429,0.000435
C,ka100_req67,29,xxxxxxxxxxxxxxxx0.000002,0.000000,0.000000,0.000422,0.000429
C,ka100_req68,29,xxxxxxxxxxxxxxxx0.000004,0.000000,0.000000,0.000432,0.000466
C,ka100_req69,29,xxxxxxxxxxxxxxxx0.000003,0.000000,0.000000,0.000387,0.000395
C,ka100_req70,29,xxxxxxxxxxxxxxxx0.000004,0.000000,0.000000,0.000414,0.000420
C,ka100_req71,29,xxxxxxxxxxxxxxxx0.000003,0.000000,0.000000,0.000438,0.000445
C,ka100_req72,29,xxxxxxxxxxxxxxxx0.000004,0.000000,0.000000,0.000395,0.000400
C,ka100_req73,29,xxxxxxxxxxxxxxxx0.000002,0.000000,0.000000,0.000462,0.000469
C,ka100_req74,29,xxxxxxxxxxxxxxxx0.000003,0.000000,0.000000,0.000432,0.000440
C,ka100_req75,29,xxxxxxxxxxxxxxxx0.000004,0.000000,0.000000,0.000446,0.000453
C,ka100_req76,29,xxxxxxxxxxxxxxxx0.000004,0.000000,0.000000,0.000429,0.000436
C,ka100_req77,29,xxxxxxxxxxxxxxxx0.000003,0.000000,0.000000,0.000438,0.000444
C,ka100_req78,29,xxxxxxxxxxxxxxxx0.000003,0.000000,0.000000,0.000448,0.000454
C,ka100_req79,29,xxxxxxxxxxxxxxxx0.000003,0.000000,0.000000,0.000437,0.000445
C,ka100_req80,29,xxxxxxxxxxxxxxxx0.000003,0.000000,0.000000,0.000419,0.000426
C,ka100_req81,29,xxxxxxxxxxxxxxxx0.000004,0.000000,0.000000,0.000440,0.000448
C,ka100_req82,29,xxxxxxxxxxxxxxxx0.000003,0.000000,0.000000,0.000450,0.000458
C,ka100_req83,29,xxxxxxxxxxxxxxxx0.000003,0.000000,0.000000,0.000438,0.000446
C,ka100_req84,29,xxxxxxxxxxxxxxxx0.000004,0.000000,0.000000,0.000448,0.000455
C,ka100_req85,29,xxxxxxxxxxxxxxxx0.000002,0.000000,0.000000,0.000401,0.000407
C,ka100_req86,29,xxxxxxxxxxxxxxxx0.000003,0.000000,0.000000,0.000404,0.000411
C,ka100_req87,29,xxxxxxxxxxxxxxxx0.000003,0.000000,0.000000,0.000424,0.000430
C,ka100_req88,29,xxxxxxxxxxxxxxxx0.000003,0.000000,0.000000,0.000432,0.000439
C,ka100_req89,29,xxxxxxxxxxxxxxxx0.000003,0.000000,0.000000,0.000427,0.000433
C,ka100_req90,29,xxxxxxxxxxxxxxxx0.000004,0.000000,0.000000,0.000457,0.000463
C,ka100_req91,29,xxxxxxxxxxxxxxxx0.000004,0.000000,0.000000,0.000386,0.000398
C,ka100_req92,29,xxxxxxxxxxxxxxxx0.000003,0.000000,0.000000,0.000434,0.000440
C,ka100_req93,29,xxxxxxxxxxxxxxxx0.000003,0.000000,0.000000,0.000437,0.000444
C,ka100_req94,29,xxxxxxxxxxxxxxxx0.000003,0.000000,0.000000,0.000464,0.000472
C,ka100_req95,29,xxxxxxxxxxxxxxxx0.000003,0.000000,0.000000,0.000427,0.000434
C,ka100_req96,29,xxxxxxxxxxxxxxxx0.000003,0.000000,0.000000,0.000389,0.000428
C,ka100_req97,29,xxxxxxxxxxxxxxxx0.000003,0.000000,0.000000,0.000434,0.000440
C,ka100_req98,29,xxxxxxxxxxxxxxxx0.000003,0.000000,0.000000,0.000411,0.000418
C,ka100_req99,29,xxxxxxxxxxxxxxxx0.000004,0.000000,0.000000,0.000464,0.000471
C,ka100_req100,29,xxxxxxxxxxxxxxxx0.000003,0.000000,0.000000,0.000441,0.000447
C,ka100_req1,30,0.000007,0.000030,0.013563,0.014729,0.014744
C,ka100_req2,30,xxxxxxxxxxxxxxxx0.000006,0.000000,0.000000,0.000464,0.000476
C,ka100_req3,30,xxxxxxxxxxxxxxxx0.000008,0.000000,0.000000,0.000583,0.000590
C,ka100_req4,30,xxxxxxxxxxxxxxxx0.000007,0.000000,0.000000,0.000477,0.000483
C,ka100_req5,30,xxxxxxxxxxxxxxxx0.000003,0.000000,0.000000,0.000503,0.000513
C,ka100_req6,30,xxxxxxxxxxxxxxxx0.000007,0.000000,0.000000,0.000484,0.000490
C,ka100_req7,30,xxxxxxxxxxxxxxxx0.000004,0.000000,0.000000,0.000480,0.000485
C,ka100_req8,30,xxxxxxxxxxxxxxxx0.000003,0.000000,0.000000,0.000465,0.000473
C,ka100_req9,30,xxxxxxxxxxxxxxxx0.000004,0.000000,0.000000,0.000420,0.000425
C,ka100_req10,30,xxxxxxxxxxxxxxxx0.000003,0.000000,0.000000,0.000444,0.000482
C,ka100_req11,30,xxxxxxxxxxxxxxxx0.000003,0.000000,0.000000,0.000435,0.000464
C,ka100_req12,30,xxxxxxxxxxxxxxxx0.000004,0.000000,0.000000,0.000445,0.000451
C,ka100_req13,30,xxxxxxxxxxxxxxxx0.000003,0.000000,0.000000,0.000467,0.000476
C,ka100_req14,30,xxxxxxxxxxxxxxxx0.000005,0.000000,0.000000,0.000458,0.000464
C,ka100_req15,30,xxxxxxxxxxxxxxxx0.000004,0.000000,0.000000,0.000421,0.000431
C,ka100_req16,30,xxxxxxxxxxxxxxxx0.000004,0.000000,0.000000,0.000443,0.000451
C,ka100_req17,30,xxxxxxxxxxxxxxxx0.000004,0.000000,0.000000,0.000421,0.000427
C,ka100_req18,30,xxxxxxxxxxxxxxxx0.000004,0.000000,0.000000,0.000491,0.000497
C,ka100_req19,30,xxxxxxxxxxxxxxxx0.000003,0.000000,0.000000,0.000438,0.000444
C,ka100_req20,30,xxxxxxxxxxxxxxxx0.000004,0.000000,0.000000,0.000455,0.000462
C,ka100_req21,30,xxxxxxxxxxxxxxxx0.000003,0.000000,0.000000,0.000427,0.000433
C,ka100_req22,30,xxxxxxxxxxxxxxxx0.000003,0.000000,0.000000,0.000445,0.000483
C,ka100_req23,30,xxxxxxxxxxxxxxxx0.000004,0.000000,0.000000,0.000433,0.000470
C,ka100_req24,30,xxxxxxxxxxxxxxxx0.000003,0.000000,0.000000,0.000406,0.000416
C,ka100_req25,30,xxxxxxxxxxxxxxxx0.000003,0.000000,0.000000,0.000508,0.000516
C,ka100_req26,30,xxxxxxxxxxxxxxxx0.000003,0.000000,0.000000,0.000457,0.000466
C,ka100_req27,30,xxxxxxxxxxxxxxxx0.000004,0.000000,0.000000,0.000490,0.000496
C,ka100_req28,30,xxxxxxxxxxxxxxxx0.000003,0.000000,0.000000,0.000430,0.000474
C,ka100_req29,30,xxxxxxxxxxxxxxxx0.000004,0.000000,0.000000,0.000446,0.000452
C,ka100_req30,30,xxxxxxxxxxxxxxxx0.000003,0.000000,0.000000,0.000423,0.000462
C,ka100_req31,30,xxxxxxxxxxxxxxxx0.000004,0.000000,0.000000,0.000456,0.000467
C,ka100_req32,30,xxxxxxxxxxxxxxxx0.000003,0.000000,0.000000,0.000429,0.000469
C,ka100_req33,30,xxxxxxxxxxxxxxxx0.000003,0.000000,0.000000,0.000444,0.000479
C,ka100_req34,30,xxxxxxxxxxxxxxxx0.000004,0.000000,0.000000,0.000464,0.000470
C,ka100_req35,30,xxxxxxxxxxxxxxxx0.000003,0.000000,0.000000,0.000427,0.000435
C,ka100_req36,30,xxxxxxxxxxxxxxxx0.000003,0.000000,0.000000,0.000471,0.000504
C,ka100_req37,30,xxxxxxxxxxxxxxxx0.000004,0.000000,0.000000,0.000464,0.000478
C,ka100_req38,30,xxxxxxxxxxxxxxxx0.000003,0.000000,0.000000,0.000429,0.000436
C,ka100_req39,30,xxxxxxxxxxxxxxxx0.000003,0.000000,0.000000,0.000421,0.000435
C,ka100_req40,30,xxxxxxxxxxxxxxxx0.000004,0.000000,0.000000,0.000394,0.000426
C,ka100_req41,30,xxxxxxxxxxxxxxxx0.000002,0.000000,0.000000,0.000433,0.000440
C,ka100_req42,30,xxxxxxxxxxxxxxxx0.000004,0.000000,0.000000,0.000418,0.000424
C,ka100_req43,30,xxxxxxxxxxxxxxxx0.000003,0.000000,0.000000,0.000440,0.000476
C,ka100_req44,30,xxxxxxxxxxxxxxxx0.000003,0.000000,0.000000,0.000410,0.000423
C,ka100_req45,30,xxxxxxxxxxxxxxxx0.000003,0.000000,0.000000,0.000413,0.000420
C,ka100_req46,30,xxxxxxxxxxxxxxxx0.000003,0.000000,0.000000,0.000446,0.000452
C,ka100_req47,30,xxxxxxxxxxxxxxxx0.000004,0.000000,0.000000,0.000476,0.000489
C,ka100_req48,30,xxxxxxxxxxxxxxxx0.000003,0.000000,0.000000,0.000472,0.000478
C,ka100_req49,30,xxxxxxxxxxxxxxxx0.000004,0.000000,0.000000,0.000477,0.000505
C,ka100_req50,30,xxxxxxxxxxxxxxxx0.000003,0.000000,0.000000,0.000430,0.000435
C,ka100_req51,30,xxxxxxxxxxxxxxxx0.000002,0.000000,0.000000,0.000455,0.000489
C,ka100_req52,30,xxxxxxxxxxxxxxxx0.000004,0.000000,0.000000,0.000436,0.000443
C,ka100_req53,30,xxxxxxxxxxxxxxxx0.000003,0.000000,0.000000,0.000442,0.000449
C,ka100_req54,30,xxxxxxxxxxxxxxxx0.000004,0.000000,0.000000,0.000442,0.000476
C,ka100_req55,30,xxxxxxxxxxxxxxxx0.000003,0.000000,0.000000,0.000424,0.000430
C,ka100_req56,30,xxxxxxxxxxxxxxxx0.000003,0.000000,0.000000,0.000450,0.000458
C,ka100_req57,30,xxxxxxxxxxxxxxxx0.000003,0.000000,0.000000,0.000412,0.000423
C,ka100_req58,30,xxxxxxxxxxxxxxxx0.000004,0.000000,0.000000,0.000410,0.000416
C,ka100_req59,30,xxxxxxxxxxxxxxxx0.000003,0.000000,0.000000,0.000427,0.000434
C,ka100_req60,30,xxxxxxxxxxxxxxxx0.000004,0.000000,0.000000,0.000388,0.000399
C,ka100_req61,30,xxxxxxxxxxxxxxxx0.000003,0.000000,0.000000,0.000434,0.000476
C,ka100_req62,30,xxxxxxxxxxxxxxxx0.000003,0.000000,0.000000,0.000421,0.000434
C,ka100_req63,30,xxxxxxxxxxxxxxxx0.000003,0.000000,0.000000,0.000430,0.000470
C,ka100_req64,30,xxxxxxxxxxxxxxxx0.000004,0.000000,0.000000,0.000484,0.000535
C,ka100_req65,30,xxxxxxxxxxxxxxxx0.000003,0.000000,0.000000,0.000454,0.000460
C,ka100_req66,30,xxxxxxxxxxxxxxxx0.000003,0.000000,0.000000,0.000464,0.000477
C,ka100_req67,30,xxxxxxxxxxxxxxxx0.000004,0.000000,0.000000,0.000428,0.000472
C,ka100_req68,30,xxxxxxxxxxxxxxxx0.000004,0.000000,0.000000,0.000397,0.000409
C,ka100_req69,30,xxxxxxxxxxxxxxxx0.000003,0.000000,0.000000,0.000439,0.000445
C,ka100_req70,30,xxxxxxxxxxxxxxxx0.000003,0.000000,0.000000,0.000392,0.000404
C,ka100_req71,30,xxxxxxxxxxxxxxxx0.000004,0.000000,0.000000,0.000442,0.000476
C,ka100_req72,30,xxxxxxxxxxxxxxxx0.000004,0.000000,0.000000,0.000400,0.000407
C,ka100_req73,30,xxxxxxxxxxxxxxxx0.000003,0.000000,0.000000,0.000424,0.000431
C,ka100_req74,30,xxxxxxxxxxxxxxxx0.000004,0.000000,0.000000,0.000450,0.000456
C,ka100_req75,30,xxxxxxxxxxxxxxxx0.000004,0.000000,0.000000,0.000404,0.000444
C,ka100_req76,30,xxxxxxxxxxxxxxxx0.000003,0.000000,0.000000,0.000459,0.000473
C,ka100_req77,30,xxxxxxxxxxxxxxxx0.000003,0.000000,0.000000,0.000408,0.000449
C,ka100_req78,30,xxxxxxxxxxxxxxxx0.000004,0.000000,0.000000,0.000394,0.000433
C,ka100_req79,30,xxxxxxxxxxxxxxxx0.000003,0.000000,0.000000,0.000414,0.000455
C,ka100_req80,30,xxxxxxxxxxxxxxxx0.000003,0.000000,0.000000,0.000377,0.000418
C,ka100_req81,30,xxxxxxxxxxxxxxxx0.000004,0.000000,0.000000,0.000409,0.000447
C,ka100_req82,30,xxxxxxxxxxxxxxxx0.000003,0.000000,0.000000,0.000438,0.000446
C,ka100_req83,30,xxxxxxxxxxxxxxxx0.000003,0.000000,0.000000,0.000436,0.000443
C,ka100_req84,30,xxxxxxxxxxxxxxxx0.000004,0.000000,0.000000,0.000424,0.000463
C,ka100_req85,30,xxxxxxxxxxxxxxxx0.000003,0.000000,0.000000,0.000425,0.000460
C,ka100_req86,30,xxxxxxxxxxxxxxxx0.000003,0.000000,0.000000,0.000452,0.000488
C,ka100_req87,30,xxxxxxxxxxxxxxxx0.000003,0.000000,0.000000,0.000427,0.000438
C,ka100_req88,30,xxxxxxxxxxxxxxxx0.000003,0.000000,0.000000,0.000383,0.000389
C,ka100_req89,30,xxxxxxxxxxxxxxxx0.000004,0.000000,0.000000,0.000404,0.000433
C,ka100_req90,30,xxxxxxxxxxxxxxxx0.000003,0.000000,0.000000,0.000427,0.000432
C,ka100_req91,30,xxxxxxxxxxxxxxxx0.000003,0.000000,0.000000,0.000403,0.000410
C,ka100_req92,30,xxxxxxxxxxxxxxxx0.000003,0.000000,0.000000,0.000408,0.000416
C,ka100_req93,30,xxxxxxxxxxxxxxxx0.000004,0.000000,0.000000,0.000437,0.000443
C,ka100_req94,30,xxxxxxxxxxxxxxxx0.000003,0.000000,0.000000,0.000430,0.000442
C,ka100_req95,30,xxxxxxxxxxxxxxxx0.000003,0.000000,0.000000,0.000426,0.000432
C,ka100_req96,30,xxxxxxxxxxxxxxxx0.000003,0.000000,0.000000,0.000404,0.000410
C,ka100_req97,30,xxxxxxxxxxxxxxxx0.000004,0.000000,0.000000,0.000420,0.000447
C,ka100_req98,30,xxxxxxxxxxxxxxxx0.000004,0.000000,0.000000,0.000459,0.000466
C,ka100_req99,30,xxxxxxxxxxxxxxxx0.000003,0.000000,0.000000,0.000427,0.000434
C,ka100_req100,30,xxxxxxxxxxxxxxxx0.000004,0.000000,0.000000,0.000477,0.000516
C,hdr_1k,1,0.000007,0.000034,0.013391,0.014693,0.014711
C,hdr_1k,2,0.000007,0.000028,0.013334,0.014939,0.014955
C,hdr_1k,3,0.000006,0.000026,0.013383,0.014888,0.014907
C,hdr_1k,4,0.000006,0.000028,0.013575,0.014753,0.014771
C,hdr_1k,5,0.000007,0.000027,0.013412,0.014705,0.014718
C,hdr_1k,6,0.000007,0.000032,0.013414,0.014812,0.014824
C,hdr_1k,7,0.000007,0.000028,0.013465,0.015176,0.015191
C,hdr_1k,8,0.000008,0.000029,0.013668,0.015292,0.015306
C,hdr_1k,9,0.000007,0.000026,0.013135,0.014643,0.014655
C,hdr_1k,10,0.000008,0.000029,0.013473,0.014902,0.014915
C,hdr_1k,11,0.000008,0.000029,0.013339,0.014502,0.014519
C,hdr_1k,12,0.000007,0.000027,0.013216,0.014409,0.014426
C,hdr_1k,13,0.000010,0.000039,0.013374,0.014538,0.014552
C,hdr_1k,14,0.000007,0.000026,0.013195,0.014435,0.014449
C,hdr_1k,15,0.000008,0.000028,0.013438,0.015346,0.015364
C,hdr_1k,16,0.000008,0.000029,0.013436,0.014818,0.014843
C,hdr_1k,17,0.000007,0.000030,0.013561,0.014775,0.014791
C,hdr_1k,18,0.000007,0.000026,0.013682,0.015276,0.015291
C,hdr_1k,19,0.000007,0.000027,0.013242,0.014790,0.014808
C,hdr_1k,20,0.000007,0.000027,0.013265,0.014854,0.014869
C,hdr_1k,21,0.000007,0.000026,0.013305,0.014687,0.014699
C,hdr_1k,22,0.000007,0.000025,0.013182,0.014755,0.014772
C,hdr_1k,23,0.000008,0.000029,0.014143,0.015889,0.015912
C,hdr_1k,24,0.000008,0.000040,0.014267,0.015743,0.015764
C,hdr_1k,25,0.000008,0.000040,0.013433,0.014996,0.015018
C,hdr_1k,26,0.000008,0.000035,0.013602,0.015254,0.015268
C,hdr_1k,27,0.000007,0.000029,0.013624,0.015067,0.015082
C,hdr_1k,28,0.000009,0.000030,0.013209,0.014417,0.014433
C,hdr_1k,29,0.000008,0.000029,0.013409,0.014789,0.014807
C,hdr_1k,30,0.000007,0.000029,0.013332,0.014955,0.014971
C,hdr_4k,1,0.000007,0.000029,0.013438,0.015052,0.015066
C,hdr_4k,2,0.000008,0.000028,0.013324,0.014618,0.014633
C,hdr_4k,3,0.000008,0.000028,0.013491,0.014726,0.014739
C,hdr_4k,4,0.000007,0.000029,0.013435,0.015269,0.015285
C,hdr_4k,5,0.000008,0.000028,0.013167,0.014349,0.014364
C,hdr_4k,6,0.000007,0.000028,0.013290,0.014970,0.014983
C,hdr_4k,7,0.000008,0.000028,0.013492,0.015047,0.015062
C,hdr_4k,8,0.000007,0.000031,0.013194,0.014404,0.014417
C,hdr_4k,9,0.000009,0.000036,0.013716,0.015074,0.015094
C,hdr_4k,10,0.000008,0.000032,0.013234,0.014491,0.014513
C,hdr_4k,11,0.000009,0.000032,0.013298,0.014806,0.014832
C,hdr_4k,12,0.000008,0.000029,0.013452,0.014737,0.014754
C,hdr_4k,13,0.000007,0.000030,0.013482,0.014930,0.014944
C,hdr_4k,14,0.000009,0.000042,0.013945,0.015233,0.015253
C,hdr_4k,15,0.000008,0.000030,0.013817,0.015168,0.015185
C,hdr_4k,16,0.000007,0.000028,0.013375,0.014541,0.014558
C,hdr_4k,17,0.000007,0.000029,0.013491,0.014927,0.014944
C,hdr_4k,18,0.000007,0.000027,0.013220,0.014363,0.014377
C,hdr_4k,19,0.000007,0.000030,0.013534,0.015456,0.015475
C,hdr_4k,20,0.000007,0.000030,0.013761,0.015127,0.015140
C,hdr_4k,21,0.000010,0.000034,0.013891,0.015239,0.015267
C,hdr_4k,22,0.000006,0.000027,0.013239,0.014838,0.014856
C,hdr_4k,23,0.000008,0.000031,0.013586,0.014945,0.014961
C,hdr_4k,24,0.000007,0.000026,0.013578,0.015029,0.015045
C,hdr_4k,25,0.000007,0.000028,0.013531,0.015457,0.015474
C,hdr_4k,26,0.000006,0.000026,0.013594,0.015293,0.015312
C,hdr_4k,27,0.000007,0.000030,0.013126,0.015457,0.015473
C,hdr_4k,28,0.000007,0.000027,0.013225,0.014935,0.014949
C,hdr_4k,29,0.000007,0.000027,0.013524,0.015047,0.015063
C,hdr_4k,30,0.000007,0.000026,0.013400,0.014763,0.014778
C,hdr_12k,1,0.000007,0.000031,0.013382,0.015577,0.015593
C,hdr_12k,2,0.000007,0.000028,0.013259,0.015465,0.015491
C,hdr_12k,3,0.000007,0.000028,0.013096,0.014749,0.014766
C,hdr_12k,4,0.000007,0.000027,0.013222,0.014711,0.014725
C,hdr_12k,5,0.000007,0.000033,0.013316,0.014934,0.014952
C,hdr_12k,6,0.000007,0.000029,0.013366,0.015647,0.015662
C,hdr_12k,7,0.000007,0.000029,0.013150,0.014912,0.014926
C,hdr_12k,8,0.000007,0.000025,0.013404,0.016232,0.016244
C,hdr_12k,9,0.000007,0.000033,0.013190,0.014715,0.014730
C,hdr_12k,10,0.000007,0.000029,0.013246,0.014838,0.014853
C,hdr_12k,11,0.000007,0.000028,0.013422,0.014948,0.014972
C,hdr_12k,12,0.000007,0.000025,0.013489,0.014972,0.014989
C,hdr_12k,13,0.000007,0.000030,0.013376,0.015133,0.015146
C,hdr_12k,14,0.000009,0.000030,0.013429,0.015565,0.015584
C,hdr_12k,15,0.000007,0.000029,0.013200,0.014924,0.014937
C,hdr_12k,16,0.000007,0.000025,0.013314,0.015077,0.015089
C,hdr_12k,17,0.000007,0.000032,0.013227,0.015000,0.015014
C,hdr_12k,18,0.000007,0.000026,0.013313,0.015119,0.015141
C,hdr_12k,19,0.000007,0.000025,0.013286,0.015094,0.015109
C,hdr_12k,20,0.000008,0.000033,0.014608,0.016245,0.016276
C,hdr_12k,21,0.000009,0.000044,0.014117,0.015698,0.015724
C,hdr_12k,22,0.000009,0.000047,0.015675,0.018100,0.018131
C,hdr_12k,23,0.000009,0.000044,0.013721,0.015638,0.015655
C,hdr_12k,24,0.000013,0.000038,0.013570,0.015633,0.015665
C,hdr_12k,25,0.000007,0.000031,0.013381,0.015198,0.015210
C,hdr_12k,26,0.000007,0.000030,0.013499,0.015158,0.015173
C,hdr_12k,27,0.000007,0.000029,0.013517,0.015530,0.015548
C,hdr_12k,28,0.000007,0.000029,0.013336,0.015332,0.015349
C,hdr_12k,29,0.000007,0.000027,0.013346,0.015345,0.015358
C,hdr_12k,30,0.000007,0.000026,0.013366,0.014964,0.014978
