A,resp_1k,1,0.000008,0.000166,0.002898,0.003464,0.003509
A,resp_1k,2,0.000008,0.000166,0.001789,0.002144,0.002191
A,resp_1k,3,0.000007,0.000147,0.000926,0.001195,0.001234
A,resp_1k,4,0.000007,0.000159,0.000893,0.001136,0.001167
A,resp_1k,5,0.000006,0.000163,0.000837,0.001064,0.001094
A,resp_1k,6,0.000005,0.000139,0.000779,0.000983,0.001011
A,resp_1k,7,0.000006,0.000161,0.000845,0.001082,0.001111
A,resp_1k,8,0.000006,0.000143,0.000794,0.001002,0.001029
A,resp_1k,9,0.000005,0.000134,0.000800,0.000987,0.001016
A,resp_1k,10,0.000005,0.000164,0.000829,0.001017,0.001046
A,resp_1k,11,0.000006,0.000105,0.000863,0.001301,0.001356
A,resp_1k,12,0.000007,0.000161,0.000850,0.001091,0.001122
A,resp_1k,13,0.000006,0.000158,0.000935,0.001214,0.001254
A,resp_1k,14,0.000006,0.000107,0.000774,0.000991,0.001021
A,resp_1k,15,0.000006,0.000149,0.000907,0.001098,0.001130
A,resp_1k,16,0.000005,0.000139,0.000796,0.000992,0.001020
A,resp_1k,17,0.000005,0.000159,0.000775,0.000965,0.000992
A,resp_1k,18,0.000006,0.000150,0.000789,0.000970,0.000997
A,resp_1k,19,0.000006,0.000107,0.000791,0.001005,0.001035
A,resp_1k,20,0.000007,0.000124,0.000780,0.000969,0.000998
A,resp_1k,21,0.000005,0.000146,0.000778,0.000971,0.001000
A,resp_1k,22,0.000006,0.000159,0.000795,0.000989,0.001016
A,resp_1k,23,0.000006,0.000172,0.000806,0.001037,0.001065
A,resp_1k,24,0.000005,0.000128,0.000757,0.000937,0.000964
A,resp_1k,25,0.000006,0.000145,0.000769,0.000961,0.000989
A,resp_1k,26,0.000005,0.000150,0.000780,0.000952,0.000980
A,resp_1k,27,0.000006,0.000164,0.000787,0.000971,0.001000
A,resp_1k,28,0.000005,0.000151,0.000765,0.000939,0.000968
A,resp_1k,29,0.000005,0.000133,0.000739,0.000910,0.000939
A,resp_1k,30,0.000005,0.000142,0.000742,0.000889,0.000913
A,req_1k,1,0.000006,0.000135,0.000748,0.000989,0.001015
A,req_1k,2,0.000007,0.000149,0.000797,0.001012,0.001034
A,req_1k,3,0.000007,0.000168,0.000794,0.001027,0.001050
A,req_1k,4,0.000007,0.000152,0.000860,0.001080,0.001109
A,req_1k,5,0.000007,0.000157,0.000827,0.001050,0.001078
A,req_1k,6,0.000007,0.000184,0.000850,0.001090,0.001115
A,req_1k,7,0.000006,0.000161,0.000792,0.000983,0.001006
A,req_1k,8,0.000006,0.000133,0.000777,0.000973,0.000996
A,req_1k,9,0.000007,0.000157,0.000776,0.000998,0.001021
A,req_1k,10,0.000006,0.000158,0.000798,0.000995,0.001020
A,req_1k,11,0.000007,0.000161,0.000786,0.000974,0.001000
A,req_1k,12,0.000006,0.000149,0.000767,0.000935,0.000959
A,req_1k,13,0.000006,0.000142,0.000762,0.000963,0.000987
A,req_1k,14,0.000007,0.000164,0.000861,0.001076,0.001101
A,req_1k,15,0.000006,0.000149,0.000780,0.000979,0.001002
A,req_1k,16,0.000007,0.000131,0.000796,0.000992,0.001015
A,req_1k,17,0.000006,0.000185,0.000895,0.001144,0.001169
A,req_1k,18,0.000006,0.000155,0.000774,0.000954,0.000974
A,req_1k,19,0.000007,0.000157,0.000808,0.001002,0.001028
A,req_1k,20,0.000006,0.000145,0.000793,0.000976,0.000998
A,req_1k,21,0.000009,0.000147,0.000824,0.000966,0.000989
A,req_1k,22,0.000007,0.000155,0.000795,0.000996,0.001021
A,req_1k,23,0.000006,0.000141,0.000771,0.000938,0.000960
A,req_1k,24,0.000006,0.000131,0.000743,0.000958,0.000982
A,req_1k,25,0.000006,0.000153,0.000764,0.000955,0.000979
A,req_1k,26,0.000007,0.000138,0.000810,0.001024,0.001050
A,req_1k,27,0.000006,0.000134,0.000758,0.000954,0.000977
A,req_1k,28,0.000006,0.000155,0.000862,0.001123,0.001148
A,req_1k,29,0.000008,0.000175,0.000863,0.001087,0.001112
A,req_1k,30,0.000006,0.000159,0.000825,0.001032,0.001056
A,resp_100k,1,0.000006,0.000151,0.000810,0.001019,0.001568
A,resp_100k,2,0.000006,0.000168,0.000802,0.000995,0.001542
A,resp_100k,3,0.000005,0.000136,0.000821,0.001017,0.001568
A,resp_100k,4,0.000005,0.000130,0.000746,0.000937,0.001470
A,resp_100k,5,0.000004,0.000142,0.000769,0.000947,0.001495
A,resp_100k,6,0.000005,0.000144,0.000762,0.000943,0.001498
A,resp_100k,7,0.000005,0.000147,0.000764,0.000940,0.001485
A,resp_100k,8,0.000005,0.000142,0.000785,0.000966,0.001508
A,resp_100k,9,0.000004,0.000145,0.000762,0.000921,0.001462
A,resp_100k,10,0.000005,0.000149,0.000754,0.000925,0.001477
A,resp_100k,11,0.000006,0.000130,0.000779,0.000966,0.001500
A,resp_100k,12,0.000006,0.000155,0.000797,0.000957,0.001516
A,resp_100k,13,0.000005,0.000147,0.000804,0.000983,0.001532
A,resp_100k,14,0.000006,0.000134,0.000788,0.000969,0.001532
A,resp_100k,15,0.000006,0.000156,0.000810,0.000991,0.001546
A,resp_100k,16,0.000005,0.000130,0.000746,0.000919,0.001456
A,resp_100k,17,0.000005,0.000150,0.000782,0.000987,0.001563
A,resp_100k,18,0.000005,0.000141,0.000781,0.000973,0.001513
A,resp_100k,19,0.000006,0.000143,0.000796,0.000993,0.001534
A,resp_100k,20,0.000005,0.000144,0.000773,0.000956,0.001494
A,resp_100k,21,0.000005,0.000126,0.000736,0.000904,0.001449
A,resp_100k,22,0.000007,0.000164,0.000873,0.001093,0.001628
A,resp_100k,23,0.000006,0.000127,0.000791,0.000972,0.001513
A,resp_100k,24,0.000005,0.000134,0.000784,0.000970,0.001523
A,resp_100k,25,0.000006,0.000159,0.000821,0.001018,0.001570
A,resp_100k,26,0.000006,0.000149,0.000815,0.001032,0.001587
A,resp_100k,27,0.000005,0.000131,0.000791,0.000975,0.001511
A,resp_100k,28,0.000005,0.000139,0.000787,0.000964,0.001508
A,resp_100k,29,0.000005,0.000107,0.000781,0.000989,0.001542
A,resp_100k,30,0.000006,0.000159,0.000826,0.001043,0.001592
A,req_100k,1,0.000005,0.000144,0.000781,0.001489,0.001510
A,req_100k,2,0.000006,0.000148,0.000801,0.001469,0.001492
A,req_100k,3,0.000005,0.000134,0.000780,0.001474,0.001495
A,req_100k,4,0.000005,0.000167,0.000809,0.001477,0.001499
A,req_100k,5,0.000006,0.000167,0.000838,0.001505,0.001529
A,req_100k,6,0.000006,0.000163,0.000811,0.001467,0.001488
A,req_100k,7,0.000005,0.000162,0.000799,0.001437,0.001462
A,req_100k,8,0.000006,0.000154,0.000786,0.001430,0.001452
A,req_100k,9,0.000006,0.000145,0.000804,0.001465,0.001487
A,req_100k,10,0.000006,0.000132,0.000797,0.001465,0.001487
A,req_100k,11,0.000006,0.000165,0.000798,0.001452,0.001474
A,req_100k,12,0.000006,0.000154,0.000792,0.001451,0.001473
A,req_100k,13,0.000005,0.000147,0.000785,0.001444,0.001466
A,req_100k,14,0.000005,0.000163,0.000774,0.001428,0.001449
A,req_100k,15,0.000006,0.000106,0.000757,0.001444,0.001468
A,req_100k,16,0.000004,0.000127,0.000764,0.001432,0.001453
A,req_100k,17,0.000005,0.000157,0.000834,0.001489,0.001520
A,req_100k,18,0.000006,0.000150,0.000807,0.001464,0.001486
A,req_100k,19,0.000004,0.000142,0.000843,0.001513,0.001535
A,req_100k,20,0.000005,0.000147,0.000780,0.001441,0.001462
A,req_100k,21,0.000005,0.000130,0.000745,0.001387,0.001409
A,req_100k,22,0.000004,0.000142,0.000759,0.001419,0.001443
A,req_100k,23,0.000007,0.000120,0.000759,0.001395,0.001416
A,req_100k,24,0.000007,0.000129,0.000774,0.001390,0.001414
A,req_100k,25,0.000006,0.000109,0.000809,0.001501,0.001527
A,req_100k,26,0.000009,0.000137,0.000930,0.001613,0.001642
A,req_100k,27,0.000006,0.000139,0.000793,0.001466,0.001487
A,req_100k,28,0.000005,0.000148,0.000786,0.001482,0.001507
A,req_100k,29,0.000006,0.000114,0.000818,0.001483,0.001509
A,req_100k,30,0.000006,0.000146,0.000777,0.001443,0.001464
A,resp_1024k,1,0.000007,0.000154,0.000827,0.001044,0.006226
A,resp_1024k,2,0.000006,0.000163,0.000823,0.001041,0.006229
A,resp_1024k,3,0.000005,0.000141,0.000776,0.000957,0.006044
A,resp_1024k,4,0.000006,0.000153,0.000790,0.000993,0.006027
A,resp_1024k,5,0.000006,0.000132,0.000772,0.000947,0.006172
A,resp_1024k,6,0.000005,0.000151,0.000805,0.001012,0.006130
A,resp_1024k,7,0.000006,0.000112,0.000735,0.000906,0.006110
A,resp_1024k,8,0.000006,0.000159,0.000822,0.001011,0.006203
A,resp_1024k,9,0.000006,0.000139,0.000779,0.000990,0.006074
A,resp_1024k,10,0.000006,0.000150,0.000814,0.000988,0.006180
A,resp_1024k,11,0.000006,0.000154,0.000872,0.001092,0.006355
A,resp_1024k,12,0.000006,0.000144,0.000795,0.001025,0.006446
A,resp_1024k,13,0.000005,0.000145,0.000810,0.001019,0.006151
A,resp_1024k,14,0.000008,0.000130,0.000860,0.001124,0.006305
A,resp_1024k,15,0.000007,0.000166,0.000846,0.001057,0.006330
A,resp_1024k,16,0.000005,0.000140,0.000802,0.001016,0.006156
A,resp_1024k,17,0.000006,0.000137,0.000777,0.000970,0.006166
A,resp_1024k,18,0.000006,0.000167,0.000839,0.001047,0.006196
A,resp_1024k,19,0.000005,0.000150,0.000788,0.000990,0.006384
A,resp_1024k,20,0.000006,0.000164,0.000861,0.001106,0.006277
A,resp_1024k,21,0.000006,0.000152,0.000821,0.001028,0.006209
A,resp_1024k,22,0.000006,0.000157,0.000851,0.001059,0.006258
A,resp_1024k,23,0.000005,0.000128,0.000768,0.000948,0.006101
A,resp_1024k,24,0.000008,0.000109,0.000814,0.001031,0.006305
A,resp_1024k,25,0.000006,0.000160,0.000814,0.001008,0.006182
A,resp_1024k,26,0.000008,0.000165,0.000898,0.001093,0.006256
A,resp_1024k,27,0.000006,0.000147,0.000836,0.001048,0.006277
A,resp_1024k,28,0.000005,0.000148,0.000804,0.001003,0.006211
A,resp_1024k,29,0.000006,0.000177,0.000828,0.001050,0.006258
A,resp_1024k,30,0.000006,0.000140,0.000792,0.000994,0.006099
A,req_1024k,1,0.000006,0.000143,0.000817,0.006512,0.006536
A,req_1024k,2,0.000006,0.000163,0.000851,0.006654,0.006680
A,req_1024k,3,0.000006,0.000160,0.000834,0.006703,0.006738
A,req_1024k,4,0.000006,0.000155,0.000864,0.006476,0.006500
A,req_1024k,5,0.000007,0.000131,0.000784,0.006647,0.006679
A,req_1024k,6,0.000005,0.000154,0.000835,0.006564,0.006588
A,req_1024k,7,0.000006,0.000144,0.000817,0.006605,0.006632
A,req_1024k,8,0.000005,0.000129,0.000756,0.006386,0.006410
A,req_1024k,9,0.000005,0.000153,0.000851,0.006625,0.006654
A,req_1024k,10,0.000007,0.000140,0.000794,0.006518,0.006541
A,req_1024k,11,0.000005,0.000144,0.000834,0.006527,0.006554
A,req_1024k,12,0.000006,0.000138,0.000811,0.006609,0.006637
A,req_1024k,13,0.000006,0.000136,0.000830,0.006577,0.006602
A,req_1024k,14,0.000006,0.000135,0.000789,0.006575,0.006596
A,req_1024k,15,0.000007,0.000165,0.000865,0.006673,0.006696
A,req_1024k,16,0.000006,0.000131,0.000752,0.006520,0.006547
A,req_1024k,17,0.000006,0.000154,0.000870,0.006688,0.006718
A,req_1024k,18,0.000006,0.000133,0.000791,0.006742,0.006778
A,req_1024k,19,0.000006,0.000143,0.000825,0.006587,0.006609
A,req_1024k,20,0.000006,0.000124,0.000765,0.006477,0.006502
A,req_1024k,21,0.000006,0.000149,0.000802,0.006704,0.006754
A,req_1024k,22,0.000009,0.000156,0.001049,0.006933,0.006979
A,req_1024k,23,0.000007,0.000160,0.000852,0.006801,0.006857
A,req_1024k,24,0.000006,0.000151,0.000845,0.007314,0.007354
A,req_1024k,25,0.000006,0.000147,0.000841,0.006530,0.006555
A,req_1024k,26,0.000007,0.000125,0.000783,0.006608,0.006640
A,req_1024k,27,0.000006,0.000124,0.000792,0.006519,0.006543
A,req_1024k,28,0.000006,0.000145,0.000798,0.006568,0.006591
A,req_1024k,29,0.000007,0.000135,0.000791,0.006572,0.006597
A,req_1024k,30,0.000006,0.000117,0.000763,0.006417,0.006438
A,resp_10240k,1,0.000006,0.000125,0.000760,0.000937,0.052609
A,resp_10240k,2,0.000010,0.000128,0.000860,0.001152,0.052859
A,resp_10240k,3,0.000008,0.000158,0.000870,0.001099,0.052592
A,resp_10240k,4,0.000006,0.000183,0.000879,0.001100,0.052921
A,resp_10240k,5,0.000006,0.000158,0.000823,0.001043,0.052834
A,resp_10240k,6,0.000006,0.000129,0.000780,0.000982,0.052246
A,resp_10240k,7,0.000007,0.000162,0.000879,0.001117,0.052993
A,resp_10240k,8,0.000006,0.000169,0.000873,0.001124,0.052515
A,resp_10240k,9,0.000006,0.000153,0.000846,0.001069,0.052736
A,resp_10240k,10,0.000006,0.000165,0.000854,0.001092,0.052860
A,resp_10240k,11,0.000009,0.000164,0.000860,0.001091,0.052619
A,resp_10240k,12,0.000007,0.000173,0.000862,0.001088,0.052596
A,resp_10240k,13,0.000006,0.000162,0.000867,0.001121,0.052910
A,resp_10240k,14,0.000007,0.000166,0.000876,0.001153,0.052838
A,resp_10240k,15,0.000006,0.000169,0.000869,0.001118,0.052979
A,resp_10240k,16,0.000007,0.000164,0.000874,0.001111,0.052084
A,resp_10240k,17,0.000007,0.000176,0.000925,0.001228,0.053797
A,resp_10240k,18,0.000007,0.000156,0.000866,0.001120,0.053140
A,resp_10240k,19,0.000007,0.000172,0.000868,0.001105,0.052409
A,resp_10240k,20,0.000005,0.000149,0.000828,0.001033,0.052721
A,resp_10240k,21,0.000006,0.000161,0.000956,0.001213,0.052820
A,resp_10240k,22,0.000006,0.000143,0.000821,0.001047,0.055044
A,resp_10240k,23,0.000007,0.000179,0.000870,0.001105,0.053062
A,resp_10240k,24,0.000008,0.000144,0.000891,0.001136,0.052872
A,resp_10240k,25,0.000007,0.000164,0.000876,0.001117,0.052387
A,resp_10240k,26,0.000006,0.000170,0.000865,0.001076,0.053032
A,resp_10240k,27,0.000007,0.000156,0.000844,0.001085,0.053242
A,resp_10240k,28,0.000007,0.000162,0.000856,0.001079,0.052659
A,resp_10240k,29,0.000006,0.000145,0.000857,0.001083,0.053175
A,resp_10240k,30,0.000007,0.000170,0.000870,0.001124,0.052991
A,req_10240k,1,0.000010,0.000144,0.000975,0.058114,0.058166
A,req_10240k,2,0.000011,0.000123,0.000926,0.058566,0.058616
A,req_10240k,3,0.000008,0.000100,0.000862,0.058893,0.058953
A,req_10240k,4,0.000008,0.000105,0.000848,0.057677,0.057733
A,req_10240k,5,0.000008,0.000105,0.000824,0.057892,0.057947
A,req_10240k,6,0.000008,0.000101,0.000784,0.058915,0.058971
A,req_10240k,7,0.000009,0.000109,0.000839,0.058739,0.058795
A,req_10240k,8,0.000009,0.000106,0.000833,0.058956,0.059021
A,req_10240k,9,0.000008,0.000108,0.000835,0.059218,0.059269
A,req_10240k,10,0.000010,0.000115,0.000850,0.057990,0.058039
A,req_10240k,11,0.000007,0.000097,0.000760,0.058731,0.058793
A,req_10240k,12,0.000010,0.000112,0.000884,0.058858,0.058915
A,req_10240k,13,0.000009,0.000118,0.000838,0.058347,0.058401
A,req_10240k,14,0.000008,0.000106,0.000815,0.057974,0.058025
A,req_10240k,15,0.000009,0.000105,0.000814,0.059022,0.059078
A,req_10240k,16,0.000008,0.000106,0.000901,0.058612,0.058666
A,req_10240k,17,0.000009,0.000098,0.000789,0.058578,0.058618
A,req_10240k,18,0.000008,0.000103,0.000813,0.058974,0.059029
A,req_10240k,19,0.000009,0.000109,0.000855,0.058530,0.058581
A,req_10240k,20,0.000008,0.000097,0.000795,0.058512,0.058573
A,req_10240k,21,0.000008,0.000102,0.000805,0.058452,0.058500
A,req_10240k,22,0.000008,0.000102,0.000839,0.059049,0.059097
A,req_10240k,23,0.000009,0.000118,0.000927,0.059211,0.059266
A,req_10240k,24,0.000009,0.000111,0.000906,0.058880,0.058927
A,req_10240k,25,0.000009,0.000157,0.000997,0.060314,0.060371
A,req_10240k,26,0.000010,0.000114,0.000855,0.059309,0.059373
A,req_10240k,27,0.000008,0.000106,0.000839,0.059191,0.059252
A,req_10240k,28,0.000010,0.000115,0.000827,0.058045,0.058097
A,req_10240k,29,0.000009,0.000107,0.000833,0.058481,0.058536
A,req_10240k,30,0.000007,0.000100,0.000801,0.058009,0.058049
A,ka1_req1,1,0.000006,0.000085,0.000740,0.000933,0.000970
A,ka1_req1,2,0.000006,0.000070,0.000721,0.000884,0.000914
A,ka1_req1,3,0.000005,0.000065,0.000673,0.000816,0.000844
A,ka1_req1,4,0.000007,0.000097,0.000810,0.001051,0.001078
A,ka1_req1,5,0.000006,0.000080,0.000749,0.000924,0.000956
A,ka1_req1,6,0.000006,0.000072,0.000680,0.000823,0.000851
A,ka1_req1,7,0.000006,0.000084,0.000792,0.000994,0.001023
A,ka1_req1,8,0.000007,0.000076,0.000746,0.000943,0.000976
A,ka1_req1,9,0.000006,0.000079,0.000710,0.000881,0.000915
A,ka1_req1,10,0.000006,0.000081,0.000773,0.000921,0.000952
A,ka1_req1,11,0.000006,0.000066,0.000699,0.000853,0.000881
A,ka1_req1,12,0.000005,0.000065,0.000720,0.000880,0.000913
A,ka1_req1,13,0.000007,0.000089,0.000757,0.000941,0.000974
A,ka1_req1,14,0.000006,0.000067,0.000699,0.000855,0.000883
A,ka1_req1,15,0.000005,0.000060,0.000719,0.000900,0.000930
A,ka1_req1,16,0.000006,0.000070,0.000701,0.000847,0.000878
A,ka1_req1,17,0.000006,0.000072,0.000730,0.000900,0.000924
A,ka1_req1,18,0.000006,0.000069,0.000683,0.000840,0.000870
A,ka1_req1,19,0.000005,0.000063,0.000700,0.000834,0.000863
A,ka1_req1,20,0.000006,0.000093,0.000787,0.000977,0.001009
A,ka1_req1,21,0.000005,0.000075,0.000698,0.000865,0.000893
A,ka1_req1,22,0.000005,0.000069,0.000669,0.000820,0.000848
A,ka1_req1,23,0.000005,0.000071,0.000691,0.000851,0.000880
A,ka1_req1,24,0.000005,0.000065,0.000656,0.000801,0.000830
A,ka1_req1,25,0.000006,0.000066,0.000640,0.000784,0.000811
A,ka1_req1,26,0.000006,0.000083,0.000692,0.000836,0.000864
A,ka1_req1,27,0.000006,0.000069,0.000655,0.000794,0.000823
A,ka1_req1,28,0.000004,0.000067,0.000697,0.000829,0.000859
A,ka1_req1,29,0.000006,0.000063,0.000662,0.000791,0.000819
A,ka1_req1,30,0.000006,0.000072,0.000683,0.000823,0.000848
A,ka10_req1,1,0.000006,0.000077,0.000731,0.000900,0.000926
A,ka10_req2,1,xxxxxxxxxxxxxxxx0.000004,0.000000,0.000000,0.000068,0.000074
A,ka10_req3,1,xxxxxxxxxxxxxxxx0.000004,0.000000,0.000000,0.000065,0.000069
A,ka10_req4,1,xxxxxxxxxxxxxxxx0.000003,0.000000,0.000000,0.000057,0.000062
A,ka10_req5,1,xxxxxxxxxxxxxxxx0.000005,0.000000,0.000000,0.000055,0.000061
A,ka10_req6,1,xxxxxxxxxxxxxxxx0.000002,0.000000,0.000000,0.000054,0.000058
A,ka10_req7,1,xxxxxxxxxxxxxxxx0.000004,0.000000,0.000000,0.000052,0.000066
A,ka10_req8,1,xxxxxxxxxxxxxxxx0.000005,0.000000,0.000000,0.000081,0.000088
A,ka10_req9,1,xxxxxxxxxxxxxxxx0.000004,0.000000,0.000000,0.000080,0.000091
A,ka10_req10,1,xxxxxxxxxxxxxxxx0.000005,0.000000,0.000000,0.000067,0.000083
A,ka10_req1,2,0.000005,0.000073,0.000701,0.000845,0.000873
A,ka10_req2,2,xxxxxxxxxxxxxxxx0.000004,0.000000,0.000000,0.000064,0.000069
A,ka10_req3,2,xxxxxxxxxxxxxxxx0.000003,0.000000,0.000000,0.000065,0.000070
A,ka10_req4,2,xxxxxxxxxxxxxxxx0.000003,0.000000,0.000000,0.000058,0.000063
A,ka10_req5,2,xxxxxxxxxxxxxxxx0.000004,0.000000,0.000000,0.000057,0.000064
A,ka10_req6,2,xxxxxxxxxxxxxxxx0.000003,0.000000,0.000000,0.000055,0.000059
A,ka10_req7,2,xxxxxxxxxxxxxxxx0.000004,0.000000,0.000000,0.000056,0.000068
A,ka10_req8,2,xxxxxxxxxxxxxxxx0.000003,0.000000,0.000000,0.000056,0.000069
A,ka10_req9,2,xxxxxxxxxxxxxxxx0.000003,0.000000,0.000000,0.000068,0.000078
A,ka10_req10,2,xxxxxxxxxxxxxxxx0.000004,0.000000,0.000000,0.000057,0.000070
A,ka10_req1,3,0.000005,0.000070,0.000695,0.000838,0.000867
A,ka10_req2,3,xxxxxxxxxxxxxxxx0.000004,0.000000,0.000000,0.000070,0.000076
A,ka10_req3,3,xxxxxxxxxxxxxxxx0.000003,0.000000,0.000000,0.000064,0.000068
A,ka10_req4,3,xxxxxxxxxxxxxxxx0.000003,0.000000,0.000000,0.000058,0.000064
A,ka10_req5,3,xxxxxxxxxxxxxxxx0.000005,0.000000,0.000000,0.000057,0.000064
A,ka10_req6,3,xxxxxxxxxxxxxxxx0.000003,0.000000,0.000000,0.000057,0.000062
A,ka10_req7,3,xxxxxxxxxxxxxxxx0.000004,0.000000,0.000000,0.000056,0.000069
A,ka10_req8,3,xxxxxxxxxxxxxxxx0.000003,0.000000,0.000000,0.000050,0.000062
A,ka10_req9,3,xxxxxxxxxxxxxxxx0.000002,0.000000,0.000000,0.000055,0.000067
A,ka10_req10,3,xxxxxxxxxxxxxxxx0.000002,0.000000,0.000000,0.000054,0.000066
A,ka10_req1,4,0.000005,0.000097,0.000779,0.000953,0.000982
A,ka10_req2,4,xxxxxxxxxxxxxxxx0.000005,0.000000,0.000000,0.000076,0.000081
A,ka10_req3,4,xxxxxxxxxxxxxxxx0.000002,0.000000,0.000000,0.000050,0.000056
A,ka10_req4,4,xxxxxxxxxxxxxxxx0.000003,0.000000,0.000000,0.000050,0.000054
A,ka10_req5,4,xxxxxxxxxxxxxxxx0.000006,0.000000,0.000000,0.000054,0.000059
A,ka10_req6,4,xxxxxxxxxxxxxxxx0.000003,0.000000,0.000000,0.000052,0.000058
A,ka10_req7,4,xxxxxxxxxxxxxxxx0.000004,0.000000,0.000000,0.000053,0.000066
A,ka10_req8,4,xxxxxxxxxxxxxxxx0.000002,0.000000,0.000000,0.000052,0.000066
A,ka10_req9,4,xxxxxxxxxxxxxxxx0.000004,0.000000,0.000000,0.000071,0.000085
A,ka10_req10,4,xxxxxxxxxxxxxxxx0.000003,0.000000,0.000000,0.000093,0.000107
A,ka10_req1,5,0.000007,0.000095,0.000767,0.000988,0.001020
A,ka10_req2,5,xxxxxxxxxxxxxxxx0.000004,0.000000,0.000000,0.000067,0.000072
A,ka10_req3,5,xxxxxxxxxxxxxxxx0.000002,0.000000,0.000000,0.000058,0.000063
A,ka10_req4,5,xxxxxxxxxxxxxxxx0.000002,0.000000,0.000000,0.000054,0.000061
A,ka10_req5,5,xxxxxxxxxxxxxxxx0.000005,0.000000,0.000000,0.000056,0.000062
A,ka10_req6,5,xxxxxxxxxxxxxxxx0.000003,0.000000,0.000000,0.000056,0.000060
A,ka10_req7,5,xxxxxxxxxxxxxxxx0.000003,0.000000,0.000000,0.000055,0.000068
A,ka10_req8,5,xxxxxxxxxxxxxxxx0.000005,0.000000,0.000000,0.000061,0.000075
A,ka10_req9,5,xxxxxxxxxxxxxxxx0.000004,0.000000,0.000000,0.000051,0.000063
A,ka10_req10,5,xxxxxxxxxxxxxxxx0.000004,0.000000,0.000000,0.000078,0.000089
A,ka10_req1,6,0.000006,0.000083,0.000763,0.000927,0.000956
A,ka10_req2,6,xxxxxxxxxxxxxxxx0.000003,0.000000,0.000000,0.000069,0.000074
A,ka10_req3,6,xxxxxxxxxxxxxxxx0.000002,0.000000,0.000000,0.000055,0.000059
A,ka10_req4,6,xxxxxxxxxxxxxxxx0.000002,0.000000,0.000000,0.000065,0.000073
A,ka10_req5,6,xxxxxxxxxxxxxxxx0.000007,0.000000,0.000000,0.000069,0.000077
A,ka10_req6,6,xxxxxxxxxxxxxxxx0.000004,0.000000,0.000000,0.000087,0.000093
A,ka10_req7,6,xxxxxxxxxxxxxxxx0.000005,0.000000,0.000000,0.000071,0.000082
A,ka10_req8,6,xxxxxxxxxxxxxxxx0.000005,0.000000,0.000000,0.000061,0.000072
A,ka10_req9,6,xxxxxxxxxxxxxxxx0.000004,0.000000,0.000000,0.000062,0.000076
A,ka10_req10,6,xxxxxxxxxxxxxxxx0.000003,0.000000,0.000000,0.000085,0.000098
A,ka10_req1,7,0.000005,0.000076,0.000732,0.000900,0.000929
A,ka10_req2,7,xxxxxxxxxxxxxxxx0.000003,0.000000,0.000000,0.000065,0.000069
A,ka10_req3,7,xxxxxxxxxxxxxxxx0.000004,0.000000,0.000000,0.000066,0.000071
A,ka10_req4,7,xxxxxxxxxxxxxxxx0.000004,0.000000,0.000000,0.000049,0.000054
A,ka10_req5,7,xxxxxxxxxxxxxxxx0.000004,0.000000,0.000000,0.000056,0.000062
A,ka10_req6,7,xxxxxxxxxxxxxxxx0.000002,0.000000,0.000000,0.000056,0.000060
A,ka10_req7,7,xxxxxxxxxxxxxxxx0.000004,0.000000,0.000000,0.000054,0.000069
A,ka10_req8,7,xxxxxxxxxxxxxxxx0.000004,0.000000,0.000000,0.000053,0.000064
A,ka10_req9,7,xxxxxxxxxxxxxxxx0.000003,0.000000,0.000000,0.000065,0.000075
A,ka10_req10,7,xxxxxxxxxxxxxxxx0.000003,0.000000,0.000000,0.000059,0.000071
A,ka10_req1,8,0.000005,0.000072,0.000717,0.000871,0.000901
A,ka10_req2,8,xxxxxxxxxxxxxxxx0.000003,0.000000,0.000000,0.000062,0.000067
A,ka10_req3,8,xxxxxxxxxxxxxxxx0.000003,0.000000,0.000000,0.000055,0.000060
A,ka10_req4,8,xxxxxxxxxxxxxxxx0.000003,0.000000,0.000000,0.000058,0.000065
A,ka10_req5,8,xxxxxxxxxxxxxxxx0.000004,0.000000,0.000000,0.000057,0.000063
A,ka10_req6,8,xxxxxxxxxxxxxxxx0.000002,0.000000,0.000000,0.000057,0.000062
A,ka10_req7,8,xxxxxxxxxxxxxxxx0.000003,0.000000,0.000000,0.000055,0.000068
A,ka10_req8,8,xxxxxxxxxxxxxxxx0.000003,0.000000,0.000000,0.000053,0.000066
A,ka10_req9,8,xxxxxxxxxxxxxxxx0.000004,0.000000,0.000000,0.000071,0.000085
A,ka10_req10,8,xxxxxxxxxxxxxxxx0.000003,0.000000,0.000000,0.000054,0.000066
A,ka10_req1,9,0.000007,0.000102,0.000842,0.001026,0.001059
A,ka10_req2,9,xxxxxxxxxxxxxxxx0.000004,0.000000,0.000000,0.000079,0.000084
A,ka10_req3,9,xxxxxxxxxxxxxxxx0.000003,0.000000,0.000000,0.000052,0.000056
A,ka10_req4,9,xxxxxxxxxxxxxxxx0.000002,0.000000,0.000000,0.000057,0.000064
A,ka10_req5,9,xxxxxxxxxxxxxxxx0.000007,0.000000,0.000000,0.000056,0.000062
A,ka10_req6,9,xxxxxxxxxxxxxxxx0.000003,0.000000,0.000000,0.000054,0.000058
A,ka10_req7,9,xxxxxxxxxxxxxxxx0.000005,0.000000,0.000000,0.000051,0.000064
A,ka10_req8,9,xxxxxxxxxxxxxxxx0.000003,0.000000,0.000000,0.000048,0.000060
A,ka10_req9,9,xxxxxxxxxxxxxxxx0.000002,0.000000,0.000000,0.000055,0.000070
A,ka10_req10,9,xxxxxxxxxxxxxxxx0.000002,0.000000,0.000000,0.000053,0.000065
A,ka10_req1,10,0.000006,0.000082,0.000776,0.000921,0.000953
A,ka10_req2,10,xxxxxxxxxxxxxxxx0.000003,0.000000,0.000000,0.000057,0.000061
A,ka10_req3,10,xxxxxxxxxxxxxxxx0.000004,0.000000,0.000000,0.000086,0.000090
A,ka10_req4,10,xxxxxxxxxxxxxxxx0.000003,0.000000,0.000000,0.000068,0.000074
A,ka10_req5,10,xxxxxxxxxxxxxxxx0.000004,0.000000,0.000000,0.000057,0.000062
A,ka10_req6,10,xxxxxxxxxxxxxxxx0.000002,0.000000,0.000000,0.000056,0.000060
A,ka10_req7,10,xxxxxxxxxxxxxxxx0.000003,0.000000,0.000000,0.000053,0.000065
A,ka10_req8,10,xxxxxxxxxxxxxxxx0.000003,0.000000,0.000000,0.000052,0.000062
A,ka10_req9,10,xxxxxxxxxxxxxxxx0.000003,0.000000,0.000000,0.000055,0.000064
A,ka10_req10,10,xxxxxxxxxxxxxxxx0.000003,0.000000,0.000000,0.000055,0.000066
A,ka10_req1,11,0.000006,0.000099,0.000838,0.001018,0.001057
A,ka10_req2,11,xxxxxxxxxxxxxxxx0.000003,0.000000,0.000000,0.000055,0.000061
A,ka10_req3,11,xxxxxxxxxxxxxxxx0.000004,0.000000,0.000000,0.000053,0.000059
A,ka10_req4,11,xxxxxxxxxxxxxxxx0.000003,0.000000,0.000000,0.000060,0.000068
A,ka10_req5,11,xxxxxxxxxxxxxxxx0.000007,0.000000,0.000000,0.000079,0.000086
A,ka10_req6,11,xxxxxxxxxxxxxxxx0.000004,0.000000,0.000000,0.000062,0.000067
A,ka10_req7,11,xxxxxxxxxxxxxxxx0.000004,0.000000,0.000000,0.000057,0.000069
A,ka10_req8,11,xxxxxxxxxxxxxxxx0.000003,0.000000,0.000000,0.000055,0.000066
A,ka10_req9,11,xxxxxxxxxxxxxxxx0.000003,0.000000,0.000000,0.000054,0.000063
A,ka10_req10,11,xxxxxxxxxxxxxxxx0.000003,0.000000,0.000000,0.000051,0.000062
A,ka10_req1,12,0.000006,0.000073,0.000725,0.000873,0.000901
A,ka10_req2,12,xxxxxxxxxxxxxxxx0.000003,0.000000,0.000000,0.000047,0.000050
A,ka10_req3,12,xxxxxxxxxxxxxxxx0.000003,0.000000,0.000000,0.000057,0.000061
A,ka10_req4,12,xxxxxxxxxxxxxxxx0.000005,0.000000,0.000000,0.000072,0.000079
A,ka10_req5,12,xxxxxxxxxxxxxxxx0.000005,0.000000,0.000000,0.000058,0.000066
A,ka10_req6,12,xxxxxxxxxxxxxxxx0.000003,0.000000,0.000000,0.000063,0.000068
A,ka10_req7,12,xxxxxxxxxxxxxxxx0.000005,0.000000,0.000000,0.000062,0.000075
A,ka10_req8,12,xxxxxxxxxxxxxxxx0.000003,0.000000,0.000000,0.000061,0.000074
A,ka10_req9,12,xxxxxxxxxxxxxxxx0.000003,0.000000,0.000000,0.000064,0.000076
A,ka10_req10,12,xxxxxxxxxxxxxxxx0.000002,0.000000,0.000000,0.000055,0.000067
A,ka10_req1,13,0.000005,0.000070,0.000707,0.000843,0.000870
A,ka10_req2,13,xxxxxxxxxxxxxxxx0.000003,0.000000,0.000000,0.000059,0.000065
A,ka10_req3,13,xxxxxxxxxxxxxxxx0.000004,0.000000,0.000000,0.000063,0.000068
A,ka10_req4,13,xxxxxxxxxxxxxxxx0.000003,0.000000,0.000000,0.000062,0.000067
A,ka10_req5,13,xxxxxxxxxxxxxxxx0.000005,0.000000,0.000000,0.000058,0.000063
A,ka10_req6,13,xxxxxxxxxxxxxxxx0.000003,0.000000,0.000000,0.000056,0.000060
A,ka10_req7,13,xxxxxxxxxxxxxxxx0.000003,0.000000,0.000000,0.000053,0.000065
A,ka10_req8,13,xxxxxxxxxxxxxxxx0.000003,0.000000,0.000000,0.000053,0.000066
A,ka10_req9,13,xxxxxxxxxxxxxxxx0.000004,0.000000,0.000000,0.000058,0.000069
A,ka10_req10,13,xxxxxxxxxxxxxxxx0.000004,0.000000,0.000000,0.000063,0.000076
A,ka10_req1,14,0.000005,0.000155,0.000773,0.000926,0.000948
A,ka10_req2,14,xxxxxxxxxxxxxxxx0.000004,0.000000,0.000000,0.000081,0.000085
A,ka10_req3,14,xxxxxxxxxxxxxxxx0.000002,0.000000,0.000000,0.000066,0.000069
A,ka10_req4,14,xxxxxxxxxxxxxxxx0.000002,0.000000,0.000000,0.000067,0.000071
A,ka10_req5,14,xxxxxxxxxxxxxxxx0.000005,0.000000,0.000000,0.000074,0.000078
A,ka10_req6,14,xxxxxxxxxxxxxxxx0.000002,0.000000,0.000000,0.000068,0.000071
A,ka10_req7,14,xxxxxxxxxxxxxxxx0.000003,0.000000,0.000000,0.000070,0.000096
A,ka10_req8,14,xxxxxxxxxxxxxxxx0.000002,0.000000,0.000000,0.000064,0.000084
A,ka10_req9,14,xxxxxxxxxxxxxxxx0.000003,0.000000,0.000000,0.000069,0.000094
A,ka10_req10,14,xxxxxxxxxxxxxxxx0.000003,0.000000,0.000000,0.000068,0.000094
A,ka10_req1,15,0.000006,0.000138,0.000727,0.000864,0.000886
A,ka10_req2,15,xxxxxxxxxxxxxxxx0.000003,0.000000,0.000000,0.000078,0.000082
A,ka10_req3,15,xxxxxxxxxxxxxxxx0.000003,0.000000,0.000000,0.000097,0.000101
A,ka10_req4,15,xxxxxxxxxxxxxxxx0.000002,0.000000,0.000000,0.000084,0.000089
A,ka10_req5,15,xxxxxxxxxxxxxxxx0.000004,0.000000,0.000000,0.000073,0.000077
A,ka10_req6,15,xxxxxxxxxxxxxxxx0.000003,0.000000,0.000000,0.000070,0.000073
A,ka10_req7,15,xxxxxxxxxxxxxxxx0.000012,0.000000,0.000000,0.000076,0.000100
A,ka10_req8,15,xxxxxxxxxxxxxxxx0.000003,0.000000,0.000000,0.000065,0.000089
A,ka10_req9,15,xxxxxxxxxxxxxxxx0.000003,0.000000,0.000000,0.000067,0.000090
A,ka10_req10,15,xxxxxxxxxxxxxxxx0.000002,0.000000,0.000000,0.000064,0.000088
A,ka10_req1,16,0.000005,0.000134,0.000766,0.000920,0.000944
A,ka10_req2,16,xxxxxxxxxxxxxxxx0.000004,0.000000,0.000000,0.000071,0.000075
A,ka10_req3,16,xxxxxxxxxxxxxxxx0.000003,0.000000,0.000000,0.000069,0.000072
A,ka10_req4,16,xxxxxxxxxxxxxxxx0.000003,0.000000,0.000000,0.000073,0.000078
A,ka10_req5,16,xxxxxxxxxxxxxxxx0.000004,0.000000,0.000000,0.000075,0.000079
A,ka10_req6,16,xxxxxxxxxxxxxxxx0.000003,0.000000,0.000000,0.000074,0.000077
A,ka10_req7,16,xxxxxxxxxxxxxxxx0.000005,0.000000,0.000000,0.000075,0.000101
A,ka10_req8,16,xxxxxxxxxxxxxxxx0.000002,0.000000,0.000000,0.000071,0.000097
A,ka10_req9,16,xxxxxxxxxxxxxxxx0.000002,0.000000,0.000000,0.000073,0.000100
A,ka10_req10,16,xxxxxxxxxxxxxxxx0.000002,0.000000,0.000000,0.000065,0.000093
A,ka10_req1,17,0.000005,0.000124,0.000723,0.000856,0.000876
A,ka10_req2,17,xxxxxxxxxxxxxxxx0.000003,0.000000,0.000000,0.000079,0.000083
A,ka10_req3,17,xxxxxxxxxxxxxxxx0.000003,0.000000,0.000000,0.000073,0.000076
A,ka10_req4,17,xxxxxxxxxxxxxxxx0.000002,0.000000,0.000000,0.000076,0.000081
A,ka10_req5,17,xxxxxxxxxxxxxxxx0.000004,0.000000,0.000000,0.000072,0.000076
A,ka10_req6,17,xxxxxxxxxxxxxxxx0.000002,0.000000,0.000000,0.000071,0.000074
A,ka10_req7,17,xxxxxxxxxxxxxxxx0.000004,0.000000,0.000000,0.000072,0.000100
A,ka10_req8,17,xxxxxxxxxxxxxxxx0.000002,0.000000,0.000000,0.000069,0.000096
A,ka10_req9,17,xxxxxxxxxxxxxxxx0.000002,0.000000,0.000000,0.000062,0.000084
A,ka10_req10,17,xxxxxxxxxxxxxxxx0.000002,0.000000,0.000000,0.000065,0.000091
A,ka10_req1,18,0.000005,0.000160,0.000771,0.000925,0.000947
A,ka10_req2,18,xxxxxxxxxxxxxxxx0.000003,0.000000,0.000000,0.000081,0.000084
A,ka10_req3,18,xxxxxxxxxxxxxxxx0.000002,0.000000,0.000000,0.000071,0.000074
A,ka10_req4,18,xxxxxxxxxxxxxxxx0.000002,0.000000,0.000000,0.000073,0.000077
A,ka10_req5,18,xxxxxxxxxxxxxxxx0.000005,0.000000,0.000000,0.000077,0.000081
A,ka10_req6,18,xxxxxxxxxxxxxxxx0.000003,0.000000,0.000000,0.000081,0.000084
A,ka10_req7,18,xxxxxxxxxxxxxxxx0.000003,0.000000,0.000000,0.000074,0.000099
A,ka10_req8,18,xxxxxxxxxxxxxxxx0.000003,0.000000,0.000000,0.000081,0.000109
A,ka10_req9,18,xxxxxxxxxxxxxxxx0.000002,0.000000,0.000000,0.000069,0.000097
A,ka10_req10,18,xxxxxxxxxxxxxxxx0.000002,0.000000,0.000000,0.000072,0.000100
A,ka10_req1,19,0.000005,0.000131,0.000730,0.000872,0.000891
A,ka10_req2,19,xxxxxxxxxxxxxxxx0.000003,0.000000,0.000000,0.000077,0.000081
A,ka10_req3,19,xxxxxxxxxxxxxxxx0.000003,0.000000,0.000000,0.000071,0.000074
A,ka10_req4,19,xxxxxxxxxxxxxxxx0.000003,0.000000,0.000000,0.000074,0.000079
A,ka10_req5,19,xxxxxxxxxxxxxxxx0.000004,0.000000,0.000000,0.000075,0.000080
A,ka10_req6,19,xxxxxxxxxxxxxxxx0.000003,0.000000,0.000000,0.000090,0.000093
A,ka10_req7,19,xxxxxxxxxxxxxxxx0.000004,0.000000,0.000000,0.000079,0.000107
A,ka10_req8,19,xxxxxxxxxxxxxxxx0.000002,0.000000,0.000000,0.000067,0.000095
A,ka10_req9,19,xxxxxxxxxxxxxxxx0.000003,0.000000,0.000000,0.000074,0.000102
A,ka10_req10,19,xxxxxxxxxxxxxxxx0.000003,0.000000,0.000000,0.000072,0.000099
A,ka10_req1,20,0.000005,0.000130,0.000739,0.000894,0.000917
A,ka10_req2,20,xxxxxxxxxxxxxxxx0.000003,0.000000,0.000000,0.000081,0.000085
A,ka10_req3,20,xxxxxxxxxxxxxxxx0.000003,0.000000,0.000000,0.000076,0.000079
A,ka10_req4,20,xxxxxxxxxxxxxxxx0.000002,0.000000,0.000000,0.000090,0.000095
A,ka10_req5,20,xxxxxxxxxxxxxxxx0.000005,0.000000,0.000000,0.000074,0.000078
A,ka10_req6,20,xxxxxxxxxxxxxxxx0.000002,0.000000,0.000000,0.000076,0.000079
A,ka10_req7,20,xxxxxxxxxxxxxxxx0.000004,0.000000,0.000000,0.000073,0.000103
A,ka10_req8,20,xxxxxxxxxxxxxxxx0.000003,0.000000,0.000000,0.000074,0.000104
A,ka10_req9,20,xxxxxxxxxxxxxxxx0.000003,0.000000,0.000000,0.000070,0.000097
A,ka10_req10,20,xxxxxxxxxxxxxxxx0.000002,0.000000,0.000000,0.000073,0.000099
A,ka10_req1,21,0.000005,0.000118,0.000722,0.000880,0.000902
A,ka10_req2,21,xxxxxxxxxxxxxxxx0.000003,0.000000,0.000000,0.000085,0.000089
A,ka10_req3,21,xxxxxxxxxxxxxxxx0.000003,0.000000,0.000000,0.000076,0.000079
A,ka10_req4,21,xxxxxxxxxxxxxxxx0.000003,0.000000,0.000000,0.000083,0.000088
A,ka10_req5,21,xxxxxxxxxxxxxxxx0.000004,0.000000,0.000000,0.000087,0.000093
A,ka10_req6,21,xxxxxxxxxxxxxxxx0.000003,0.000000,0.000000,0.000081,0.000084
A,ka10_req7,21,xxxxxxxxxxxxxxxx0.000003,0.000000,0.000000,0.000072,0.000101
A,ka10_req8,21,xxxxxxxxxxxxxxxx0.000003,0.000000,0.000000,0.000076,0.000103
A,ka10_req9,21,xxxxxxxxxxxxxxxx0.000003,0.000000,0.000000,0.000073,0.000101
A,ka10_req10,21,xxxxxxxxxxxxxxxx0.000002,0.000000,0.000000,0.000076,0.000106
A,ka10_req1,22,0.000005,0.000139,0.000757,0.000914,0.000935
A,ka10_req2,22,xxxxxxxxxxxxxxxx0.000003,0.000000,0.000000,0.000090,0.000094
A,ka10_req3,22,xxxxxxxxxxxxxxxx0.000003,0.000000,0.000000,0.000080,0.000084
A,ka10_req4,22,xxxxxxxxxxxxxxxx0.000002,0.000000,0.000000,0.000075,0.000081
A,ka10_req5,22,xxxxxxxxxxxxxxxx0.000005,0.000000,0.000000,0.000079,0.000084
A,ka10_req6,22,xxxxxxxxxxxxxxxx0.000002,0.000000,0.000000,0.000086,0.000089
A,ka10_req7,22,xxxxxxxxxxxxxxxx0.000004,0.000000,0.000000,0.000081,0.000112
A,ka10_req8,22,xxxxxxxxxxxxxxxx0.000002,0.000000,0.000000,0.000078,0.000110
A,ka10_req9,22,xxxxxxxxxxxxxxxx0.000002,0.000000,0.000000,0.000073,0.000102
A,ka10_req10,22,xxxxxxxxxxxxxxxx0.000002,0.000000,0.000000,0.000070,0.000101
A,ka10_req1,23,0.000014,0.000152,0.000801,0.000993,0.001017
A,ka10_req2,23,xxxxxxxxxxxxxxxx0.000004,0.000000,0.000000,0.000095,0.000098
A,ka10_req3,23,xxxxxxxxxxxxxxxx0.000003,0.000000,0.000000,0.000083,0.000086
A,ka10_req4,23,xxxxxxxxxxxxxxxx0.000002,0.000000,0.000000,0.000090,0.000095
A,ka10_req5,23,xxxxxxxxxxxxxxxx0.000004,0.000000,0.000000,0.000087,0.000092
A,ka10_req6,23,xxxxxxxxxxxxxxxx0.000002,0.000000,0.000000,0.000086,0.000090
A,ka10_req7,23,xxxxxxxxxxxxxxxx0.000003,0.000000,0.000000,0.000087,0.000120
A,ka10_req8,23,xxxxxxxxxxxxxxxx0.000002,0.000000,0.000000,0.000069,0.000102
A,ka10_req9,23,xxxxxxxxxxxxxxxx0.000003,0.000000,0.000000,0.000088,0.000123
A,ka10_req10,23,xxxxxxxxxxxxxxxx0.000003,0.000000,0.000000,0.000087,0.000121
A,ka10_req1,24,0.000004,0.000143,0.000793,0.000991,0.001015
A,ka10_req2,24,xxxxxxxxxxxxxxxx0.000005,0.000000,0.000000,0.000090,0.000096
A,ka10_req3,24,xxxxxxxxxxxxxxxx0.000005,0.000000,0.000000,0.000119,0.000122
A,ka10_req4,24,xxxxxxxxxxxxxxxx0.000003,0.000000,0.000000,0.000083,0.000089
A,ka10_req5,24,xxxxxxxxxxxxxxxx0.000005,0.000000,0.000000,0.000075,0.000079
A,ka10_req6,24,xxxxxxxxxxxxxxxx0.000002,0.000000,0.000000,0.000075,0.000079
A,ka10_req7,24,xxxxxxxxxxxxxxxx0.000003,0.000000,0.000000,0.000084,0.000117
A,ka10_req8,24,xxxxxxxxxxxxxxxx0.000002,0.000000,0.000000,0.000081,0.000115
A,ka10_req9,24,xxxxxxxxxxxxxxxx0.000002,0.000000,0.000000,0.000083,0.000115
A,ka10_req10,24,xxxxxxxxxxxxxxxx0.000003,0.000000,0.000000,0.000076,0.000109
A,ka10_req1,25,0.000005,0.000150,0.000864,0.001039,0.001061
A,ka10_req2,25,xxxxxxxxxxxxxxxx0.000003,0.000000,0.000000,0.000100,0.000105
A,ka10_req3,25,xxxxxxxxxxxxxxxx0.000003,0.000000,0.000000,0.000085,0.000098
A,ka10_req4,25,xxxxxxxxxxxxxxxx0.000003,0.000000,0.000000,0.000088,0.000091
A,ka10_req5,25,xxxxxxxxxxxxxxxx0.000004,0.000000,0.000000,0.000091,0.000096
A,ka10_req6,25,xxxxxxxxxxxxxxxx0.000002,0.000000,0.000000,0.000093,0.000097
A,ka10_req7,25,xxxxxxxxxxxxxxxx0.000003,0.000000,0.000000,0.000081,0.000115
A,ka10_req8,25,xxxxxxxxxxxxxxxx0.000003,0.000000,0.000000,0.000083,0.000116
A,ka10_req9,25,xxxxxxxxxxxxxxxx0.000003,0.000000,0.000000,0.000086,0.000119
A,ka10_req10,25,xxxxxxxxxxxxxxxx0.000003,0.000000,0.000000,0.000082,0.000116
A,ka10_req1,26,0.000004,0.000144,0.000762,0.000940,0.000963
A,ka10_req2,26,xxxxxxxxxxxxxxxx0.000004,0.000000,0.000000,0.000108,0.000113
A,ka10_req3,26,xxxxxxxxxxxxxxxx0.000003,0.000000,0.000000,0.000101,0.000105
A,ka10_req4,26,xxxxxxxxxxxxxxxx0.000005,0.000000,0.000000,0.000104,0.000110
A,ka10_req5,26,xxxxxxxxxxxxxxxx0.000005,0.000000,0.000000,0.000102,0.000108
A,ka10_req6,26,xxxxxxxxxxxxxxxx0.000003,0.000000,0.000000,0.000102,0.000105
A,ka10_req7,26,xxxxxxxxxxxxxxxx0.000004,0.000000,0.000000,0.000096,0.000136
A,ka10_req8,26,xxxxxxxxxxxxxxxx0.000003,0.000000,0.000000,0.000095,0.000134
A,ka10_req9,26,xxxxxxxxxxxxxxxx0.000003,0.000000,0.000000,0.000094,0.000133
A,ka10_req10,26,xxxxxxxxxxxxxxxx0.000003,0.000000,0.000000,0.000089,0.000127
A,ka10_req1,27,0.000006,0.000170,0.000887,0.001084,0.001109
A,ka10_req2,27,xxxxxxxxxxxxxxxx0.000007,0.000000,0.000000,0.000106,0.000113
A,ka10_req3,27,xxxxxxxxxxxxxxxx0.000004,0.000000,0.000000,0.000109,0.000113
A,ka10_req4,27,xxxxxxxxxxxxxxxx0.000003,0.000000,0.000000,0.000100,0.000106
A,ka10_req5,27,xxxxxxxxxxxxxxxx0.000005,0.000000,0.000000,0.000104,0.000109
A,ka10_req6,27,xxxxxxxxxxxxxxxx0.000002,0.000000,0.000000,0.000100,0.000103
A,ka10_req7,27,xxxxxxxxxxxxxxxx0.000004,0.000000,0.000000,0.000099,0.000138
A,ka10_req8,27,xxxxxxxxxxxxxxxx0.000003,0.000000,0.000000,0.000096,0.000134
A,ka10_req9,27,xxxxxxxxxxxxxxxx0.000002,0.000000,0.000000,0.000096,0.000134
A,ka10_req10,27,xxxxxxxxxxxxxxxx0.000002,0.000000,0.000000,0.000089,0.000128
A,ka10_req1,28,0.000004,0.000146,0.000785,0.000962,0.000984
A,ka10_req2,28,xxxxxxxxxxxxxxxx0.000003,0.000000,0.000000,0.000109,0.000113
A,ka10_req3,28,xxxxxxxxxxxxxxxx0.000003,0.000000,0.000000,0.000094,0.000099
A,ka10_req4,28,xxxxxxxxxxxxxxxx0.000003,0.000000,0.000000,0.000100,0.000103
A,ka10_req5,28,xxxxxxxxxxxxxxxx0.000005,0.000000,0.000000,0.000102,0.000107
A,ka10_req6,28,xxxxxxxxxxxxxxxx0.000002,0.000000,0.000000,0.000095,0.000099
A,ka10_req7,28,xxxxxxxxxxxxxxxx0.000003,0.000000,0.000000,0.000089,0.000129
A,ka10_req8,28,xxxxxxxxxxxxxxxx0.000002,0.000000,0.000000,0.000080,0.000119
A,ka10_req9,28,xxxxxxxxxxxxxxxx0.000003,0.000000,0.000000,0.000089,0.000127
A,ka10_req10,28,xxxxxxxxxxxxxxxx0.000002,0.000000,0.000000,0.000080,0.000118
A,ka10_req1,29,0.000006,0.000160,0.000838,0.001033,0.001057
A,ka10_req2,29,xxxxxxxxxxxxxxxx0.000003,0.000000,0.000000,0.000102,0.000108
A,ka10_req3,29,xxxxxxxxxxxxxxxx0.000006,0.000000,0.000000,0.000109,0.000113
A,ka10_req4,29,xxxxxxxxxxxxxxxx0.000004,0.000000,0.000000,0.000100,0.000105
A,ka10_req5,29,xxxxxxxxxxxxxxxx0.000005,0.000000,0.000000,0.000099,0.000106
A,ka10_req6,29,xxxxxxxxxxxxxxxx0.000003,0.000000,0.000000,0.000122,0.000127
A,ka10_req7,29,xxxxxxxxxxxxxxxx0.000003,0.000000,0.000000,0.000103,0.000143
A,ka10_req8,29,xxxxxxxxxxxxxxxx0.000002,0.000000,0.000000,0.000095,0.000135
A,ka10_req9,29,xxxxxxxxxxxxxxxx0.000002,0.000000,0.000000,0.000094,0.000132
A,ka10_req10,29,xxxxxxxxxxxxxxxx0.000002,0.000000,0.000000,0.000095,0.000134
A,ka10_req1,30,0.000005,0.000153,0.000774,0.000945,0.000968
A,ka10_req2,30,xxxxxxxxxxxxxxxx0.000003,0.000000,0.000000,0.000114,0.000118
A,ka10_req3,30,xxxxxxxxxxxxxxxx0.000003,0.000000,0.000000,0.000097,0.000101
A,ka10_req4,30,xxxxxxxxxxxxxxxx0.000002,0.000000,0.000000,0.000099,0.000104
A,ka10_req5,30,xxxxxxxxxxxxxxxx0.000004,0.000000,0.000000,0.000102,0.000107
A,ka10_req6,30,xxxxxxxxxxxxxxxx0.000002,0.000000,0.000000,0.000102,0.000105
A,ka10_req7,30,xxxxxxxxxxxxxxxx0.000003,0.000000,0.000000,0.000090,0.000129
A,ka10_req8,30,xxxxxxxxxxxxxxxx0.000002,0.000000,0.000000,0.000089,0.000129
A,ka10_req9,30,xxxxxxxxxxxxxxxx0.000002,0.000000,0.000000,0.000089,0.000128
A,ka10_req10,30,xxxxxxxxxxxxxxxx0.000002,0.000000,0.000000,0.000089,0.000127
A,ka100_req1,1,0.000004,0.000161,0.000821,0.000997,0.001020
A,ka100_req2,1,xxxxxxxxxxxxxxxx0.000003,0.000000,0.000000,0.000106,0.000110
A,ka100_req3,1,xxxxxxxxxxxxxxxx0.000002,0.000000,0.000000,0.000099,0.000104
A,ka100_req4,1,xxxxxxxxxxxxxxxx0.000003,0.000000,0.000000,0.000104,0.000109
A,ka100_req5,1,xxxxxxxxxxxxxxxx0.000004,0.000000,0.000000,0.000101,0.000105
A,ka100_req6,1,xxxxxxxxxxxxxxxx0.000002,0.000000,0.000000,0.000101,0.000105
A,ka100_req7,1,xxxxxxxxxxxxxxxx0.000004,0.000000,0.000000,0.000094,0.000133
A,ka100_req8,1,xxxxxxxxxxxxxxxx0.000002,0.000000,0.000000,0.000095,0.000135
A,ka100_req9,1,xxxxxxxxxxxxxxxx0.000003,0.000000,0.000000,0.000095,0.000134
A,ka100_req10,1,xxxxxxxxxxxxxxxx0.000003,0.000000,0.000000,0.000095,0.000134
A,ka100_req11,1,xxxxxxxxxxxxxxxx0.000002,0.000000,0.000000,0.000093,0.000133
A,ka100_req12,1,xxxxxxxxxxxxxxxx0.000002,0.000000,0.000000,0.000088,0.000128
A,ka100_req13,1,xxxxxxxxxxxxxxxx0.000002,0.000000,0.000000,0.000084,0.000124
A,ka100_req14,1,xxxxxxxxxxxxxxxx0.000003,0.000000,0.000000,0.000080,0.000118
A,ka100_req15,1,xxxxxxxxxxxxxxxx0.000002,0.000000,0.000000,0.000072,0.000111
A,ka100_req16,1,xxxxxxxxxxxxxxxx0.000003,0.000000,0.000000,0.000072,0.000112
A,ka100_req17,1,xxxxxxxxxxxxxxxx0.000003,0.000000,0.000000,0.000080,0.000119
A,ka100_req18,1,xxxxxxxxxxxxxxxx0.000002,0.000000,0.000000,0.000079,0.000119
A,ka100_req19,1,xxxxxxxxxxxxxxxx0.000002,0.000000,0.000000,0.000080,0.000118
A,ka100_req20,1,xxxxxxxxxxxxxxxx0.000002,0.000000,0.000000,0.000073,0.000111
A,ka100_req21,1,xxxxxxxxxxxxxxxx0.000002,0.000000,0.000000,0.000072,0.000111
A,ka100_req22,1,xxxxxxxxxxxxxxxx0.000002,0.000000,0.000000,0.000080,0.000119
A,ka100_req23,1,xxxxxxxxxxxxxxxx0.000002,0.000000,0.000000,0.000071,0.000110
A,ka100_req24,1,xxxxxxxxxxxxxxxx0.000002,0.000000,0.000000,0.000079,0.000119
A,ka100_req25,1,xxxxxxxxxxxxxxxx0.000002,0.000000,0.000000,0.000071,0.000111
A,ka100_req26,1,xxxxxxxxxxxxxxxx0.000003,0.000000,0.000000,0.000079,0.000118
A,ka100_req27,1,xxxxxxxxxxxxxxxx0.000002,0.000000,0.000000,0.000070,0.000111
A,ka100_req28,1,xxxxxxxxxxxxxxxx0.000002,0.000000,0.000000,0.000070,0.000108
A,ka100_req29,1,xxxxxxxxxxxxxxxx0.000002,0.000000,0.000000,0.000083,0.000123
A,ka100_req30,1,xxxxxxxxxxxxxxxx0.000004,0.000000,0.000000,0.000103,0.000141
A,ka100_req31,1,xxxxxxxxxxxxxxxx0.000003,0.000000,0.000000,0.000093,0.000123
A,ka100_req32,1,xxxxxxxxxxxxxxxx0.000002,0.000000,0.000000,0.000072,0.000094
A,ka100_req33,1,xxxxxxxxxxxxxxxx0.000003,0.000000,0.000000,0.000075,0.000097
A,ka100_req34,1,xxxxxxxxxxxxxxxx0.000003,0.000000,0.000000,0.000069,0.000090
A,ka100_req35,1,xxxxxxxxxxxxxxxx0.000003,0.000000,0.000000,0.000067,0.000088
A,ka100_req36,1,xxxxxxxxxxxxxxxx0.000003,0.000000,0.000000,0.000067,0.000088
A,ka100_req37,1,xxxxxxxxxxxxxxxx0.000003,0.000000,0.000000,0.000067,0.000089
A,ka100_req38,1,xxxxxxxxxxxxxxxx0.000003,0.000000,0.000000,0.000068,0.000089
A,ka100_req39,1,xxxxxxxxxxxxxxxx0.000003,0.000000,0.000000,0.000093,0.000168
A,ka100_req40,1,xxxxxxxxxxxxxxxx0.000003,0.000000,0.000000,0.000093,0.000134
A,ka100_req41,1,xxxxxxxxxxxxxxxx0.000004,0.000000,0.000000,0.000092,0.000131
A,ka100_req42,1,xxxxxxxxxxxxxxxx0.000002,0.000000,0.000000,0.000078,0.000118
A,ka100_req43,1,xxxxxxxxxxxxxxxx0.000003,0.000000,0.000000,0.000080,0.000119
A,ka100_req44,1,xxxxxxxxxxxxxxxx0.000003,0.000000,0.000000,0.000087,0.000126
A,ka100_req45,1,xxxxxxxxxxxxxxxx0.000002,0.000000,0.000000,0.000072,0.000113
A,ka100_req46,1,xxxxxxxxxxxxxxxx0.000003,0.000000,0.000000,0.000079,0.000118
A,ka100_req47,1,xxxxxxxxxxxxxxxx0.000002,0.000000,0.000000,0.000073,0.000112
A,ka100_req48,1,xxxxxxxxxxxxxxxx0.000002,0.000000,0.000000,0.000072,0.000111
A,ka100_req49,1,xxxxxxxxxxxxxxxx0.000003,0.000000,0.000000,0.000072,0.000111
A,ka100_req50,1,xxxxxxxxxxxxxxxx0.000003,0.000000,0.000000,0.000073,0.000112
A,ka100_req51,1,xxxxxxxxxxxxxxxx0.000002,0.000000,0.000000,0.000072,0.000112
A,ka100_req52,1,xxxxxxxxxxxxxxxx0.000003,0.000000,0.000000,0.000081,0.000120
A,ka100_req53,1,xxxxxxxxxxxxxxxx0.000003,0.000000,0.000000,0.000072,0.000111
A,ka100_req54,1,xxxxxxxxxxxxxxxx0.000002,0.000000,0.000000,0.000071,0.000111
A,ka100_req55,1,xxxxxxxxxxxxxxxx0.000002,0.000000,0.000000,0.000072,0.000112
A,ka100_req56,1,xxxxxxxxxxxxxxxx0.000002,0.000000,0.000000,0.000072,0.000111
A,ka100_req57,1,xxxxxxxxxxxxxxxx0.000002,0.000000,0.000000,0.000080,0.000119
A,ka100_req58,1,xxxxxxxxxxxxxxxx0.000002,0.000000,0.000000,0.000072,0.000112
A,ka100_req59,1,xxxxxxxxxxxxxxxx0.000002,0.000000,0.000000,0.000074,0.000104
A,ka100_req60,1,xxxxxxxxxxxxxxxx0.000003,0.000000,0.000000,0.000075,0.000109
A,ka100_req61,1,xxxxxxxxxxxxxxxx0.000002,0.000000,0.000000,0.000075,0.000108
A,ka100_req62,1,xxxxxxxxxxxxxxxx0.000002,0.000000,0.000000,0.000075,0.000108
A,ka100_req63,1,xxxxxxxxxxxxxxxx0.000002,0.000000,0.000000,0.000074,0.000107
A,ka100_req64,1,xxxxxxxxxxxxxxxx0.000003,0.000000,0.000000,0.000075,0.000108
A,ka100_req65,1,xxxxxxxxxxxxxxxx0.000002,0.000000,0.000000,0.000074,0.000107
A,ka100_req66,1,xxxxxxxxxxxxxxxx0.000002,0.000000,0.000000,0.000074,0.000107
A,ka100_req67,1,xxxxxxxxxxxxxxxx0.000002,0.000000,0.000000,0.000074,0.000107
A,ka100_req68,1,xxxxxxxxxxxxxxxx0.000002,0.000000,0.000000,0.000074,0.000107
A,ka100_req69,1,xxxxxxxxxxxxxxxx0.000002,0.000000,0.000000,0.000073,0.000108
A,ka100_req70,1,xxxxxxxxxxxxxxxx0.000002,0.000000,0.000000,0.000074,0.000106
A,ka100_req71,1,xxxxxxxxxxxxxxxx0.000002,0.000000,0.000000,0.000074,0.000106
A,ka100_req72,1,xxxxxxxxxxxxxxxx0.000003,0.000000,0.000000,0.000074,0.000103
A,ka100_req73,1,xxxxxxxxxxxxxxxx0.000002,0.000000,0.000000,0.000075,0.000107
A,ka100_req74,1,xxxxxxxxxxxxxxxx0.000002,0.000000,0.000000,0.000074,0.000107
A,ka100_req75,1,xxxxxxxxxxxxxxxx0.000002,0.000000,0.000000,0.000074,0.000106
A,ka100_req76,1,xxxxxxxxxxxxxxxx0.000002,0.000000,0.000000,0.000069,0.000098
A,ka100_req77,1,xxxxxxxxxxxxxxxx0.000002,0.000000,0.000000,0.000068,0.000100
A,ka100_req78,1,xxxxxxxxxxxxxxxx0.000002,0.000000,0.000000,0.000072,0.000103
A,ka100_req79,1,xxxxxxxxxxxxxxxx0.000002,0.000000,0.000000,0.000075,0.000107
A,ka100_req80,1,xxxxxxxxxxxxxxxx0.000002,0.000000,0.000000,0.000074,0.000108
A,ka100_req81,1,xxxxxxxxxxxxxxxx0.000002,0.000000,0.000000,0.000075,0.000108
A,ka100_req82,1,xxxxxxxxxxxxxxxx0.000002,0.000000,0.000000,0.000074,0.000108
A,ka100_req83,1,xxxxxxxxxxxxxxxx0.000002,0.000000,0.000000,0.000074,0.000106
A,ka100_req84,1,xxxxxxxxxxxxxxxx0.000002,0.000000,0.000000,0.000074,0.000107
A,ka100_req85,1,xxxxxxxxxxxxxxxx0.000002,0.000000,0.000000,0.000074,0.000107
A,ka100_req86,1,xxxxxxxxxxxxxxxx0.000002,0.000000,0.000000,0.000074,0.000106
A,ka100_req87,1,xxxxxxxxxxxxxxxx0.000002,0.000000,0.000000,0.000073,0.000106
A,ka100_req88,1,xxxxxxxxxxxxxxxx0.000002,0.000000,0.000000,0.000074,0.000108
A,ka100_req89,1,xxxxxxxxxxxxxxxx0.000002,0.000000,0.000000,0.000074,0.000108
A,ka100_req90,1,xxxxxxxxxxxxxxxx0.000002,0.000000,0.000000,0.000074,0.000107
A,ka100_req91,1,xxxxxxxxxxxxxxxx0.000002,0.000000,0.000000,0.000071,0.000104
A,ka100_req92,1,xxxxxxxxxxxxxxxx0.000002,0.000000,0.000000,0.000074,0.000108
A,ka100_req93,1,xxxxxxxxxxxxxxxx0.000002,0.000000,0.000000,0.000085,0.000122
A,ka100_req94,1,xxxxxxxxxxxxxxxx0.000002,0.000000,0.000000,0.000066,0.000095
A,ka100_req95,1,xxxxxxxxxxxxxxxx0.000002,0.000000,0.000000,0.000070,0.000098
A,ka100_req96,1,xxxxxxxxxxxxxxxx0.000002,0.000000,0.000000,0.000064,0.000096
A,ka100_req97,1,xxxxxxxxxxxxxxxx0.000002,0.000000,0.000000,0.000069,0.000092
A,ka100_req98,1,xxxxxxxxxxxxxxxx0.000002,0.000000,0.000000,0.000080,0.000108
A,ka100_req99,1,xxxxxxxxxxxxxxxx0.000002,0.000000,0.000000,0.000064,0.000091
A,ka100_req100,1,xxxxxxxxxxxxxxxx0.000002,0.000000,0.000000,0.000064,0.000092
A,ka100_req1,2,0.000005,0.000163,0.000810,0.000999,0.001024
A,ka100_req2,2,xxxxxxxxxxxxxxxx0.000004,0.000000,0.000000,0.000099,0.000102
A,ka100_req3,2,xxxxxxxxxxxxxxxx0.000002,0.000000,0.000000,0.000079,0.000084
A,ka100_req4,2,xxxxxxxxxxxxxxxx0.000002,0.000000,0.000000,0.000080,0.000083
A,ka100_req5,2,xxxxxxxxxxxxxxxx0.000007,0.000000,0.000000,0.000105,0.000108
A,ka100_req6,2,xxxxxxxxxxxxxxxx0.000002,0.000000,0.000000,0.000095,0.000098
A,ka100_req7,2,xxxxxxxxxxxxxxxx0.000003,0.000000,0.000000,0.000084,0.000117
A,ka100_req8,2,xxxxxxxxxxxxxxxx0.000002,0.000000,0.000000,0.000083,0.000115
A,ka100_req9,2,xxxxxxxxxxxxxxxx0.000002,0.000000,0.000000,0.000082,0.000114
A,ka100_req10,2,xxxxxxxxxxxxxxxx0.000002,0.000000,0.000000,0.000080,0.000114
A,ka100_req11,2,xxxxxxxxxxxxxxxx0.000002,0.000000,0.000000,0.000082,0.000114
A,ka100_req12,2,xxxxxxxxxxxxxxxx0.000002,0.000000,0.000000,0.000080,0.000112
A,ka100_req13,2,xxxxxxxxxxxxxxxx0.000002,0.000000,0.000000,0.000079,0.000112
A,ka100_req14,2,xxxxxxxxxxxxxxxx0.000002,0.000000,0.000000,0.000069,0.000103
A,ka100_req15,2,xxxxxxxxxxxxxxxx0.000004,0.000000,0.000000,0.000077,0.000109
A,ka100_req16,2,xxxxxxxxxxxxxxxx0.000002,0.000000,0.000000,0.000075,0.000107
A,ka100_req17,2,xxxxxxxxxxxxxxxx0.000002,0.000000,0.000000,0.000075,0.000108
A,ka100_req18,2,xxxxxxxxxxxxxxxx0.000002,0.000000,0.000000,0.000074,0.000107
A,ka100_req19,2,xxxxxxxxxxxxxxxx0.000002,0.000000,0.000000,0.000074,0.000107
A,ka100_req20,2,xxxxxxxxxxxxxxxx0.000002,0.000000,0.000000,0.000073,0.000106
A,ka100_req21,2,xxxxxxxxxxxxxxxx0.000002,0.000000,0.000000,0.000074,0.000107
A,ka100_req22,2,xxxxxxxxxxxxxxxx0.000003,0.000000,0.000000,0.000075,0.000107
A,ka100_req23,2,xxxxxxxxxxxxxxxx0.000002,0.000000,0.000000,0.000074,0.000107
A,ka100_req24,2,xxxxxxxxxxxxxxxx0.000002,0.000000,0.000000,0.000074,0.000107
A,ka100_req25,2,xxxxxxxxxxxxxxxx0.000002,0.000000,0.000000,0.000075,0.000107
A,ka100_req26,2,xxxxxxxxxxxxxxxx0.000002,0.000000,0.000000,0.000074,0.000107
A,ka100_req27,2,xxxxxxxxxxxxxxxx0.000002,0.000000,0.000000,0.000073,0.000106
A,ka100_req28,2,xxxxxxxxxxxxxxxx0.000002,0.000000,0.000000,0.000075,0.000107
A,ka100_req29,2,xxxxxxxxxxxxxxxx0.000002,0.000000,0.000000,0.000074,0.000107
A,ka100_req30,2,xxxxxxxxxxxxxxxx0.000002,0.000000,0.000000,0.000067,0.000103
A,ka100_req31,2,xxxxxxxxxxxxxxxx0.000002,0.000000,0.000000,0.000066,0.000092
A,ka100_req32,2,xxxxxxxxxxxxxxxx0.000003,0.000000,0.000000,0.000139,0.000178
A,ka100_req33,2,xxxxxxxxxxxxxxxx0.000003,0.000000,0.000000,0.000072,0.000094
A,ka100_req34,2,xxxxxxxxxxxxxxxx0.000004,0.000000,0.000000,0.000070,0.000093
A,ka100_req35,2,xxxxxxxxxxxxxxxx0.000003,0.000000,0.000000,0.000069,0.000090
A,ka100_req36,2,xxxxxxxxxxxxxxxx0.000003,0.000000,0.000000,0.000062,0.000083
A,ka100_req37,2,xxxxxxxxxxxxxxxx0.000004,0.000000,0.000000,0.000066,0.000088
A,ka100_req38,2,xxxxxxxxxxxxxxxx0.000003,0.000000,0.000000,0.000065,0.000087
A,ka100_req39,2,xxxxxxxxxxxxxxxx0.000003,0.000000,0.000000,0.000065,0.000089
A,ka100_req40,2,xxxxxxxxxxxxxxxx0.000003,0.000000,0.000000,0.000068,0.000097
A,ka100_req41,2,xxxxxxxxxxxxxxxx0.000002,0.000000,0.000000,0.000067,0.000097
A,ka100_req42,2,xxxxxxxxxxxxxxxx0.000002,0.000000,0.000000,0.000071,0.000099
A,ka100_req43,2,xxxxxxxxxxxxxxxx0.000002,0.000000,0.000000,0.000069,0.000099
A,ka100_req44,2,xxxxxxxxxxxxxxxx0.000002,0.000000,0.000000,0.000074,0.000103
A,ka100_req45,2,xxxxxxxxxxxxxxxx0.000002,0.000000,0.000000,0.000072,0.000101
A,ka100_req46,2,xxxxxxxxxxxxxxxx0.000002,0.000000,0.000000,0.000071,0.000101
A,ka100_req47,2,xxxxxxxxxxxxxxxx0.000003,0.000000,0.000000,0.000066,0.000094
A,ka100_req48,2,xxxxxxxxxxxxxxxx0.000002,0.000000,0.000000,0.000066,0.000096
A,ka100_req49,2,xxxxxxxxxxxxxxxx0.000002,0.000000,0.000000,0.000069,0.000099
A,ka100_req50,2,xxxxxxxxxxxxxxxx0.000002,0.000000,0.000000,0.000069,0.000099
A,ka100_req51,2,xxxxxxxxxxxxxxxx0.000002,0.000000,0.000000,0.000068,0.000098
A,ka100_req52,2,xxxxxxxxxxxxxxxx0.000002,0.000000,0.000000,0.000068,0.000097
A,ka100_req53,2,xxxxxxxxxxxxxxxx0.000002,0.000000,0.000000,0.000068,0.000096
A,ka100_req54,2,xxxxxxxxxxxxxxxx0.000002,0.000000,0.000000,0.000069,0.000098
A,ka100_req55,2,xxxxxxxxxxxxxxxx0.000002,0.000000,0.000000,0.000066,0.000095
A,ka100_req56,2,xxxxxxxxxxxxxxxx0.000002,0.000000,0.000000,0.000068,0.000096
A,ka100_req57,2,xxxxxxxxxxxxxxxx0.000002,0.000000,0.000000,0.000068,0.000098
A,ka100_req58,2,xxxxxxxxxxxxxxxx0.000002,0.000000,0.000000,0.000066,0.000095
A,ka100_req59,2,xxxxxxxxxxxxxxxx0.000002,0.000000,0.000000,0.000060,0.000089
A,ka100_req60,2,xxxxxxxxxxxxxxxx0.000002,0.000000,0.000000,0.000064,0.000094
A,ka100_req61,2,xxxxxxxxxxxxxxxx0.000002,0.000000,0.000000,0.000068,0.000097
A,ka100_req62,2,xxxxxxxxxxxxxxxx0.000002,0.000000,0.000000,0.000068,0.000097
A,ka100_req63,2,xxxxxxxxxxxxxxxx0.000003,0.000000,0.000000,0.000073,0.000104
A,ka100_req64,2,xxxxxxxxxxxxxxxx0.000003,0.000000,0.000000,0.000068,0.000097
A,ka100_req65,2,xxxxxxxxxxxxxxxx0.000002,0.000000,0.000000,0.000068,0.000098
A,ka100_req66,2,xxxxxxxxxxxxxxxx0.000002,0.000000,0.000000,0.000073,0.000100
A,ka100_req67,2,xxxxxxxxxxxxxxxx0.000002,0.000000,0.000000,0.000062,0.000088
A,ka100_req68,2,xxxxxxxxxxxxxxxx0.000003,0.000000,0.000000,0.000063,0.000090
A,ka100_req69,2,xxxxxxxxxxxxxxxx0.000003,0.000000,0.000000,0.000061,0.000088
A,ka100_req70,2,xxxxxxxxxxxxxxxx0.000002,0.000000,0.000000,0.000061,0.000087
A,ka100_req71,2,xxxxxxxxxxxxxxxx0.000002,0.000000,0.000000,0.000061,0.000088
A,ka100_req72,2,xxxxxxxxxxxxxxxx0.000002,0.000000,0.000000,0.000061,0.000089
A,ka100_req73,2,xxxxxxxxxxxxxxxx0.000002,0.000000,0.000000,0.000060,0.000088
A,ka100_req74,2,xxxxxxxxxxxxxxxx0.000002,0.000000,0.000000,0.000062,0.000088
A,ka100_req75,2,xxxxxxxxxxxxxxxx0.000002,0.000000,0.000000,0.000062,0.000100
A,ka100_req76,2,xxxxxxxxxxxxxxxx0.000002,0.000000,0.000000,0.000059,0.000088
A,ka100_req77,2,xxxxxxxxxxxxxxxx0.000003,0.000000,0.000000,0.000062,0.000088
A,ka100_req78,2,xxxxxxxxxxxxxxxx0.000002,0.000000,0.000000,0.000061,0.000088
A,ka100_req79,2,xxxxxxxxxxxxxxxx0.000002,0.000000,0.000000,0.000064,0.000090
A,ka100_req80,2,xxxxxxxxxxxxxxxx0.000003,0.000000,0.000000,0.000067,0.000094
A,ka100_req81,2,xxxxxxxxxxxxxxxx0.000002,0.000000,0.000000,0.000066,0.000089
A,ka100_req82,2,xxxxxxxxxxxxxxxx0.000002,0.000000,0.000000,0.000063,0.000089
A,ka100_req83,2,xxxxxxxxxxxxxxxx0.000003,0.000000,0.000000,0.000060,0.000085
A,ka100_req84,2,xxxxxxxxxxxxxxxx0.000002,0.000000,0.000000,0.000060,0.000084
A,ka100_req85,2,xxxxxxxxxxxxxxxx0.000002,0.000000,0.000000,0.000068,0.000089
A,ka100_req86,2,xxxxxxxxxxxxxxxx0.000004,0.000000,0.000000,0.000069,0.000092
A,ka100_req87,2,xxxxxxxxxxxxxxxx0.000003,0.000000,0.000000,0.000065,0.000088
A,ka100_req88,2,xxxxxxxxxxxxxxxx0.000003,0.000000,0.000000,0.000065,0.000089
A,ka100_req89,2,xxxxxxxxxxxxxxxx0.000003,0.000000,0.000000,0.000066,0.000089
A,ka100_req90,2,xxxxxxxxxxxxxxxx0.000003,0.000000,0.000000,0.000065,0.000089
A,ka100_req91,2,xxxxxxxxxxxxxxxx0.000003,0.000000,0.000000,0.000065,0.000088
A,ka100_req92,2,xxxxxxxxxxxxxxxx0.000003,0.000000,0.000000,0.000065,0.000088
A,ka100_req93,2,xxxxxxxxxxxxxxxx0.000003,0.000000,0.000000,0.000065,0.000089
A,ka100_req94,2,xxxxxxxxxxxxxxxx0.000003,0.000000,0.000000,0.000069,0.000095
A,ka100_req95,2,xxxxxxxxxxxxxxxx0.000003,0.000000,0.000000,0.000075,0.000107
A,ka100_req96,2,xxxxxxxxxxxxxxxx0.000005,0.000000,0.000000,0.000078,0.000104
A,ka100_req97,2,xxxxxxxxxxxxxxxx0.000003,0.000000,0.000000,0.000095,0.000119
A,ka100_req98,2,xxxxxxxxxxxxxxxx0.000003,0.000000,0.000000,0.000082,0.000110
A,ka100_req99,2,xxxxxxxxxxxxxxxx0.000003,0.000000,0.000000,0.000079,0.000101
A,ka100_req100,2,xxxxxxxxxxxxxxxx0.000003,0.000000,0.000000,0.000072,0.000095
A,ka100_req1,3,0.000004,0.000148,0.000815,0.000998,0.001021
A,ka100_req2,3,xxxxxxxxxxxxxxxx0.000003,0.000000,0.000000,0.000080,0.000084
A,ka100_req3,3,xxxxxxxxxxxxxxxx0.000002,0.000000,0.000000,0.000069,0.000073
A,ka100_req4,3,xxxxxxxxxxxxxxxx0.000002,0.000000,0.000000,0.000081,0.000086
A,ka100_req5,3,xxxxxxxxxxxxxxxx0.000005,0.000000,0.000000,0.000084,0.000088
A,ka100_req6,3,xxxxxxxxxxxxxxxx0.000003,0.000000,0.000000,0.000083,0.000086
A,ka100_req7,3,xxxxxxxxxxxxxxxx0.000003,0.000000,0.000000,0.000067,0.000093
A,ka100_req8,3,xxxxxxxxxxxxxxxx0.000002,0.000000,0.000000,0.000072,0.000099
A,ka100_req9,3,xxxxxxxxxxxxxxxx0.000003,0.000000,0.000000,0.000072,0.000098
A,ka100_req10,3,xxxxxxxxxxxxxxxx0.000003,0.000000,0.000000,0.000072,0.000098
A,ka100_req11,3,xxxxxxxxxxxxxxxx0.000002,0.000000,0.000000,0.000066,0.000092
A,ka100_req12,3,xxxxxxxxxxxxxxxx0.000002,0.000000,0.000000,0.000065,0.000087
A,ka100_req13,3,xxxxxxxxxxxxxxxx0.000003,0.000000,0.000000,0.000074,0.000101
A,ka100_req14,3,xxxxxxxxxxxxxxxx0.000003,0.000000,0.000000,0.000069,0.000096
A,ka100_req15,3,xxxxxxxxxxxxxxxx0.000003,0.000000,0.000000,0.000064,0.000091
A,ka100_req16,3,xxxxxxxxxxxxxxxx0.000002,0.000000,0.000000,0.000064,0.000091
A,ka100_req17,3,xxxxxxxxxxxxxxxx0.000002,0.000000,0.000000,0.000065,0.000092
A,ka100_req18,3,xxxxxxxxxxxxxxxx0.000002,0.000000,0.000000,0.000064,0.000092
A,ka100_req19,3,xxxxxxxxxxxxxxxx0.000002,0.000000,0.000000,0.000064,0.000090
A,ka100_req20,3,xxxxxxxxxxxxxxxx0.000002,0.000000,0.000000,0.000063,0.000090
A,ka100_req21,3,xxxxxxxxxxxxxxxx0.000002,0.000000,0.000000,0.000064,0.000090
A,ka100_req22,3,xxxxxxxxxxxxxxxx0.000002,0.000000,0.000000,0.000064,0.000090
A,ka100_req23,3,xxxxxxxxxxxxxxxx0.000003,0.000000,0.000000,0.000064,0.000091
A,ka100_req24,3,xxxxxxxxxxxxxxxx0.000002,0.000000,0.000000,0.000064,0.000091
A,ka100_req25,3,xxxxxxxxxxxxxxxx0.000002,0.000000,0.000000,0.000063,0.000089
A,ka100_req26,3,xxxxxxxxxxxxxxxx0.000002,0.000000,0.000000,0.000060,0.000087
A,ka100_req27,3,xxxxxxxxxxxxxxxx0.000002,0.000000,0.000000,0.000063,0.000090
A,ka100_req28,3,xxxxxxxxxxxxxxxx0.000002,0.000000,0.000000,0.000064,0.000092
A,ka100_req29,3,xxxxxxxxxxxxxxxx0.000002,0.000000,0.000000,0.000063,0.000089
A,ka100_req30,3,xxxxxxxxxxxxxxxx0.000002,0.000000,0.000000,0.000058,0.000085
A,ka100_req31,3,xxxxxxxxxxxxxxxx0.000002,0.000000,0.000000,0.000061,0.000088
A,ka100_req32,3,xxxxxxxxxxxxxxxx0.000002,0.000000,0.000000,0.000063,0.000090
A,ka100_req33,3,xxxxxxxxxxxxxxxx0.000002,0.000000,0.000000,0.000062,0.000085
A,ka100_req34,3,xxxxxxxxxxxxxxxx0.000005,0.000000,0.000000,0.000078,0.000105
A,ka100_req35,3,xxxxxxxxxxxxxxxx0.000003,0.000000,0.000000,0.000063,0.000090
A,ka100_req36,3,xxxxxxxxxxxxxxxx0.000002,0.000000,0.000000,0.000062,0.000089
A,ka100_req37,3,xxxxxxxxxxxxxxxx0.000002,0.000000,0.000000,0.000063,0.000090
A,ka100_req38,3,xxxxxxxxxxxxxxxx0.000002,0.000000,0.000000,0.000063,0.000089
A,ka100_req39,3,xxxxxxxxxxxxxxxx0.000002,0.000000,0.000000,0.000063,0.000090
A,ka100_req40,3,xxxxxxxxxxxxxxxx0.000003,0.000000,0.000000,0.000064,0.000090
A,ka100_req41,3,xxxxxxxxxxxxxxxx0.000002,0.000000,0.000000,0.000064,0.000090
A,ka100_req42,3,xxxxxxxxxxxxxxxx0.000002,0.000000,0.000000,0.000062,0.000090
A,ka100_req43,3,xxxxxxxxxxxxxxxx0.000002,0.000000,0.000000,0.000062,0.000089
A,ka100_req44,3,xxxxxxxxxxxxxxxx0.000002,0.000000,0.000000,0.000063,0.000090
A,ka100_req45,3,xxxxxxxxxxxxxxxx0.000002,0.000000,0.000000,0.000056,0.000084
A,ka100_req46,3,xxxxxxxxxxxxxxxx0.000003,0.000000,0.000000,0.000067,0.000115
A,ka100_req47,3,xxxxxxxxxxxxxxxx0.000005,0.000000,0.000000,0.000116,0.000152
A,ka100_req48,3,xxxxxxxxxxxxxxxx0.000002,0.000000,0.000000,0.000084,0.000107
A,ka100_req49,3,xxxxxxxxxxxxxxxx0.000002,0.000000,0.000000,0.000069,0.000090
A,ka100_req50,3,xxxxxxxxxxxxxxxx0.000003,0.000000,0.000000,0.000070,0.000091
A,ka100_req51,3,xxxxxxxxxxxxxxxx0.000002,0.000000,0.000000,0.000072,0.000094
A,ka100_req52,3,xxxxxxxxxxxxxxxx0.000003,0.000000,0.000000,0.000069,0.000090
A,ka100_req53,3,xxxxxxxxxxxxxxxx0.000003,0.000000,0.000000,0.000067,0.000088
A,ka100_req54,3,xxxxxxxxxxxxxxxx0.000003,0.000000,0.000000,0.000067,0.000092
A,ka100_req55,3,xxxxxxxxxxxxxxxx0.000003,0.000000,0.000000,0.000069,0.000089
A,ka100_req56,3,xxxxxxxxxxxxxxxx0.000003,0.000000,0.000000,0.000069,0.000094
A,ka100_req57,3,xxxxxxxxxxxxxxxx0.000003,0.000000,0.000000,0.000062,0.000087
A,ka100_req58,3,xxxxxxxxxxxxxxxx0.000002,0.000000,0.000000,0.000060,0.000084
A,ka100_req59,3,xxxxxxxxxxxxxxxx0.000002,0.000000,0.000000,0.000057,0.000083
A,ka100_req60,3,xxxxxxxxxxxxxxxx0.000002,0.000000,0.000000,0.000065,0.000087
A,ka100_req61,3,xxxxxxxxxxxxxxxx0.000003,0.000000,0.000000,0.000068,0.000089
A,ka100_req62,3,xxxxxxxxxxxxxxxx0.000003,0.000000,0.000000,0.000069,0.000094
A,ka100_req63,3,xxxxxxxxxxxxxxxx0.000003,0.000000,0.000000,0.000085,0.000112
A,ka100_req64,3,xxxxxxxxxxxxxxxx0.000002,0.000000,0.000000,0.000060,0.000085
A,ka100_req65,3,xxxxxxxxxxxxxxxx0.000002,0.000000,0.000000,0.000059,0.000083
A,ka100_req66,3,xxxxxxxxxxxxxxxx0.000002,0.000000,0.000000,0.000056,0.000078
A,ka100_req67,3,xxxxxxxxxxxxxxxx0.000002,0.000000,0.000000,0.000056,0.000079
A,ka100_req68,3,xxxxxxxxxxxxxxxx0.000002,0.000000,0.000000,0.000055,0.000079
A,ka100_req69,3,xxxxxxxxxxxxxxxx0.000002,0.000000,0.000000,0.000058,0.000082
A,ka100_req70,3,xxxxxxxxxxxxxxxx0.000002,0.000000,0.000000,0.000058,0.000081
A,ka100_req71,3,xxxxxxxxxxxxxxxx0.000002,0.000000,0.000000,0.000057,0.000080
A,ka100_req72,3,xxxxxxxxxxxxxxxx0.000002,0.000000,0.000000,0.000057,0.000078
A,ka100_req73,3,xxxxxxxxxxxxxxxx0.000002,0.000000,0.000000,0.000072,0.000094
A,ka100_req74,3,xxxxxxxxxxxxxxxx0.000002,0.000000,0.000000,0.000056,0.000078
A,ka100_req75,3,xxxxxxxxxxxxxxxx0.000002,0.000000,0.000000,0.000056,0.000078
A,ka100_req76,3,xxxxxxxxxxxxxxxx0.000002,0.000000,0.000000,0.000056,0.000078
A,ka100_req77,3,xxxxxxxxxxxxxxxx0.000002,0.000000,0.000000,0.000056,0.000079
A,ka100_req78,3,xxxxxxxxxxxxxxxx0.000002,0.000000,0.000000,0.000057,0.000080
A,ka100_req79,3,xxxxxxxxxxxxxxxx0.000002,0.000000,0.000000,0.000056,0.000079
A,ka100_req80,3,xxxxxxxxxxxxxxxx0.000003,0.000000,0.000000,0.000057,0.000080
A,ka100_req81,3,xxxxxxxxxxxxxxxx0.000002,0.000000,0.000000,0.000056,0.000079
A,ka100_req82,3,xxxxxxxxxxxxxxxx0.000002,0.000000,0.000000,0.000056,0.000082
A,ka100_req83,3,xxxxxxxxxxxxxxxx0.000003,0.000000,0.000000,0.000062,0.000075
A,ka100_req84,3,xxxxxxxxxxxxxxxx0.000004,0.000000,0.000000,0.000057,0.000071
A,ka100_req85,3,xxxxxxxxxxxxxxxx0.000004,0.000000,0.000000,0.000059,0.000072
A,ka100_req86,3,xxxxxxxxxxxxxxxx0.000004,0.000000,0.000000,0.000048,0.000059
A,ka100_req87,3,xxxxxxxxxxxxxxxx0.000004,0.000000,0.000000,0.000054,0.000065
A,ka100_req88,3,xxxxxxxxxxxxxxxx0.000003,0.000000,0.000000,0.000052,0.000064
A,ka100_req89,3,xxxxxxxxxxxxxxxx0.000003,0.000000,0.000000,0.000053,0.000064
A,ka100_req90,3,xxxxxxxxxxxxxxxx0.000003,0.000000,0.000000,0.000048,0.000058
A,ka100_req91,3,xxxxxxxxxxxxxxxx0.000003,0.000000,0.000000,0.000066,0.000085
A,ka100_req92,3,xxxxxxxxxxxxxxxx0.000003,0.000000,0.000000,0.000057,0.000068
A,ka100_req93,3,xxxxxxxxxxxxxxxx0.000003,0.000000,0.000000,0.000052,0.000066
A,ka100_req94,3,xxxxxxxxxxxxxxxx0.000003,0.000000,0.000000,0.000062,0.000075
A,ka100_req95,3,xxxxxxxxxxxxxxxx0.000003,0.000000,0.000000,0.000054,0.000067
A,ka100_req96,3,xxxxxxxxxxxxxxxx0.000003,0.000000,0.000000,0.000054,0.000069
A,ka100_req97,3,xxxxxxxxxxxxxxxx0.000004,0.000000,0.000000,0.000058,0.000072
A,ka100_req98,3,xxxxxxxxxxxxxxxx0.000002,0.000000,0.000000,0.000055,0.000069
A,ka100_req99,3,xxxxxxxxxxxxxxxx0.000003,0.000000,0.000000,0.000050,0.000059
A,ka100_req100,3,xxxxxxxxxxxxxxxx0.000003,0.000000,0.000000,0.000050,0.000059
A,ka100_req1,4,0.000005,0.000081,0.000761,0.000926,0.000948
A,ka100_req2,4,xxxxxxxxxxxxxxxx0.000004,0.000000,0.000000,0.000077,0.000081
A,ka100_req3,4,xxxxxxxxxxxxxxxx0.000002,0.000000,0.000000,0.000067,0.000070
A,ka100_req4,4,xxxxxxxxxxxxxxxx0.000002,0.000000,0.000000,0.000070,0.000075
A,ka100_req5,4,xxxxxxxxxxxxxxxx0.000004,0.000000,0.000000,0.000073,0.000076
A,ka100_req6,4,xxxxxxxxxxxxxxxx0.000003,0.000000,0.000000,0.000078,0.000081
A,ka100_req7,4,xxxxxxxxxxxxxxxx0.000004,0.000000,0.000000,0.000076,0.000102
A,ka100_req8,4,xxxxxxxxxxxxxxxx0.000003,0.000000,0.000000,0.000065,0.000089
A,ka100_req9,4,xxxxxxxxxxxxxxxx0.000003,0.000000,0.000000,0.000072,0.000097
A,ka100_req10,4,xxxxxxxxxxxxxxxx0.000002,0.000000,0.000000,0.000069,0.000094
A,ka100_req11,4,xxxxxxxxxxxxxxxx0.000003,0.000000,0.000000,0.000071,0.000096
A,ka100_req12,4,xxxxxxxxxxxxxxxx0.000002,0.000000,0.000000,0.000069,0.000095
A,ka100_req13,4,xxxxxxxxxxxxxxxx0.000002,0.000000,0.000000,0.000070,0.000094
A,ka100_req14,4,xxxxxxxxxxxxxxxx0.000003,0.000000,0.000000,0.000061,0.000083
A,ka100_req15,4,xxxxxxxxxxxxxxxx0.000003,0.000000,0.000000,0.000066,0.000090
A,ka100_req16,4,xxxxxxxxxxxxxxxx0.000003,0.000000,0.000000,0.000063,0.000086
A,ka100_req17,4,xxxxxxxxxxxxxxxx0.000002,0.000000,0.000000,0.000056,0.000080
A,ka100_req18,4,xxxxxxxxxxxxxxxx0.000002,0.000000,0.000000,0.000061,0.000087
A,ka100_req19,4,xxxxxxxxxxxxxxxx0.000003,0.000000,0.000000,0.000062,0.000087
A,ka100_req20,4,xxxxxxxxxxxxxxxx0.000002,0.000000,0.000000,0.000061,0.000085
A,ka100_req21,4,xxxxxxxxxxxxxxxx0.000002,0.000000,0.000000,0.000061,0.000085
A,ka100_req22,4,xxxxxxxxxxxxxxxx0.000002,0.000000,0.000000,0.000058,0.000084
A,ka100_req23,4,xxxxxxxxxxxxxxxx0.000002,0.000000,0.000000,0.000058,0.000083
A,ka100_req24,4,xxxxxxxxxxxxxxxx0.000002,0.000000,0.000000,0.000058,0.000083
A,ka100_req25,4,xxxxxxxxxxxxxxxx0.000002,0.000000,0.000000,0.000059,0.000083
A,ka100_req26,4,xxxxxxxxxxxxxxxx0.000002,0.000000,0.000000,0.000058,0.000084
A,ka100_req27,4,xxxxxxxxxxxxxxxx0.000002,0.000000,0.000000,0.000059,0.000083
A,ka100_req28,4,xxxxxxxxxxxxxxxx0.000002,0.000000,0.000000,0.000061,0.000086
A,ka100_req29,4,xxxxxxxxxxxxxxxx0.000002,0.000000,0.000000,0.000061,0.000086
A,ka100_req30,4,xxxxxxxxxxxxxxxx0.000002,0.000000,0.000000,0.000061,0.000086
A,ka100_req31,4,xxxxxxxxxxxxxxxx0.000002,0.000000,0.000000,0.000058,0.000083
A,ka100_req32,4,xxxxxxxxxxxxxxxx0.000002,0.000000,0.000000,0.000060,0.000085
A,ka100_req33,4,xxxxxxxxxxxxxxxx0.000002,0.000000,0.000000,0.000058,0.000083
A,ka100_req34,4,xxxxxxxxxxxxxxxx0.000002,0.000000,0.000000,0.000054,0.000076
A,ka100_req35,4,xxxxxxxxxxxxxxxx0.000003,0.000000,0.000000,0.000062,0.000086
A,ka100_req36,4,xxxxxxxxxxxxxxxx0.000002,0.000000,0.000000,0.000057,0.000082
A,ka100_req37,4,xxxxxxxxxxxxxxxx0.000002,0.000000,0.000000,0.000060,0.000086
A,ka100_req38,4,xxxxxxxxxxxxxxxx0.000002,0.000000,0.000000,0.000060,0.000085
A,ka100_req39,4,xxxxxxxxxxxxxxxx0.000002,0.000000,0.000000,0.000057,0.000082
A,ka100_req40,4,xxxxxxxxxxxxxxxx0.000003,0.000000,0.000000,0.000058,0.000082
A,ka100_req41,4,xxxxxxxxxxxxxxxx0.000002,0.000000,0.000000,0.000061,0.000085
A,ka100_req42,4,xxxxxxxxxxxxxxxx0.000002,0.000000,0.000000,0.000060,0.000084
A,ka100_req43,4,xxxxxxxxxxxxxxxx0.000002,0.000000,0.000000,0.000058,0.000087
A,ka100_req44,4,xxxxxxxxxxxxxxxx0.000003,0.000000,0.000000,0.000069,0.000094
A,ka100_req45,4,xxxxxxxxxxxxxxxx0.000003,0.000000,0.000000,0.000068,0.000092
A,ka100_req46,4,xxxxxxxxxxxxxxxx0.000002,0.000000,0.000000,0.000059,0.000085
A,ka100_req47,4,xxxxxxxxxxxxxxxx0.000002,0.000000,0.000000,0.000060,0.000085
A,ka100_req48,4,xxxxxxxxxxxxxxxx0.000002,0.000000,0.000000,0.000061,0.000085
A,ka100_req49,4,xxxxxxxxxxxxxxxx0.000002,0.000000,0.000000,0.000061,0.000086
A,ka100_req50,4,xxxxxxxxxxxxxxxx0.000002,0.000000,0.000000,0.000060,0.000085
A,ka100_req51,4,xxxxxxxxxxxxxxxx0.000002,0.000000,0.000000,0.000057,0.000083
A,ka100_req52,4,xxxxxxxxxxxxxxxx0.000002,0.000000,0.000000,0.000060,0.000085
A,ka100_req53,4,xxxxxxxxxxxxxxxx0.000002,0.000000,0.000000,0.000060,0.000085
A,ka100_req54,4,xxxxxxxxxxxxxxxx0.000002,0.000000,0.000000,0.000059,0.000083
A,ka100_req55,4,xxxxxxxxxxxxxxxx0.000003,0.000000,0.000000,0.000058,0.000083
A,ka100_req56,4,xxxxxxxxxxxxxxxx0.000002,0.000000,0.000000,0.000060,0.000086
A,ka100_req57,4,xxxxxxxxxxxxxxxx0.000002,0.000000,0.000000,0.000061,0.000085
A,ka100_req58,4,xxxxxxxxxxxxxxxx0.000002,0.000000,0.000000,0.000068,0.000093
A,ka100_req59,4,xxxxxxxxxxxxxxxx0.000003,0.000000,0.000000,0.000067,0.000092
A,ka100_req60,4,xxxxxxxxxxxxxxxx0.000002,0.000000,0.000000,0.000065,0.000090
A,ka100_req61,4,xxxxxxxxxxxxxxxx0.000003,0.000000,0.000000,0.000064,0.000088
A,ka100_req62,4,xxxxxxxxxxxxxxxx0.000002,0.000000,0.000000,0.000063,0.000088
A,ka100_req63,4,xxxxxxxxxxxxxxxx0.000002,0.000000,0.000000,0.000063,0.000098
A,ka100_req64,4,xxxxxxxxxxxxxxxx0.000002,0.000000,0.000000,0.000065,0.000089
A,ka100_req65,4,xxxxxxxxxxxxxxxx0.000004,0.000000,0.000000,0.000090,0.000115
A,ka100_req66,4,xxxxxxxxxxxxxxxx0.000002,0.000000,0.000000,0.000058,0.000085
A,ka100_req67,4,xxxxxxxxxxxxxxxx0.000002,0.000000,0.000000,0.000063,0.000086
A,ka100_req68,4,xxxxxxxxxxxxxxxx0.000002,0.000000,0.000000,0.000056,0.000081
A,ka100_req69,4,xxxxxxxxxxxxxxxx0.000002,0.000000,0.000000,0.000057,0.000080
A,ka100_req70,4,xxxxxxxxxxxxxxxx0.000002,0.000000,0.000000,0.000056,0.000080
A,ka100_req71,4,xxxxxxxxxxxxxxxx0.000002,0.000000,0.000000,0.000056,0.000079
A,ka100_req72,4,xxxxxxxxxxxxxxxx0.000002,0.000000,0.000000,0.000057,0.000080
A,ka100_req73,4,xxxxxxxxxxxxxxxx0.000002,0.000000,0.000000,0.000056,0.000079
A,ka100_req74,4,xxxxxxxxxxxxxxxx0.000003,0.000000,0.000000,0.000057,0.000072
A,ka100_req75,4,xxxxxxxxxxxxxxxx0.000003,0.000000,0.000000,0.000056,0.000071
A,ka100_req76,4,xxxxxxxxxxxxxxxx0.000003,0.000000,0.000000,0.000050,0.000060
A,ka100_req77,4,xxxxxxxxxxxxxxxx0.000003,0.000000,0.000000,0.000050,0.000060
A,ka100_req78,4,xxxxxxxxxxxxxxxx0.000002,0.000000,0.000000,0.000049,0.000060
A,ka100_req79,4,xxxxxxxxxxxxxxxx0.000003,0.000000,0.000000,0.000050,0.000060
A,ka100_req80,4,xxxxxxxxxxxxxxxx0.000003,0.000000,0.000000,0.000049,0.000059
A,ka100_req81,4,xxxxxxxxxxxxxxxx0.000003,0.000000,0.000000,0.000049,0.000059
A,ka100_req82,4,xxxxxxxxxxxxxxxx0.000003,0.000000,0.000000,0.000049,0.000060
A,ka100_req83,4,xxxxxxxxxxxxxxxx0.000002,0.000000,0.000000,0.000049,0.000060
A,ka100_req84,4,xxxxxxxxxxxxxxxx0.000002,0.000000,0.000000,0.000049,0.000059
A,ka100_req85,4,xxxxxxxxxxxxxxxx0.000003,0.000000,0.000000,0.000049,0.000059
A,ka100_req86,4,xxxxxxxxxxxxxxxx0.000003,0.000000,0.000000,0.000049,0.000058
A,ka100_req87,4,xxxxxxxxxxxxxxxx0.000002,0.000000,0.000000,0.000050,0.000062
A,ka100_req88,4,xxxxxxxxxxxxxxxx0.000003,0.000000,0.000000,0.000051,0.000061
A,ka100_req89,4,xxxxxxxxxxxxxxxx0.000003,0.000000,0.000000,0.000048,0.000058
A,ka100_req90,4,xxxxxxxxxxxxxxxx0.000003,0.000000,0.000000,0.000048,0.000059
A,ka100_req91,4,xxxxxxxxxxxxxxxx0.000003,0.000000,0.000000,0.000051,0.000061
A,ka100_req92,4,xxxxxxxxxxxxxxxx0.000003,0.000000,0.000000,0.000059,0.000066
A,ka100_req93,4,xxxxxxxxxxxxxxxx0.000002,0.000000,0.000000,0.000077,0.000091
A,ka100_req94,4,xxxxxxxxxxxxxxxx0.000003,0.000000,0.000000,0.000055,0.000067
A,ka100_req95,4,xxxxxxxxxxxxxxxx0.000003,0.000000,0.000000,0.000057,0.000070
A,ka100_req96,4,xxxxxxxxxxxxxxxx0.000003,0.000000,0.000000,0.000057,0.000069
A,ka100_req97,4,xxxxxxxxxxxxxxxx0.000003,0.000000,0.000000,0.000053,0.000068
A,ka100_req98,4,xxxxxxxxxxxxxxxx0.000003,0.000000,0.000000,0.000055,0.000069
A,ka100_req99,4,xxxxxxxxxxxxxxxx0.000003,0.000000,0.000000,0.000144,0.000173
A,ka100_req100,4,xxxxxxxxxxxxxxxx0.000003,0.000000,0.000000,0.000053,0.000099
A,ka100_req1,5,0.000005,0.000087,0.000777,0.000949,0.000979
A,ka100_req2,5,xxxxxxxxxxxxxxxx0.000003,0.000000,0.000000,0.000059,0.000064
A,ka100_req3,5,xxxxxxxxxxxxxxxx0.000003,0.000000,0.000000,0.000049,0.000053
A,ka100_req4,5,xxxxxxxxxxxxxxxx0.000002,0.000000,0.000000,0.000045,0.000050
A,ka100_req5,5,xxxxxxxxxxxxxxxx0.000006,0.000000,0.000000,0.000052,0.000056
A,ka100_req6,5,xxxxxxxxxxxxxxxx0.000003,0.000000,0.000000,0.000067,0.000074
A,ka100_req7,5,xxxxxxxxxxxxxxxx0.000006,0.000000,0.000000,0.000066,0.000082
A,ka100_req8,5,xxxxxxxxxxxxxxxx0.000003,0.000000,0.000000,0.000063,0.000076
A,ka100_req9,5,xxxxxxxxxxxxxxxx0.000002,0.000000,0.000000,0.000053,0.000066
A,ka100_req10,5,xxxxxxxxxxxxxxxx0.000002,0.000000,0.000000,0.000051,0.000064
A,ka100_req11,5,xxxxxxxxxxxxxxxx0.000003,0.000000,0.000000,0.000054,0.000069
A,ka100_req12,5,xxxxxxxxxxxxxxxx0.000002,0.000000,0.000000,0.000053,0.000065
A,ka100_req13,5,xxxxxxxxxxxxxxxx0.000002,0.000000,0.000000,0.000046,0.000056
A,ka100_req14,5,xxxxxxxxxxxxxxxx0.000003,0.000000,0.000000,0.000049,0.000059
A,ka100_req15,5,xxxxxxxxxxxxxxxx0.000003,0.000000,0.000000,0.000050,0.000061
A,ka100_req16,5,xxxxxxxxxxxxxxxx0.000003,0.000000,0.000000,0.000051,0.000061
A,ka100_req17,5,xxxxxxxxxxxxxxxx0.000003,0.000000,0.000000,0.000051,0.000060
A,ka100_req18,5,xxxxxxxxxxxxxxxx0.000003,0.000000,0.000000,0.000054,0.000063
A,ka100_req19,5,xxxxxxxxxxxxxxxx0.000003,0.000000,0.000000,0.000054,0.000067
A,ka100_req20,5,xxxxxxxxxxxxxxxx0.000003,0.000000,0.000000,0.000059,0.000071
A,ka100_req21,5,xxxxxxxxxxxxxxxx0.000003,0.000000,0.000000,0.000051,0.000060
A,ka100_req22,5,xxxxxxxxxxxxxxxx0.000003,0.000000,0.000000,0.000051,0.000060
A,ka100_req23,5,xxxxxxxxxxxxxxxx0.000003,0.000000,0.000000,0.000049,0.000059
A,ka100_req24,5,xxxxxxxxxxxxxxxx0.000003,0.000000,0.000000,0.000048,0.000058
A,ka100_req25,5,xxxxxxxxxxxxxxxx0.000003,0.000000,0.000000,0.000049,0.000058
A,ka100_req26,5,xxxxxxxxxxxxxxxx0.000003,0.000000,0.000000,0.000050,0.000059
A,ka100_req27,5,xxxxxxxxxxxxxxxx0.000002,0.000000,0.000000,0.000048,0.000062
A,ka100_req28,5,xxxxxxxxxxxxxxxx0.000003,0.000000,0.000000,0.000049,0.000059
A,ka100_req29,5,xxxxxxxxxxxxxxxx0.000003,0.000000,0.000000,0.000048,0.000057
A,ka100_req30,5,xxxxxxxxxxxxxxxx0.000003,0.000000,0.000000,0.000050,0.000061
A,ka100_req31,5,xxxxxxxxxxxxxxxx0.000003,0.000000,0.000000,0.000049,0.000059
A,ka100_req32,5,xxxxxxxxxxxxxxxx0.000003,0.000000,0.000000,0.000050,0.000060
A,ka100_req33,5,xxxxxxxxxxxxxxxx0.000003,0.000000,0.000000,0.000047,0.000057
A,ka100_req34,5,xxxxxxxxxxxxxxxx0.000003,0.000000,0.000000,0.000049,0.000059
A,ka100_req35,5,xxxxxxxxxxxxxxxx0.000003,0.000000,0.000000,0.000051,0.000060
A,ka100_req36,5,xxxxxxxxxxxxxxxx0.000003,0.000000,0.000000,0.000048,0.000057
A,ka100_req37,5,xxxxxxxxxxxxxxxx0.000002,0.000000,0.000000,0.000048,0.000058
A,ka100_req38,5,xxxxxxxxxxxxxxxx0.000003,0.000000,0.000000,0.000048,0.000057
A,ka100_req39,5,xxxxxxxxxxxxxxxx0.000003,0.000000,0.000000,0.000048,0.000058
A,ka100_req40,5,xxxxxxxxxxxxxxxx0.000003,0.000000,0.000000,0.000048,0.000057
A,ka100_req41,5,xxxxxxxxxxxxxxxx0.000002,0.000000,0.000000,0.000047,0.000057
A,ka100_req42,5,xxxxxxxxxxxxxxxx0.000003,0.000000,0.000000,0.000048,0.000057
A,ka100_req43,5,xxxxxxxxxxxxxxxx0.000003,0.000000,0.000000,0.000048,0.000058
A,ka100_req44,5,xxxxxxxxxxxxxxxx0.000003,0.000000,0.000000,0.000052,0.000065
A,ka100_req45,5,xxxxxxxxxxxxxxxx0.000003,0.000000,0.000000,0.000047,0.000059
A,ka100_req46,5,xxxxxxxxxxxxxxxx0.000003,0.000000,0.000000,0.000047,0.000060
A,ka100_req47,5,xxxxxxxxxxxxxxxx0.000003,0.000000,0.000000,0.000047,0.000059
A,ka100_req48,5,xxxxxxxxxxxxxxxx0.000003,0.000000,0.000000,0.000051,0.000064
A,ka100_req49,5,xxxxxxxxxxxxxxxx0.000003,0.000000,0.000000,0.000048,0.000058
A,ka100_req50,5,xxxxxxxxxxxxxxxx0.000003,0.000000,0.000000,0.000049,0.000059
A,ka100_req51,5,xxxxxxxxxxxxxxxx0.000003,0.000000,0.000000,0.000062,0.000074
A,ka100_req52,5,xxxxxxxxxxxxxxxx0.000003,0.000000,0.000000,0.000052,0.000064
A,ka100_req53,5,xxxxxxxxxxxxxxxx0.000002,0.000000,0.000000,0.000049,0.000060
A,ka100_req54,5,xxxxxxxxxxxxxxxx0.000003,0.000000,0.000000,0.000048,0.000058
A,ka100_req55,5,xxxxxxxxxxxxxxxx0.000002,0.000000,0.000000,0.000048,0.000061
A,ka100_req56,5,xxxxxxxxxxxxxxxx0.000003,0.000000,0.000000,0.000052,0.000061
A,ka100_req57,5,xxxxxxxxxxxxxxxx0.000002,0.000000,0.000000,0.000048,0.000058
A,ka100_req58,5,xxxxxxxxxxxxxxxx0.000003,0.000000,0.000000,0.000048,0.000057
A,ka100_req59,5,xxxxxxxxxxxxxxxx0.000002,0.000000,0.000000,0.000047,0.000058
A,ka100_req60,5,xxxxxxxxxxxxxxxx0.000003,0.000000,0.000000,0.000047,0.000055
A,ka100_req61,5,xxxxxxxxxxxxxxxx0.000002,0.000000,0.000000,0.000047,0.000059
A,ka100_req62,5,xxxxxxxxxxxxxxxx0.000003,0.000000,0.000000,0.000048,0.000058
A,ka100_req63,5,xxxxxxxxxxxxxxxx0.000003,0.000000,0.000000,0.000057,0.000069
A,ka100_req64,5,xxxxxxxxxxxxxxxx0.000003,0.000000,0.000000,0.000062,0.000073
A,ka100_req65,5,xxxxxxxxxxxxxxxx0.000003,0.000000,0.000000,0.000052,0.000063
A,ka100_req66,5,xxxxxxxxxxxxxxxx0.000003,0.000000,0.000000,0.000052,0.000064
A,ka100_req67,5,xxxxxxxxxxxxxxxx0.000003,0.000000,0.000000,0.000051,0.000063
A,ka100_req68,5,xxxxxxxxxxxxxxxx0.000002,0.000000,0.000000,0.000048,0.000060
A,ka100_req69,5,xxxxxxxxxxxxxxxx0.000003,0.000000,0.000000,0.000048,0.000057
A,ka100_req70,5,xxxxxxxxxxxxxxxx0.000003,0.000000,0.000000,0.000048,0.000057
A,ka100_req71,5,xxxxxxxxxxxxxxxx0.000003,0.000000,0.000000,0.000047,0.000057
A,ka100_req72,5,xxxxxxxxxxxxxxxx0.000003,0.000000,0.000000,0.000048,0.000057
A,ka100_req73,5,xxxxxxxxxxxxxxxx0.000003,0.000000,0.000000,0.000048,0.000057
A,ka100_req74,5,xxxxxxxxxxxxxxxx0.000003,0.000000,0.000000,0.000048,0.000057
A,ka100_req75,5,xxxxxxxxxxxxxxxx0.000003,0.000000,0.000000,0.000048,0.000057
A,ka100_req76,5,xxxxxxxxxxxxxxxx0.000003,0.000000,0.000000,0.000047,0.000056
A,ka100_req77,5,xxxxxxxxxxxxxxxx0.000003,0.000000,0.000000,0.000055,0.000065
A,ka100_req78,5,xxxxxxxxxxxxxxxx0.000003,0.000000,0.000000,0.000051,0.000060
A,ka100_req79,5,xxxxxxxxxxxxxxxx0.000003,0.000000,0.000000,0.000060,0.000067
A,ka100_req80,5,xxxxxxxxxxxxxxxx0.000003,0.000000,0.000000,0.000046,0.000054
A,ka100_req81,5,xxxxxxxxxxxxxxxx0.000003,0.000000,0.000000,0.000056,0.000069
A,ka100_req82,5,xxxxxxxxxxxxxxxx0.000003,0.000000,0.000000,0.000053,0.000062
A,ka100_req83,5,xxxxxxxxxxxxxxxx0.000003,0.000000,0.000000,0.000049,0.000062
A,ka100_req84,5,xxxxxxxxxxxxxxxx0.000003,0.000000,0.000000,0.000047,0.000060
A,ka100_req85,5,xxxxxxxxxxxxxxxx0.000003,0.000000,0.000000,0.000043,0.000048
A,ka100_req86,5,xxxxxxxxxxxxxxxx0.000003,0.000000,0.000000,0.000048,0.000060
A,ka100_req87,5,xxxxxxxxxxxxxxxx0.000003,0.000000,0.000000,0.000052,0.000064
A,ka100_req88,5,xxxxxxxxxxxxxxxx0.000002,0.000000,0.000000,0.000043,0.000053
A,ka100_req89,5,xxxxxxxxxxxxxxxx0.000003,0.000000,0.000000,0.000048,0.000057
A,ka100_req90,5,xxxxxxxxxxxxxxxx0.000003,0.000000,0.000000,0.000048,0.000057
A,ka100_req91,5,xxxxxxxxxxxxxxxx0.000003,0.000000,0.000000,0.000048,0.000057
A,ka100_req92,5,xxxxxxxxxxxxxxxx0.000003,0.000000,0.000000,0.000047,0.000056
A,ka100_req93,5,xxxxxxxxxxxxxxxx0.000003,0.000000,0.000000,0.000048,0.000057
A,ka100_req94,5,xxxxxxxxxxxxxxxx0.000003,0.000000,0.000000,0.000048,0.000057
A,ka100_req95,5,xxxxxxxxxxxxxxxx0.000003,0.000000,0.000000,0.000047,0.000057
A,ka100_req96,5,xxxxxxxxxxxxxxxx0.000003,0.000000,0.000000,0.000047,0.000056
A,ka100_req97,5,xxxxxxxxxxxxxxxx0.000003,0.000000,0.000000,0.000047,0.000056
A,ka100_req98,5,xxxxxxxxxxxxxxxx0.000003,0.000000,0.000000,0.000049,0.000059
A,ka100_req99,5,xxxxxxxxxxxxxxxx0.000004,0.000000,0.000000,0.000061,0.000074
A,ka100_req100,5,xxxxxxxxxxxxxxxx0.000003,0.000000,0.000000,0.000060,0.000072
A,ka100_req1,6,0.000005,0.000088,0.000783,0.000955,0.000985
A,ka100_req2,6,xxxxxxxxxxxxxxxx0.000004,0.000000,0.000000,0.000065,0.000068
A,ka100_req3,6,xxxxxxxxxxxxxxxx0.000002,0.000000,0.000000,0.000056,0.000061
A,ka100_req4,6,xxxxxxxxxxxxxxxx0.000003,0.000000,0.000000,0.000053,0.000059
A,ka100_req5,6,xxxxxxxxxxxxxxxx0.000005,0.000000,0.000000,0.000053,0.000057
A,ka100_req6,6,xxxxxxxxxxxxxxxx0.000002,0.000000,0.000000,0.000053,0.000057
A,ka100_req7,6,xxxxxxxxxxxxxxxx0.000004,0.000000,0.000000,0.000052,0.000065
A,ka100_req8,6,xxxxxxxxxxxxxxxx0.000003,0.000000,0.000000,0.000059,0.000073
A,ka100_req9,6,xxxxxxxxxxxxxxxx0.000003,0.000000,0.000000,0.000061,0.000073
A,ka100_req10,6,xxxxxxxxxxxxxxxx0.000003,0.000000,0.000000,0.000051,0.000061
A,ka100_req11,6,xxxxxxxxxxxxxxxx0.000002,0.000000,0.000000,0.000051,0.000061
A,ka100_req12,6,xxxxxxxxxxxxxxxx0.000003,0.000000,0.000000,0.000047,0.000057
A,ka100_req13,6,xxxxxxxxxxxxxxxx0.000003,0.000000,0.000000,0.000048,0.000057
A,ka100_req14,6,xxxxxxxxxxxxxxxx0.000004,0.000000,0.000000,0.000049,0.000060
A,ka100_req15,6,xxxxxxxxxxxxxxxx0.000004,0.000000,0.000000,0.000051,0.000063
A,ka100_req16,6,xxxxxxxxxxxxxxxx0.000003,0.000000,0.000000,0.000053,0.000068
A,ka100_req17,6,xxxxxxxxxxxxxxxx0.000002,0.000000,0.000000,0.000051,0.000061
A,ka100_req18,6,xxxxxxxxxxxxxxxx0.000002,0.000000,0.000000,0.000065,0.000078
A,ka100_req19,6,xxxxxxxxxxxxxxxx0.000003,0.000000,0.000000,0.000059,0.000072
A,ka100_req20,6,xxxxxxxxxxxxxxxx0.000004,0.000000,0.000000,0.000050,0.000063
A,ka100_req21,6,xxxxxxxxxxxxxxxx0.000003,0.000000,0.000000,0.000063,0.000075
A,ka100_req22,6,xxxxxxxxxxxxxxxx0.000003,0.000000,0.000000,0.000055,0.000069
A,ka100_req23,6,xxxxxxxxxxxxxxxx0.000003,0.000000,0.000000,0.000056,0.000069
A,ka100_req24,6,xxxxxxxxxxxxxxxx0.000003,0.000000,0.000000,0.000049,0.000059
A,ka100_req25,6,xxxxxxxxxxxxxxxx0.000003,0.000000,0.000000,0.000049,0.000059
A,ka100_req26,6,xxxxxxxxxxxxxxxx0.000002,0.000000,0.000000,0.000056,0.000066
A,ka100_req27,6,xxxxxxxxxxxxxxxx0.000003,0.000000,0.000000,0.000052,0.000065
A,ka100_req28,6,xxxxxxxxxxxxxxxx0.000003,0.000000,0.000000,0.000056,0.000069
A,ka100_req29,6,xxxxxxxxxxxxxxxx0.000003,0.000000,0.000000,0.000052,0.000062
A,ka100_req30,6,xxxxxxxxxxxxxxxx0.000003,0.000000,0.000000,0.000050,0.000060
A,ka100_req31,6,xxxxxxxxxxxxxxxx0.000003,0.000000,0.000000,0.000049,0.000059
A,ka100_req32,6,xxxxxxxxxxxxxxxx0.000003,0.000000,0.000000,0.000050,0.000059
A,ka100_req33,6,xxxxxxxxxxxxxxxx0.000003,0.000000,0.000000,0.000051,0.000065
A,ka100_req34,6,xxxxxxxxxxxxxxxx0.000002,0.000000,0.000000,0.000054,0.000068
A,ka100_req35,6,xxxxxxxxxxxxxxxx0.000002,0.000000,0.000000,0.000051,0.000062
A,ka100_req36,6,xxxxxxxxxxxxxxxx0.000003,0.000000,0.000000,0.000050,0.000060
A,ka100_req37,6,xxxxxxxxxxxxxxxx0.000003,0.000000,0.000000,0.000049,0.000059
A,ka100_req38,6,xxxxxxxxxxxxxxxx0.000003,0.000000,0.000000,0.000050,0.000059
A,ka100_req39,6,xxxxxxxxxxxxxxxx0.000003,0.000000,0.000000,0.000052,0.000064
A,ka100_req40,6,xxxxxxxxxxxxxxxx0.000003,0.000000,0.000000,0.000055,0.000068
A,ka100_req41,6,xxxxxxxxxxxxxxxx0.000003,0.000000,0.000000,0.000051,0.000060
A,ka100_req42,6,xxxxxxxxxxxxxxxx0.000003,0.000000,0.000000,0.000050,0.000060
A,ka100_req43,6,xxxxxxxxxxxxxxxx0.000003,0.000000,0.000000,0.000050,0.000059
A,ka100_req44,6,xxxxxxxxxxxxxxxx0.000003,0.000000,0.000000,0.000048,0.000059
A,ka100_req45,6,xxxxxxxxxxxxxxxx0.000003,0.000000,0.000000,0.000053,0.000062
A,ka100_req46,6,xxxxxxxxxxxxxxxx0.000003,0.000000,0.000000,0.000049,0.000058
A,ka100_req47,6,xxxxxxxxxxxxxxxx0.000003,0.000000,0.000000,0.000049,0.000058
A,ka100_req48,6,xxxxxxxxxxxxxxxx0.000003,0.000000,0.000000,0.000049,0.000058
A,ka100_req49,6,xxxxxxxxxxxxxxxx0.000003,0.000000,0.000000,0.000048,0.000057
A,ka100_req50,6,xxxxxxxxxxxxxxxx0.000003,0.000000,0.000000,0.000050,0.000061
A,ka100_req51,6,xxxxxxxxxxxxxxxx0.000003,0.000000,0.000000,0.000048,0.000057
A,ka100_req52,6,xxxxxxxxxxxxxxxx0.000003,0.000000,0.000000,0.000048,0.000057
A,ka100_req53,6,xxxxxxxxxxxxxxxx0.000003,0.000000,0.000000,0.000049,0.000058
A,ka100_req54,6,xxxxxxxxxxxxxxxx0.000003,0.000000,0.000000,0.000048,0.000057
A,ka100_req55,6,xxxxxxxxxxxxxxxx0.000003,0.000000,0.000000,0.000047,0.000057
A,ka100_req56,6,xxxxxxxxxxxxxxxx0.000003,0.000000,0.000000,0.000047,0.000057
A,ka100_req57,6,xxxxxxxxxxxxxxxx0.000003,0.000000,0.000000,0.000048,0.000057
A,ka100_req58,6,xxxxxxxxxxxxxxxx0.000003,0.000000,0.000000,0.000047,0.000057
A,ka100_req59,6,xxxxxxxxxxxxxxxx0.000002,0.000000,0.000000,0.000048,0.000058
A,ka100_req60,6,xxxxxxxxxxxxxxxx0.000003,0.000000,0.000000,0.000049,0.000064
A,ka100_req61,6,xxxxxxxxxxxxxxxx0.000003,0.000000,0.000000,0.000051,0.000063
A,ka100_req62,6,xxxxxxxxxxxxxxxx0.000003,0.000000,0.000000,0.000047,0.000059
A,ka100_req63,6,xxxxxxxxxxxxxxxx0.000003,0.000000,0.000000,0.000047,0.000059
A,ka100_req64,6,xxxxxxxxxxxxxxxx0.000002,0.000000,0.000000,0.000048,0.000061
A,ka100_req65,6,xxxxxxxxxxxxxxxx0.000003,0.000000,0.000000,0.000054,0.000068
A,ka100_req66,6,xxxxxxxxxxxxxxxx0.000003,0.000000,0.000000,0.000050,0.000060
A,ka100_req67,6,xxxxxxxxxxxxxxxx0.000003,0.000000,0.000000,0.000054,0.000066
A,ka100_req68,6,xxxxxxxxxxxxxxxx0.000003,0.000000,0.000000,0.000050,0.000060
A,ka100_req69,6,xxxxxxxxxxxxxxxx0.000003,0.000000,0.000000,0.000046,0.000055
A,ka100_req70,6,xxxxxxxxxxxxxxxx0.000003,0.000000,0.000000,0.000047,0.000058
A,ka100_req71,6,xxxxxxxxxxxxxxxx0.000003,0.000000,0.000000,0.000049,0.000059
A,ka100_req72,6,xxxxxxxxxxxxxxxx0.000003,0.000000,0.000000,0.000048,0.000059
A,ka100_req73,6,xxxxxxxxxxxxxxxx0.000003,0.000000,0.000000,0.000049,0.000059
A,ka100_req74,6,xxxxxxxxxxxxxxxx0.000003,0.000000,0.000000,0.000050,0.000059
A,ka100_req75,6,xxxxxxxxxxxxxxxx0.000003,0.000000,0.000000,0.000046,0.000058
A,ka100_req76,6,xxxxxxxxxxxxxxxx0.000003,0.000000,0.000000,0.000049,0.000058
A,ka100_req77,6,xxxxxxxxxxxxxxxx0.000003,0.000000,0.000000,0.000065,0.000071
A,ka100_req78,6,xxxxxxxxxxxxxxxx0.000003,0.000000,0.000000,0.000048,0.000058
A,ka100_req79,6,xxxxxxxxxxxxxxxx0.000003,0.000000,0.000000,0.000048,0.000062
A,ka100_req80,6,xxxxxxxxxxxxxxxx0.000003,0.000000,0.000000,0.000053,0.000065
A,ka100_req81,6,xxxxxxxxxxxxxxxx0.000003,0.000000,0.000000,0.000051,0.000061
A,ka100_req82,6,xxxxxxxxxxxxxxxx0.000003,0.000000,0.000000,0.000049,0.000059
A,ka100_req83,6,xxxxxxxxxxxxxxxx0.000003,0.000000,0.000000,0.000049,0.000059
A,ka100_req84,6,xxxxxxxxxxxxxxxx0.000003,0.000000,0.000000,0.000049,0.000059
A,ka100_req85,6,xxxxxxxxxxxxxxxx0.000003,0.000000,0.000000,0.000049,0.000059
A,ka100_req86,6,xxxxxxxxxxxxxxxx0.000003,0.000000,0.000000,0.000047,0.000057
A,ka100_req87,6,xxxxxxxxxxxxxxxx0.000002,0.000000,0.000000,0.000044,0.000055
A,ka100_req88,6,xxxxxxxxxxxxxxxx0.000003,0.000000,0.000000,0.000048,0.000059
A,ka100_req89,6,xxxxxxxxxxxxxxxx0.000002,0.000000,0.000000,0.000048,0.000058
A,ka100_req90,6,xxxxxxxxxxxxxxxx0.000002,0.000000,0.000000,0.000055,0.000065
A,ka100_req91,6,xxxxxxxxxxxxxxxx0.000003,0.000000,0.000000,0.000053,0.000064
A,ka100_req92,6,xxxxxxxxxxxxxxxx0.000003,0.000000,0.000000,0.000054,0.000068
A,ka100_req93,6,xxxxxxxxxxxxxxxx0.000002,0.000000,0.000000,0.000057,0.000069
A,ka100_req94,6,xxxxxxxxxxxxxxxx0.000004,0.000000,0.000000,0.000049,0.000058
A,ka100_req95,6,xxxxxxxxxxxxxxxx0.000003,0.000000,0.000000,0.000052,0.000061
A,ka100_req96,6,xxxxxxxxxxxxxxxx0.000002,0.000000,0.000000,0.000048,0.000059
A,ka100_req97,6,xxxxxxxxxxxxxxxx0.000003,0.000000,0.000000,0.000049,0.000058
A,ka100_req98,6,xxxxxxxxxxxxxxxx0.000003,0.000000,0.000000,0.000048,0.000058
A,ka100_req99,6,xxxxxxxxxxxxxxxx0.000003,0.000000,0.000000,0.000048,0.000058
A,ka100_req100,6,xxxxxxxxxxxxxxxx0.000003,0.000000,0.000000,0.000050,0.000060
A,ka100_req1,7,0.000005,0.000070,0.000722,0.000866,0.000893
A,ka100_req2,7,xxxxxxxxxxxxxxxx0.000003,0.000000,0.000000,0.000059,0.000064
A,ka100_req3,7,xxxxxxxxxxxxxxxx0.000004,0.000000,0.000000,0.000053,0.000059
A,ka100_req4,7,xxxxxxxxxxxxxxxx0.000003,0.000000,0.000000,0.000058,0.000063
A,ka100_req5,7,xxxxxxxxxxxxxxxx0.000005,0.000000,0.000000,0.000054,0.000058
A,ka100_req6,7,xxxxxxxxxxxxxxxx0.000002,0.000000,0.000000,0.000053,0.000057
A,ka100_req7,7,xxxxxxxxxxxxxxxx0.000003,0.000000,0.000000,0.000053,0.000065
A,ka100_req8,7,xxxxxxxxxxxxxxxx0.000004,0.000000,0.000000,0.000056,0.000071
A,ka100_req9,7,xxxxxxxxxxxxxxxx0.000003,0.000000,0.000000,0.000069,0.000079
A,ka100_req10,7,xxxxxxxxxxxxxxxx0.000003,0.000000,0.000000,0.000056,0.000070
A,ka100_req11,7,xxxxxxxxxxxxxxxx0.000003,0.000000,0.000000,0.000062,0.000075
A,ka100_req12,7,xxxxxxxxxxxxxxxx0.000003,0.000000,0.000000,0.000055,0.000067
A,ka100_req13,7,xxxxxxxxxxxxxxxx0.000003,0.000000,0.000000,0.000056,0.000068
A,ka100_req14,7,xxxxxxxxxxxxxxxx0.000004,0.000000,0.000000,0.000054,0.000067
A,ka100_req15,7,xxxxxxxxxxxxxxxx0.000003,0.000000,0.000000,0.000055,0.000068
A,ka100_req16,7,xxxxxxxxxxxxxxxx0.000003,0.000000,0.000000,0.000050,0.000061
A,ka100_req17,7,xxxxxxxxxxxxxxxx0.000003,0.000000,0.000000,0.000052,0.000064
A,ka100_req18,7,xxxxxxxxxxxxxxxx0.000003,0.000000,0.000000,0.000053,0.000066
A,ka100_req19,7,xxxxxxxxxxxxxxxx0.000003,0.000000,0.000000,0.000053,0.000064
A,ka100_req20,7,xxxxxxxxxxxxxxxx0.000003,0.000000,0.000000,0.000052,0.000062
A,ka100_req21,7,xxxxxxxxxxxxxxxx0.000003,0.000000,0.000000,0.000048,0.000059
A,ka100_req22,7,xxxxxxxxxxxxxxxx0.000002,0.000000,0.000000,0.000049,0.000060
A,ka100_req23,7,xxxxxxxxxxxxxxxx0.000003,0.000000,0.000000,0.000047,0.000057
A,ka100_req24,7,xxxxxxxxxxxxxxxx0.000003,0.000000,0.000000,0.000049,0.000059
A,ka100_req25,7,xxxxxxxxxxxxxxxx0.000003,0.000000,0.000000,0.000047,0.000057
A,ka100_req26,7,xxxxxxxxxxxxxxxx0.000002,0.000000,0.000000,0.000048,0.000059
A,ka100_req27,7,xxxxxxxxxxxxxxxx0.000002,0.000000,0.000000,0.000047,0.000058
A,ka100_req28,7,xxxxxxxxxxxxxxxx0.000002,0.000000,0.000000,0.000049,0.000059
A,ka100_req29,7,xxxxxxxxxxxxxxxx0.000003,0.000000,0.000000,0.000049,0.000059
A,ka100_req30,7,xxxxxxxxxxxxxxxx0.000002,0.000000,0.000000,0.000050,0.000060
A,ka100_req31,7,xxxxxxxxxxxxxxxx0.000003,0.000000,0.000000,0.000049,0.000059
A,ka100_req32,7,xxxxxxxxxxxxxxxx0.000002,0.000000,0.000000,0.000049,0.000059
A,ka100_req33,7,xxxxxxxxxxxxxxxx0.000003,0.000000,0.000000,0.000052,0.000063
A,ka100_req34,7,xxxxxxxxxxxxxxxx0.000003,0.000000,0.000000,0.000050,0.000062
A,ka100_req35,7,xxxxxxxxxxxxxxxx0.000003,0.000000,0.000000,0.000053,0.000065
A,ka100_req36,7,xxxxxxxxxxxxxxxx0.000003,0.000000,0.000000,0.000053,0.000067
A,ka100_req37,7,xxxxxxxxxxxxxxxx0.000003,0.000000,0.000000,0.000051,0.000060
A,ka100_req38,7,xxxxxxxxxxxxxxxx0.000002,0.000000,0.000000,0.000047,0.000057
A,ka100_req39,7,xxxxxxxxxxxxxxxx0.000003,0.000000,0.000000,0.000053,0.000064
A,ka100_req40,7,xxxxxxxxxxxxxxxx0.000003,0.000000,0.000000,0.000051,0.000055
A,ka100_req41,7,xxxxxxxxxxxxxxxx0.000003,0.000000,0.000000,0.000052,0.000061
A,ka100_req42,7,xxxxxxxxxxxxxxxx0.000003,0.000000,0.000000,0.000049,0.000058
A,ka100_req43,7,xxxxxxxxxxxxxxxx0.000003,0.000000,0.000000,0.000048,0.000057
A,ka100_req44,7,xxxxxxxxxxxxxxxx0.000003,0.000000,0.000000,0.000046,0.000056
A,ka100_req45,7,xxxxxxxxxxxxxxxx0.000003,0.000000,0.000000,0.000048,0.000058
A,ka100_req46,7,xxxxxxxxxxxxxxxx0.000003,0.000000,0.000000,0.000050,0.000059
A,ka100_req47,7,xxxxxxxxxxxxxxxx0.000003,0.000000,0.000000,0.000050,0.000059
A,ka100_req48,7,xxxxxxxxxxxxxxxx0.000003,0.000000,0.000000,0.000050,0.000059
A,ka100_req49,7,xxxxxxxxxxxxxxxx0.000003,0.000000,0.000000,0.000047,0.000057
A,ka100_req50,7,xxxxxxxxxxxxxxxx0.000003,0.000000,0.000000,0.000049,0.000059
A,ka100_req51,7,xxxxxxxxxxxxxxxx0.000003,0.000000,0.000000,0.000049,0.000058
A,ka100_req52,7,xxxxxxxxxxxxxxxx0.000002,0.000000,0.000000,0.000048,0.000053
A,ka100_req53,7,xxxxxxxxxxxxxxxx0.000003,0.000000,0.000000,0.000046,0.000056
A,ka100_req54,7,xxxxxxxxxxxxxxxx0.000003,0.000000,0.000000,0.000049,0.000059
A,ka100_req55,7,xxxxxxxxxxxxxxxx0.000003,0.000000,0.000000,0.000048,0.000057
A,ka100_req56,7,xxxxxxxxxxxxxxxx0.000003,0.000000,0.000000,0.000048,0.000057
A,ka100_req57,7,xxxxxxxxxxxxxxxx0.000003,0.000000,0.000000,0.000048,0.000057
A,ka100_req58,7,xxxxxxxxxxxxxxxx0.000003,0.000000,0.000000,0.000047,0.000057
A,ka100_req59,7,xxxxxxxxxxxxxxxx0.000003,0.000000,0.000000,0.000049,0.000058
A,ka100_req60,7,xxxxxxxxxxxxxxxx0.000003,0.000000,0.000000,0.000050,0.000059
A,ka100_req61,7,xxxxxxxxxxxxxxxx0.000002,0.000000,0.000000,0.000050,0.000061
A,ka100_req62,7,xxxxxxxxxxxxxxxx0.000003,0.000000,0.000000,0.000049,0.000058
A,ka100_req63,7,xxxxxxxxxxxxxxxx0.000003,0.000000,0.000000,0.000047,0.000057
A,ka100_req64,7,xxxxxxxxxxxxxxxx0.000003,0.000000,0.000000,0.000050,0.000063
A,ka100_req65,7,xxxxxxxxxxxxxxxx0.000003,0.000000,0.000000,0.000051,0.000063
A,ka100_req66,7,xxxxxxxxxxxxxxxx0.000002,0.000000,0.000000,0.000052,0.000064
A,ka100_req67,7,xxxxxxxxxxxxxxxx0.000003,0.000000,0.000000,0.000051,0.000063
A,ka100_req68,7,xxxxxxxxxxxxxxxx0.000003,0.000000,0.000000,0.000051,0.000064
A,ka100_req69,7,xxxxxxxxxxxxxxxx0.000002,0.000000,0.000000,0.000049,0.000062
A,ka100_req70,7,xxxxxxxxxxxxxxxx0.000003,0.000000,0.000000,0.000049,0.000059
A,ka100_req71,7,xxxxxxxxxxxxxxxx0.000003,0.000000,0.000000,0.000048,0.000057
A,ka100_req72,7,xxxxxxxxxxxxxxxx0.000003,0.000000,0.000000,0.000049,0.000058
A,ka100_req73,7,xxxxxxxxxxxxxxxx0.000003,0.000000,0.000000,0.000048,0.000057
A,ka100_req74,7,xxxxxxxxxxxxxxxx0.000003,0.000000,0.000000,0.000048,0.000057
A,ka100_req75,7,xxxxxxxxxxxxxxxx0.000002,0.000000,0.000000,0.000052,0.000063
A,ka100_req76,7,xxxxxxxxxxxxxxxx0.000003,0.000000,0.000000,0.000050,0.000065
A,ka100_req77,7,xxxxxxxxxxxxxxxx0.000003,0.000000,0.000000,0.000055,0.000062
A,ka100_req78,7,xxxxxxxxxxxxxxxx0.000003,0.000000,0.000000,0.000045,0.000057
A,ka100_req79,7,xxxxxxxxxxxxxxxx0.000002,0.000000,0.000000,0.000045,0.000056
A,ka100_req80,7,xxxxxxxxxxxxxxxx0.000003,0.000000,0.000000,0.000046,0.000058
A,ka100_req81,7,xxxxxxxxxxxxxxxx0.000002,0.000000,0.000000,0.000049,0.000060
A,ka100_req82,7,xxxxxxxxxxxxxxxx0.000003,0.000000,0.000000,0.000049,0.000062
A,ka100_req83,7,xxxxxxxxxxxxxxxx0.000002,0.000000,0.000000,0.000050,0.000063
A,ka100_req84,7,xxxxxxxxxxxxxxxx0.000003,0.000000,0.000000,0.000049,0.000059
A,ka100_req85,7,xxxxxxxxxxxxxxxx0.000002,0.000000,0.000000,0.000050,0.000061
A,ka100_req86,7,xxxxxxxxxxxxxxxx0.000003,0.000000,0.000000,0.000058,0.000071
A,ka100_req87,7,xxxxxxxxxxxxxxxx0.000003,0.000000,0.000000,0.000064,0.000075
A,ka100_req88,7,xxxxxxxxxxxxxxxx0.000003,0.000000,0.000000,0.000055,0.000067
A,ka100_req89,7,xxxxxxxxxxxxxxxx0.000003,0.000000,0.000000,0.000052,0.000064
A,ka100_req90,7,xxxxxxxxxxxxxxxx0.000003,0.000000,0.000000,0.000048,0.000058
A,ka100_req91,7,xxxxxxxxxxxxxxxx0.000002,0.000000,0.000000,0.000048,0.000059
A,ka100_req92,7,xxxxxxxxxxxxxxxx0.000003,0.000000,0.000000,0.000047,0.000057
A,ka100_req93,7,xxxxxxxxxxxxxxxx0.000003,0.000000,0.000000,0.000048,0.000058
A,ka100_req94,7,xxxxxxxxxxxxxxxx0.000003,0.000000,0.000000,0.000047,0.000057
A,ka100_req95,7,xxxxxxxxxxxxxxxx0.000003,0.000000,0.000000,0.000046,0.000057
A,ka100_req96,7,xxxxxxxxxxxxxxxx0.000003,0.000000,0.000000,0.000047,0.000057
A,ka100_req97,7,xxxxxxxxxxxxxxxx0.000003,0.000000,0.000000,0.000048,0.000058
A,ka100_req98,7,xxxxxxxxxxxxxxxx0.000003,0.000000,0.000000,0.000051,0.000060
A,ka100_req99,7,xxxxxxxxxxxxxxxx0.000002,0.000000,0.000000,0.000049,0.000061
A,ka100_req100,7,xxxxxxxxxxxxxxxx0.000003,0.000000,0.000000,0.000057,0.000070
A,ka100_req1,8,0.000005,0.000079,0.000711,0.000848,0.000879
A,ka100_req2,8,xxxxxxxxxxxxxxxx0.000003,0.000000,0.000000,0.000058,0.000063
A,ka100_req3,8,xxxxxxxxxxxxxxxx0.000003,0.000000,0.000000,0.000079,0.000084
A,ka100_req4,8,xxxxxxxxxxxxxxxx0.000003,0.000000,0.000000,0.000056,0.000070
A,ka100_req5,8,xxxxxxxxxxxxxxxx0.000005,0.000000,0.000000,0.000058,0.000062
A,ka100_req6,8,xxxxxxxxxxxxxxxx0.000003,0.000000,0.000000,0.000061,0.000065
A,ka100_req7,8,xxxxxxxxxxxxxxxx0.000004,0.000000,0.000000,0.000066,0.000078
A,ka100_req8,8,xxxxxxxxxxxxxxxx0.000003,0.000000,0.000000,0.000058,0.000070
A,ka100_req9,8,xxxxxxxxxxxxxxxx0.000003,0.000000,0.000000,0.000053,0.000066
A,ka100_req10,8,xxxxxxxxxxxxxxxx0.000003,0.000000,0.000000,0.000060,0.000074
A,ka100_req11,8,xxxxxxxxxxxxxxxx0.000003,0.000000,0.000000,0.000053,0.000066
A,ka100_req12,8,xxxxxxxxxxxxxxxx0.000003,0.000000,0.000000,0.000059,0.000071
A,ka100_req13,8,xxxxxxxxxxxxxxxx0.000002,0.000000,0.000000,0.000055,0.000066
A,ka100_req14,8,xxxxxxxxxxxxxxxx0.000003,0.000000,0.000000,0.000053,0.000066
A,ka100_req15,8,xxxxxxxxxxxxxxxx0.000003,0.000000,0.000000,0.000052,0.000064
A,ka100_req16,8,xxxxxxxxxxxxxxxx0.000002,0.000000,0.000000,0.000053,0.000065
A,ka100_req17,8,xxxxxxxxxxxxxxxx0.000002,0.000000,0.000000,0.000056,0.000066
A,ka100_req18,8,xxxxxxxxxxxxxxxx0.000003,0.000000,0.000000,0.000050,0.000061
A,ka100_req19,8,xxxxxxxxxxxxxxxx0.000002,0.000000,0.000000,0.000051,0.000063
A,ka100_req20,8,xxxxxxxxxxxxxxxx0.000002,0.000000,0.000000,0.000050,0.000063
A,ka100_req21,8,xxxxxxxxxxxxxxxx0.000002,0.000000,0.000000,0.000050,0.000063
A,ka100_req22,8,xxxxxxxxxxxxxxxx0.000002,0.000000,0.000000,0.000051,0.000063
A,ka100_req23,8,xxxxxxxxxxxxxxxx0.000002,0.000000,0.000000,0.000050,0.000062
A,ka100_req24,8,xxxxxxxxxxxxxxxx0.000002,0.000000,0.000000,0.000050,0.000062
A,ka100_req25,8,xxxxxxxxxxxxxxxx0.000002,0.000000,0.000000,0.000050,0.000062
A,ka100_req26,8,xxxxxxxxxxxxxxxx0.000002,0.000000,0.000000,0.000049,0.000061
A,ka100_req27,8,xxxxxxxxxxxxxxxx0.000002,0.000000,0.000000,0.000051,0.000064
A,ka100_req28,8,xxxxxxxxxxxxxxxx0.000002,0.000000,0.000000,0.000051,0.000063
A,ka100_req29,8,xxxxxxxxxxxxxxxx0.000003,0.000000,0.000000,0.000058,0.000070
A,ka100_req30,8,xxxxxxxxxxxxxxxx0.000003,0.000000,0.000000,0.000055,0.000066
A,ka100_req31,8,xxxxxxxxxxxxxxxx0.000002,0.000000,0.000000,0.000052,0.000063
A,ka100_req32,8,xxxxxxxxxxxxxxxx0.000002,0.000000,0.000000,0.000051,0.000062
A,ka100_req33,8,xxxxxxxxxxxxxxxx0.000002,0.000000,0.000000,0.000052,0.000064
A,ka100_req34,8,xxxxxxxxxxxxxxxx0.000002,0.000000,0.000000,0.000050,0.000062
A,ka100_req35,8,xxxxxxxxxxxxxxxx0.000002,0.000000,0.000000,0.000049,0.000061
A,ka100_req36,8,xxxxxxxxxxxxxxxx0.000002,0.000000,0.000000,0.000050,0.000062
A,ka100_req37,8,xxxxxxxxxxxxxxxx0.000002,0.000000,0.000000,0.000049,0.000062
A,ka100_req38,8,xxxxxxxxxxxxxxxx0.000002,0.000000,0.000000,0.000054,0.000066
A,ka100_req39,8,xxxxxxxxxxxxxxxx0.000002,0.000000,0.000000,0.000053,0.000065
A,ka100_req40,8,xxxxxxxxxxxxxxxx0.000002,0.000000,0.000000,0.000050,0.000062
A,ka100_req41,8,xxxxxxxxxxxxxxxx0.000002,0.000000,0.000000,0.000049,0.000061
A,ka100_req42,8,xxxxxxxxxxxxxxxx0.000002,0.000000,0.000000,0.000055,0.000068
A,ka100_req43,8,xxxxxxxxxxxxxxxx0.000002,0.000000,0.000000,0.000051,0.000063
A,ka100_req44,8,xxxxxxxxxxxxxxxx0.000002,0.000000,0.000000,0.000050,0.000062
A,ka100_req45,8,xxxxxxxxxxxxxxxx0.000002,0.000000,0.000000,0.000049,0.000062
A,ka100_req46,8,xxxxxxxxxxxxxxxx0.000002,0.000000,0.000000,0.000053,0.000064
A,ka100_req47,8,xxxxxxxxxxxxxxxx0.000002,0.000000,0.000000,0.000049,0.000061
A,ka100_req48,8,xxxxxxxxxxxxxxxx0.000002,0.000000,0.000000,0.000049,0.000064
A,ka100_req49,8,xxxxxxxxxxxxxxxx0.000002,0.000000,0.000000,0.000049,0.000060
A,ka100_req50,8,xxxxxxxxxxxxxxxx0.000002,0.000000,0.000000,0.000055,0.000066
A,ka100_req51,8,xxxxxxxxxxxxxxxx0.000003,0.000000,0.000000,0.000049,0.000061
A,ka100_req52,8,xxxxxxxxxxxxxxxx0.000003,0.000000,0.000000,0.000049,0.000061
A,ka100_req53,8,xxxxxxxxxxxxxxxx0.000002,0.000000,0.000000,0.000051,0.000063
A,ka100_req54,8,xxxxxxxxxxxxxxxx0.000002,0.000000,0.000000,0.000048,0.000060
A,ka100_req55,8,xxxxxxxxxxxxxxxx0.000002,0.000000,0.000000,0.000049,0.000062
A,ka100_req56,8,xxxxxxxxxxxxxxxx0.000002,0.000000,0.000000,0.000052,0.000065
A,ka100_req57,8,xxxxxxxxxxxxxxxx0.000003,0.000000,0.000000,0.000050,0.000062
A,ka100_req58,8,xxxxxxxxxxxxxxxx0.000003,0.000000,0.000000,0.000051,0.000063
A,ka100_req59,8,xxxxxxxxxxxxxxxx0.000002,0.000000,0.000000,0.000048,0.000060
A,ka100_req60,8,xxxxxxxxxxxxxxxx0.000003,0.000000,0.000000,0.000049,0.000061
A,ka100_req61,8,xxxxxxxxxxxxxxxx0.000002,0.000000,0.000000,0.000048,0.000060
A,ka100_req62,8,xxxxxxxxxxxxxxxx0.000002,0.000000,0.000000,0.000048,0.000061
A,ka100_req63,8,xxxxxxxxxxxxxxxx0.000002,0.000000,0.000000,0.000048,0.000060
A,ka100_req64,8,xxxxxxxxxxxxxxxx0.000002,0.000000,0.000000,0.000051,0.000062
A,ka100_req65,8,xxxxxxxxxxxxxxxx0.000002,0.000000,0.000000,0.000049,0.000061
A,ka100_req66,8,xxxxxxxxxxxxxxxx0.000002,0.000000,0.000000,0.000047,0.000059
A,ka100_req67,8,xxxxxxxxxxxxxxxx0.000003,0.000000,0.000000,0.000054,0.000066
A,ka100_req68,8,xxxxxxxxxxxxxxxx0.000002,0.000000,0.000000,0.000048,0.000060
A,ka100_req69,8,xxxxxxxxxxxxxxxx0.000002,0.000000,0.000000,0.000049,0.000061
A,ka100_req70,8,xxxxxxxxxxxxxxxx0.000002,0.000000,0.000000,0.000047,0.000060
A,ka100_req71,8,xxxxxxxxxxxxxxxx0.000002,0.000000,0.000000,0.000048,0.000061
A,ka100_req72,8,xxxxxxxxxxxxxxxx0.000002,0.000000,0.000000,0.000048,0.000060
A,ka100_req73,8,xxxxxxxxxxxxxxxx0.000002,0.000000,0.000000,0.000050,0.000063
A,ka100_req74,8,xxxxxxxxxxxxxxxx0.000002,0.000000,0.000000,0.000049,0.000060
A,ka100_req75,8,xxxxxxxxxxxxxxxx0.000002,0.000000,0.000000,0.000049,0.000062
A,ka100_req76,8,xxxxxxxxxxxxxxxx0.000002,0.000000,0.000000,0.000048,0.000060
A,ka100_req77,8,xxxxxxxxxxxxxxxx0.000002,0.000000,0.000000,0.000047,0.000059
A,ka100_req78,8,xxxxxxxxxxxxxxxx0.000003,0.000000,0.000000,0.000047,0.000058
A,ka100_req79,8,xxxxxxxxxxxxxxxx0.000002,0.000000,0.000000,0.000046,0.000059
A,ka100_req80,8,xxxxxxxxxxxxxxxx0.000003,0.000000,0.000000,0.000047,0.000059
A,ka100_req81,8,xxxxxxxxxxxxxxxx0.000003,0.000000,0.000000,0.000049,0.000060
A,ka100_req82,8,xxxxxxxxxxxxxxxx0.000002,0.000000,0.000000,0.000047,0.000059
A,ka100_req83,8,xxxxxxxxxxxxxxxx0.000002,0.000000,0.000000,0.000050,0.000062
A,ka100_req84,8,xxxxxxxxxxxxxxxx0.000002,0.000000,0.000000,0.000049,0.000061
A,ka100_req85,8,xxxxxxxxxxxxxxxx0.000002,0.000000,0.000000,0.000051,0.000064
A,ka100_req86,8,xxxxxxxxxxxxxxxx0.000003,0.000000,0.000000,0.000048,0.000058
A,ka100_req87,8,xxxxxxxxxxxxxxxx0.000003,0.000000,0.000000,0.000048,0.000061
A,ka100_req88,8,xxxxxxxxxxxxxxxx0.000002,0.000000,0.000000,0.000053,0.000064
A,ka100_req89,8,xxxxxxxxxxxxxxxx0.000003,0.000000,0.000000,0.000049,0.000061
A,ka100_req90,8,xxxxxxxxxxxxxxxx0.000002,0.000000,0.000000,0.000048,0.000060
A,ka100_req91,8,xxxxxxxxxxxxxxxx0.000003,0.000000,0.000000,0.000049,0.000060
A,ka100_req92,8,xxxxxxxxxxxxxxxx0.000002,0.000000,0.000000,0.000048,0.000059
A,ka100_req93,8,xxxxxxxxxxxxxxxx0.000002,0.000000,0.000000,0.000047,0.000059
A,ka100_req94,8,xxxxxxxxxxxxxxxx0.000003,0.000000,0.000000,0.000048,0.000054
A,ka100_req95,8,xxxxxxxxxxxxxxxx0.000003,0.000000,0.000000,0.000047,0.000060
A,ka100_req96,8,xxxxxxxxxxxxxxxx0.000002,0.000000,0.000000,0.000044,0.000056
A,ka100_req97,8,xxxxxxxxxxxxxxxx0.000002,0.000000,0.000000,0.000042,0.000054
A,ka100_req98,8,xxxxxxxxxxxxxxxx0.000002,0.000000,0.000000,0.000043,0.000053
A,ka100_req99,8,xxxxxxxxxxxxxxxx0.000003,0.000000,0.000000,0.000046,0.000058
A,ka100_req100,8,xxxxxxxxxxxxxxxx0.000002,0.000000,0.000000,0.000051,0.000061
A,ka100_req1,9,0.000004,0.000076,0.000708,0.000837,0.000864
A,ka100_req2,9,xxxxxxxxxxxxxxxx0.000003,0.000000,0.000000,0.000052,0.000057
A,ka100_req3,9,xxxxxxxxxxxxxxxx0.000003,0.000000,0.000000,0.000055,0.000060
A,ka100_req4,9,xxxxxxxxxxxxxxxx0.000003,0.000000,0.000000,0.000054,0.000061
A,ka100_req5,9,xxxxxxxxxxxxxxxx0.000004,0.000000,0.000000,0.000054,0.000058
A,ka100_req6,9,xxxxxxxxxxxxxxxx0.000003,0.000000,0.000000,0.000055,0.000060
A,ka100_req7,9,xxxxxxxxxxxxxxxx0.000003,0.000000,0.000000,0.000053,0.000066
A,ka100_req8,9,xxxxxxxxxxxxxxxx0.000002,0.000000,0.000000,0.000053,0.000066
A,ka100_req9,9,xxxxxxxxxxxxxxxx0.000002,0.000000,0.000000,0.000054,0.000066
A,ka100_req10,9,xxxxxxxxxxxxxxxx0.000002,0.000000,0.000000,0.000052,0.000064
A,ka100_req11,9,xxxxxxxxxxxxxxxx0.000002,0.000000,0.000000,0.000053,0.000065
A,ka100_req12,9,xxxxxxxxxxxxxxxx0.000002,0.000000,0.000000,0.000050,0.000064
A,ka100_req13,9,xxxxxxxxxxxxxxxx0.000003,0.000000,0.000000,0.000052,0.000065
A,ka100_req14,9,xxxxxxxxxxxxxxxx0.000005,0.000000,0.000000,0.000055,0.000069
A,ka100_req15,9,xxxxxxxxxxxxxxxx0.000002,0.000000,0.000000,0.000059,0.000071
A,ka100_req16,9,xxxxxxxxxxxxxxxx0.000002,0.000000,0.000000,0.000049,0.000061
A,ka100_req17,9,xxxxxxxxxxxxxxxx0.000003,0.000000,0.000000,0.000047,0.000061
A,ka100_req18,9,xxxxxxxxxxxxxxxx0.000003,0.000000,0.000000,0.000057,0.000072
A,ka100_req19,9,xxxxxxxxxxxxxxxx0.000004,0.000000,0.000000,0.000078,0.000093
A,ka100_req20,9,xxxxxxxxxxxxxxxx0.000003,0.000000,0.000000,0.000060,0.000071
A,ka100_req21,9,xxxxxxxxxxxxxxxx0.000003,0.000000,0.000000,0.000049,0.000059
A,ka100_req22,9,xxxxxxxxxxxxxxxx0.000003,0.000000,0.000000,0.000048,0.000059
A,ka100_req23,9,xxxxxxxxxxxxxxxx0.000003,0.000000,0.000000,0.000048,0.000059
A,ka100_req24,9,xxxxxxxxxxxxxxxx0.000003,0.000000,0.000000,0.000048,0.000060
A,ka100_req25,9,xxxxxxxxxxxxxxxx0.000003,0.000000,0.000000,0.000050,0.000061
A,ka100_req26,9,xxxxxxxxxxxxxxxx0.000002,0.000000,0.000000,0.000049,0.000062
A,ka100_req27,9,xxxxxxxxxxxxxxxx0.000002,0.000000,0.000000,0.000050,0.000063
A,ka100_req28,9,xxxxxxxxxxxxxxxx0.000002,0.000000,0.000000,0.000050,0.000062
A,ka100_req29,9,xxxxxxxxxxxxxxxx0.000003,0.000000,0.000000,0.000047,0.000058
A,ka100_req30,9,xxxxxxxxxxxxxxxx0.000003,0.000000,0.000000,0.000047,0.000056
A,ka100_req31,9,xxxxxxxxxxxxxxxx0.000002,0.000000,0.000000,0.000057,0.000070
A,ka100_req32,9,xxxxxxxxxxxxxxxx0.000003,0.000000,0.000000,0.000059,0.000071
A,ka100_req33,9,xxxxxxxxxxxxxxxx0.000003,0.000000,0.000000,0.000053,0.000066
A,ka100_req34,9,xxxxxxxxxxxxxxxx0.000003,0.000000,0.000000,0.000063,0.000075
A,ka100_req35,9,xxxxxxxxxxxxxxxx0.000002,0.000000,0.000000,0.000054,0.000066
A,ka100_req36,9,xxxxxxxxxxxxxxxx0.000002,0.000000,0.000000,0.000054,0.000066
A,ka100_req37,9,xxxxxxxxxxxxxxxx0.000002,0.000000,0.000000,0.000051,0.000063
A,ka100_req38,9,xxxxxxxxxxxxxxxx0.000003,0.000000,0.000000,0.000053,0.000065
A,ka100_req39,9,xxxxxxxxxxxxxxxx0.000002,0.000000,0.000000,0.000051,0.000063
A,ka100_req40,9,xxxxxxxxxxxxxxxx0.000002,0.000000,0.000000,0.000050,0.000062
A,ka100_req41,9,xxxxxxxxxxxxxxxx0.000002,0.000000,0.000000,0.000049,0.000062
A,ka100_req42,9,xxxxxxxxxxxxxxxx0.000002,0.000000,0.000000,0.000049,0.000061
A,ka100_req43,9,xxxxxxxxxxxxxxxx0.000002,0.000000,0.000000,0.000049,0.000061
A,ka100_req44,9,xxxxxxxxxxxxxxxx0.000002,0.000000,0.000000,0.000048,0.000061
A,ka100_req45,9,xxxxxxxxxxxxxxxx0.000002,0.000000,0.000000,0.000060,0.000073
A,ka100_req46,9,xxxxxxxxxxxxxxxx0.000003,0.000000,0.000000,0.000050,0.000062
A,ka100_req47,9,xxxxxxxxxxxxxxxx0.000003,0.000000,0.000000,0.000053,0.000065
A,ka100_req48,9,xxxxxxxxxxxxxxxx0.000002,0.000000,0.000000,0.000052,0.000063
A,ka100_req49,9,xxxxxxxxxxxxxxxx0.000002,0.000000,0.000000,0.000050,0.000064
A,ka100_req50,9,xxxxxxxxxxxxxxxx0.000003,0.000000,0.000000,0.000051,0.000063
A,ka100_req51,9,xxxxxxxxxxxxxxxx0.000002,0.000000,0.000000,0.000048,0.000061
A,ka100_req52,9,xxxxxxxxxxxxxxxx0.000003,0.000000,0.000000,0.000049,0.000059
A,ka100_req53,9,xxxxxxxxxxxxxxxx0.000002,0.000000,0.000000,0.000051,0.000063
A,ka100_req54,9,xxxxxxxxxxxxxxxx0.000002,0.000000,0.000000,0.000048,0.000060
A,ka100_req55,9,xxxxxxxxxxxxxxxx0.000002,0.000000,0.000000,0.000054,0.000061
A,ka100_req56,9,xxxxxxxxxxxxxxxx0.000002,0.000000,0.000000,0.000052,0.000064
A,ka100_req57,9,xxxxxxxxxxxxxxxx0.000002,0.000000,0.000000,0.000049,0.000061
A,ka100_req58,9,xxxxxxxxxxxxxxxx0.000002,0.000000,0.000000,0.000048,0.000061
A,ka100_req59,9,xxxxxxxxxxxxxxxx0.000002,0.000000,0.000000,0.000048,0.000060
A,ka100_req60,9,xxxxxxxxxxxxxxxx0.000002,0.000000,0.000000,0.000051,0.000067
A,ka100_req61,9,xxxxxxxxxxxxxxxx0.000003,0.000000,0.000000,0.000055,0.000068
A,ka100_req62,9,xxxxxxxxxxxxxxxx0.000002,0.000000,0.000000,0.000054,0.000065
A,ka100_req63,9,xxxxxxxxxxxxxxxx0.000002,0.000000,0.000000,0.000050,0.000062
A,ka100_req64,9,xxxxxxxxxxxxxxxx0.000002,0.000000,0.000000,0.000051,0.000064
A,ka100_req65,9,xxxxxxxxxxxxxxxx0.000002,0.000000,0.000000,0.000051,0.000063
A,ka100_req66,9,xxxxxxxxxxxxxxxx0.000002,0.000000,0.000000,0.000050,0.000063
A,ka100_req67,9,xxxxxxxxxxxxxxxx0.000002,0.000000,0.000000,0.000050,0.000062
A,ka100_req68,9,xxxxxxxxxxxxxxxx0.000002,0.000000,0.000000,0.000049,0.000061
A,ka100_req69,9,xxxxxxxxxxxxxxxx0.000002,0.000000,0.000000,0.000050,0.000062
A,ka100_req70,9,xxxxxxxxxxxxxxxx0.000002,0.000000,0.000000,0.000056,0.000063
A,ka100_req71,9,xxxxxxxxxxxxxxxx0.000002,0.000000,0.000000,0.000052,0.000064
A,ka100_req72,9,xxxxxxxxxxxxxxxx0.000002,0.000000,0.000000,0.000049,0.000061
A,ka100_req73,9,xxxxxxxxxxxxxxxx0.000002,0.000000,0.000000,0.000049,0.000062
A,ka100_req74,9,xxxxxxxxxxxxxxxx0.000002,0.000000,0.000000,0.000049,0.000061
A,ka100_req75,9,xxxxxxxxxxxxxxxx0.000002,0.000000,0.000000,0.000050,0.000062
A,ka100_req76,9,xxxxxxxxxxxxxxxx0.000002,0.000000,0.000000,0.000049,0.000061
A,ka100_req77,9,xxxxxxxxxxxxxxxx0.000002,0.000000,0.000000,0.000048,0.000061
A,ka100_req78,9,xxxxxxxxxxxxxxxx0.000002,0.000000,0.000000,0.000049,0.000061
A,ka100_req79,9,xxxxxxxxxxxxxxxx0.000002,0.000000,0.000000,0.000051,0.000062
A,ka100_req80,9,xxxxxxxxxxxxxxxx0.000004,0.000000,0.000000,0.000048,0.000059
A,ka100_req81,9,xxxxxxxxxxxxxxxx0.000003,0.000000,0.000000,0.000049,0.000059
A,ka100_req82,9,xxxxxxxxxxxxxxxx0.000002,0.000000,0.000000,0.000049,0.000061
A,ka100_req83,9,xxxxxxxxxxxxxxxx0.000002,0.000000,0.000000,0.000049,0.000062
A,ka100_req84,9,xxxxxxxxxxxxxxxx0.000003,0.000000,0.000000,0.000053,0.000065
A,ka100_req85,9,xxxxxxxxxxxxxxxx0.000002,0.000000,0.000000,0.000050,0.000062
A,ka100_req86,9,xxxxxxxxxxxxxxxx0.000002,0.000000,0.000000,0.000050,0.000063
A,ka100_req87,9,xxxxxxxxxxxxxxxx0.000002,0.000000,0.000000,0.000049,0.000062
A,ka100_req88,9,xxxxxxxxxxxxxxxx0.000002,0.000000,0.000000,0.000049,0.000061
A,ka100_req89,9,xxxxxxxxxxxxxxxx0.000002,0.000000,0.000000,0.000049,0.000062
A,ka100_req90,9,xxxxxxxxxxxxxxxx0.000002,0.000000,0.000000,0.000049,0.000061
A,ka100_req91,9,xxxxxxxxxxxxxxxx0.000002,0.000000,0.000000,0.000049,0.000061
A,ka100_req92,9,xxxxxxxxxxxxxxxx0.000002,0.000000,0.000000,0.000048,0.000061
A,ka100_req93,9,xxxxxxxxxxxxxxxx0.000002,0.000000,0.000000,0.000054,0.000060
A,ka100_req94,9,xxxxxxxxxxxxxxxx0.000002,0.000000,0.000000,0.000051,0.000062
A,ka100_req95,9,xxxxxxxxxxxxxxxx0.000002,0.000000,0.000000,0.000049,0.000061
A,ka100_req96,9,xxxxxxxxxxxxxxxx0.000002,0.000000,0.000000,0.000050,0.000062
A,ka100_req97,9,xxxxxxxxxxxxxxxx0.000003,0.000000,0.000000,0.000050,0.000062
A,ka100_req98,9,xxxxxxxxxxxxxxxx0.000002,0.000000,0.000000,0.000049,0.000061
A,ka100_req99,9,xxxxxxxxxxxxxxxx0.000002,0.000000,0.000000,0.000049,0.000061
A,ka100_req100,9,xxxxxxxxxxxxxxxx0.000002,0.000000,0.000000,0.000048,0.000061
A,ka100_req1,10,0.000004,0.000081,0.000759,0.000922,0.000953
A,ka100_req2,10,xxxxxxxxxxxxxxxx0.000003,0.000000,0.000000,0.000065,0.000068
A,ka100_req3,10,xxxxxxxxxxxxxxxx0.000002,0.000000,0.000000,0.000057,0.000063
A,ka100_req4,10,xxxxxxxxxxxxxxxx0.000003,0.000000,0.000000,0.000055,0.000059
A,ka100_req5,10,xxxxxxxxxxxxxxxx0.000005,0.000000,0.000000,0.000054,0.000058
A,ka100_req6,10,xxxxxxxxxxxxxxxx0.000003,0.000000,0.000000,0.000055,0.000059
A,ka100_req7,10,xxxxxxxxxxxxxxxx0.000004,0.000000,0.000000,0.000056,0.000070
A,ka100_req8,10,xxxxxxxxxxxxxxxx0.000005,0.000000,0.000000,0.000070,0.000087
A,ka100_req9,10,xxxxxxxxxxxxxxxx0.000002,0.000000,0.000000,0.000063,0.000076
A,ka100_req10,10,xxxxxxxxxxxxxxxx0.000003,0.000000,0.000000,0.000057,0.000069
A,ka100_req11,10,xxxxxxxxxxxxxxxx0.000002,0.000000,0.000000,0.000049,0.000060
A,ka100_req12,10,xxxxxxxxxxxxxxxx0.000002,0.000000,0.000000,0.000056,0.000068
A,ka100_req13,10,xxxxxxxxxxxxxxxx0.000002,0.000000,0.000000,0.000061,0.000074
A,ka100_req14,10,xxxxxxxxxxxxxxxx0.000004,0.000000,0.000000,0.000057,0.000068
A,ka100_req15,10,xxxxxxxxxxxxxxxx0.000003,0.000000,0.000000,0.000053,0.000064
A,ka100_req16,10,xxxxxxxxxxxxxxxx0.000003,0.000000,0.000000,0.000054,0.000065
A,ka100_req17,10,xxxxxxxxxxxxxxxx0.000002,0.000000,0.000000,0.000054,0.000066
A,ka100_req18,10,xxxxxxxxxxxxxxxx0.000002,0.000000,0.000000,0.000051,0.000064
A,ka100_req19,10,xxxxxxxxxxxxxxxx0.000002,0.000000,0.000000,0.000055,0.000067
A,ka100_req20,10,xxxxxxxxxxxxxxxx0.000003,0.000000,0.000000,0.000050,0.000060
A,ka100_req21,10,xxxxxxxxxxxxxxxx0.000003,0.000000,0.000000,0.000051,0.000063
A,ka100_req22,10,xxxxxxxxxxxxxxxx0.000002,0.000000,0.000000,0.000050,0.000062
A,ka100_req23,10,xxxxxxxxxxxxxxxx0.000002,0.000000,0.000000,0.000049,0.000062
A,ka100_req24,10,xxxxxxxxxxxxxxxx0.000002,0.000000,0.000000,0.000050,0.000064
A,ka100_req25,10,xxxxxxxxxxxxxxxx0.000002,0.000000,0.000000,0.000048,0.000060
A,ka100_req26,10,xxxxxxxxxxxxxxxx0.000002,0.000000,0.000000,0.000052,0.000063
A,ka100_req27,10,xxxxxxxxxxxxxxxx0.000002,0.000000,0.000000,0.000051,0.000063
A,ka100_req28,10,xxxxxxxxxxxxxxxx0.000002,0.000000,0.000000,0.000049,0.000061
A,ka100_req29,10,xxxxxxxxxxxxxxxx0.000002,0.000000,0.000000,0.000049,0.000061
A,ka100_req30,10,xxxxxxxxxxxxxxxx0.000002,0.000000,0.000000,0.000048,0.000061
A,ka100_req31,10,xxxxxxxxxxxxxxxx0.000003,0.000000,0.000000,0.000051,0.000063
A,ka100_req32,10,xxxxxxxxxxxxxxxx0.000002,0.000000,0.000000,0.000049,0.000061
A,ka100_req33,10,xxxxxxxxxxxxxxxx0.000003,0.000000,0.000000,0.000050,0.000061
A,ka100_req34,10,xxxxxxxxxxxxxxxx0.000002,0.000000,0.000000,0.000046,0.000058
A,ka100_req35,10,xxxxxxxxxxxxxxxx0.000003,0.000000,0.000000,0.000044,0.000049
A,ka100_req36,10,xxxxxxxxxxxxxxxx0.000003,0.000000,0.000000,0.000055,0.000066
A,ka100_req37,10,xxxxxxxxxxxxxxxx0.000003,0.000000,0.000000,0.000049,0.000060
A,ka100_req38,10,xxxxxxxxxxxxxxxx0.000002,0.000000,0.000000,0.000048,0.000060
A,ka100_req39,10,xxxxxxxxxxxxxxxx0.000002,0.000000,0.000000,0.000049,0.000061
A,ka100_req40,10,xxxxxxxxxxxxxxxx0.000002,0.000000,0.000000,0.000050,0.000062
A,ka100_req41,10,xxxxxxxxxxxxxxxx0.000003,0.000000,0.000000,0.000049,0.000061
A,ka100_req42,10,xxxxxxxxxxxxxxxx0.000002,0.000000,0.000000,0.000050,0.000062
A,ka100_req43,10,xxxxxxxxxxxxxxxx0.000002,0.000000,0.000000,0.000048,0.000060
A,ka100_req44,10,xxxxxxxxxxxxxxxx0.000002,0.000000,0.000000,0.000052,0.000064
A,ka100_req45,10,xxxxxxxxxxxxxxxx0.000002,0.000000,0.000000,0.000052,0.000065
A,ka100_req46,10,xxxxxxxxxxxxxxxx0.000003,0.000000,0.000000,0.000054,0.000065
A,ka100_req47,10,xxxxxxxxxxxxxxxx0.000002,0.000000,0.000000,0.000050,0.000062
A,ka100_req48,10,xxxxxxxxxxxxxxxx0.000002,0.000000,0.000000,0.000049,0.000062
A,ka100_req49,10,xxxxxxxxxxxxxxxx0.000002,0.000000,0.000000,0.000052,0.000064
A,ka100_req50,10,xxxxxxxxxxxxxxxx0.000002,0.000000,0.000000,0.000051,0.000064
A,ka100_req51,10,xxxxxxxxxxxxxxxx0.000002,0.000000,0.000000,0.000057,0.000067
A,ka100_req52,10,xxxxxxxxxxxxxxxx0.000003,0.000000,0.000000,0.000048,0.000058
A,ka100_req53,10,xxxxxxxxxxxxxxxx0.000003,0.000000,0.000000,0.000051,0.000063
A,ka100_req54,10,xxxxxxxxxxxxxxxx0.000003,0.000000,0.000000,0.000049,0.000059
A,ka100_req55,10,xxxxxxxxxxxxxxxx0.000003,0.000000,0.000000,0.000056,0.000063
A,ka100_req56,10,xxxxxxxxxxxxxxxx0.000002,0.000000,0.000000,0.000052,0.000065
A,ka100_req57,10,xxxxxxxxxxxxxxxx0.000002,0.000000,0.000000,0.000062,0.000074
A,ka100_req58,10,xxxxxxxxxxxxxxxx0.000004,0.000000,0.000000,0.000057,0.000069
A,ka100_req59,10,xxxxxxxxxxxxxxxx0.000003,0.000000,0.000000,0.000054,0.000066
A,ka100_req60,10,xxxxxxxxxxxxxxxx0.000003,0.000000,0.000000,0.000050,0.000060
A,ka100_req61,10,xxxxxxxxxxxxxxxx0.000003,0.000000,0.000000,0.000057,0.000069
A,ka100_req62,10,xxxxxxxxxxxxxxxx0.000003,0.000000,0.000000,0.000055,0.000067
A,ka100_req63,10,xxxxxxxxxxxxxxxx0.000002,0.000000,0.000000,0.000052,0.000063
A,ka100_req64,10,xxxxxxxxxxxxxxxx0.000002,0.000000,0.000000,0.000051,0.000063
A,ka100_req65,10,xxxxxxxxxxxxxxxx0.000002,0.000000,0.000000,0.000049,0.000061
A,ka100_req66,10,xxxxxxxxxxxxxxxx0.000002,0.000000,0.000000,0.000047,0.000060
A,ka100_req67,10,xxxxxxxxxxxxxxxx0.000002,0.000000,0.000000,0.000049,0.000061
A,ka100_req68,10,xxxxxxxxxxxxxxxx0.000002,0.000000,0.000000,0.000048,0.000060
A,ka100_req69,10,xxxxxxxxxxxxxxxx0.000002,0.000000,0.000000,0.000047,0.000059
A,ka100_req70,10,xxxxxxxxxxxxxxxx0.000002,0.000000,0.000000,0.000049,0.000062
A,ka100_req71,10,xxxxxxxxxxxxxxxx0.000002,0.000000,0.000000,0.000052,0.000063
A,ka100_req72,10,xxxxxxxxxxxxxxxx0.000002,0.000000,0.000000,0.000047,0.000059
A,ka100_req73,10,xxxxxxxxxxxxxxxx0.000002,0.000000,0.000000,0.000048,0.000060
A,ka100_req74,10,xxxxxxxxxxxxxxxx0.000002,0.000000,0.000000,0.000048,0.000060
A,ka100_req75,10,xxxxxxxxxxxxxxxx0.000002,0.000000,0.000000,0.000048,0.000059
A,ka100_req76,10,xxxxxxxxxxxxxxxx0.000002,0.000000,0.000000,0.000047,0.000059
A,ka100_req77,10,xxxxxxxxxxxxxxxx0.000003,0.000000,0.000000,0.000049,0.000061
A,ka100_req78,10,xxxxxxxxxxxxxxxx0.000002,0.000000,0.000000,0.000048,0.000060
A,ka100_req79,10,xxxxxxxxxxxxxxxx0.000002,0.000000,0.000000,0.000048,0.000060
A,ka100_req80,10,xxxxxxxxxxxxxxxx0.000003,0.000000,0.000000,0.000048,0.000059
A,ka100_req81,10,xxxxxxxxxxxxxxxx0.000003,0.000000,0.000000,0.000049,0.000061
A,ka100_req82,10,xxxxxxxxxxxxxxxx0.000002,0.000000,0.000000,0.000047,0.000060
A,ka100_req83,10,xxxxxxxxxxxxxxxx0.000002,0.000000,0.000000,0.000050,0.000061
A,ka100_req84,10,xxxxxxxxxxxxxxxx0.000002,0.000000,0.000000,0.000048,0.000060
A,ka100_req85,10,xxxxxxxxxxxxxxxx0.000002,0.000000,0.000000,0.000047,0.000059
A,ka100_req86,10,xxxxxxxxxxxxxxxx0.000003,0.000000,0.000000,0.000048,0.000058
A,ka100_req87,10,xxxxxxxxxxxxxxxx0.000003,0.000000,0.000000,0.000051,0.000063
A,ka100_req88,10,xxxxxxxxxxxxxxxx0.000002,0.000000,0.000000,0.000054,0.000065
A,ka100_req89,10,xxxxxxxxxxxxxxxx0.000002,0.000000,0.000000,0.000049,0.000061
A,ka100_req90,10,xxxxxxxxxxxxxxxx0.000002,0.000000,0.000000,0.000053,0.000064
A,ka100_req91,10,xxxxxxxxxxxxxxxx0.000002,0.000000,0.000000,0.000051,0.000062
A,ka100_req92,10,xxxxxxxxxxxxxxxx0.000002,0.000000,0.000000,0.000054,0.000061
A,ka100_req93,10,xxxxxxxxxxxxxxxx0.000002,0.000000,0.000000,0.000050,0.000063
A,ka100_req94,10,xxxxxxxxxxxxxxxx0.000002,0.000000,0.000000,0.000052,0.000064
A,ka100_req95,10,xxxxxxxxxxxxxxxx0.000002,0.000000,0.000000,0.000049,0.000060
A,ka100_req96,10,xxxxxxxxxxxxxxxx0.000003,0.000000,0.000000,0.000047,0.000057
A,ka100_req97,10,xxxxxxxxxxxxxxxx0.000002,0.000000,0.000000,0.000048,0.000060
A,ka100_req98,10,xxxxxxxxxxxxxxxx0.000002,0.000000,0.000000,0.000048,0.000060
A,ka100_req99,10,xxxxxxxxxxxxxxxx0.000002,0.000000,0.000000,0.000047,0.000059
A,ka100_req100,10,xxxxxxxxxxxxxxxx0.000002,0.000000,0.000000,0.000050,0.000061
A,ka100_req1,11,0.000005,0.000080,0.000680,0.000812,0.000839
A,ka100_req2,11,xxxxxxxxxxxxxxxx0.000003,0.000000,0.000000,0.000067,0.000072
A,ka100_req3,11,xxxxxxxxxxxxxxxx0.000003,0.000000,0.000000,0.000057,0.000061
A,ka100_req4,11,xxxxxxxxxxxxxxxx0.000003,0.000000,0.000000,0.000066,0.000073
A,ka100_req5,11,xxxxxxxxxxxxxxxx0.000007,0.000000,0.000000,0.000052,0.000056
A,ka100_req6,11,xxxxxxxxxxxxxxxx0.000003,0.000000,0.000000,0.000060,0.000064
A,ka100_req7,11,xxxxxxxxxxxxxxxx0.000004,0.000000,0.000000,0.000057,0.000069
A,ka100_req8,11,xxxxxxxxxxxxxxxx0.000002,0.000000,0.000000,0.000053,0.000064
A,ka100_req9,11,xxxxxxxxxxxxxxxx0.000002,0.000000,0.000000,0.000067,0.000080
A,ka100_req10,11,xxxxxxxxxxxxxxxx0.000003,0.000000,0.000000,0.000051,0.000061
A,ka100_req11,11,xxxxxxxxxxxxxxxx0.000003,0.000000,0.000000,0.000050,0.000066
A,ka100_req12,11,xxxxxxxxxxxxxxxx0.000002,0.000000,0.000000,0.000053,0.000065
A,ka100_req13,11,xxxxxxxxxxxxxxxx0.000002,0.000000,0.000000,0.000055,0.000066
A,ka100_req14,11,xxxxxxxxxxxxxxxx0.000003,0.000000,0.000000,0.000054,0.000065
A,ka100_req15,11,xxxxxxxxxxxxxxxx0.000002,0.000000,0.000000,0.000052,0.000064
A,ka100_req16,11,xxxxxxxxxxxxxxxx0.000002,0.000000,0.000000,0.000052,0.000063
A,ka100_req17,11,xxxxxxxxxxxxxxxx0.000002,0.000000,0.000000,0.000049,0.000062
A,ka100_req18,11,xxxxxxxxxxxxxxxx0.000002,0.000000,0.000000,0.000052,0.000064
A,ka100_req19,11,xxxxxxxxxxxxxxxx0.000002,0.000000,0.000000,0.000050,0.000062
A,ka100_req20,11,xxxxxxxxxxxxxxxx0.000002,0.000000,0.000000,0.000051,0.000063
A,ka100_req21,11,xxxxxxxxxxxxxxxx0.000002,0.000000,0.000000,0.000050,0.000063
A,ka100_req22,11,xxxxxxxxxxxxxxxx0.000002,0.000000,0.000000,0.000050,0.000062
A,ka100_req23,11,xxxxxxxxxxxxxxxx0.000002,0.000000,0.000000,0.000049,0.000063
A,ka100_req24,11,xxxxxxxxxxxxxxxx0.000003,0.000000,0.000000,0.000050,0.000062
A,ka100_req25,11,xxxxxxxxxxxxxxxx0.000002,0.000000,0.000000,0.000050,0.000062
A,ka100_req26,11,xxxxxxxxxxxxxxxx0.000002,0.000000,0.000000,0.000053,0.000064
A,ka100_req27,11,xxxxxxxxxxxxxxxx0.000002,0.000000,0.000000,0.000049,0.000062
A,ka100_req28,11,xxxxxxxxxxxxxxxx0.000002,0.000000,0.000000,0.000053,0.000064
A,ka100_req29,11,xxxxxxxxxxxxxxxx0.000002,0.000000,0.000000,0.000050,0.000062
A,ka100_req30,11,xxxxxxxxxxxxxxxx0.000002,0.000000,0.000000,0.000051,0.000065
A,ka100_req31,11,xxxxxxxxxxxxxxxx0.000002,0.000000,0.000000,0.000051,0.000062
A,ka100_req32,11,xxxxxxxxxxxxxxxx0.000002,0.000000,0.000000,0.000051,0.000063
A,ka100_req33,11,xxxxxxxxxxxxxxxx0.000002,0.000000,0.000000,0.000051,0.000064
A,ka100_req34,11,xxxxxxxxxxxxxxxx0.000002,0.000000,0.000000,0.000049,0.000063
A,ka100_req35,11,xxxxxxxxxxxxxxxx0.000002,0.000000,0.000000,0.000057,0.000069
A,ka100_req36,11,xxxxxxxxxxxxxxxx0.000003,0.000000,0.000000,0.000053,0.000067
A,ka100_req37,11,xxxxxxxxxxxxxxxx0.000002,0.000000,0.000000,0.000053,0.000066
A,ka100_req38,11,xxxxxxxxxxxxxxxx0.000003,0.000000,0.000000,0.000050,0.000061
A,ka100_req39,11,xxxxxxxxxxxxxxxx0.000003,0.000000,0.000000,0.000045,0.000057
A,ka100_req40,11,xxxxxxxxxxxxxxxx0.000002,0.000000,0.000000,0.000048,0.000061
A,ka100_req41,11,xxxxxxxxxxxxxxxx0.000002,0.000000,0.000000,0.000043,0.000055
A,ka100_req42,11,xxxxxxxxxxxxxxxx0.000002,0.000000,0.000000,0.000044,0.000057
A,ka100_req43,11,xxxxxxxxxxxxxxxx0.000002,0.000000,0.000000,0.000044,0.000056
A,ka100_req44,11,xxxxxxxxxxxxxxxx0.000003,0.000000,0.000000,0.000045,0.000056
A,ka100_req45,11,xxxxxxxxxxxxxxxx0.000002,0.000000,0.000000,0.000044,0.000056
A,ka100_req46,11,xxxxxxxxxxxxxxxx0.000003,0.000000,0.000000,0.000065,0.000078
A,ka100_req47,11,xxxxxxxxxxxxxxxx0.000002,0.000000,0.000000,0.000045,0.000057
A,ka100_req48,11,xxxxxxxxxxxxxxxx0.000002,0.000000,0.000000,0.000044,0.000056
A,ka100_req49,11,xxxxxxxxxxxxxxxx0.000003,0.000000,0.000000,0.000044,0.000059
A,ka100_req50,11,xxxxxxxxxxxxxxxx0.000004,0.000000,0.000000,0.000062,0.000077
A,ka100_req51,11,xxxxxxxxxxxxxxxx0.000003,0.000000,0.000000,0.000057,0.000070
A,ka100_req52,11,xxxxxxxxxxxxxxxx0.000002,0.000000,0.000000,0.000055,0.000067
A,ka100_req53,11,xxxxxxxxxxxxxxxx0.000003,0.000000,0.000000,0.000049,0.000062
A,ka100_req54,11,xxxxxxxxxxxxxxxx0.000003,0.000000,0.000000,0.000051,0.000063
A,ka100_req55,11,xxxxxxxxxxxxxxxx0.000003,0.000000,0.000000,0.000047,0.000060
A,ka100_req56,11,xxxxxxxxxxxxxxxx0.000002,0.000000,0.000000,0.000048,0.000057
A,ka100_req57,11,xxxxxxxxxxxxxxxx0.000003,0.000000,0.000000,0.000049,0.000061
A,ka100_req58,11,xxxxxxxxxxxxxxxx0.000003,0.000000,0.000000,0.000046,0.000058
A,ka100_req59,11,xxxxxxxxxxxxxxxx0.000002,0.000000,0.000000,0.000045,0.000057
A,ka100_req60,11,xxxxxxxxxxxxxxxx0.000003,0.000000,0.000000,0.000046,0.000059
A,ka100_req61,11,xxxxxxxxxxxxxxxx0.000002,0.000000,0.000000,0.000044,0.000057
A,ka100_req62,11,xxxxxxxxxxxxxxxx0.000002,0.000000,0.000000,0.000045,0.000058
A,ka100_req63,11,xxxxxxxxxxxxxxxx0.000003,0.000000,0.000000,0.000051,0.000063
A,ka100_req64,11,xxxxxxxxxxxxxxxx0.000002,0.000000,0.000000,0.000059,0.000071
A,ka100_req65,11,xxxxxxxxxxxxxxxx0.000003,0.000000,0.000000,0.000051,0.000063
A,ka100_req66,11,xxxxxxxxxxxxxxxx0.000003,0.000000,0.000000,0.000050,0.000064
A,ka100_req67,11,xxxxxxxxxxxxxxxx0.000003,0.000000,0.000000,0.000060,0.000065
A,ka100_req68,11,xxxxxxxxxxxxxxxx0.000002,0.000000,0.000000,0.000049,0.000066
A,ka100_req69,11,xxxxxxxxxxxxxxxx0.000003,0.000000,0.000000,0.000047,0.000060
A,ka100_req70,11,xxxxxxxxxxxxxxxx0.000002,0.000000,0.000000,0.000046,0.000059
A,ka100_req71,11,xxxxxxxxxxxxxxxx0.000003,0.000000,0.000000,0.000055,0.000072
A,ka100_req72,11,xxxxxxxxxxxxxxxx0.000002,0.000000,0.000000,0.000053,0.000059
A,ka100_req73,11,xxxxxxxxxxxxxxxx0.000003,0.000000,0.000000,0.000051,0.000064
A,ka100_req74,11,xxxxxxxxxxxxxxxx0.000002,0.000000,0.000000,0.000045,0.000057
A,ka100_req75,11,xxxxxxxxxxxxxxxx0.000003,0.000000,0.000000,0.000047,0.000061
A,ka100_req76,11,xxxxxxxxxxxxxxxx0.000002,0.000000,0.000000,0.000064,0.000073
A,ka100_req77,11,xxxxxxxxxxxxxxxx0.000003,0.000000,0.000000,0.000122,0.000132
A,ka100_req78,11,xxxxxxxxxxxxxxxx0.000002,0.000000,0.000000,0.000064,0.000078
A,ka100_req79,11,xxxxxxxxxxxxxxxx0.000010,0.000000,0.000000,0.000056,0.000067
A,ka100_req80,11,xxxxxxxxxxxxxxxx0.000002,0.000000,0.000000,0.000049,0.000062
A,ka100_req81,11,xxxxxxxxxxxxxxxx0.000003,0.000000,0.000000,0.000056,0.000068
A,ka100_req82,11,xxxxxxxxxxxxxxxx0.000002,0.000000,0.000000,0.000049,0.000061
A,ka100_req83,11,xxxxxxxxxxxxxxxx0.000002,0.000000,0.000000,0.000046,0.000058
A,ka100_req84,11,xxxxxxxxxxxxxxxx0.000002,0.000000,0.000000,0.000047,0.000060
A,ka100_req85,11,xxxxxxxxxxxxxxxx0.000002,0.000000,0.000000,0.000053,0.000065
A,ka100_req86,11,xxxxxxxxxxxxxxxx0.000002,0.000000,0.000000,0.000046,0.000059
A,ka100_req87,11,xxxxxxxxxxxxxxxx0.000002,0.000000,0.000000,0.000067,0.000079
A,ka100_req88,11,xxxxxxxxxxxxxxxx0.000003,0.000000,0.000000,0.000067,0.000074
A,ka100_req89,11,xxxxxxxxxxxxxxxx0.000002,0.000000,0.000000,0.000047,0.000058
A,ka100_req90,11,xxxxxxxxxxxxxxxx0.000002,0.000000,0.000000,0.000046,0.000057
A,ka100_req91,11,xxxxxxxxxxxxxxxx0.000003,0.000000,0.000000,0.000046,0.000058
A,ka100_req92,11,xxxxxxxxxxxxxxxx0.000003,0.000000,0.000000,0.000045,0.000056
A,ka100_req93,11,xxxxxxxxxxxxxxxx0.000003,0.000000,0.000000,0.000044,0.000056
A,ka100_req94,11,xxxxxxxxxxxxxxxx0.000002,0.000000,0.000000,0.000048,0.000060
A,ka100_req95,11,xxxxxxxxxxxxxxxx0.000002,0.000000,0.000000,0.000046,0.000058
A,ka100_req96,11,xxxxxxxxxxxxxxxx0.000002,0.000000,0.000000,0.000044,0.000057
A,ka100_req97,11,xxxxxxxxxxxxxxxx0.000003,0.000000,0.000000,0.000049,0.000061
A,ka100_req98,11,xxxxxxxxxxxxxxxx0.000003,0.000000,0.000000,0.000054,0.000067
A,ka100_req99,11,xxxxxxxxxxxxxxxx0.000003,0.000000,0.000000,0.000049,0.000060
A,ka100_req100,11,xxxxxxxxxxxxxxxx0.000002,0.000000,0.000000,0.000048,0.000060
A,ka100_req1,12,0.000005,0.000088,0.000722,0.000863,0.000893
A,ka100_req2,12,xxxxxxxxxxxxxxxx0.000003,0.000000,0.000000,0.000059,0.000063
A,ka100_req3,12,xxxxxxxxxxxxxxxx0.000003,0.000000,0.000000,0.000055,0.000060
A,ka100_req4,12,xxxxxxxxxxxxxxxx0.000003,0.000000,0.000000,0.000053,0.000059
A,ka100_req5,12,xxxxxxxxxxxxxxxx0.000004,0.000000,0.000000,0.000052,0.000056
A,ka100_req6,12,xxxxxxxxxxxxxxxx0.000003,0.000000,0.000000,0.000053,0.000057
A,ka100_req7,12,xxxxxxxxxxxxxxxx0.000005,0.000000,0.000000,0.000055,0.000068
A,ka100_req8,12,xxxxxxxxxxxxxxxx0.000003,0.000000,0.000000,0.000060,0.000073
A,ka100_req9,12,xxxxxxxxxxxxxxxx0.000003,0.000000,0.000000,0.000052,0.000067
A,ka100_req10,12,xxxxxxxxxxxxxxxx0.000003,0.000000,0.000000,0.000063,0.000077
A,ka100_req11,12,xxxxxxxxxxxxxxxx0.000003,0.000000,0.000000,0.000062,0.000073
A,ka100_req12,12,xxxxxxxxxxxxxxxx0.000003,0.000000,0.000000,0.000054,0.000066
A,ka100_req13,12,xxxxxxxxxxxxxxxx0.000002,0.000000,0.000000,0.000060,0.000072
A,ka100_req14,12,xxxxxxxxxxxxxxxx0.000003,0.000000,0.000000,0.000053,0.000065
A,ka100_req15,12,xxxxxxxxxxxxxxxx0.000003,0.000000,0.000000,0.000049,0.000060
A,ka100_req16,12,xxxxxxxxxxxxxxxx0.000003,0.000000,0.000000,0.000052,0.000065
A,ka100_req17,12,xxxxxxxxxxxxxxxx0.000002,0.000000,0.000000,0.000055,0.000068
A,ka100_req18,12,xxxxxxxxxxxxxxxx0.000003,0.000000,0.000000,0.000049,0.000059
A,ka100_req19,12,xxxxxxxxxxxxxxxx0.000002,0.000000,0.000000,0.000052,0.000064
A,ka100_req20,12,xxxxxxxxxxxxxxxx0.000002,0.000000,0.000000,0.000050,0.000063
A,ka100_req21,12,xxxxxxxxxxxxxxxx0.000003,0.000000,0.000000,0.000050,0.000066
A,ka100_req22,12,xxxxxxxxxxxxxxxx0.000002,0.000000,0.000000,0.000050,0.000061
A,ka100_req23,12,xxxxxxxxxxxxxxxx0.000002,0.000000,0.000000,0.000048,0.000060
A,ka100_req24,12,xxxxxxxxxxxxxxxx0.000002,0.000000,0.000000,0.000050,0.000061
A,ka100_req25,12,xxxxxxxxxxxxxxxx0.000002,0.000000,0.000000,0.000048,0.000060
A,ka100_req26,12,xxxxxxxxxxxxxxxx0.000002,0.000000,0.000000,0.000050,0.000062
A,ka100_req27,12,xxxxxxxxxxxxxxxx0.000002,0.000000,0.000000,0.000053,0.000064
A,ka100_req28,12,xxxxxxxxxxxxxxxx0.000002,0.000000,0.000000,0.000049,0.000060
A,ka100_req29,12,xxxxxxxxxxxxxxxx0.000002,0.000000,0.000000,0.000047,0.000059
A,ka100_req30,12,xxxxxxxxxxxxxxxx0.000003,0.000000,0.000000,0.000051,0.000063
A,ka100_req31,12,xxxxxxxxxxxxxxxx0.000002,0.000000,0.000000,0.000049,0.000061
A,ka100_req32,12,xxxxxxxxxxxxxxxx0.000002,0.000000,0.000000,0.000048,0.000061
A,ka100_req33,12,xxxxxxxxxxxxxxxx0.000002,0.000000,0.000000,0.000053,0.000065
A,ka100_req34,12,xxxxxxxxxxxxxxxx0.000002,0.000000,0.000000,0.000050,0.000063
A,ka100_req35,12,xxxxxxxxxxxxxxxx0.000002,0.000000,0.000000,0.000048,0.000060
A,ka100_req36,12,xxxxxxxxxxxxxxxx0.000002,0.000000,0.000000,0.000048,0.000060
A,ka100_req37,12,xxxxxxxxxxxxxxxx0.000002,0.000000,0.000000,0.000050,0.000062
A,ka100_req38,12,xxxxxxxxxxxxxxxx0.000002,0.000000,0.000000,0.000049,0.000061
A,ka100_req39,12,xxxxxxxxxxxxxxxx0.000002,0.000000,0.000000,0.000049,0.000061
A,ka100_req40,12,xxxxxxxxxxxxxxxx0.000002,0.000000,0.000000,0.000051,0.000064
A,ka100_req41,12,xxxxxxxxxxxxxxxx0.000002,0.000000,0.000000,0.000051,0.000063
A,ka100_req42,12,xxxxxxxxxxxxxxxx0.000002,0.000000,0.000000,0.000049,0.000061
A,ka100_req43,12,xxxxxxxxxxxxxxxx0.000002,0.000000,0.000000,0.000048,0.000061
A,ka100_req44,12,xxxxxxxxxxxxxxxx0.000002,0.000000,0.000000,0.000048,0.000060
A,ka100_req45,12,xxxxxxxxxxxxxxxx0.000002,0.000000,0.000000,0.000049,0.000061
A,ka100_req46,12,xxxxxxxxxxxxxxxx0.000002,0.000000,0.000000,0.000048,0.000060
A,ka100_req47,12,xxxxxxxxxxxxxxxx0.000002,0.000000,0.000000,0.000048,0.000060
A,ka100_req48,12,xxxxxxxxxxxxxxxx0.000002,0.000000,0.000000,0.000049,0.000061
A,ka100_req49,12,xxxxxxxxxxxxxxxx0.000002,0.000000,0.000000,0.000048,0.000060
A,ka100_req50,12,xxxxxxxxxxxxxxxx0.000002,0.000000,0.000000,0.000050,0.000062
A,ka100_req51,12,xxxxxxxxxxxxxxxx0.000002,0.000000,0.000000,0.000049,0.000061
A,ka100_req52,12,xxxxxxxxxxxxxxxx0.000002,0.000000,0.000000,0.000048,0.000061
A,ka100_req53,12,xxxxxxxxxxxxxxxx0.000002,0.000000,0.000000,0.000049,0.000061
A,ka100_req54,12,xxxxxxxxxxxxxxxx0.000003,0.000000,0.000000,0.000050,0.000060
A,ka100_req55,12,xxxxxxxxxxxxxxxx0.000003,0.000000,0.000000,0.000049,0.000061
A,ka100_req56,12,xxxxxxxxxxxxxxxx0.000002,0.000000,0.000000,0.000047,0.000066
A,ka100_req57,12,xxxxxxxxxxxxxxxx0.000003,0.000000,0.000000,0.000049,0.000063
A,ka100_req58,12,xxxxxxxxxxxxxxxx0.000002,0.000000,0.000000,0.000058,0.000071
A,ka100_req59,12,xxxxxxxxxxxxxxxx0.000003,0.000000,0.000000,0.000053,0.000064
A,ka100_req60,12,xxxxxxxxxxxxxxxx0.000003,0.000000,0.000000,0.000050,0.000062
A,ka100_req61,12,xxxxxxxxxxxxxxxx0.000003,0.000000,0.000000,0.000049,0.000061
A,ka100_req62,12,xxxxxxxxxxxxxxxx0.000003,0.000000,0.000000,0.000048,0.000059
A,ka100_req63,12,xxxxxxxxxxxxxxxx0.000002,0.000000,0.000000,0.000049,0.000061
A,ka100_req64,12,xxxxxxxxxxxxxxxx0.000002,0.000000,0.000000,0.000048,0.000061
A,ka100_req65,12,xxxxxxxxxxxxxxxx0.000002,0.000000,0.000000,0.000048,0.000060
A,ka100_req66,12,xxxxxxxxxxxxxxxx0.000002,0.000000,0.000000,0.000049,0.000062
A,ka100_req67,12,xxxxxxxxxxxxxxxx0.000002,0.000000,0.000000,0.000047,0.000060
A,ka100_req68,12,xxxxxxxxxxxxxxxx0.000002,0.000000,0.000000,0.000047,0.000059
A,ka100_req69,12,xxxxxxxxxxxxxxxx0.000002,0.000000,0.000000,0.000047,0.000059
A,ka100_req70,12,xxxxxxxxxxxxxxxx0.000002,0.000000,0.000000,0.000047,0.000060
A,ka100_req71,12,xxxxxxxxxxxxxxxx0.000002,0.000000,0.000000,0.000054,0.000066
A,ka100_req72,12,xxxxxxxxxxxxxxxx0.000003,0.000000,0.000000,0.000052,0.000064
A,ka100_req73,12,xxxxxxxxxxxxxxxx0.000002,0.000000,0.000000,0.000050,0.000063
A,ka100_req74,12,xxxxxxxxxxxxxxxx0.000003,0.000000,0.000000,0.000053,0.000060
A,ka100_req75,12,xxxxxxxxxxxxxxxx0.000002,0.000000,0.000000,0.000049,0.000062
A,ka100_req76,12,xxxxxxxxxxxxxxxx0.000002,0.000000,0.000000,0.000051,0.000063
A,ka100_req77,12,xxxxxxxxxxxxxxxx0.000002,0.000000,0.000000,0.000050,0.000063
A,ka100_req78,12,xxxxxxxxxxxxxxxx0.000002,0.000000,0.000000,0.000049,0.000062
A,ka100_req79,12,xxxxxxxxxxxxxxxx0.000002,0.000000,0.000000,0.000050,0.000062
A,ka100_req80,12,xxxxxxxxxxxxxxxx0.000002,0.000000,0.000000,0.000047,0.000060
A,ka100_req81,12,xxxxxxxxxxxxxxxx0.000003,0.000000,0.000000,0.000048,0.000061
A,ka100_req82,12,xxxxxxxxxxxxxxxx0.000002,0.000000,0.000000,0.000056,0.000068
A,ka100_req83,12,xxxxxxxxxxxxxxxx0.000003,0.000000,0.000000,0.000049,0.000060
A,ka100_req84,12,xxxxxxxxxxxxxxxx0.000002,0.000000,0.000000,0.000047,0.000059
A,ka100_req85,12,xxxxxxxxxxxxxxxx0.000003,0.000000,0.000000,0.000049,0.000059
A,ka100_req86,12,xxxxxxxxxxxxxxxx0.000002,0.000000,0.000000,0.000048,0.000060
A,ka100_req87,12,xxxxxxxxxxxxxxxx0.000002,0.000000,0.000000,0.000048,0.000061
A,ka100_req88,12,xxxxxxxxxxxxxxxx0.000002,0.000000,0.000000,0.000047,0.000060
A,ka100_req89,12,xxxxxxxxxxxxxxxx0.000002,0.000000,0.000000,0.000049,0.000062
A,ka100_req90,12,xxxxxxxxxxxxxxxx0.000002,0.000000,0.000000,0.000048,0.000060
A,ka100_req91,12,xxxxxxxxxxxxxxxx0.000002,0.000000,0.000000,0.000048,0.000060
A,ka100_req92,12,xxxxxxxxxxxxxxxx0.000002,0.000000,0.000000,0.000051,0.000063
A,ka100_req93,12,xxxxxxxxxxxxxxxx0.000002,0.000000,0.000000,0.000048,0.000060
A,ka100_req94,12,xxxxxxxxxxxxxxxx0.000002,0.000000,0.000000,0.000047,0.000054
A,ka100_req95,12,xxxxxxxxxxxxxxxx0.000003,0.000000,0.000000,0.000046,0.000057
A,ka100_req96,12,xxxxxxxxxxxxxxxx0.000003,0.000000,0.000000,0.000051,0.000062
A,ka100_req97,12,xxxxxxxxxxxxxxxx0.000003,0.000000,0.000000,0.000049,0.000062
A,ka100_req98,12,xxxxxxxxxxxxxxxx0.000002,0.000000,0.000000,0.000053,0.000065
A,ka100_req99,12,xxxxxxxxxxxxxxxx0.000002,0.000000,0.000000,0.000060,0.000070
A,ka100_req100,12,xxxxxxxxxxxxxxxx0.000002,0.000000,0.000000,0.000050,0.000062
A,ka100_req1,13,0.000004,0.000073,0.000702,0.000839,0.000867
A,ka100_req2,13,xxxxxxxxxxxxxxxx0.000003,0.000000,0.000000,0.000058,0.000062
A,ka100_req3,13,xxxxxxxxxxxxxxxx0.000003,0.000000,0.000000,0.000056,0.000060
A,ka100_req4,13,xxxxxxxxxxxxxxxx0.000003,0.000000,0.000000,0.000063,0.000068
A,ka100_req5,13,xxxxxxxxxxxxxxxx0.000005,0.000000,0.000000,0.000076,0.000081
A,ka100_req6,13,xxxxxxxxxxxxxxxx0.000003,0.000000,0.000000,0.000064,0.000068
A,ka100_req7,13,xxxxxxxxxxxxxxxx0.000004,0.000000,0.000000,0.000067,0.000079
A,ka100_req8,13,xxxxxxxxxxxxxxxx0.000003,0.000000,0.000000,0.000059,0.000072
A,ka100_req9,13,xxxxxxxxxxxxxxxx0.000003,0.000000,0.000000,0.000059,0.000071
A,ka100_req10,13,xxxxxxxxxxxxxxxx0.000003,0.000000,0.000000,0.000053,0.000065
A,ka100_req11,13,xxxxxxxxxxxxxxxx0.000003,0.000000,0.000000,0.000060,0.000072
A,ka100_req12,13,xxxxxxxxxxxxxxxx0.000002,0.000000,0.000000,0.000055,0.000067
A,ka100_req13,13,xxxxxxxxxxxxxxxx0.000002,0.000000,0.000000,0.000054,0.000066
A,ka100_req14,13,xxxxxxxxxxxxxxxx0.000003,0.000000,0.000000,0.000054,0.000066
A,ka100_req15,13,xxxxxxxxxxxxxxxx0.000002,0.000000,0.000000,0.000052,0.000065
A,ka100_req16,13,xxxxxxxxxxxxxxxx0.000002,0.000000,0.000000,0.000052,0.000064
A,ka100_req17,13,xxxxxxxxxxxxxxxx0.000002,0.000000,0.000000,0.000051,0.000063
A,ka100_req18,13,xxxxxxxxxxxxxxxx0.000003,0.000000,0.000000,0.000052,0.000064
A,ka100_req19,13,xxxxxxxxxxxxxxxx0.000002,0.000000,0.000000,0.000055,0.000067
A,ka100_req20,13,xxxxxxxxxxxxxxxx0.000002,0.000000,0.000000,0.000053,0.000066
A,ka100_req21,13,xxxxxxxxxxxxxxxx0.000002,0.000000,0.000000,0.000051,0.000063
A,ka100_req22,13,xxxxxxxxxxxxxxxx0.000003,0.000000,0.000000,0.000051,0.000063
A,ka100_req23,13,xxxxxxxxxxxxxxxx0.000002,0.000000,0.000000,0.000052,0.000064
A,ka100_req24,13,xxxxxxxxxxxxxxxx0.000002,0.000000,0.000000,0.000050,0.000062
A,ka100_req25,13,xxxxxxxxxxxxxxxx0.000002,0.000000,0.000000,0.000051,0.000063
A,ka100_req26,13,xxxxxxxxxxxxxxxx0.000002,0.000000,0.000000,0.000050,0.000063
A,ka100_req27,13,xxxxxxxxxxxxxxxx0.000002,0.000000,0.000000,0.000051,0.000063
A,ka100_req28,13,xxxxxxxxxxxxxxxx0.000002,0.000000,0.000000,0.000051,0.000063
A,ka100_req29,13,xxxxxxxxxxxxxxxx0.000002,0.000000,0.000000,0.000053,0.000065
A,ka100_req30,13,xxxxxxxxxxxxxxxx0.000002,0.000000,0.000000,0.000052,0.000064
A,ka100_req31,13,xxxxxxxxxxxxxxxx0.000003,0.000000,0.000000,0.000053,0.000065
A,ka100_req32,13,xxxxxxxxxxxxxxxx0.000002,0.000000,0.000000,0.000054,0.000066
A,ka100_req33,13,xxxxxxxxxxxxxxxx0.000002,0.000000,0.000000,0.000051,0.000063
A,ka100_req34,13,xxxxxxxxxxxxxxxx0.000002,0.000000,0.000000,0.000051,0.000063
A,ka100_req35,13,xxxxxxxxxxxxxxxx0.000003,0.000000,0.000000,0.000055,0.000066
A,ka100_req36,13,xxxxxxxxxxxxxxxx0.000002,0.000000,0.000000,0.000052,0.000064
A,ka100_req37,13,xxxxxxxxxxxxxxxx0.000002,0.000000,0.000000,0.000052,0.000065
A,ka100_req38,13,xxxxxxxxxxxxxxxx0.000002,0.000000,0.000000,0.000051,0.000063
A,ka100_req39,13,xxxxxxxxxxxxxxxx0.000002,0.000000,0.000000,0.000052,0.000065
A,ka100_req40,13,xxxxxxxxxxxxxxxx0.000002,0.000000,0.000000,0.000055,0.000066
A,ka100_req41,13,xxxxxxxxxxxxxxxx0.000003,0.000000,0.000000,0.000052,0.000064
A,ka100_req42,13,xxxxxxxxxxxxxxxx0.000002,0.000000,0.000000,0.000049,0.000063
A,ka100_req43,13,xxxxxxxxxxxxxxxx0.000002,0.000000,0.000000,0.000050,0.000062
A,ka100_req44,13,xxxxxxxxxxxxxxxx0.000002,0.000000,0.000000,0.000053,0.000065
A,ka100_req45,13,xxxxxxxxxxxxxxxx0.000002,0.000000,0.000000,0.000051,0.000063
A,ka100_req46,13,xxxxxxxxxxxxxxxx0.000002,0.000000,0.000000,0.000050,0.000062
A,ka100_req47,13,xxxxxxxxxxxxxxxx0.000002,0.000000,0.000000,0.000050,0.000064
A,ka100_req48,13,xxxxxxxxxxxxxxxx0.000002,0.000000,0.000000,0.000052,0.000064
A,ka100_req49,13,xxxxxxxxxxxxxxxx0.000002,0.000000,0.000000,0.000051,0.000063
A,ka100_req50,13,xxxxxxxxxxxxxxxx0.000002,0.000000,0.000000,0.000050,0.000062
A,ka100_req51,13,xxxxxxxxxxxxxxxx0.000002,0.000000,0.000000,0.000050,0.000062
A,ka100_req52,13,xxxxxxxxxxxxxxxx0.000002,0.000000,0.000000,0.000052,0.000063
A,ka100_req53,13,xxxxxxxxxxxxxxxx0.000002,0.000000,0.000000,0.000051,0.000063
A,ka100_req54,13,xxxxxxxxxxxxxxxx0.000002,0.000000,0.000000,0.000050,0.000062
A,ka100_req55,13,xxxxxxxxxxxxxxxx0.000002,0.000000,0.000000,0.000050,0.000062
A,ka100_req56,13,xxxxxxxxxxxxxxxx0.000002,0.000000,0.000000,0.000049,0.000062
A,ka100_req57,13,xxxxxxxxxxxxxxxx0.000002,0.000000,0.000000,0.000053,0.000067
A,ka100_req58,13,xxxxxxxxxxxxxxxx0.000003,0.000000,0.000000,0.000049,0.000059
A,ka100_req59,13,xxxxxxxxxxxxxxxx0.000003,0.000000,0.000000,0.000049,0.000061
A,ka100_req60,13,xxxxxxxxxxxxxxxx0.000002,0.000000,0.000000,0.000049,0.000062
A,ka100_req61,13,xxxxxxxxxxxxxxxx0.000002,0.000000,0.000000,0.000049,0.000061
A,ka100_req62,13,xxxxxxxxxxxxxxxx0.000002,0.000000,0.000000,0.000049,0.000061
A,ka100_req63,13,xxxxxxxxxxxxxxxx0.000002,0.000000,0.000000,0.000049,0.000062
A,ka100_req64,13,xxxxxxxxxxxxxxxx0.000002,0.000000,0.000000,0.000048,0.000062
A,ka100_req65,13,xxxxxxxxxxxxxxxx0.000003,0.000000,0.000000,0.000050,0.000062
A,ka100_req66,13,xxxxxxxxxxxxxxxx0.000002,0.000000,0.000000,0.000049,0.000061
A,ka100_req67,13,xxxxxxxxxxxxxxxx0.000002,0.000000,0.000000,0.000050,0.000062
A,ka100_req68,13,xxxxxxxxxxxxxxxx0.000002,0.000000,0.000000,0.000054,0.000066
A,ka100_req69,13,xxxxxxxxxxxxxxxx0.000002,0.000000,0.000000,0.000050,0.000062
A,ka100_req70,13,xxxxxxxxxxxxxxxx0.000002,0.000000,0.000000,0.000049,0.000061
A,ka100_req71,13,xxxxxxxxxxxxxxxx0.000002,0.000000,0.000000,0.000050,0.000062
A,ka100_req72,13,xxxxxxxxxxxxxxxx0.000002,0.000000,0.000000,0.000049,0.000062
A,ka100_req73,13,xxxxxxxxxxxxxxxx0.000002,0.000000,0.000000,0.000049,0.000061
A,ka100_req74,13,xxxxxxxxxxxxxxxx0.000002,0.000000,0.000000,0.000049,0.000061
A,ka100_req75,13,xxxxxxxxxxxxxxxx0.000002,0.000000,0.000000,0.000048,0.000062
A,ka100_req76,13,xxxxxxxxxxxxxxxx0.000002,0.000000,0.000000,0.000049,0.000062
A,ka100_req77,13,xxxxxxxxxxxxxxxx0.000002,0.000000,0.000000,0.000049,0.000061
A,ka100_req78,13,xxxxxxxxxxxxxxxx0.000002,0.000000,0.000000,0.000049,0.000060
A,ka100_req79,13,xxxxxxxxxxxxxxxx0.000002,0.000000,0.000000,0.000051,0.000064
A,ka100_req80,13,xxxxxxxxxxxxxxxx0.000002,0.000000,0.000000,0.000053,0.000066
A,ka100_req81,13,xxxxxxxxxxxxxxxx0.000002,0.000000,0.000000,0.000051,0.000064
A,ka100_req82,13,xxxxxxxxxxxxxxxx0.000003,0.000000,0.000000,0.000049,0.000060
A,ka100_req83,13,xxxxxxxxxxxxxxxx0.000002,0.000000,0.000000,0.000053,0.000065
A,ka100_req84,13,xxxxxxxxxxxxxxxx0.000003,0.000000,0.000000,0.000051,0.000062
A,ka100_req85,13,xxxxxxxxxxxxxxxx0.000002,0.000000,0.000000,0.000052,0.000059
A,ka100_req86,13,xxxxxxxxxxxxxxxx0.000003,0.000000,0.000000,0.000052,0.000063
A,ka100_req87,13,xxxxxxxxxxxxxxxx0.000003,0.000000,0.000000,0.000047,0.000057
A,ka100_req88,13,xxxxxxxxxxxxxxxx0.000002,0.000000,0.000000,0.000050,0.000064
A,ka100_req89,13,xxxxxxxxxxxxxxxx0.000003,0.000000,0.000000,0.000054,0.000066
A,ka100_req90,13,xxxxxxxxxxxxxxxx0.000002,0.000000,0.000000,0.000052,0.000064
A,ka100_req91,13,xxxxxxxxxxxxxxxx0.000002,0.000000,0.000000,0.000050,0.000062
A,ka100_req92,13,xxxxxxxxxxxxxxxx0.000003,0.000000,0.000000,0.000048,0.000059
A,ka100_req93,13,xxxxxxxxxxxxxxxx0.000002,0.000000,0.000000,0.000048,0.000060
A,ka100_req94,13,xxxxxxxxxxxxxxxx0.000002,0.000000,0.000000,0.000051,0.000063
A,ka100_req95,13,xxxxxxxxxxxxxxxx0.000003,0.000000,0.000000,0.000047,0.000058
A,ka100_req96,13,xxxxxxxxxxxxxxxx0.000003,0.000000,0.000000,0.000047,0.000058
A,ka100_req97,13,xxxxxxxxxxxxxxxx0.000003,0.000000,0.000000,0.000048,0.000058
A,ka100_req98,13,xxxxxxxxxxxxxxxx0.000003,0.000000,0.000000,0.000047,0.000058
A,ka100_req99,13,xxxxxxxxxxxxxxxx0.000002,0.000000,0.000000,0.000047,0.000058
A,ka100_req100,13,xxxxxxxxxxxxxxxx0.000003,0.000000,0.000000,0.000049,0.000060
A,ka100_req1,14,0.000005,0.000080,0.000707,0.000846,0.000872
A,ka100_req2,14,xxxxxxxxxxxxxxxx0.000004,0.000000,0.000000,0.000073,0.000078
A,ka100_req3,14,xxxxxxxxxxxxxxxx0.000004,0.000000,0.000000,0.000059,0.000066
A,ka100_req4,14,xxxxxxxxxxxxxxxx0.000003,0.000000,0.000000,0.000070,0.000075
A,ka100_req5,14,xxxxxxxxxxxxxxxx0.000006,0.000000,0.000000,0.000060,0.000063
A,ka100_req6,14,xxxxxxxxxxxxxxxx0.000002,0.000000,0.000000,0.000060,0.000064
A,ka100_req7,14,xxxxxxxxxxxxxxxx0.000003,0.000000,0.000000,0.000053,0.000066
A,ka100_req8,14,xxxxxxxxxxxxxxxx0.000002,0.000000,0.000000,0.000052,0.000064
A,ka100_req9,14,xxxxxxxxxxxxxxxx0.000002,0.000000,0.000000,0.000052,0.000064
A,ka100_req10,14,xxxxxxxxxxxxxxxx0.000003,0.000000,0.000000,0.000063,0.000074
A,ka100_req11,14,xxxxxxxxxxxxxxxx0.000003,0.000000,0.000000,0.000056,0.000074
A,ka100_req12,14,xxxxxxxxxxxxxxxx0.000003,0.000000,0.000000,0.000058,0.000069
A,ka100_req13,14,xxxxxxxxxxxxxxxx0.000003,0.000000,0.000000,0.000051,0.000063
A,ka100_req14,14,xxxxxxxxxxxxxxxx0.000004,0.000000,0.000000,0.000051,0.000063
A,ka100_req15,14,xxxxxxxxxxxxxxxx0.000002,0.000000,0.000000,0.000052,0.000063
A,ka100_req16,14,xxxxxxxxxxxxxxxx0.000002,0.000000,0.000000,0.000049,0.000062
A,ka100_req17,14,xxxxxxxxxxxxxxxx0.000003,0.000000,0.000000,0.000056,0.000067
A,ka100_req18,14,xxxxxxxxxxxxxxxx0.000002,0.000000,0.000000,0.000049,0.000060
A,ka100_req19,14,xxxxxxxxxxxxxxxx0.000002,0.000000,0.000000,0.000048,0.000060
A,ka100_req20,14,xxxxxxxxxxxxxxxx0.000002,0.000000,0.000000,0.000049,0.000061
A,ka100_req21,14,xxxxxxxxxxxxxxxx0.000003,0.000000,0.000000,0.000051,0.000064
A,ka100_req22,14,xxxxxxxxxxxxxxxx0.000003,0.000000,0.000000,0.000052,0.000064
A,ka100_req23,14,xxxxxxxxxxxxxxxx0.000002,0.000000,0.000000,0.000049,0.000061
A,ka100_req24,14,xxxxxxxxxxxxxxxx0.000002,0.000000,0.000000,0.000050,0.000062
A,ka100_req25,14,xxxxxxxxxxxxxxxx0.000002,0.000000,0.000000,0.000050,0.000062
A,ka100_req26,14,xxxxxxxxxxxxxxxx0.000002,0.000000,0.000000,0.000051,0.000063
A,ka100_req27,14,xxxxxxxxxxxxxxxx0.000002,0.000000,0.000000,0.000050,0.000063
A,ka100_req28,14,xxxxxxxxxxxxxxxx0.000003,0.000000,0.000000,0.000051,0.000062
A,ka100_req29,14,xxxxxxxxxxxxxxxx0.000002,0.000000,0.000000,0.000049,0.000061
A,ka100_req30,14,xxxxxxxxxxxxxxxx0.000002,0.000000,0.000000,0.000051,0.000063
A,ka100_req31,14,xxxxxxxxxxxxxxxx0.000002,0.000000,0.000000,0.000049,0.000061
A,ka100_req32,14,xxxxxxxxxxxxxxxx0.000002,0.000000,0.000000,0.000060,0.000073
A,ka100_req33,14,xxxxxxxxxxxxxxxx0.000003,0.000000,0.000000,0.000049,0.000062
A,ka100_req34,14,xxxxxxxxxxxxxxxx0.000002,0.000000,0.000000,0.000059,0.000071
A,ka100_req35,14,xxxxxxxxxxxxxxxx0.000003,0.000000,0.000000,0.000054,0.000065
A,ka100_req36,14,xxxxxxxxxxxxxxxx0.000002,0.000000,0.000000,0.000052,0.000063
A,ka100_req37,14,xxxxxxxxxxxxxxxx0.000002,0.000000,0.000000,0.000048,0.000060
A,ka100_req38,14,xxxxxxxxxxxxxxxx0.000002,0.000000,0.000000,0.000047,0.000061
A,ka100_req39,14,xxxxxxxxxxxxxxxx0.000002,0.000000,0.000000,0.000053,0.000066
A,ka100_req40,14,xxxxxxxxxxxxxxxx0.000002,0.000000,0.000000,0.000051,0.000063
A,ka100_req41,14,xxxxxxxxxxxxxxxx0.000002,0.000000,0.000000,0.000049,0.000061
A,ka100_req42,14,xxxxxxxxxxxxxxxx0.000002,0.000000,0.000000,0.000048,0.000060
A,ka100_req43,14,xxxxxxxxxxxxxxxx0.000002,0.000000,0.000000,0.000052,0.000063
A,ka100_req44,14,xxxxxxxxxxxxxxxx0.000002,0.000000,0.000000,0.000054,0.000061
A,ka100_req45,14,xxxxxxxxxxxxxxxx0.000002,0.000000,0.000000,0.000052,0.000065
A,ka100_req46,14,xxxxxxxxxxxxxxxx0.000002,0.000000,0.000000,0.000049,0.000060
A,ka100_req47,14,xxxxxxxxxxxxxxxx0.000002,0.000000,0.000000,0.000048,0.000060
A,ka100_req48,14,xxxxxxxxxxxxxxxx0.000002,0.000000,0.000000,0.000052,0.000063
A,ka100_req49,14,xxxxxxxxxxxxxxxx0.000003,0.000000,0.000000,0.000052,0.000064
A,ka100_req50,14,xxxxxxxxxxxxxxxx0.000002,0.000000,0.000000,0.000055,0.000068
A,ka100_req51,14,xxxxxxxxxxxxxxxx0.000003,0.000000,0.000000,0.000052,0.000063
A,ka100_req52,14,xxxxxxxxxxxxxxxx0.000002,0.000000,0.000000,0.000051,0.000065
A,ka100_req53,14,xxxxxxxxxxxxxxxx0.000002,0.000000,0.000000,0.000048,0.000060
A,ka100_req54,14,xxxxxxxxxxxxxxxx0.000002,0.000000,0.000000,0.000049,0.000061
A,ka100_req55,14,xxxxxxxxxxxxxxxx0.000002,0.000000,0.000000,0.000048,0.000061
A,ka100_req56,14,xxxxxxxxxxxxxxxx0.000002,0.000000,0.000000,0.000049,0.000061
A,ka100_req57,14,xxxxxxxxxxxxxxxx0.000002,0.000000,0.000000,0.000048,0.000059
A,ka100_req58,14,xxxxxxxxxxxxxxxx0.000002,0.000000,0.000000,0.000048,0.000060
A,ka100_req59,14,xxxxxxxxxxxxxxxx0.000002,0.000000,0.000000,0.000048,0.000061
A,ka100_req60,14,xxxxxxxxxxxxxxxx0.000002,0.000000,0.000000,0.000051,0.000062
A,ka100_req61,14,xxxxxxxxxxxxxxxx0.000003,0.000000,0.000000,0.000056,0.000066
A,ka100_req62,14,xxxxxxxxxxxxxxxx0.000003,0.000000,0.000000,0.000049,0.000062
A,ka100_req63,14,xxxxxxxxxxxxxxxx0.000003,0.000000,0.000000,0.000053,0.000067
A,ka100_req64,14,xxxxxxxxxxxxxxxx0.000003,0.000000,0.000000,0.000052,0.000066
A,ka100_req65,14,xxxxxxxxxxxxxxxx0.000003,0.000000,0.000000,0.000051,0.000062
A,ka100_req66,14,xxxxxxxxxxxxxxxx0.000002,0.000000,0.000000,0.000051,0.000063
A,ka100_req67,14,xxxxxxxxxxxxxxxx0.000002,0.000000,0.000000,0.000051,0.000063
A,ka100_req68,14,xxxxxxxxxxxxxxxx0.000002,0.000000,0.000000,0.000051,0.000063
A,ka100_req69,14,xxxxxxxxxxxxxxxx0.000002,0.000000,0.000000,0.000049,0.000061
A,ka100_req70,14,xxxxxxxxxxxxxxxx0.000002,0.000000,0.000000,0.000049,0.000061
A,ka100_req71,14,xxxxxxxxxxxxxxxx0.000002,0.000000,0.000000,0.000049,0.000062
A,ka100_req72,14,xxxxxxxxxxxxxxxx0.000002,0.000000,0.000000,0.000049,0.000061
A,ka100_req73,14,xxxxxxxxxxxxxxxx0.000002,0.000000,0.000000,0.000050,0.000062
A,ka100_req74,14,xxxxxxxxxxxxxxxx0.000002,0.000000,0.000000,0.000053,0.000065
A,ka100_req75,14,xxxxxxxxxxxxxxxx0.000002,0.000000,0.000000,0.000050,0.000062
A,ka100_req76,14,xxxxxxxxxxxxxxxx0.000002,0.000000,0.000000,0.000049,0.000061
A,ka100_req77,14,xxxxxxxxxxxxxxxx0.000002,0.000000,0.000000,0.000048,0.000061
A,ka100_req78,14,xxxxxxxxxxxxxxxx0.000002,0.000000,0.000000,0.000049,0.000061
A,ka100_req79,14,xxxxxxxxxxxxxxxx0.000003,0.000000,0.000000,0.000050,0.000063
A,ka100_req80,14,xxxxxxxxxxxxxxxx0.000003,0.000000,0.000000,0.000045,0.000056
A,ka100_req81,14,xxxxxxxxxxxxxxxx0.000003,0.000000,0.000000,0.000048,0.000059
A,ka100_req82,14,xxxxxxxxxxxxxxxx0.000002,0.000000,0.000000,0.000049,0.000061
A,ka100_req83,14,xxxxxxxxxxxxxxxx0.000002,0.000000,0.000000,0.000051,0.000063
A,ka100_req84,14,xxxxxxxxxxxxxxxx0.000002,0.000000,0.000000,0.000049,0.000062
A,ka100_req85,14,xxxxxxxxxxxxxxxx0.000002,0.000000,0.000000,0.000049,0.000061
A,ka100_req86,14,xxxxxxxxxxxxxxxx0.000002,0.000000,0.000000,0.000049,0.000061
A,ka100_req87,14,xxxxxxxxxxxxxxxx0.000002,0.000000,0.000000,0.000049,0.000061
A,ka100_req88,14,xxxxxxxxxxxxxxxx0.000002,0.000000,0.000000,0.000050,0.000062
A,ka100_req89,14,xxxxxxxxxxxxxxxx0.000002,0.000000,0.000000,0.000048,0.000060
A,ka100_req90,14,xxxxxxxxxxxxxxxx0.000002,0.000000,0.000000,0.000049,0.000061
A,ka100_req91,14,xxxxxxxxxxxxxxxx0.000002,0.000000,0.000000,0.000049,0.000061
A,ka100_req92,14,xxxxxxxxxxxxxxxx0.000002,0.000000,0.000000,0.000048,0.000061
A,ka100_req93,14,xxxxxxxxxxxxxxxx0.000002,0.000000,0.000000,0.000049,0.000061
A,ka100_req94,14,xxxxxxxxxxxxxxxx0.000002,0.000000,0.000000,0.000048,0.000061
A,ka100_req95,14,xxxxxxxxxxxxxxxx0.000003,0.000000,0.000000,0.000048,0.000059
A,ka100_req96,14,xxxxxxxxxxxxxxxx0.000002,0.000000,0.000000,0.000049,0.000062
A,ka100_req97,14,xxxxxxxxxxxxxxxx0.000002,0.000000,0.000000,0.000049,0.000061
A,ka100_req98,14,xxxxxxxxxxxxxxxx0.000002,0.000000,0.000000,0.000049,0.000062
A,ka100_req99,14,xxxxxxxxxxxxxxxx0.000003,0.000000,0.000000,0.000051,0.000057
A,ka100_req100,14,xxxxxxxxxxxxxxxx0.000003,0.000000,0.000000,0.000058,0.000065
A,ka100_req1,15,0.000005,0.000072,0.000664,0.000827,0.000851
A,ka100_req2,15,xxxxxxxxxxxxxxxx0.000003,0.000000,0.000000,0.000066,0.000070
A,ka100_req3,15,xxxxxxxxxxxxxxxx0.000002,0.000000,0.000000,0.000050,0.000055
A,ka100_req4,15,xxxxxxxxxxxxxxxx0.000004,0.000000,0.000000,0.000053,0.000059
A,ka100_req5,15,xxxxxxxxxxxxxxxx0.000004,0.000000,0.000000,0.000051,0.000055
A,ka100_req6,15,xxxxxxxxxxxxxxxx0.000003,0.000000,0.000000,0.000054,0.000058
A,ka100_req7,15,xxxxxxxxxxxxxxxx0.000003,0.000000,0.000000,0.000049,0.000063
A,ka100_req8,15,xxxxxxxxxxxxxxxx0.000002,0.000000,0.000000,0.000053,0.000065
A,ka100_req9,15,xxxxxxxxxxxxxxxx0.000002,0.000000,0.000000,0.000053,0.000065
A,ka100_req10,15,xxxxxxxxxxxxxxxx0.000003,0.000000,0.000000,0.000051,0.000064
A,ka100_req11,15,xxxxxxxxxxxxxxxx0.000002,0.000000,0.000000,0.000055,0.000061
A,ka100_req12,15,xxxxxxxxxxxxxxxx0.000002,0.000000,0.000000,0.000060,0.000072
A,ka100_req13,15,xxxxxxxxxxxxxxxx0.000003,0.000000,0.000000,0.000058,0.000071
A,ka100_req14,15,xxxxxxxxxxxxxxxx0.000004,0.000000,0.000000,0.000055,0.000071
A,ka100_req15,15,xxxxxxxxxxxxxxxx0.000003,0.000000,0.000000,0.000047,0.000058
A,ka100_req16,15,xxxxxxxxxxxxxxxx0.000003,0.000000,0.000000,0.000050,0.000062
A,ka100_req17,15,xxxxxxxxxxxxxxxx0.000002,0.000000,0.000000,0.000053,0.000067
A,ka100_req18,15,xxxxxxxxxxxxxxxx0.000002,0.000000,0.000000,0.000071,0.000082
A,ka100_req19,15,xxxxxxxxxxxxxxxx0.000003,0.000000,0.000000,0.000052,0.000063
A,ka100_req20,15,xxxxxxxxxxxxxxxx0.000002,0.000000,0.000000,0.000049,0.000061
A,ka100_req21,15,xxxxxxxxxxxxxxxx0.000003,0.000000,0.000000,0.000048,0.000060
A,ka100_req22,15,xxxxxxxxxxxxxxxx0.000002,0.000000,0.000000,0.000050,0.000062
A,ka100_req23,15,xxxxxxxxxxxxxxxx0.000002,0.000000,0.000000,0.000049,0.000061
A,ka100_req24,15,xxxxxxxxxxxxxxxx0.000002,0.000000,0.000000,0.000047,0.000060
A,ka100_req25,15,xxxxxxxxxxxxxxxx0.000003,0.000000,0.000000,0.000050,0.000063
A,ka100_req26,15,xxxxxxxxxxxxxxxx0.000002,0.000000,0.000000,0.000048,0.000067
A,ka100_req27,15,xxxxxxxxxxxxxxxx0.000003,0.000000,0.000000,0.000061,0.000075
A,ka100_req28,15,xxxxxxxxxxxxxxxx0.000003,0.000000,0.000000,0.000052,0.000062
A,ka100_req29,15,xxxxxxxxxxxxxxxx0.000002,0.000000,0.000000,0.000048,0.000063
A,ka100_req30,15,xxxxxxxxxxxxxxxx0.000002,0.000000,0.000000,0.000048,0.000059
A,ka100_req31,15,xxxxxxxxxxxxxxxx0.000003,0.000000,0.000000,0.000049,0.000060
A,ka100_req32,15,xxxxxxxxxxxxxxxx0.000002,0.000000,0.000000,0.000047,0.000059
A,ka100_req33,15,xxxxxxxxxxxxxxxx0.000002,0.000000,0.000000,0.000050,0.000062
A,ka100_req34,15,xxxxxxxxxxxxxxxx0.000002,0.000000,0.000000,0.000047,0.000059
A,ka100_req35,15,xxxxxxxxxxxxxxxx0.000002,0.000000,0.000000,0.000049,0.000060
A,ka100_req36,15,xxxxxxxxxxxxxxxx0.000002,0.000000,0.000000,0.000055,0.000066
A,ka100_req37,15,xxxxxxxxxxxxxxxx0.000003,0.000000,0.000000,0.000048,0.000061
A,ka100_req38,15,xxxxxxxxxxxxxxxx0.000002,0.000000,0.000000,0.000054,0.000066
A,ka100_req39,15,xxxxxxxxxxxxxxxx0.000002,0.000000,0.000000,0.000052,0.000065
A,ka100_req40,15,xxxxxxxxxxxxxxxx0.000002,0.000000,0.000000,0.000049,0.000061
A,ka100_req41,15,xxxxxxxxxxxxxxxx0.000002,0.000000,0.000000,0.000047,0.000060
A,ka100_req42,15,xxxxxxxxxxxxxxxx0.000002,0.000000,0.000000,0.000047,0.000059
A,ka100_req43,15,xxxxxxxxxxxxxxxx0.000002,0.000000,0.000000,0.000049,0.000062
A,ka100_req44,15,xxxxxxxxxxxxxxxx0.000002,0.000000,0.000000,0.000049,0.000060
A,ka100_req45,15,xxxxxxxxxxxxxxxx0.000002,0.000000,0.000000,0.000048,0.000059
A,ka100_req46,15,xxxxxxxxxxxxxxxx0.000003,0.000000,0.000000,0.000048,0.000059
A,ka100_req47,15,xxxxxxxxxxxxxxxx0.000002,0.000000,0.000000,0.000048,0.000060
A,ka100_req48,15,xxxxxxxxxxxxxxxx0.000002,0.000000,0.000000,0.000053,0.000065
A,ka100_req49,15,xxxxxxxxxxxxxxxx0.000002,0.000000,0.000000,0.000048,0.000060
A,ka100_req50,15,xxxxxxxxxxxxxxxx0.000002,0.000000,0.000000,0.000056,0.000067
A,ka100_req51,15,xxxxxxxxxxxxxxxx0.000002,0.000000,0.000000,0.000048,0.000060
A,ka100_req52,15,xxxxxxxxxxxxxxxx0.000002,0.000000,0.000000,0.000048,0.000060
A,ka100_req53,15,xxxxxxxxxxxxxxxx0.000002,0.000000,0.000000,0.000047,0.000059
A,ka100_req54,15,xxxxxxxxxxxxxxxx0.000002,0.000000,0.000000,0.000048,0.000061
A,ka100_req55,15,xxxxxxxxxxxxxxxx0.000002,0.000000,0.000000,0.000053,0.000064
A,ka100_req56,15,xxxxxxxxxxxxxxxx0.000002,0.000000,0.000000,0.000052,0.000064
A,ka100_req57,15,xxxxxxxxxxxxxxxx0.000002,0.000000,0.000000,0.000051,0.000063
A,ka100_req58,15,xxxxxxxxxxxxxxxx0.000002,0.000000,0.000000,0.000051,0.000063
A,ka100_req59,15,xxxxxxxxxxxxxxxx0.000002,0.000000,0.000000,0.000050,0.000064
A,ka100_req60,15,xxxxxxxxxxxxxxxx0.000002,0.000000,0.000000,0.000051,0.000065
A,ka100_req61,15,xxxxxxxxxxxxxxxx0.000003,0.000000,0.000000,0.000050,0.000063
A,ka100_req62,15,xxxxxxxxxxxxxxxx0.000002,0.000000,0.000000,0.000050,0.000062
A,ka100_req63,15,xxxxxxxxxxxxxxxx0.000002,0.000000,0.000000,0.000049,0.000062
A,ka100_req64,15,xxxxxxxxxxxxxxxx0.000003,0.000000,0.000000,0.000055,0.000067
A,ka100_req65,15,xxxxxxxxxxxxxxxx0.000003,0.000000,0.000000,0.000046,0.000057
A,ka100_req66,15,xxxxxxxxxxxxxxxx0.000003,0.000000,0.000000,0.000047,0.000057
A,ka100_req67,15,xxxxxxxxxxxxxxxx0.000003,0.000000,0.000000,0.000052,0.000064
A,ka100_req68,15,xxxxxxxxxxxxxxxx0.000002,0.000000,0.000000,0.000049,0.000064
A,ka100_req69,15,xxxxxxxxxxxxxxxx0.000002,0.000000,0.000000,0.000054,0.000068
A,ka100_req70,15,xxxxxxxxxxxxxxxx0.000002,0.000000,0.000000,0.000050,0.000062
A,ka100_req71,15,xxxxxxxxxxxxxxxx0.000003,0.000000,0.000000,0.000050,0.000062
A,ka100_req72,15,xxxxxxxxxxxxxxxx0.000002,0.000000,0.000000,0.000049,0.000062
A,ka100_req73,15,xxxxxxxxxxxxxxxx0.000002,0.000000,0.000000,0.000049,0.000063
A,ka100_req74,15,xxxxxxxxxxxxxxxx0.000002,0.000000,0.000000,0.000049,0.000060
A,ka100_req75,15,xxxxxxxxxxxxxxxx0.000003,0.000000,0.000000,0.000048,0.000059
A,ka100_req76,15,xxxxxxxxxxxxxxxx0.000002,0.000000,0.000000,0.000047,0.000060
A,ka100_req77,15,xxxxxxxxxxxxxxxx0.000002,0.000000,0.000000,0.000051,0.000063
A,ka100_req78,15,xxxxxxxxxxxxxxxx0.000003,0.000000,0.000000,0.000049,0.000061
A,ka100_req79,15,xxxxxxxxxxxxxxxx0.000002,0.000000,0.000000,0.000052,0.000065
A,ka100_req80,15,xxxxxxxxxxxxxxxx0.000003,0.000000,0.000000,0.000047,0.000058
A,ka100_req81,15,xxxxxxxxxxxxxxxx0.000002,0.000000,0.000000,0.000048,0.000060
A,ka100_req82,15,xxxxxxxxxxxxxxxx0.000002,0.000000,0.000000,0.000049,0.000060
A,ka100_req83,15,xxxxxxxxxxxxxxxx0.000002,0.000000,0.000000,0.000048,0.000060
A,ka100_req84,15,xxxxxxxxxxxxxxxx0.000002,0.000000,0.000000,0.000048,0.000060
A,ka100_req85,15,xxxxxxxxxxxxxxxx0.000003,0.000000,0.000000,0.000047,0.000059
A,ka100_req86,15,xxxxxxxxxxxxxxxx0.000002,0.000000,0.000000,0.000048,0.000060
A,ka100_req87,15,xxxxxxxxxxxxxxxx0.000002,0.000000,0.000000,0.000047,0.000059
A,ka100_req88,15,xxxxxxxxxxxxxxxx0.000003,0.000000,0.000000,0.000050,0.000061
A,ka100_req89,15,xxxxxxxxxxxxxxxx0.000002,0.000000,0.000000,0.000047,0.000059
A,ka100_req90,15,xxxxxxxxxxxxxxxx0.000002,0.000000,0.000000,0.000051,0.000062
A,ka100_req91,15,xxxxxxxxxxxxxxxx0.000003,0.000000,0.000000,0.000048,0.000060
A,ka100_req92,15,xxxxxxxxxxxxxxxx0.000002,0.000000,0.000000,0.000049,0.000062
A,ka100_req93,15,xxxxxxxxxxxxxxxx0.000002,0.000000,0.000000,0.000047,0.000060
A,ka100_req94,15,xxxxxxxxxxxxxxxx0.000002,0.000000,0.000000,0.000051,0.000065
A,ka100_req95,15,xxxxxxxxxxxxxxxx0.000002,0.000000,0.000000,0.000050,0.000063
A,ka100_req96,15,xxxxxxxxxxxxxxxx0.000002,0.000000,0.000000,0.000052,0.000066
A,ka100_req97,15,xxxxxxxxxxxxxxxx0.000002,0.000000,0.000000,0.000051,0.000064
A,ka100_req98,15,xxxxxxxxxxxxxxxx0.000002,0.000000,0.000000,0.000049,0.000061
A,ka100_req99,15,xxxxxxxxxxxxxxxx0.000002,0.000000,0.000000,0.000049,0.000062
A,ka100_req100,15,xxxxxxxxxxxxxxxx0.000003,0.000000,0.000000,0.000050,0.000062
A,ka100_req1,16,0.000005,0.000075,0.000725,0.000868,0.000896
A,ka100_req2,16,xxxxxxxxxxxxxxxx0.000004,0.000000,0.000000,0.000058,0.000063
A,ka100_req3,16,xxxxxxxxxxxxxxxx0.000003,0.000000,0.000000,0.000054,0.000059
A,ka100_req4,16,xxxxxxxxxxxxxxxx0.000003,0.000000,0.000000,0.000054,0.000061
A,ka100_req5,16,xxxxxxxxxxxxxxxx0.000006,0.000000,0.000000,0.000067,0.000072
A,ka100_req6,16,xxxxxxxxxxxxxxxx0.000003,0.000000,0.000000,0.000064,0.000067
A,ka100_req7,16,xxxxxxxxxxxxxxxx0.000003,0.000000,0.000000,0.000055,0.000069
A,ka100_req8,16,xxxxxxxxxxxxxxxx0.000003,0.000000,0.000000,0.000049,0.000061
A,ka100_req9,16,xxxxxxxxxxxxxxxx0.000002,0.000000,0.000000,0.000056,0.000067
A,ka100_req10,16,xxxxxxxxxxxxxxxx0.000002,0.000000,0.000000,0.000053,0.000065
A,ka100_req11,16,xxxxxxxxxxxxxxxx0.000002,0.000000,0.000000,0.000053,0.000065
A,ka100_req12,16,xxxxxxxxxxxxxxxx0.000002,0.000000,0.000000,0.000052,0.000066
A,ka100_req13,16,xxxxxxxxxxxxxxxx0.000002,0.000000,0.000000,0.000051,0.000064
A,ka100_req14,16,xxxxxxxxxxxxxxxx0.000004,0.000000,0.000000,0.000052,0.000064
A,ka100_req15,16,xxxxxxxxxxxxxxxx0.000002,0.000000,0.000000,0.000062,0.000076
A,ka100_req16,16,xxxxxxxxxxxxxxxx0.000003,0.000000,0.000000,0.000060,0.000072
A,ka100_req17,16,xxxxxxxxxxxxxxxx0.000004,0.000000,0.000000,0.000052,0.000063
A,ka100_req18,16,xxxxxxxxxxxxxxxx0.000003,0.000000,0.000000,0.000049,0.000060
A,ka100_req19,16,xxxxxxxxxxxxxxxx0.000003,0.000000,0.000000,0.000048,0.000059
A,ka100_req20,16,xxxxxxxxxxxxxxxx0.000003,0.000000,0.000000,0.000173,0.000183
A,ka100_req21,16,xxxxxxxxxxxxxxxx0.000004,0.000000,0.000000,0.000056,0.000061
A,ka100_req22,16,xxxxxxxxxxxxxxxx0.000002,0.000000,0.000000,0.000051,0.000064
A,ka100_req23,16,xxxxxxxxxxxxxxxx0.000003,0.000000,0.000000,0.000050,0.000062
A,ka100_req24,16,xxxxxxxxxxxxxxxx0.000002,0.000000,0.000000,0.000047,0.000061
A,ka100_req25,16,xxxxxxxxxxxxxxxx0.000003,0.000000,0.000000,0.000056,0.000069
A,ka100_req26,16,xxxxxxxxxxxxxxxx0.000002,0.000000,0.000000,0.000050,0.000064
A,ka100_req27,16,xxxxxxxxxxxxxxxx0.000003,0.000000,0.000000,0.000072,0.000086
A,ka100_req28,16,xxxxxxxxxxxxxxxx0.000003,0.000000,0.000000,0.000049,0.000061
A,ka100_req29,16,xxxxxxxxxxxxxxxx0.000003,0.000000,0.000000,0.000049,0.000060
A,ka100_req30,16,xxxxxxxxxxxxxxxx0.000003,0.000000,0.000000,0.000052,0.000064
A,ka100_req31,16,xxxxxxxxxxxxxxxx0.000002,0.000000,0.000000,0.000050,0.000062
A,ka100_req32,16,xxxxxxxxxxxxxxxx0.000003,0.000000,0.000000,0.000047,0.000064
A,ka100_req33,16,xxxxxxxxxxxxxxxx0.000002,0.000000,0.000000,0.000053,0.000066
A,ka100_req34,16,xxxxxxxxxxxxxxxx0.000003,0.000000,0.000000,0.000053,0.000064
A,ka100_req35,16,xxxxxxxxxxxxxxxx0.000003,0.000000,0.000000,0.000059,0.000072
A,ka100_req36,16,xxxxxxxxxxxxxxxx0.000003,0.000000,0.000000,0.000054,0.000066
A,ka100_req37,16,xxxxxxxxxxxxxxxx0.000003,0.000000,0.000000,0.000049,0.000060
A,ka100_req38,16,xxxxxxxxxxxxxxxx0.000002,0.000000,0.000000,0.000052,0.000065
A,ka100_req39,16,xxxxxxxxxxxxxxxx0.000002,0.000000,0.000000,0.000050,0.000062
A,ka100_req40,16,xxxxxxxxxxxxxxxx0.000002,0.000000,0.000000,0.000049,0.000061
A,ka100_req41,16,xxxxxxxxxxxxxxxx0.000003,0.000000,0.000000,0.000054,0.000065
A,ka100_req42,16,xxxxxxxxxxxxxxxx0.000003,0.000000,0.000000,0.000049,0.000060
A,ka100_req43,16,xxxxxxxxxxxxxxxx0.000003,0.000000,0.000000,0.000048,0.000058
A,ka100_req44,16,xxxxxxxxxxxxxxxx0.000003,0.000000,0.000000,0.000048,0.000059
A,ka100_req45,16,xxxxxxxxxxxxxxxx0.000002,0.000000,0.000000,0.000050,0.000063
A,ka100_req46,16,xxxxxxxxxxxxxxxx0.000003,0.000000,0.000000,0.000053,0.000065
A,ka100_req47,16,xxxxxxxxxxxxxxxx0.000002,0.000000,0.000000,0.000051,0.000063
A,ka100_req48,16,xxxxxxxxxxxxxxxx0.000003,0.000000,0.000000,0.000051,0.000064
A,ka100_req49,16,xxxxxxxxxxxxxxxx0.000002,0.000000,0.000000,0.000050,0.000062
A,ka100_req50,16,xxxxxxxxxxxxxxxx0.000002,0.000000,0.000000,0.000049,0.000061
A,ka100_req51,16,xxxxxxxxxxxxxxxx0.000002,0.000000,0.000000,0.000049,0.000061
A,ka100_req52,16,xxxxxxxxxxxxxxxx0.000002,0.000000,0.000000,0.000050,0.000062
A,ka100_req53,16,xxxxxxxxxxxxxxxx0.000002,0.000000,0.000000,0.000049,0.000063
A,ka100_req54,16,xxxxxxxxxxxxxxxx0.000002,0.000000,0.000000,0.000048,0.000061
A,ka100_req55,16,xxxxxxxxxxxxxxxx0.000002,0.000000,0.000000,0.000049,0.000062
A,ka100_req56,16,xxxxxxxxxxxxxxxx0.000002,0.000000,0.000000,0.000049,0.000062
A,ka100_req57,16,xxxxxxxxxxxxxxxx0.000002,0.000000,0.000000,0.000048,0.000061
A,ka100_req58,16,xxxxxxxxxxxxxxxx0.000002,0.000000,0.000000,0.000048,0.000061
A,ka100_req59,16,xxxxxxxxxxxxxxxx0.000002,0.000000,0.000000,0.000049,0.000062
A,ka100_req60,16,xxxxxxxxxxxxxxxx0.000003,0.000000,0.000000,0.000048,0.000059
A,ka100_req61,16,xxxxxxxxxxxxxxxx0.000003,0.000000,0.000000,0.000048,0.000058
A,ka100_req62,16,xxxxxxxxxxxxxxxx0.000003,0.000000,0.000000,0.000048,0.000058
A,ka100_req63,16,xxxxxxxxxxxxxxxx0.000003,0.000000,0.000000,0.000047,0.000058
A,ka100_req64,16,xxxxxxxxxxxxxxxx0.000003,0.000000,0.000000,0.000050,0.000063
A,ka100_req65,16,xxxxxxxxxxxxxxxx0.000003,0.000000,0.000000,0.000056,0.000068
A,ka100_req66,16,xxxxxxxxxxxxxxxx0.000003,0.000000,0.000000,0.000048,0.000059
A,ka100_req67,16,xxxxxxxxxxxxxxxx0.000002,0.000000,0.000000,0.000050,0.000062
A,ka100_req68,16,xxxxxxxxxxxxxxxx0.000002,0.000000,0.000000,0.000049,0.000061
A,ka100_req69,16,xxxxxxxxxxxxxxxx0.000002,0.000000,0.000000,0.000049,0.000062
A,ka100_req70,16,xxxxxxxxxxxxxxxx0.000003,0.000000,0.000000,0.000050,0.000062
A,ka100_req71,16,xxxxxxxxxxxxxxxx0.000002,0.000000,0.000000,0.000049,0.000061
A,ka100_req72,16,xxxxxxxxxxxxxxxx0.000002,0.000000,0.000000,0.000049,0.000061
A,ka100_req73,16,xxxxxxxxxxxxxxxx0.000002,0.000000,0.000000,0.000048,0.000061
A,ka100_req74,16,xxxxxxxxxxxxxxxx0.000002,0.000000,0.000000,0.000051,0.000063
A,ka100_req75,16,xxxxxxxxxxxxxxxx0.000002,0.000000,0.000000,0.000049,0.000061
A,ka100_req76,16,xxxxxxxxxxxxxxxx0.000002,0.000000,0.000000,0.000048,0.000061
A,ka100_req77,16,xxxxxxxxxxxxxxxx0.000002,0.000000,0.000000,0.000049,0.000061
A,ka100_req78,16,xxxxxxxxxxxxxxxx0.000002,0.000000,0.000000,0.000049,0.000061
A,ka100_req79,16,xxxxxxxxxxxxxxxx0.000002,0.000000,0.000000,0.000049,0.000061
A,ka100_req80,16,xxxxxxxxxxxxxxxx0.000002,0.000000,0.000000,0.000048,0.000060
A,ka100_req81,16,xxxxxxxxxxxxxxxx0.000003,0.000000,0.000000,0.000053,0.000064
A,ka100_req82,16,xxxxxxxxxxxxxxxx0.000003,0.000000,0.000000,0.000047,0.000057
A,ka100_req83,16,xxxxxxxxxxxxxxxx0.000003,0.000000,0.000000,0.000055,0.000067
A,ka100_req84,16,xxxxxxxxxxxxxxxx0.000002,0.000000,0.000000,0.000050,0.000062
A,ka100_req85,16,xxxxxxxxxxxxxxxx0.000003,0.000000,0.000000,0.000052,0.000064
A,ka100_req86,16,xxxxxxxxxxxxxxxx0.000003,0.000000,0.000000,0.000051,0.000063
A,ka100_req87,16,xxxxxxxxxxxxxxxx0.000003,0.000000,0.000000,0.000050,0.000061
A,ka100_req88,16,xxxxxxxxxxxxxxxx0.000002,0.000000,0.000000,0.000049,0.000061
A,ka100_req89,16,xxxxxxxxxxxxxxxx0.000002,0.000000,0.000000,0.000055,0.000068
A,ka100_req90,16,xxxxxxxxxxxxxxxx0.000003,0.000000,0.000000,0.000049,0.000060
A,ka100_req91,16,xxxxxxxxxxxxxxxx0.000002,0.000000,0.000000,0.000049,0.000060
A,ka100_req92,16,xxxxxxxxxxxxxxxx0.000002,0.000000,0.000000,0.000048,0.000061
A,ka100_req93,16,xxxxxxxxxxxxxxxx0.000002,0.000000,0.000000,0.000048,0.000060
A,ka100_req94,16,xxxxxxxxxxxxxxxx0.000002,0.000000,0.000000,0.000048,0.000060
A,ka100_req95,16,xxxxxxxxxxxxxxxx0.000002,0.000000,0.000000,0.000049,0.000061
A,ka100_req96,16,xxxxxxxxxxxxxxxx0.000002,0.000000,0.000000,0.000048,0.000060
A,ka100_req97,16,xxxxxxxxxxxxxxxx0.000002,0.000000,0.000000,0.000048,0.000060
A,ka100_req98,16,xxxxxxxxxxxxxxxx0.000002,0.000000,0.000000,0.000048,0.000059
A,ka100_req99,16,xxxxxxxxxxxxxxxx0.000003,0.000000,0.000000,0.000054,0.000069
A,ka100_req100,16,xxxxxxxxxxxxxxxx0.000002,0.000000,0.000000,0.000053,0.000067
A,ka100_req1,17,0.000004,0.000074,0.000695,0.000825,0.000846
A,ka100_req2,17,xxxxxxxxxxxxxxxx0.000002,0.000000,0.000000,0.000062,0.000067
A,ka100_req3,17,xxxxxxxxxxxxxxxx0.000003,0.000000,0.000000,0.000058,0.000062
A,ka100_req4,17,xxxxxxxxxxxxxxxx0.000003,0.000000,0.000000,0.000056,0.000062
A,ka100_req5,17,xxxxxxxxxxxxxxxx0.000004,0.000000,0.000000,0.000054,0.000058
A,ka100_req6,17,xxxxxxxxxxxxxxxx0.000003,0.000000,0.000000,0.000056,0.000060
A,ka100_req7,17,xxxxxxxxxxxxxxxx0.000003,0.000000,0.000000,0.000052,0.000066
A,ka100_req8,17,xxxxxxxxxxxxxxxx0.000003,0.000000,0.000000,0.000060,0.000072
A,ka100_req9,17,xxxxxxxxxxxxxxxx0.000003,0.000000,0.000000,0.000063,0.000075
A,ka100_req10,17,xxxxxxxxxxxxxxxx0.000003,0.000000,0.000000,0.000052,0.000063
A,ka100_req11,17,xxxxxxxxxxxxxxxx0.000002,0.000000,0.000000,0.000056,0.000067
A,ka100_req12,17,xxxxxxxxxxxxxxxx0.000002,0.000000,0.000000,0.000053,0.000066
A,ka100_req13,17,xxxxxxxxxxxxxxxx0.000002,0.000000,0.000000,0.000052,0.000064
A,ka100_req14,17,xxxxxxxxxxxxxxxx0.000004,0.000000,0.000000,0.000053,0.000065
A,ka100_req15,17,xxxxxxxxxxxxxxxx0.000002,0.000000,0.000000,0.000052,0.000065
A,ka100_req16,17,xxxxxxxxxxxxxxxx0.000002,0.000000,0.000000,0.000051,0.000063
A,ka100_req17,17,xxxxxxxxxxxxxxxx0.000002,0.000000,0.000000,0.000049,0.000061
A,ka100_req18,17,xxxxxxxxxxxxxxxx0.000002,0.000000,0.000000,0.000049,0.000061
A,ka100_req19,17,xxxxxxxxxxxxxxxx0.000002,0.000000,0.000000,0.000050,0.000064
A,ka100_req20,17,xxxxxxxxxxxxxxxx0.000002,0.000000,0.000000,0.000049,0.000061
A,ka100_req21,17,xxxxxxxxxxxxxxxx0.000002,0.000000,0.000000,0.000049,0.000061
A,ka100_req22,17,xxxxxxxxxxxxxxxx0.000002,0.000000,0.000000,0.000050,0.000062
A,ka100_req23,17,xxxxxxxxxxxxxxxx0.000002,0.000000,0.000000,0.000049,0.000062
A,ka100_req24,17,xxxxxxxxxxxxxxxx0.000002,0.000000,0.000000,0.000051,0.000065
A,ka100_req25,17,xxxxxxxxxxxxxxxx0.000002,0.000000,0.000000,0.000050,0.000062
A,ka100_req26,17,xxxxxxxxxxxxxxxx0.000002,0.000000,0.000000,0.000050,0.000064
A,ka100_req27,17,xxxxxxxxxxxxxxxx0.000002,0.000000,0.000000,0.000052,0.000064
A,ka100_req28,17,xxxxxxxxxxxxxxxx0.000002,0.000000,0.000000,0.000057,0.000068
A,ka100_req29,17,xxxxxxxxxxxxxxxx0.000003,0.000000,0.000000,0.000049,0.000061
A,ka100_req30,17,xxxxxxxxxxxxxxxx0.000002,0.000000,0.000000,0.000065,0.000079
A,ka100_req31,17,xxxxxxxxxxxxxxxx0.000003,0.000000,0.000000,0.000066,0.000083
A,ka100_req32,17,xxxxxxxxxxxxxxxx0.000002,0.000000,0.000000,0.000059,0.000073
A,ka100_req33,17,xxxxxxxxxxxxxxxx0.000003,0.000000,0.000000,0.000056,0.000068
A,ka100_req34,17,xxxxxxxxxxxxxxxx0.000002,0.000000,0.000000,0.000047,0.000055
A,ka100_req35,17,xxxxxxxxxxxxxxxx0.000003,0.000000,0.000000,0.000049,0.000062
A,ka100_req36,17,xxxxxxxxxxxxxxxx0.000003,0.000000,0.000000,0.000064,0.000075
A,ka100_req37,17,xxxxxxxxxxxxxxxx0.000003,0.000000,0.000000,0.000053,0.000065
A,ka100_req38,17,xxxxxxxxxxxxxxxx0.000003,0.000000,0.000000,0.000053,0.000064
A,ka100_req39,17,xxxxxxxxxxxxxxxx0.000003,0.000000,0.000000,0.000051,0.000063
A,ka100_req40,17,xxxxxxxxxxxxxxxx0.000002,0.000000,0.000000,0.000051,0.000063
A,ka100_req41,17,xxxxxxxxxxxxxxxx0.000002,0.000000,0.000000,0.000051,0.000063
A,ka100_req42,17,xxxxxxxxxxxxxxxx0.000003,0.000000,0.000000,0.000051,0.000063
A,ka100_req43,17,xxxxxxxxxxxxxxxx0.000002,0.000000,0.000000,0.000050,0.000062
A,ka100_req44,17,xxxxxxxxxxxxxxxx0.000002,0.000000,0.000000,0.000050,0.000062
A,ka100_req45,17,xxxxxxxxxxxxxxxx0.000002,0.000000,0.000000,0.000049,0.000061
A,ka100_req46,17,xxxxxxxxxxxxxxxx0.000002,0.000000,0.000000,0.000050,0.000062
A,ka100_req47,17,xxxxxxxxxxxxxxxx0.000002,0.000000,0.000000,0.000050,0.000062
A,ka100_req48,17,xxxxxxxxxxxxxxxx0.000002,0.000000,0.000000,0.000050,0.000065
A,ka100_req49,17,xxxxxxxxxxxxxxxx0.000002,0.000000,0.000000,0.000051,0.000065
A,ka100_req50,17,xxxxxxxxxxxxxxxx0.000003,0.000000,0.000000,0.000049,0.000059
A,ka100_req51,17,xxxxxxxxxxxxxxxx0.000002,0.000000,0.000000,0.000049,0.000062
A,ka100_req52,17,xxxxxxxxxxxxxxxx0.000002,0.000000,0.000000,0.000049,0.000061
A,ka100_req53,17,xxxxxxxxxxxxxxxx0.000002,0.000000,0.000000,0.000049,0.000061
A,ka100_req54,17,xxxxxxxxxxxxxxxx0.000002,0.000000,0.000000,0.000049,0.000062
A,ka100_req55,17,xxxxxxxxxxxxxxxx0.000002,0.000000,0.000000,0.000052,0.000064
A,ka100_req56,17,xxxxxxxxxxxxxxxx0.000002,0.000000,0.000000,0.000049,0.000061
A,ka100_req57,17,xxxxxxxxxxxxxxxx0.000002,0.000000,0.000000,0.000050,0.000062
A,ka100_req58,17,xxxxxxxxxxxxxxxx0.000002,0.000000,0.000000,0.000049,0.000063
A,ka100_req59,17,xxxxxxxxxxxxxxxx0.000002,0.000000,0.000000,0.000054,0.000066
A,ka100_req60,17,xxxxxxxxxxxxxxxx0.000002,0.000000,0.000000,0.000049,0.000061
A,ka100_req61,17,xxxxxxxxxxxxxxxx0.000003,0.000000,0.000000,0.000049,0.000061
A,ka100_req62,17,xxxxxxxxxxxxxxxx0.000002,0.000000,0.000000,0.000056,0.000067
A,ka100_req63,17,xxxxxxxxxxxxxxxx0.000002,0.000000,0.000000,0.000050,0.000062
A,ka100_req64,17,xxxxxxxxxxxxxxxx0.000002,0.000000,0.000000,0.000051,0.000063
A,ka100_req65,17,xxxxxxxxxxxxxxxx0.000003,0.000000,0.000000,0.000051,0.000063
A,ka100_req66,17,xxxxxxxxxxxxxxxx0.000002,0.000000,0.000000,0.000055,0.000068
A,ka100_req67,17,xxxxxxxxxxxxxxxx0.000003,0.000000,0.000000,0.000049,0.000060
A,ka100_req68,17,xxxxxxxxxxxxxxxx0.000002,0.000000,0.000000,0.000049,0.000062
A,ka100_req69,17,xxxxxxxxxxxxxxxx0.000002,0.000000,0.000000,0.000048,0.000061
A,ka100_req70,17,xxxxxxxxxxxxxxxx0.000002,0.000000,0.000000,0.000048,0.000060
A,ka100_req71,17,xxxxxxxxxxxxxxxx0.000002,0.000000,0.000000,0.000048,0.000061
A,ka100_req72,17,xxxxxxxxxxxxxxxx0.000002,0.000000,0.000000,0.000052,0.000064
A,ka100_req73,17,xxxxxxxxxxxxxxxx0.000002,0.000000,0.000000,0.000054,0.000062
A,ka100_req74,17,xxxxxxxxxxxxxxxx0.000002,0.000000,0.000000,0.000049,0.000059
A,ka100_req75,17,xxxxxxxxxxxxxxxx0.000003,0.000000,0.000000,0.000052,0.000066
A,ka100_req76,17,xxxxxxxxxxxxxxxx0.000002,0.000000,0.000000,0.000057,0.000064
A,ka100_req77,17,xxxxxxxxxxxxxxxx0.000002,0.000000,0.000000,0.000054,0.000066
A,ka100_req78,17,xxxxxxxxxxxxxxxx0.000003,0.000000,0.000000,0.000049,0.000061
A,ka100_req79,17,xxxxxxxxxxxxxxxx0.000002,0.000000,0.000000,0.000048,0.000061
A,ka100_req80,17,xxxxxxxxxxxxxxxx0.000002,0.000000,0.000000,0.000052,0.000071
A,ka100_req81,17,xxxxxxxxxxxxxxxx0.000003,0.000000,0.000000,0.000054,0.000064
A,ka100_req82,17,xxxxxxxxxxxxxxxx0.000003,0.000000,0.000000,0.000048,0.000059
A,ka100_req83,17,xxxxxxxxxxxxxxxx0.000003,0.000000,0.000000,0.000048,0.000059
A,ka100_req84,17,xxxxxxxxxxxxxxxx0.000002,0.000000,0.000000,0.000049,0.000061
A,ka100_req85,17,xxxxxxxxxxxxxxxx0.000002,0.000000,0.000000,0.000049,0.000061
A,ka100_req86,17,xxxxxxxxxxxxxxxx0.000002,0.000000,0.000000,0.000048,0.000062
A,ka100_req87,17,xxxxxxxxxxxxxxxx0.000002,0.000000,0.000000,0.000049,0.000062
A,ka100_req88,17,xxxxxxxxxxxxxxxx0.000002,0.000000,0.000000,0.000049,0.000061
A,ka100_req89,17,xxxxxxxxxxxxxxxx0.000002,0.000000,0.000000,0.000048,0.000061
A,ka100_req90,17,xxxxxxxxxxxxxxxx0.000003,0.000000,0.000000,0.000053,0.000066
A,ka100_req91,17,xxxxxxxxxxxxxxxx0.000002,0.000000,0.000000,0.000049,0.000061
A,ka100_req92,17,xxxxxxxxxxxxxxxx0.000003,0.000000,0.000000,0.000052,0.000063
A,ka100_req93,17,xxxxxxxxxxxxxxxx0.000003,0.000000,0.000000,0.000048,0.000059
A,ka100_req94,17,xxxxxxxxxxxxxxxx0.000002,0.000000,0.000000,0.000048,0.000061
A,ka100_req95,17,xxxxxxxxxxxxxxxx0.000002,0.000000,0.000000,0.000049,0.000061
A,ka100_req96,17,xxxxxxxxxxxxxxxx0.000002,0.000000,0.000000,0.000048,0.000061
A,ka100_req97,17,xxxxxxxxxxxxxxxx0.000002,0.000000,0.000000,0.000048,0.000061
A,ka100_req98,17,xxxxxxxxxxxxxxxx0.000002,0.000000,0.000000,0.000048,0.000061
A,ka100_req99,17,xxxxxxxxxxxxxxxx0.000002,0.000000,0.000000,0.000048,0.000060
A,ka100_req100,17,xxxxxxxxxxxxxxxx0.000002,0.000000,0.000000,0.000051,0.000063
A,ka100_req1,18,0.000004,0.000074,0.000702,0.000841,0.000869
A,ka100_req2,18,xxxxxxxxxxxxxxxx0.000005,0.000000,0.000000,0.000074,0.000078
A,ka100_req3,18,xxxxxxxxxxxxxxxx0.000003,0.000000,0.000000,0.000059,0.000065
A,ka100_req4,18,xxxxxxxxxxxxxxxx0.000003,0.000000,0.000000,0.000055,0.000059
A,ka100_req5,18,xxxxxxxxxxxxxxxx0.000004,0.000000,0.000000,0.000053,0.000058
A,ka100_req6,18,xxxxxxxxxxxxxxxx0.000003,0.000000,0.000000,0.000055,0.000059
A,ka100_req7,18,xxxxxxxxxxxxxxxx0.000004,0.000000,0.000000,0.000051,0.000064
A,ka100_req8,18,xxxxxxxxxxxxxxxx0.000004,0.000000,0.000000,0.000060,0.000074
A,ka100_req9,18,xxxxxxxxxxxxxxxx0.000003,0.000000,0.000000,0.000056,0.000068
A,ka100_req10,18,xxxxxxxxxxxxxxxx0.000002,0.000000,0.000000,0.000050,0.000063
A,ka100_req11,18,xxxxxxxxxxxxxxxx0.000002,0.000000,0.000000,0.000053,0.000066
A,ka100_req12,18,xxxxxxxxxxxxxxxx0.000002,0.000000,0.000000,0.000054,0.000066
A,ka100_req13,18,xxxxxxxxxxxxxxxx0.000002,0.000000,0.000000,0.000051,0.000063
A,ka100_req14,18,xxxxxxxxxxxxxxxx0.000004,0.000000,0.000000,0.000048,0.000060
A,ka100_req15,18,xxxxxxxxxxxxxxxx0.000003,0.000000,0.000000,0.000049,0.000061
A,ka100_req16,18,xxxxxxxxxxxxxxxx0.000003,0.000000,0.000000,0.000049,0.000061
A,ka100_req17,18,xxxxxxxxxxxxxxxx0.000002,0.000000,0.000000,0.000045,0.000057
A,ka100_req18,18,xxxxxxxxxxxxxxxx0.000003,0.000000,0.000000,0.000059,0.000072
A,ka100_req19,18,xxxxxxxxxxxxxxxx0.000003,0.000000,0.000000,0.000048,0.000061
A,ka100_req20,18,xxxxxxxxxxxxxxxx0.000004,0.000000,0.000000,0.000048,0.000060
A,ka100_req21,18,xxxxxxxxxxxxxxxx0.000002,0.000000,0.000000,0.000046,0.000053
A,ka100_req22,18,xxxxxxxxxxxxxxxx0.000002,0.000000,0.000000,0.000046,0.000058
A,ka100_req23,18,xxxxxxxxxxxxxxxx0.000002,0.000000,0.000000,0.000055,0.000071
A,ka100_req24,18,xxxxxxxxxxxxxxxx0.000003,0.000000,0.000000,0.000049,0.000061
A,ka100_req25,18,xxxxxxxxxxxxxxxx0.000002,0.000000,0.000000,0.000048,0.000060
A,ka100_req26,18,xxxxxxxxxxxxxxxx0.000003,0.000000,0.000000,0.000044,0.000056
A,ka100_req27,18,xxxxxxxxxxxxxxxx0.000002,0.000000,0.000000,0.000049,0.000055
A,ka100_req28,18,xxxxxxxxxxxxxxxx0.000003,0.000000,0.000000,0.000045,0.000057
A,ka100_req29,18,xxxxxxxxxxxxxxxx0.000003,0.000000,0.000000,0.000050,0.000062
A,ka100_req30,18,xxxxxxxxxxxxxxxx0.000002,0.000000,0.000000,0.000045,0.000057
A,ka100_req31,18,xxxxxxxxxxxxxxxx0.000002,0.000000,0.000000,0.000045,0.000057
A,ka100_req32,18,xxxxxxxxxxxxxxxx0.000002,0.000000,0.000000,0.000044,0.000056
A,ka100_req33,18,xxxxxxxxxxxxxxxx0.000003,0.000000,0.000000,0.000044,0.000056
A,ka100_req34,18,xxxxxxxxxxxxxxxx0.000002,0.000000,0.000000,0.000044,0.000057
A,ka100_req35,18,xxxxxxxxxxxxxxxx0.000002,0.000000,0.000000,0.000057,0.000070
A,ka100_req36,18,xxxxxxxxxxxxxxxx0.000003,0.000000,0.000000,0.000045,0.000058
A,ka100_req37,18,xxxxxxxxxxxxxxxx0.000003,0.000000,0.000000,0.000050,0.000062
A,ka100_req38,18,xxxxxxxxxxxxxxxx0.000003,0.000000,0.000000,0.000046,0.000057
A,ka100_req39,18,xxxxxxxxxxxxxxxx0.000003,0.000000,0.000000,0.000044,0.000056
A,ka100_req40,18,xxxxxxxxxxxxxxxx0.000004,0.000000,0.000000,0.000046,0.000055
A,ka100_req41,18,xxxxxxxxxxxxxxxx0.000003,0.000000,0.000000,0.000061,0.000071
A,ka100_req42,18,xxxxxxxxxxxxxxxx0.000002,0.000000,0.000000,0.000065,0.000076
A,ka100_req43,18,xxxxxxxxxxxxxxxx0.000002,0.000000,0.000000,0.000051,0.000062
A,ka100_req44,18,xxxxxxxxxxxxxxxx0.000002,0.000000,0.000000,0.000044,0.000058
A,ka100_req45,18,xxxxxxxxxxxxxxxx0.000003,0.000000,0.000000,0.000051,0.000064
A,ka100_req46,18,xxxxxxxxxxxxxxxx0.000002,0.000000,0.000000,0.000043,0.000056
A,ka100_req47,18,xxxxxxxxxxxxxxxx0.000003,0.000000,0.000000,0.000045,0.000057
A,ka100_req48,18,xxxxxxxxxxxxxxxx0.000002,0.000000,0.000000,0.000043,0.000054
A,ka100_req49,18,xxxxxxxxxxxxxxxx0.000003,0.000000,0.000000,0.000045,0.000063
A,ka100_req50,18,xxxxxxxxxxxxxxxx0.000002,0.000000,0.000000,0.000051,0.000063
A,ka100_req51,18,xxxxxxxxxxxxxxxx0.000003,0.000000,0.000000,0.000064,0.000085
A,ka100_req52,18,xxxxxxxxxxxxxxxx0.000004,0.000000,0.000000,0.000065,0.000079
A,ka100_req53,18,xxxxxxxxxxxxxxxx0.000002,0.000000,0.000000,0.000085,0.000097
A,ka100_req54,18,xxxxxxxxxxxxxxxx0.000004,0.000000,0.000000,0.000061,0.000072
A,ka100_req55,18,xxxxxxxxxxxxxxxx0.000003,0.000000,0.000000,0.000062,0.000075
A,ka100_req56,18,xxxxxxxxxxxxxxxx0.000029,0.000000,0.000000,0.000090,0.000104
A,ka100_req57,18,xxxxxxxxxxxxxxxx0.000003,0.000000,0.000000,0.000057,0.000064
A,ka100_req58,18,xxxxxxxxxxxxxxxx0.000003,0.000000,0.000000,0.000050,0.000063
A,ka100_req59,18,xxxxxxxxxxxxxxxx0.000004,0.000000,0.000000,0.000056,0.000068
A,ka100_req60,18,xxxxxxxxxxxxxxxx0.000002,0.000000,0.000000,0.000046,0.000059
A,ka100_req61,18,xxxxxxxxxxxxxxxx0.000003,0.000000,0.000000,0.000048,0.000062
A,ka100_req62,18,xxxxxxxxxxxxxxxx0.000003,0.000000,0.000000,0.000055,0.000066
A,ka100_req63,18,xxxxxxxxxxxxxxxx0.000002,0.000000,0.000000,0.000044,0.000056
A,ka100_req64,18,xxxxxxxxxxxxxxxx0.000003,0.000000,0.000000,0.000050,0.000062
A,ka100_req65,18,xxxxxxxxxxxxxxxx0.000002,0.000000,0.000000,0.000057,0.000068
A,ka100_req66,18,xxxxxxxxxxxxxxxx0.000002,0.000000,0.000000,0.000051,0.000062
A,ka100_req67,18,xxxxxxxxxxxxxxxx0.000002,0.000000,0.000000,0.000050,0.000061
A,ka100_req68,18,xxxxxxxxxxxxxxxx0.000002,0.000000,0.000000,0.000049,0.000061
A,ka100_req69,18,xxxxxxxxxxxxxxxx0.000002,0.000000,0.000000,0.000049,0.000062
A,ka100_req70,18,xxxxxxxxxxxxxxxx0.000003,0.000000,0.000000,0.000056,0.000067
A,ka100_req71,18,xxxxxxxxxxxxxxxx0.000002,0.000000,0.000000,0.000057,0.000068
A,ka100_req72,18,xxxxxxxxxxxxxxxx0.000003,0.000000,0.000000,0.000049,0.000060
A,ka100_req73,18,xxxxxxxxxxxxxxxx0.000003,0.000000,0.000000,0.000050,0.000061
A,ka100_req74,18,xxxxxxxxxxxxxxxx0.000002,0.000000,0.000000,0.000048,0.000060
A,ka100_req75,18,xxxxxxxxxxxxxxxx0.000002,0.000000,0.000000,0.000049,0.000062
A,ka100_req76,18,xxxxxxxxxxxxxxxx0.000002,0.000000,0.000000,0.000049,0.000062
A,ka100_req77,18,xxxxxxxxxxxxxxxx0.000002,0.000000,0.000000,0.000045,0.000057
A,ka100_req78,18,xxxxxxxxxxxxxxxx0.000003,0.000000,0.000000,0.000048,0.000058
A,ka100_req79,18,xxxxxxxxxxxxxxxx0.000002,0.000000,0.000000,0.000049,0.000060
A,ka100_req80,18,xxxxxxxxxxxxxxxx0.000002,0.000000,0.000000,0.000050,0.000062
A,ka100_req81,18,xxxxxxxxxxxxxxxx0.000002,0.000000,0.000000,0.000048,0.000061
A,ka100_req82,18,xxxxxxxxxxxxxxxx0.000002,0.000000,0.000000,0.000048,0.000060
A,ka100_req83,18,xxxxxxxxxxxxxxxx0.000002,0.000000,0.000000,0.000048,0.000061
A,ka100_req84,18,xxxxxxxxxxxxxxxx0.000002,0.000000,0.000000,0.000051,0.000066
A,ka100_req85,18,xxxxxxxxxxxxxxxx0.000003,0.000000,0.000000,0.000053,0.000067
A,ka100_req86,18,xxxxxxxxxxxxxxxx0.000003,0.000000,0.000000,0.000054,0.000069
A,ka100_req87,18,xxxxxxxxxxxxxxxx0.000003,0.000000,0.000000,0.000052,0.000063
A,ka100_req88,18,xxxxxxxxxxxxxxxx0.000003,0.000000,0.000000,0.000053,0.000065
A,ka100_req89,18,xxxxxxxxxxxxxxxx0.000003,0.000000,0.000000,0.000048,0.000059
A,ka100_req90,18,xxxxxxxxxxxxxxxx0.000002,0.000000,0.000000,0.000048,0.000060
A,ka100_req91,18,xxxxxxxxxxxxxxxx0.000003,0.000000,0.000000,0.000049,0.000061
A,ka100_req92,18,xxxxxxxxxxxxxxxx0.000002,0.000000,0.000000,0.000047,0.000060
A,ka100_req93,18,xxxxxxxxxxxxxxxx0.000002,0.000000,0.000000,0.000049,0.000060
A,ka100_req94,18,xxxxxxxxxxxxxxxx0.000002,0.000000,0.000000,0.000047,0.000059
A,ka100_req95,18,xxxxxxxxxxxxxxxx0.000002,0.000000,0.000000,0.000047,0.000059
A,ka100_req96,18,xxxxxxxxxxxxxxxx0.000002,0.000000,0.000000,0.000048,0.000060
A,ka100_req97,18,xxxxxxxxxxxxxxxx0.000002,0.000000,0.000000,0.000047,0.000061
A,ka100_req98,18,xxxxxxxxxxxxxxxx0.000002,0.000000,0.000000,0.000048,0.000060
A,ka100_req99,18,xxxxxxxxxxxxxxxx0.000002,0.000000,0.000000,0.000047,0.000059
A,ka100_req100,18,xxxxxxxxxxxxxxxx0.000002,0.000000,0.000000,0.000047,0.000059
A,ka100_req1,19,0.000004,0.000081,0.000748,0.000883,0.000910
A,ka100_req2,19,xxxxxxxxxxxxxxxx0.000003,0.000000,0.000000,0.000053,0.000057
A,ka100_req3,19,xxxxxxxxxxxxxxxx0.000003,0.000000,0.000000,0.000055,0.000059
A,ka100_req4,19,xxxxxxxxxxxxxxxx0.000002,0.000000,0.000000,0.000052,0.000058
A,ka100_req5,19,xxxxxxxxxxxxxxxx0.000004,0.000000,0.000000,0.000054,0.000058
A,ka100_req6,19,xxxxxxxxxxxxxxxx0.000002,0.000000,0.000000,0.000057,0.000064
A,ka100_req7,19,xxxxxxxxxxxxxxxx0.000005,0.000000,0.000000,0.000073,0.000085
A,ka100_req8,19,xxxxxxxxxxxxxxxx0.000002,0.000000,0.000000,0.000063,0.000078
A,ka100_req9,19,xxxxxxxxxxxxxxxx0.000003,0.000000,0.000000,0.000060,0.000074
A,ka100_req10,19,xxxxxxxxxxxxxxxx0.000004,0.000000,0.000000,0.000065,0.000076
A,ka100_req11,19,xxxxxxxxxxxxxxxx0.000003,0.000000,0.000000,0.000054,0.000067
A,ka100_req12,19,xxxxxxxxxxxxxxxx0.000003,0.000000,0.000000,0.000046,0.000059
A,ka100_req13,19,xxxxxxxxxxxxxxxx0.000003,0.000000,0.000000,0.000050,0.000062
A,ka100_req14,19,xxxxxxxxxxxxxxxx0.000005,0.000000,0.000000,0.000049,0.000059
A,ka100_req15,19,xxxxxxxxxxxxxxxx0.000004,0.000000,0.000000,0.000051,0.000062
A,ka100_req16,19,xxxxxxxxxxxxxxxx0.000002,0.000000,0.000000,0.000051,0.000062
A,ka100_req17,19,xxxxxxxxxxxxxxxx0.000002,0.000000,0.000000,0.000052,0.000064
A,ka100_req18,19,xxxxxxxxxxxxxxxx0.000002,0.000000,0.000000,0.000051,0.000064
A,ka100_req19,19,xxxxxxxxxxxxxxxx0.000002,0.000000,0.000000,0.000050,0.000062
A,ka100_req20,19,xxxxxxxxxxxxxxxx0.000002,0.000000,0.000000,0.000052,0.000064
A,ka100_req21,19,xxxxxxxxxxxxxxxx0.000002,0.000000,0.000000,0.000050,0.000062
A,ka100_req22,19,xxxxxxxxxxxxxxxx0.000003,0.000000,0.000000,0.000050,0.000061
A,ka100_req23,19,xxxxxxxxxxxxxxxx0.000002,0.000000,0.000000,0.000048,0.000061
A,ka100_req24,19,xxxxxxxxxxxxxxxx0.000002,0.000000,0.000000,0.000048,0.000060
A,ka100_req25,19,xxxxxxxxxxxxxxxx0.000002,0.000000,0.000000,0.000048,0.000060
A,ka100_req26,19,xxxxxxxxxxxxxxxx0.000002,0.000000,0.000000,0.000048,0.000060
A,ka100_req27,19,xxxxxxxxxxxxxxxx0.000002,0.000000,0.000000,0.000048,0.000059
A,ka100_req28,19,xxxxxxxxxxxxxxxx0.000002,0.000000,0.000000,0.000048,0.000060
A,ka100_req29,19,xxxxxxxxxxxxxxxx0.000002,0.000000,0.000000,0.000048,0.000059
A,ka100_req30,19,xxxxxxxxxxxxxxxx0.000003,0.000000,0.000000,0.000048,0.000062
A,ka100_req31,19,xxxxxxxxxxxxxxxx0.000003,0.000000,0.000000,0.000046,0.000058
A,ka100_req32,19,xxxxxxxxxxxxxxxx0.000003,0.000000,0.000000,0.000050,0.000060
A,ka100_req33,19,xxxxxxxxxxxxxxxx0.000002,0.000000,0.000000,0.000047,0.000059
A,ka100_req34,19,xxxxxxxxxxxxxxxx0.000002,0.000000,0.000000,0.000048,0.000060
A,ka100_req35,19,xxxxxxxxxxxxxxxx0.000002,0.000000,0.000000,0.000052,0.000064
A,ka100_req36,19,xxxxxxxxxxxxxxxx0.000003,0.000000,0.000000,0.000048,0.000058
A,ka100_req37,19,xxxxxxxxxxxxxxxx0.000002,0.000000,0.000000,0.000050,0.000056
A,ka100_req38,19,xxxxxxxxxxxxxxxx0.000003,0.000000,0.000000,0.000057,0.000070
A,ka100_req39,19,xxxxxxxxxxxxxxxx0.000003,0.000000,0.000000,0.000052,0.000064
A,ka100_req40,19,xxxxxxxxxxxxxxxx0.000004,0.000000,0.000000,0.000057,0.000070
A,ka100_req41,19,xxxxxxxxxxxxxxxx0.000003,0.000000,0.000000,0.000055,0.000067
A,ka100_req42,19,xxxxxxxxxxxxxxxx0.000003,0.000000,0.000000,0.000052,0.000064
A,ka100_req43,19,xxxxxxxxxxxxxxxx0.000003,0.000000,0.000000,0.000053,0.000065
A,ka100_req44,19,xxxxxxxxxxxxxxxx0.000002,0.000000,0.000000,0.000046,0.000057
A,ka100_req45,19,xxxxxxxxxxxxxxxx0.000003,0.000000,0.000000,0.000050,0.000063
A,ka100_req46,19,xxxxxxxxxxxxxxxx0.000002,0.000000,0.000000,0.000049,0.000060
A,ka100_req47,19,xxxxxxxxxxxxxxxx0.000003,0.000000,0.000000,0.000047,0.000058
A,ka100_req48,19,xxxxxxxxxxxxxxxx0.000003,0.000000,0.000000,0.000052,0.000064
A,ka100_req49,19,xxxxxxxxxxxxxxxx0.000002,0.000000,0.000000,0.000049,0.000060
A,ka100_req50,19,xxxxxxxxxxxxxxxx0.000002,0.000000,0.000000,0.000048,0.000060
A,ka100_req51,19,xxxxxxxxxxxxxxxx0.000002,0.000000,0.000000,0.000047,0.000059
A,ka100_req52,19,xxxxxxxxxxxxxxxx0.000002,0.000000,0.000000,0.000048,0.000059
A,ka100_req53,19,xxxxxxxxxxxxxxxx0.000003,0.000000,0.000000,0.000048,0.000060
A,ka100_req54,19,xxxxxxxxxxxxxxxx0.000002,0.000000,0.000000,0.000048,0.000060
A,ka100_req55,19,xxxxxxxxxxxxxxxx0.000002,0.000000,0.000000,0.000048,0.000061
A,ka100_req56,19,xxxxxxxxxxxxxxxx0.000002,0.000000,0.000000,0.000047,0.000059
A,ka100_req57,19,xxxxxxxxxxxxxxxx0.000003,0.000000,0.000000,0.000052,0.000064
A,ka100_req58,19,xxxxxxxxxxxxxxxx0.000003,0.000000,0.000000,0.000059,0.000070
A,ka100_req59,19,xxxxxxxxxxxxxxxx0.000003,0.000000,0.000000,0.000044,0.000055
A,ka100_req60,19,xxxxxxxxxxxxxxxx0.000003,0.000000,0.000000,0.000048,0.000060
A,ka100_req61,19,xxxxxxxxxxxxxxxx0.000002,0.000000,0.000000,0.000055,0.000066
A,ka100_req62,19,xxxxxxxxxxxxxxxx0.000003,0.000000,0.000000,0.000046,0.000056
A,ka100_req63,19,xxxxxxxxxxxxxxxx0.000002,0.000000,0.000000,0.000047,0.000060
A,ka100_req64,19,xxxxxxxxxxxxxxxx0.000002,0.000000,0.000000,0.000048,0.000060
A,ka100_req65,19,xxxxxxxxxxxxxxxx0.000002,0.000000,0.000000,0.000048,0.000059
A,ka100_req66,19,xxxxxxxxxxxxxxxx0.000002,0.000000,0.000000,0.000048,0.000060
A,ka100_req67,19,xxxxxxxxxxxxxxxx0.000003,0.000000,0.000000,0.000055,0.000066
A,ka100_req68,19,xxxxxxxxxxxxxxxx0.000002,0.000000,0.000000,0.000050,0.000061
A,ka100_req69,19,xxxxxxxxxxxxxxxx0.000002,0.000000,0.000000,0.000049,0.000061
A,ka100_req70,19,xxxxxxxxxxxxxxxx0.000003,0.000000,0.000000,0.000048,0.000059
A,ka100_req71,19,xxxxxxxxxxxxxxxx0.000002,0.000000,0.000000,0.000048,0.000060
A,ka100_req72,19,xxxxxxxxxxxxxxxx0.000003,0.000000,0.000000,0.000048,0.000060
A,ka100_req73,19,xxxxxxxxxxxxxxxx0.000002,0.000000,0.000000,0.000047,0.000059
A,ka100_req74,19,xxxxxxxxxxxxxxxx0.000002,0.000000,0.000000,0.000048,0.000060
A,ka100_req75,19,xxxxxxxxxxxxxxxx0.000002,0.000000,0.000000,0.000049,0.000062
A,ka100_req76,19,xxxxxxxxxxxxxxxx0.000002,0.000000,0.000000,0.000048,0.000059
A,ka100_req77,19,xxxxxxxxxxxxxxxx0.000003,0.000000,0.000000,0.000090,0.000102
A,ka100_req78,19,xxxxxxxxxxxxxxxx0.000003,0.000000,0.000000,0.000047,0.000059
A,ka100_req79,19,xxxxxxxxxxxxxxxx0.000002,0.000000,0.000000,0.000050,0.000061
A,ka100_req80,19,xxxxxxxxxxxxxxxx0.000002,0.000000,0.000000,0.000052,0.000066
A,ka100_req81,19,xxxxxxxxxxxxxxxx0.000002,0.000000,0.000000,0.000113,0.000121
A,ka100_req82,19,xxxxxxxxxxxxxxxx0.000003,0.000000,0.000000,0.000051,0.000068
A,ka100_req83,19,xxxxxxxxxxxxxxxx0.000003,0.000000,0.000000,0.000082,0.000088
A,ka100_req84,19,xxxxxxxxxxxxxxxx0.000003,0.000000,0.000000,0.000054,0.000058
A,ka100_req85,19,xxxxxxxxxxxxxxxx0.000003,0.000000,0.000000,0.000057,0.000070
A,ka100_req86,19,xxxxxxxxxxxxxxxx0.000003,0.000000,0.000000,0.000053,0.000068
A,ka100_req87,19,xxxxxxxxxxxxxxxx0.000003,0.000000,0.000000,0.000054,0.000066
A,ka100_req88,19,xxxxxxxxxxxxxxxx0.000006,0.000000,0.000000,0.000050,0.000062
A,ka100_req89,19,xxxxxxxxxxxxxxxx0.000003,0.000000,0.000000,0.000045,0.000058
A,ka100_req90,19,xxxxxxxxxxxxxxxx0.000003,0.000000,0.000000,0.000058,0.000069
A,ka100_req91,19,xxxxxxxxxxxxxxxx0.000002,0.000000,0.000000,0.000045,0.000057
A,ka100_req92,19,xxxxxxxxxxxxxxxx0.000003,0.000000,0.000000,0.000046,0.000059
A,ka100_req93,19,xxxxxxxxxxxxxxxx0.000003,0.000000,0.000000,0.000043,0.000055
A,ka100_req94,19,xxxxxxxxxxxxxxxx0.000003,0.000000,0.000000,0.000045,0.000057
A,ka100_req95,19,xxxxxxxxxxxxxxxx0.000003,0.000000,0.000000,0.000043,0.000055
A,ka100_req96,19,xxxxxxxxxxxxxxxx0.000003,0.000000,0.000000,0.000047,0.000058
A,ka100_req97,19,xxxxxxxxxxxxxxxx0.000002,0.000000,0.000000,0.000049,0.000060
A,ka100_req98,19,xxxxxxxxxxxxxxxx0.000002,0.000000,0.000000,0.000048,0.000060
A,ka100_req99,19,xxxxxxxxxxxxxxxx0.000002,0.000000,0.000000,0.000048,0.000059
A,ka100_req100,19,xxxxxxxxxxxxxxxx0.000002,0.000000,0.000000,0.000048,0.000059
A,ka100_req1,20,0.000005,0.000086,0.000728,0.000881,0.000908
A,ka100_req2,20,xxxxxxxxxxxxxxxx0.000003,0.000000,0.000000,0.000052,0.000056
A,ka100_req3,20,xxxxxxxxxxxxxxxx0.000003,0.000000,0.000000,0.000054,0.000059
A,ka100_req4,20,xxxxxxxxxxxxxxxx0.000002,0.000000,0.000000,0.000056,0.000062
A,ka100_req5,20,xxxxxxxxxxxxxxxx0.000005,0.000000,0.000000,0.000059,0.000063
A,ka100_req6,20,xxxxxxxxxxxxxxxx0.000002,0.000000,0.000000,0.000055,0.000060
A,ka100_req7,20,xxxxxxxxxxxxxxxx0.000004,0.000000,0.000000,0.000069,0.000083
A,ka100_req8,20,xxxxxxxxxxxxxxxx0.000004,0.000000,0.000000,0.000062,0.000074
A,ka100_req9,20,xxxxxxxxxxxxxxxx0.000002,0.000000,0.000000,0.000059,0.000070
A,ka100_req10,20,xxxxxxxxxxxxxxxx0.000003,0.000000,0.000000,0.000054,0.000065
A,ka100_req11,20,xxxxxxxxxxxxxxxx0.000002,0.000000,0.000000,0.000051,0.000065
A,ka100_req12,20,xxxxxxxxxxxxxxxx0.000003,0.000000,0.000000,0.000052,0.000066
A,ka100_req13,20,xxxxxxxxxxxxxxxx0.000003,0.000000,0.000000,0.000050,0.000063
A,ka100_req14,20,xxxxxxxxxxxxxxxx0.000003,0.000000,0.000000,0.000058,0.000070
A,ka100_req15,20,xxxxxxxxxxxxxxxx0.000003,0.000000,0.000000,0.000051,0.000064
A,ka100_req16,20,xxxxxxxxxxxxxxxx0.000002,0.000000,0.000000,0.000051,0.000064
A,ka100_req17,20,xxxxxxxxxxxxxxxx0.000002,0.000000,0.000000,0.000054,0.000066
A,ka100_req18,20,xxxxxxxxxxxxxxxx0.000002,0.000000,0.000000,0.000050,0.000063
A,ka100_req19,20,xxxxxxxxxxxxxxxx0.000002,0.000000,0.000000,0.000051,0.000063
A,ka100_req20,20,xxxxxxxxxxxxxxxx0.000002,0.000000,0.000000,0.000053,0.000067
A,ka100_req21,20,xxxxxxxxxxxxxxxx0.000003,0.000000,0.000000,0.000060,0.000073
A,ka100_req22,20,xxxxxxxxxxxxxxxx0.000002,0.000000,0.000000,0.000048,0.000062
A,ka100_req23,20,xxxxxxxxxxxxxxxx0.000003,0.000000,0.000000,0.000053,0.000066
A,ka100_req24,20,xxxxxxxxxxxxxxxx0.000003,0.000000,0.000000,0.000045,0.000057
A,ka100_req25,20,xxxxxxxxxxxxxxxx0.000003,0.000000,0.000000,0.000044,0.000057
A,ka100_req26,20,xxxxxxxxxxxxxxxx0.000002,0.000000,0.000000,0.000047,0.000060
A,ka100_req27,20,xxxxxxxxxxxxxxxx0.000003,0.000000,0.000000,0.000045,0.000057
A,ka100_req28,20,xxxxxxxxxxxxxxxx0.000003,0.000000,0.000000,0.000045,0.000057
A,ka100_req29,20,xxxxxxxxxxxxxxxx0.000002,0.000000,0.000000,0.000044,0.000051
A,ka100_req30,20,xxxxxxxxxxxxxxxx0.000003,0.000000,0.000000,0.000059,0.000067
A,ka100_req31,20,xxxxxxxxxxxxxxxx0.000003,0.000000,0.000000,0.000060,0.000073
A,ka100_req32,20,xxxxxxxxxxxxxxxx0.000002,0.000000,0.000000,0.000050,0.000066
A,ka100_req33,20,xxxxxxxxxxxxxxxx0.000003,0.000000,0.000000,0.000046,0.000058
A,ka100_req34,20,xxxxxxxxxxxxxxxx0.000003,0.000000,0.000000,0.000046,0.000059
A,ka100_req35,20,xxxxxxxxxxxxxxxx0.000003,0.000000,0.000000,0.000052,0.000065
A,ka100_req36,20,xxxxxxxxxxxxxxxx0.000002,0.000000,0.000000,0.000049,0.000062
A,ka100_req37,20,xxxxxxxxxxxxxxxx0.000002,0.000000,0.000000,0.000057,0.000070
A,ka100_req38,20,xxxxxxxxxxxxxxxx0.000002,0.000000,0.000000,0.000068,0.000081
A,ka100_req39,20,xxxxxxxxxxxxxxxx0.000003,0.000000,0.000000,0.000057,0.000070
A,ka100_req40,20,xxxxxxxxxxxxxxxx0.000003,0.000000,0.000000,0.000053,0.000066
A,ka100_req41,20,xxxxxxxxxxxxxxxx0.000003,0.000000,0.000000,0.000060,0.000073
A,ka100_req42,20,xxxxxxxxxxxxxxxx0.000002,0.000000,0.000000,0.000060,0.000075
A,ka100_req43,20,xxxxxxxxxxxxxxxx0.000002,0.000000,0.000000,0.000048,0.000061
A,ka100_req44,20,xxxxxxxxxxxxxxxx0.000003,0.000000,0.000000,0.000048,0.000060
A,ka100_req45,20,xxxxxxxxxxxxxxxx0.000003,0.000000,0.000000,0.000056,0.000068
A,ka100_req46,20,xxxxxxxxxxxxxxxx0.000003,0.000000,0.000000,0.000049,0.000062
A,ka100_req47,20,xxxxxxxxxxxxxxxx0.000003,0.000000,0.000000,0.000047,0.000060
A,ka100_req48,20,xxxxxxxxxxxxxxxx0.000002,0.000000,0.000000,0.000046,0.000058
A,ka100_req49,20,xxxxxxxxxxxxxxxx0.000002,0.000000,0.000000,0.000048,0.000061
A,ka100_req50,20,xxxxxxxxxxxxxxxx0.000003,0.000000,0.000000,0.000048,0.000058
A,ka100_req51,20,xxxxxxxxxxxxxxxx0.000003,0.000000,0.000000,0.000054,0.000066
A,ka100_req52,20,xxxxxxxxxxxxxxxx0.000003,0.000000,0.000000,0.000060,0.000074
A,ka100_req53,20,xxxxxxxxxxxxxxxx0.000003,0.000000,0.000000,0.000052,0.000064
A,ka100_req54,20,xxxxxxxxxxxxxxxx0.000003,0.000000,0.000000,0.000050,0.000055
A,ka100_req55,20,xxxxxxxxxxxxxxxx0.000003,0.000000,0.000000,0.000050,0.000062
A,ka100_req56,20,xxxxxxxxxxxxxxxx0.000003,0.000000,0.000000,0.000057,0.000069
A,ka100_req57,20,xxxxxxxxxxxxxxxx0.000003,0.000000,0.000000,0.000084,0.000099
A,ka100_req58,20,xxxxxxxxxxxxxxxx0.000003,0.000000,0.000000,0.000065,0.000078
A,ka100_req59,20,xxxxxxxxxxxxxxxx0.000002,0.000000,0.000000,0.000071,0.000085
A,ka100_req60,20,xxxxxxxxxxxxxxxx0.000004,0.000000,0.000000,0.000055,0.000065
A,ka100_req61,20,xxxxxxxxxxxxxxxx0.000003,0.000000,0.000000,0.000055,0.000066
A,ka100_req62,20,xxxxxxxxxxxxxxxx0.000002,0.000000,0.000000,0.000051,0.000063
A,ka100_req63,20,xxxxxxxxxxxxxxxx0.000003,0.000000,0.000000,0.000056,0.000068
A,ka100_req64,20,xxxxxxxxxxxxxxxx0.000002,0.000000,0.000000,0.000049,0.000064
A,ka100_req65,20,xxxxxxxxxxxxxxxx0.000002,0.000000,0.000000,0.000047,0.000059
A,ka100_req66,20,xxxxxxxxxxxxxxxx0.000002,0.000000,0.000000,0.000045,0.000058
A,ka100_req67,20,xxxxxxxxxxxxxxxx0.000002,0.000000,0.000000,0.000045,0.000057
A,ka100_req68,20,xxxxxxxxxxxxxxxx0.000002,0.000000,0.000000,0.000046,0.000058
A,ka100_req69,20,xxxxxxxxxxxxxxxx0.000003,0.000000,0.000000,0.000047,0.000060
A,ka100_req70,20,xxxxxxxxxxxxxxxx0.000002,0.000000,0.000000,0.000045,0.000058
A,ka100_req71,20,xxxxxxxxxxxxxxxx0.000002,0.000000,0.000000,0.000045,0.000061
A,ka100_req72,20,xxxxxxxxxxxxxxxx0.000003,0.000000,0.000000,0.000060,0.000072
A,ka100_req73,20,xxxxxxxxxxxxxxxx0.000003,0.000000,0.000000,0.000052,0.000065
A,ka100_req74,20,xxxxxxxxxxxxxxxx0.000002,0.000000,0.000000,0.000055,0.000067
A,ka100_req75,20,xxxxxxxxxxxxxxxx0.000002,0.000000,0.000000,0.000049,0.000061
A,ka100_req76,20,xxxxxxxxxxxxxxxx0.000003,0.000000,0.000000,0.000045,0.000054
A,ka100_req77,20,xxxxxxxxxxxxxxxx0.000003,0.000000,0.000000,0.000081,0.000086
A,ka100_req78,20,xxxxxxxxxxxxxxxx0.000003,0.000000,0.000000,0.000045,0.000057
A,ka100_req79,20,xxxxxxxxxxxxxxxx0.000003,0.000000,0.000000,0.000043,0.000049
A,ka100_req80,20,xxxxxxxxxxxxxxxx0.000004,0.000000,0.000000,0.000070,0.000082
A,ka100_req81,20,xxxxxxxxxxxxxxxx0.000003,0.000000,0.000000,0.000049,0.000062
A,ka100_req82,20,xxxxxxxxxxxxxxxx0.000002,0.000000,0.000000,0.000057,0.000070
A,ka100_req83,20,xxxxxxxxxxxxxxxx0.000003,0.000000,0.000000,0.000053,0.000064
A,ka100_req84,20,xxxxxxxxxxxxxxxx0.000003,0.000000,0.000000,0.000058,0.000069
A,ka100_req85,20,xxxxxxxxxxxxxxxx0.000003,0.000000,0.000000,0.000051,0.000062
A,ka100_req86,20,xxxxxxxxxxxxxxxx0.000002,0.000000,0.000000,0.000056,0.000061
A,ka100_req87,20,xxxxxxxxxxxxxxxx0.000003,0.000000,0.000000,0.000065,0.000073
A,ka100_req88,20,xxxxxxxxxxxxxxxx0.000029,0.000000,0.000000,0.000073,0.000086
A,ka100_req89,20,xxxxxxxxxxxxxxxx0.000002,0.000000,0.000000,0.000046,0.000059
A,ka100_req90,20,xxxxxxxxxxxxxxxx0.000002,0.000000,0.000000,0.000045,0.000058
A,ka100_req91,20,xxxxxxxxxxxxxxxx0.000003,0.000000,0.000000,0.000046,0.000058
A,ka100_req92,20,xxxxxxxxxxxxxxxx0.000002,0.000000,0.000000,0.000044,0.000056
A,ka100_req93,20,xxxxxxxxxxxxxxxx0.000002,0.000000,0.000000,0.000044,0.000057
A,ka100_req94,20,xxxxxxxxxxxxxxxx0.000003,0.000000,0.000000,0.000045,0.000057
A,ka100_req95,20,xxxxxxxxxxxxxxxx0.000003,0.000000,0.000000,0.000045,0.000057
A,ka100_req96,20,xxxxxxxxxxxxxxxx0.000002,0.000000,0.000000,0.000042,0.000055
A,ka100_req97,20,xxxxxxxxxxxxxxxx0.000003,0.000000,0.000000,0.000052,0.000066
A,ka100_req98,20,xxxxxxxxxxxxxxxx0.000003,0.000000,0.000000,0.000051,0.000062
A,ka100_req99,20,xxxxxxxxxxxxxxxx0.000002,0.000000,0.000000,0.000049,0.000062
A,ka100_req100,20,xxxxxxxxxxxxxxxx0.000002,0.000000,0.000000,0.000048,0.000060
A,ka100_req1,21,0.000005,0.000088,0.000737,0.000897,0.000930
A,ka100_req2,21,xxxxxxxxxxxxxxxx0.000003,0.000000,0.000000,0.000060,0.000064
A,ka100_req3,21,xxxxxxxxxxxxxxxx0.000003,0.000000,0.000000,0.000056,0.000061
A,ka100_req4,21,xxxxxxxxxxxxxxxx0.000003,0.000000,0.000000,0.000053,0.000059
A,ka100_req5,21,xxxxxxxxxxxxxxxx0.000004,0.000000,0.000000,0.000058,0.000064
A,ka100_req6,21,xxxxxxxxxxxxxxxx0.000002,0.000000,0.000000,0.000066,0.000071
A,ka100_req7,21,xxxxxxxxxxxxxxxx0.000004,0.000000,0.000000,0.000062,0.000075
A,ka100_req8,21,xxxxxxxxxxxxxxxx0.000004,0.000000,0.000000,0.000059,0.000071
A,ka100_req9,21,xxxxxxxxxxxxxxxx0.000002,0.000000,0.000000,0.000062,0.000076
A,ka100_req10,21,xxxxxxxxxxxxxxxx0.000003,0.000000,0.000000,0.000058,0.000069
A,ka100_req11,21,xxxxxxxxxxxxxxxx0.000003,0.000000,0.000000,0.000053,0.000065
A,ka100_req12,21,xxxxxxxxxxxxxxxx0.000004,0.000000,0.000000,0.000057,0.000068
A,ka100_req13,21,xxxxxxxxxxxxxxxx0.000003,0.000000,0.000000,0.000052,0.000064
A,ka100_req14,21,xxxxxxxxxxxxxxxx0.000003,0.000000,0.000000,0.000050,0.000061
A,ka100_req15,21,xxxxxxxxxxxxxxxx0.000002,0.000000,0.000000,0.000051,0.000063
A,ka100_req16,21,xxxxxxxxxxxxxxxx0.000002,0.000000,0.000000,0.000049,0.000061
A,ka100_req17,21,xxxxxxxxxxxxxxxx0.000002,0.000000,0.000000,0.000052,0.000067
A,ka100_req18,21,xxxxxxxxxxxxxxxx0.000003,0.000000,0.000000,0.000054,0.000068
A,ka100_req19,21,xxxxxxxxxxxxxxxx0.000003,0.000000,0.000000,0.000046,0.000056
A,ka100_req20,21,xxxxxxxxxxxxxxxx0.000003,0.000000,0.000000,0.000050,0.000063
A,ka100_req21,21,xxxxxxxxxxxxxxxx0.000002,0.000000,0.000000,0.000053,0.000064
A,ka100_req22,21,xxxxxxxxxxxxxxxx0.000003,0.000000,0.000000,0.000049,0.000061
A,ka100_req23,21,xxxxxxxxxxxxxxxx0.000002,0.000000,0.000000,0.000050,0.000063
A,ka100_req24,21,xxxxxxxxxxxxxxxx0.000002,0.000000,0.000000,0.000047,0.000060
A,ka100_req25,21,xxxxxxxxxxxxxxxx0.000002,0.000000,0.000000,0.000049,0.000061
A,ka100_req26,21,xxxxxxxxxxxxxxxx0.000003,0.000000,0.000000,0.000049,0.000060
A,ka100_req27,21,xxxxxxxxxxxxxxxx0.000002,0.000000,0.000000,0.000054,0.000060
A,ka100_req28,21,xxxxxxxxxxxxxxxx0.000002,0.000000,0.000000,0.000052,0.000064
A,ka100_req29,21,xxxxxxxxxxxxxxxx0.000002,0.000000,0.000000,0.000052,0.000064
A,ka100_req30,21,xxxxxxxxxxxxxxxx0.000002,0.000000,0.000000,0.000049,0.000061
A,ka100_req31,21,xxxxxxxxxxxxxxxx0.000002,0.000000,0.000000,0.000048,0.000060
A,ka100_req32,21,xxxxxxxxxxxxxxxx0.000002,0.000000,0.000000,0.000048,0.000060
A,ka100_req33,21,xxxxxxxxxxxxxxxx0.000003,0.000000,0.000000,0.000049,0.000060
A,ka100_req34,21,xxxxxxxxxxxxxxxx0.000002,0.000000,0.000000,0.000048,0.000060
A,ka100_req35,21,xxxxxxxxxxxxxxxx0.000002,0.000000,0.000000,0.000049,0.000062
A,ka100_req36,21,xxxxxxxxxxxxxxxx0.000002,0.000000,0.000000,0.000048,0.000061
A,ka100_req37,21,xxxxxxxxxxxxxxxx0.000002,0.000000,0.000000,0.000050,0.000063
A,ka100_req38,21,xxxxxxxxxxxxxxxx0.000002,0.000000,0.000000,0.000048,0.000060
A,ka100_req39,21,xxxxxxxxxxxxxxxx0.000002,0.000000,0.000000,0.000048,0.000061
A,ka100_req40,21,xxxxxxxxxxxxxxxx0.000002,0.000000,0.000000,0.000051,0.000063
A,ka100_req41,21,xxxxxxxxxxxxxxxx0.000002,0.000000,0.000000,0.000046,0.000060
A,ka100_req42,21,xxxxxxxxxxxxxxxx0.000002,0.000000,0.000000,0.000054,0.000065
A,ka100_req43,21,xxxxxxxxxxxxxxxx0.000003,0.000000,0.000000,0.000051,0.000062
A,ka100_req44,21,xxxxxxxxxxxxxxxx0.000002,0.000000,0.000000,0.000049,0.000060
A,ka100_req45,21,xxxxxxxxxxxxxxxx0.000002,0.000000,0.000000,0.000048,0.000060
A,ka100_req46,21,xxxxxxxxxxxxxxxx0.000002,0.000000,0.000000,0.000048,0.000061
A,ka100_req47,21,xxxxxxxxxxxxxxxx0.000002,0.000000,0.000000,0.000055,0.000066
A,ka100_req48,21,xxxxxxxxxxxxxxxx0.000002,0.000000,0.000000,0.000050,0.000062
A,ka100_req49,21,xxxxxxxxxxxxxxxx0.000002,0.000000,0.000000,0.000051,0.000064
A,ka100_req50,21,xxxxxxxxxxxxxxxx0.000002,0.000000,0.000000,0.000050,0.000063
A,ka100_req51,21,xxxxxxxxxxxxxxxx0.000002,0.000000,0.000000,0.000050,0.000062
A,ka100_req52,21,xxxxxxxxxxxxxxxx0.000002,0.000000,0.000000,0.000050,0.000062
A,ka100_req53,21,xxxxxxxxxxxxxxxx0.000003,0.000000,0.000000,0.000049,0.000062
A,ka100_req54,21,xxxxxxxxxxxxxxxx0.000002,0.000000,0.000000,0.000049,0.000061
A,ka100_req55,21,xxxxxxxxxxxxxxxx0.000002,0.000000,0.000000,0.000049,0.000062
A,ka100_req56,21,xxxxxxxxxxxxxxxx0.000002,0.000000,0.000000,0.000050,0.000062
A,ka100_req57,21,xxxxxxxxxxxxxxxx0.000002,0.000000,0.000000,0.000049,0.000061
A,ka100_req58,21,xxxxxxxxxxxxxxxx0.000002,0.000000,0.000000,0.000050,0.000062
A,ka100_req59,21,xxxxxxxxxxxxxxxx0.000003,0.000000,0.000000,0.000050,0.000062
A,ka100_req60,21,xxxxxxxxxxxxxxxx0.000003,0.000000,0.000000,0.000049,0.000061
A,ka100_req61,21,xxxxxxxxxxxxxxxx0.000002,0.000000,0.000000,0.000049,0.000061
A,ka100_req62,21,xxxxxxxxxxxxxxxx0.000002,0.000000,0.000000,0.000049,0.000062
A,ka100_req63,21,xxxxxxxxxxxxxxxx0.000002,0.000000,0.000000,0.000049,0.000061
A,ka100_req64,21,xxxxxxxxxxxxxxxx0.000002,0.000000,0.000000,0.000049,0.000061
A,ka100_req65,21,xxxxxxxxxxxxxxxx0.000002,0.000000,0.000000,0.000049,0.000062
A,ka100_req66,21,xxxxxxxxxxxxxxxx0.000002,0.000000,0.000000,0.000049,0.000061
A,ka100_req67,21,xxxxxxxxxxxxxxxx0.000002,0.000000,0.000000,0.000050,0.000062
A,ka100_req68,21,xxxxxxxxxxxxxxxx0.000002,0.000000,0.000000,0.000050,0.000065
A,ka100_req69,21,xxxxxxxxxxxxxxxx0.000003,0.000000,0.000000,0.000064,0.000075
A,ka100_req70,21,xxxxxxxxxxxxxxxx0.000002,0.000000,0.000000,0.000045,0.000057
A,ka100_req71,21,xxxxxxxxxxxxxxxx0.000002,0.000000,0.000000,0.000046,0.000057
A,ka100_req72,21,xxxxxxxxxxxxxxxx0.000003,0.000000,0.000000,0.000051,0.000064
A,ka100_req73,21,xxxxxxxxxxxxxxxx0.000002,0.000000,0.000000,0.000062,0.000074
A,ka100_req74,21,xxxxxxxxxxxxxxxx0.000003,0.000000,0.000000,0.000052,0.000073
A,ka100_req75,21,xxxxxxxxxxxxxxxx0.000002,0.000000,0.000000,0.000045,0.000056
A,ka100_req76,21,xxxxxxxxxxxxxxxx0.000002,0.000000,0.000000,0.000048,0.000062
A,ka100_req77,21,xxxxxxxxxxxxxxxx0.000003,0.000000,0.000000,0.000049,0.000061
A,ka100_req78,21,xxxxxxxxxxxxxxxx0.000002,0.000000,0.000000,0.000048,0.000060
A,ka100_req79,21,xxxxxxxxxxxxxxxx0.000002,0.000000,0.000000,0.000047,0.000060
A,ka100_req80,21,xxxxxxxxxxxxxxxx0.000003,0.000000,0.000000,0.000054,0.000068
A,ka100_req81,21,xxxxxxxxxxxxxxxx0.000003,0.000000,0.000000,0.000056,0.000068
A,ka100_req82,21,xxxxxxxxxxxxxxxx0.000003,0.000000,0.000000,0.000050,0.000060
A,ka100_req83,21,xxxxxxxxxxxxxxxx0.000003,0.000000,0.000000,0.000049,0.000060
A,ka100_req84,21,xxxxxxxxxxxxxxxx0.000002,0.000000,0.000000,0.000050,0.000062
A,ka100_req85,21,xxxxxxxxxxxxxxxx0.000002,0.000000,0.000000,0.000050,0.000064
A,ka100_req86,21,xxxxxxxxxxxxxxxx0.000002,0.000000,0.000000,0.000050,0.000063
A,ka100_req87,21,xxxxxxxxxxxxxxxx0.000002,0.000000,0.000000,0.000050,0.000062
A,ka100_req88,21,xxxxxxxxxxxxxxxx0.000002,0.000000,0.000000,0.000049,0.000062
A,ka100_req89,21,xxxxxxxxxxxxxxxx0.000002,0.000000,0.000000,0.000049,0.000061
A,ka100_req90,21,xxxxxxxxxxxxxxxx0.000002,0.000000,0.000000,0.000049,0.000061
A,ka100_req91,21,xxxxxxxxxxxxxxxx0.000002,0.000000,0.000000,0.000049,0.000061
A,ka100_req92,21,xxxxxxxxxxxxxxxx0.000002,0.000000,0.000000,0.000049,0.000061
A,ka100_req93,21,xxxxxxxxxxxxxxxx0.000002,0.000000,0.000000,0.000047,0.000058
A,ka100_req94,21,xxxxxxxxxxxxxxxx0.000003,0.000000,0.000000,0.000050,0.000062
A,ka100_req95,21,xxxxxxxxxxxxxxxx0.000002,0.000000,0.000000,0.000048,0.000061
A,ka100_req96,21,xxxxxxxxxxxxxxxx0.000002,0.000000,0.000000,0.000049,0.000061
A,ka100_req97,21,xxxxxxxxxxxxxxxx0.000002,0.000000,0.000000,0.000049,0.000062
A,ka100_req98,21,xxxxxxxxxxxxxxxx0.000002,0.000000,0.000000,0.000055,0.000069
A,ka100_req99,21,xxxxxxxxxxxxxxxx0.000003,0.000000,0.000000,0.000048,0.000059
A,ka100_req100,21,xxxxxxxxxxxxxxxx0.000003,0.000000,0.000000,0.000047,0.000059
A,ka100_req1,22,0.000004,0.000074,0.000811,0.000998,0.001028
A,ka100_req2,22,xxxxxxxxxxxxxxxx0.000003,0.000000,0.000000,0.000066,0.000070
A,ka100_req3,22,xxxxxxxxxxxxxxxx0.000003,0.000000,0.000000,0.000058,0.000061
A,ka100_req4,22,xxxxxxxxxxxxxxxx0.000002,0.000000,0.000000,0.000053,0.000057
A,ka100_req5,22,xxxxxxxxxxxxxxxx0.000006,0.000000,0.000000,0.000055,0.000059
A,ka100_req6,22,xxxxxxxxxxxxxxxx0.000003,0.000000,0.000000,0.000057,0.000061
A,ka100_req7,22,xxxxxxxxxxxxxxxx0.000004,0.000000,0.000000,0.000053,0.000065
A,ka100_req8,22,xxxxxxxxxxxxxxxx0.000003,0.000000,0.000000,0.000053,0.000064
A,ka100_req9,22,xxxxxxxxxxxxxxxx0.000002,0.000000,0.000000,0.000052,0.000064
A,ka100_req10,22,xxxxxxxxxxxxxxxx0.000002,0.000000,0.000000,0.000051,0.000063
A,ka100_req11,22,xxxxxxxxxxxxxxxx0.000002,0.000000,0.000000,0.000053,0.000064
A,ka100_req12,22,xxxxxxxxxxxxxxxx0.000002,0.000000,0.000000,0.000051,0.000063
A,ka100_req13,22,xxxxxxxxxxxxxxxx0.000002,0.000000,0.000000,0.000050,0.000063
A,ka100_req14,22,xxxxxxxxxxxxxxxx0.000002,0.000000,0.000000,0.000050,0.000062
A,ka100_req15,22,xxxxxxxxxxxxxxxx0.000004,0.000000,0.000000,0.000051,0.000063
A,ka100_req16,22,xxxxxxxxxxxxxxxx0.000002,0.000000,0.000000,0.000048,0.000060
A,ka100_req17,22,xxxxxxxxxxxxxxxx0.000002,0.000000,0.000000,0.000049,0.000061
A,ka100_req18,22,xxxxxxxxxxxxxxxx0.000002,0.000000,0.000000,0.000048,0.000060
A,ka100_req19,22,xxxxxxxxxxxxxxxx0.000002,0.000000,0.000000,0.000048,0.000060
A,ka100_req20,22,xxxxxxxxxxxxxxxx0.000002,0.000000,0.000000,0.000049,0.000061
A,ka100_req21,22,xxxxxxxxxxxxxxxx0.000002,0.000000,0.000000,0.000049,0.000061
A,ka100_req22,22,xxxxxxxxxxxxxxxx0.000002,0.000000,0.000000,0.000047,0.000060
A,ka100_req23,22,xxxxxxxxxxxxxxxx0.000002,0.000000,0.000000,0.000052,0.000064
A,ka100_req24,22,xxxxxxxxxxxxxxxx0.000002,0.000000,0.000000,0.000050,0.000061
A,ka100_req25,22,xxxxxxxxxxxxxxxx0.000002,0.000000,0.000000,0.000049,0.000061
A,ka100_req26,22,xxxxxxxxxxxxxxxx0.000002,0.000000,0.000000,0.000049,0.000060
A,ka100_req27,22,xxxxxxxxxxxxxxxx0.000002,0.000000,0.000000,0.000048,0.000060
A,ka100_req28,22,xxxxxxxxxxxxxxxx0.000002,0.000000,0.000000,0.000047,0.000060
A,ka100_req29,22,xxxxxxxxxxxxxxxx0.000002,0.000000,0.000000,0.000051,0.000063
A,ka100_req30,22,xxxxxxxxxxxxxxxx0.000003,0.000000,0.000000,0.000049,0.000061
A,ka100_req31,22,xxxxxxxxxxxxxxxx0.000002,0.000000,0.000000,0.000048,0.000060
A,ka100_req32,22,xxxxxxxxxxxxxxxx0.000003,0.000000,0.000000,0.000048,0.000060
A,ka100_req33,22,xxxxxxxxxxxxxxxx0.000002,0.000000,0.000000,0.000063,0.000075
A,ka100_req34,22,xxxxxxxxxxxxxxxx0.000004,0.000000,0.000000,0.000061,0.000073
A,ka100_req35,22,xxxxxxxxxxxxxxxx0.000004,0.000000,0.000000,0.000055,0.000067
A,ka100_req36,22,xxxxxxxxxxxxxxxx0.000003,0.000000,0.000000,0.000055,0.000070
A,ka100_req37,22,xxxxxxxxxxxxxxxx0.000003,0.000000,0.000000,0.000048,0.000059
A,ka100_req38,22,xxxxxxxxxxxxxxxx0.000003,0.000000,0.000000,0.000048,0.000058
A,ka100_req39,22,xxxxxxxxxxxxxxxx0.000003,0.000000,0.000000,0.000049,0.000061
A,ka100_req40,22,xxxxxxxxxxxxxxxx0.000002,0.000000,0.000000,0.000048,0.000060
A,ka100_req41,22,xxxxxxxxxxxxxxxx0.000002,0.000000,0.000000,0.000047,0.000060
A,ka100_req42,22,xxxxxxxxxxxxxxxx0.000002,0.000000,0.000000,0.000047,0.000061
A,ka100_req43,22,xxxxxxxxxxxxxxxx0.000003,0.000000,0.000000,0.000056,0.000067
A,ka100_req44,22,xxxxxxxxxxxxxxxx0.000003,0.000000,0.000000,0.000056,0.000068
A,ka100_req45,22,xxxxxxxxxxxxxxxx0.000003,0.000000,0.000000,0.000055,0.000066
A,ka100_req46,22,xxxxxxxxxxxxxxxx0.000002,0.000000,0.000000,0.000053,0.000064
A,ka100_req47,22,xxxxxxxxxxxxxxxx0.000002,0.000000,0.000000,0.000051,0.000063
A,ka100_req48,22,xxxxxxxxxxxxxxxx0.000002,0.000000,0.000000,0.000048,0.000060
A,ka100_req49,22,xxxxxxxxxxxxxxxx0.000002,0.000000,0.000000,0.000048,0.000059
A,ka100_req50,22,xxxxxxxxxxxxxxxx0.000002,0.000000,0.000000,0.000055,0.000067
A,ka100_req51,22,xxxxxxxxxxxxxxxx0.000002,0.000000,0.000000,0.000051,0.000063
A,ka100_req52,22,xxxxxxxxxxxxxxxx0.000003,0.000000,0.000000,0.000050,0.000061
A,ka100_req53,22,xxxxxxxxxxxxxxxx0.000002,0.000000,0.000000,0.000051,0.000063
A,ka100_req54,22,xxxxxxxxxxxxxxxx0.000002,0.000000,0.000000,0.000050,0.000062
A,ka100_req55,22,xxxxxxxxxxxxxxxx0.000003,0.000000,0.000000,0.000047,0.000057
A,ka100_req56,22,xxxxxxxxxxxxxxxx0.000003,0.000000,0.000000,0.000049,0.000060
A,ka100_req57,22,xxxxxxxxxxxxxxxx0.000002,0.000000,0.000000,0.000047,0.000059
A,ka100_req58,22,xxxxxxxxxxxxxxxx0.000003,0.000000,0.000000,0.000053,0.000065
A,ka100_req59,22,xxxxxxxxxxxxxxxx0.000002,0.000000,0.000000,0.000052,0.000063
A,ka100_req60,22,xxxxxxxxxxxxxxxx0.000002,0.000000,0.000000,0.000048,0.000059
A,ka100_req61,22,xxxxxxxxxxxxxxxx0.000002,0.000000,0.000000,0.000048,0.000061
A,ka100_req62,22,xxxxxxxxxxxxxxxx0.000002,0.000000,0.000000,0.000051,0.000063
A,ka100_req63,22,xxxxxxxxxxxxxxxx0.000002,0.000000,0.000000,0.000051,0.000064
A,ka100_req64,22,xxxxxxxxxxxxxxxx0.000002,0.000000,0.000000,0.000049,0.000062
A,ka100_req65,22,xxxxxxxxxxxxxxxx0.000003,0.000000,0.000000,0.000049,0.000060
A,ka100_req66,22,xxxxxxxxxxxxxxxx0.000002,0.000000,0.000000,0.000049,0.000060
A,ka100_req67,22,xxxxxxxxxxxxxxxx0.000002,0.000000,0.000000,0.000048,0.000060
A,ka100_req68,22,xxxxxxxxxxxxxxxx0.000002,0.000000,0.000000,0.000048,0.000060
A,ka100_req69,22,xxxxxxxxxxxxxxxx0.000002,0.000000,0.000000,0.000048,0.000060
A,ka100_req70,22,xxxxxxxxxxxxxxxx0.000002,0.000000,0.000000,0.000051,0.000062
A,ka100_req71,22,xxxxxxxxxxxxxxxx0.000002,0.000000,0.000000,0.000050,0.000061
A,ka100_req72,22,xxxxxxxxxxxxxxxx0.000002,0.000000,0.000000,0.000047,0.000060
A,ka100_req73,22,xxxxxxxxxxxxxxxx0.000002,0.000000,0.000000,0.000047,0.000059
A,ka100_req74,22,xxxxxxxxxxxxxxxx0.000003,0.000000,0.000000,0.000050,0.000062
A,ka100_req75,22,xxxxxxxxxxxxxxxx0.000003,0.000000,0.000000,0.000051,0.000064
A,ka100_req76,22,xxxxxxxxxxxxxxxx0.000003,0.000000,0.000000,0.000055,0.000069
A,ka100_req77,22,xxxxxxxxxxxxxxxx0.000003,0.000000,0.000000,0.000048,0.000060
A,ka100_req78,22,xxxxxxxxxxxxxxxx0.000003,0.000000,0.000000,0.000045,0.000055
A,ka100_req79,22,xxxxxxxxxxxxxxxx0.000003,0.000000,0.000000,0.000049,0.000061
A,ka100_req80,22,xxxxxxxxxxxxxxxx0.000002,0.000000,0.000000,0.000047,0.000053
A,ka100_req81,22,xxxxxxxxxxxxxxxx0.000003,0.000000,0.000000,0.000044,0.000055
A,ka100_req82,22,xxxxxxxxxxxxxxxx0.000003,0.000000,0.000000,0.000050,0.000062
A,ka100_req83,22,xxxxxxxxxxxxxxxx0.000002,0.000000,0.000000,0.000048,0.000060
A,ka100_req84,22,xxxxxxxxxxxxxxxx0.000002,0.000000,0.000000,0.000047,0.000060
A,ka100_req85,22,xxxxxxxxxxxxxxxx0.000002,0.000000,0.000000,0.000054,0.000067
A,ka100_req86,22,xxxxxxxxxxxxxxxx0.000002,0.000000,0.000000,0.000048,0.000060
A,ka100_req87,22,xxxxxxxxxxxxxxxx0.000002,0.000000,0.000000,0.000048,0.000061
A,ka100_req88,22,xxxxxxxxxxxxxxxx0.000002,0.000000,0.000000,0.000050,0.000062
A,ka100_req89,22,xxxxxxxxxxxxxxxx0.000002,0.000000,0.000000,0.000048,0.000059
A,ka100_req90,22,xxxxxxxxxxxxxxxx0.000002,0.000000,0.000000,0.000049,0.000060
A,ka100_req91,22,xxxxxxxxxxxxxxxx0.000002,0.000000,0.000000,0.000048,0.000059
A,ka100_req92,22,xxxxxxxxxxxxxxxx0.000002,0.000000,0.000000,0.000048,0.000059
A,ka100_req93,22,xxxxxxxxxxxxxxxx0.000002,0.000000,0.000000,0.000047,0.000059
A,ka100_req94,22,xxxxxxxxxxxxxxxx0.000003,0.000000,0.000000,0.000047,0.000058
A,ka100_req95,22,xxxxxxxxxxxxxxxx0.000002,0.000000,0.000000,0.000047,0.000059
A,ka100_req96,22,xxxxxxxxxxxxxxxx0.000003,0.000000,0.000000,0.000047,0.000058
A,ka100_req97,22,xxxxxxxxxxxxxxxx0.000002,0.000000,0.000000,0.000047,0.000059
A,ka100_req98,22,xxxxxxxxxxxxxxxx0.000003,0.000000,0.000000,0.000047,0.000058
A,ka100_req99,22,xxxxxxxxxxxxxxxx0.000002,0.000000,0.000000,0.000068,0.000080
A,ka100_req100,22,xxxxxxxxxxxxxxxx0.000003,0.000000,0.000000,0.000057,0.000070
A,ka100_req1,23,0.000005,0.000079,0.000742,0.000881,0.000909
A,ka100_req2,23,xxxxxxxxxxxxxxxx0.000003,0.000000,0.000000,0.000057,0.000061
A,ka100_req3,23,xxxxxxxxxxxxxxxx0.000003,0.000000,0.000000,0.000062,0.000068
A,ka100_req4,23,xxxxxxxxxxxxxxxx0.000003,0.000000,0.000000,0.000072,0.000077
A,ka100_req5,23,xxxxxxxxxxxxxxxx0.000005,0.000000,0.000000,0.000072,0.000077
A,ka100_req6,23,xxxxxxxxxxxxxxxx0.000003,0.000000,0.000000,0.000061,0.000065
A,ka100_req7,23,xxxxxxxxxxxxxxxx0.000003,0.000000,0.000000,0.000055,0.000068
A,ka100_req8,23,xxxxxxxxxxxxxxxx0.000003,0.000000,0.000000,0.000059,0.000070
A,ka100_req9,23,xxxxxxxxxxxxxxxx0.000003,0.000000,0.000000,0.000055,0.000067
A,ka100_req10,23,xxxxxxxxxxxxxxxx0.000003,0.000000,0.000000,0.000061,0.000073
A,ka100_req11,23,xxxxxxxxxxxxxxxx0.000003,0.000000,0.000000,0.000058,0.000070
A,ka100_req12,23,xxxxxxxxxxxxxxxx0.000003,0.000000,0.000000,0.000055,0.000068
A,ka100_req13,23,xxxxxxxxxxxxxxxx0.000003,0.000000,0.000000,0.000052,0.000064
A,ka100_req14,23,xxxxxxxxxxxxxxxx0.000003,0.000000,0.000000,0.000056,0.000067
A,ka100_req15,23,xxxxxxxxxxxxxxxx0.000004,0.000000,0.000000,0.000053,0.000064
A,ka100_req16,23,xxxxxxxxxxxxxxxx0.000002,0.000000,0.000000,0.000053,0.000065
A,ka100_req17,23,xxxxxxxxxxxxxxxx0.000002,0.000000,0.000000,0.000052,0.000063
A,ka100_req18,23,xxxxxxxxxxxxxxxx0.000002,0.000000,0.000000,0.000050,0.000063
A,ka100_req19,23,xxxxxxxxxxxxxxxx0.000002,0.000000,0.000000,0.000051,0.000063
A,ka100_req20,23,xxxxxxxxxxxxxxxx0.000003,0.000000,0.000000,0.000053,0.000065
A,ka100_req21,23,xxxxxxxxxxxxxxxx0.000002,0.000000,0.000000,0.000050,0.000062
A,ka100_req22,23,xxxxxxxxxxxxxxxx0.000002,0.000000,0.000000,0.000050,0.000062
A,ka100_req23,23,xxxxxxxxxxxxxxxx0.000002,0.000000,0.000000,0.000049,0.000063
A,ka100_req24,23,xxxxxxxxxxxxxxxx0.000002,0.000000,0.000000,0.000053,0.000066
A,ka100_req25,23,xxxxxxxxxxxxxxxx0.000002,0.000000,0.000000,0.000053,0.000065
A,ka100_req26,23,xxxxxxxxxxxxxxxx0.000002,0.000000,0.000000,0.000050,0.000062
A,ka100_req27,23,xxxxxxxxxxxxxxxx0.000003,0.000000,0.000000,0.000050,0.000062
A,ka100_req28,23,xxxxxxxxxxxxxxxx0.000002,0.000000,0.000000,0.000049,0.000062
A,ka100_req29,23,xxxxxxxxxxxxxxxx0.000002,0.000000,0.000000,0.000049,0.000061
A,ka100_req30,23,xxxxxxxxxxxxxxxx0.000002,0.000000,0.000000,0.000048,0.000061
A,ka100_req31,23,xxxxxxxxxxxxxxxx0.000002,0.000000,0.000000,0.000050,0.000063
A,ka100_req32,23,xxxxxxxxxxxxxxxx0.000003,0.000000,0.000000,0.000050,0.000062
A,ka100_req33,23,xxxxxxxxxxxxxxxx0.000002,0.000000,0.000000,0.000049,0.000061
A,ka100_req34,23,xxxxxxxxxxxxxxxx0.000002,0.000000,0.000000,0.000049,0.000061
A,ka100_req35,23,xxxxxxxxxxxxxxxx0.000002,0.000000,0.000000,0.000048,0.000061
A,ka100_req36,23,xxxxxxxxxxxxxxxx0.000002,0.000000,0.000000,0.000049,0.000061
A,ka100_req37,23,xxxxxxxxxxxxxxxx0.000002,0.000000,0.000000,0.000049,0.000061
A,ka100_req38,23,xxxxxxxxxxxxxxxx0.000002,0.000000,0.000000,0.000050,0.000062
A,ka100_req39,23,xxxxxxxxxxxxxxxx0.000002,0.000000,0.000000,0.000050,0.000062
A,ka100_req40,23,xxxxxxxxxxxxxxxx0.000002,0.000000,0.000000,0.000049,0.000061
A,ka100_req41,23,xxxxxxxxxxxxxxxx0.000002,0.000000,0.000000,0.000049,0.000061
A,ka100_req42,23,xxxxxxxxxxxxxxxx0.000002,0.000000,0.000000,0.000048,0.000060
A,ka100_req43,23,xxxxxxxxxxxxxxxx0.000002,0.000000,0.000000,0.000049,0.000061
A,ka100_req44,23,xxxxxxxxxxxxxxxx0.000003,0.000000,0.000000,0.000049,0.000061
A,ka100_req45,23,xxxxxxxxxxxxxxxx0.000002,0.000000,0.000000,0.000049,0.000061
A,ka100_req46,23,xxxxxxxxxxxxxxxx0.000002,0.000000,0.000000,0.000052,0.000064
A,ka100_req47,23,xxxxxxxxxxxxxxxx0.000002,0.000000,0.000000,0.000049,0.000061
A,ka100_req48,23,xxxxxxxxxxxxxxxx0.000002,0.000000,0.000000,0.000049,0.000061
A,ka100_req49,23,xxxxxxxxxxxxxxxx0.000003,0.000000,0.000000,0.000051,0.000065
A,ka100_req50,23,xxxxxxxxxxxxxxxx0.000002,0.000000,0.000000,0.000052,0.000064
A,ka100_req51,23,xxxxxxxxxxxxxxxx0.000002,0.000000,0.000000,0.000049,0.000062
A,ka100_req52,23,xxxxxxxxxxxxxxxx0.000002,0.000000,0.000000,0.000048,0.000060
A,ka100_req53,23,xxxxxxxxxxxxxxxx0.000002,0.000000,0.000000,0.000050,0.000062
A,ka100_req54,23,xxxxxxxxxxxxxxxx0.000002,0.000000,0.000000,0.000049,0.000062
A,ka100_req55,23,xxxxxxxxxxxxxxxx0.000002,0.000000,0.000000,0.000048,0.000061
A,ka100_req56,23,xxxxxxxxxxxxxxxx0.000003,0.000000,0.000000,0.000050,0.000062
A,ka100_req57,23,xxxxxxxxxxxxxxxx0.000002,0.000000,0.000000,0.000049,0.000061
A,ka100_req58,23,xxxxxxxxxxxxxxxx0.000002,0.000000,0.000000,0.000051,0.000066
A,ka100_req59,23,xxxxxxxxxxxxxxxx0.000002,0.000000,0.000000,0.000051,0.000064
A,ka100_req60,23,xxxxxxxxxxxxxxxx0.000003,0.000000,0.000000,0.000051,0.000064
A,ka100_req61,23,xxxxxxxxxxxxxxxx0.000003,0.000000,0.000000,0.000054,0.000067
A,ka100_req62,23,xxxxxxxxxxxxxxxx0.000003,0.000000,0.000000,0.000056,0.000069
A,ka100_req63,23,xxxxxxxxxxxxxxxx0.000003,0.000000,0.000000,0.000053,0.000064
A,ka100_req64,23,xxxxxxxxxxxxxxxx0.000003,0.000000,0.000000,0.000052,0.000064
A,ka100_req65,23,xxxxxxxxxxxxxxxx0.000003,0.000000,0.000000,0.000051,0.000063
A,ka100_req66,23,xxxxxxxxxxxxxxxx0.000002,0.000000,0.000000,0.000051,0.000063
A,ka100_req67,23,xxxxxxxxxxxxxxxx0.000002,0.000000,0.000000,0.000051,0.000063
A,ka100_req68,23,xxxxxxxxxxxxxxxx0.000002,0.000000,0.000000,0.000050,0.000063
A,ka100_req69,23,xxxxxxxxxxxxxxxx0.000003,0.000000,0.000000,0.000051,0.000063
A,ka100_req70,23,xxxxxxxxxxxxxxxx0.000002,0.000000,0.000000,0.000055,0.000067
A,ka100_req71,23,xxxxxxxxxxxxxxxx0.000003,0.000000,0.000000,0.000050,0.000063
A,ka100_req72,23,xxxxxxxxxxxxxxxx0.000003,0.000000,0.000000,0.000050,0.000061
A,ka100_req73,23,xxxxxxxxxxxxxxxx0.000002,0.000000,0.000000,0.000052,0.000064
A,ka100_req74,23,xxxxxxxxxxxxxxxx0.000003,0.000000,0.000000,0.000054,0.000065
A,ka100_req75,23,xxxxxxxxxxxxxxxx0.000003,0.000000,0.000000,0.000062,0.000073
A,ka100_req76,23,xxxxxxxxxxxxxxxx0.000003,0.000000,0.000000,0.000051,0.000062
A,ka100_req77,23,xxxxxxxxxxxxxxxx0.000003,0.000000,0.000000,0.000050,0.000062
A,ka100_req78,23,xxxxxxxxxxxxxxxx0.000002,0.000000,0.000000,0.000049,0.000061
A,ka100_req79,23,xxxxxxxxxxxxxxxx0.000003,0.000000,0.000000,0.000049,0.000054
A,ka100_req80,23,xxxxxxxxxxxxxxxx0.000003,0.000000,0.000000,0.000049,0.000060
A,ka100_req81,23,xxxxxxxxxxxxxxxx0.000002,0.000000,0.000000,0.000050,0.000062
A,ka100_req82,23,xxxxxxxxxxxxxxxx0.000003,0.000000,0.000000,0.000049,0.000060
A,ka100_req83,23,xxxxxxxxxxxxxxxx0.000002,0.000000,0.000000,0.000050,0.000063
A,ka100_req84,23,xxxxxxxxxxxxxxxx0.000002,0.000000,0.000000,0.000049,0.000062
A,ka100_req85,23,xxxxxxxxxxxxxxxx0.000002,0.000000,0.000000,0.000055,0.000067
A,ka100_req86,23,xxxxxxxxxxxxxxxx0.000003,0.000000,0.000000,0.000048,0.000059
A,ka100_req87,23,xxxxxxxxxxxxxxxx0.000004,0.000000,0.000000,0.000050,0.000061
A,ka100_req88,23,xxxxxxxxxxxxxxxx0.000002,0.000000,0.000000,0.000051,0.000064
A,ka100_req89,23,xxxxxxxxxxxxxxxx0.000002,0.000000,0.000000,0.000050,0.000062
A,ka100_req90,23,xxxxxxxxxxxxxxxx0.000002,0.000000,0.000000,0.000049,0.000061
A,ka100_req91,23,xxxxxxxxxxxxxxxx0.000003,0.000000,0.000000,0.000052,0.000064
A,ka100_req92,23,xxxxxxxxxxxxxxxx0.000002,0.000000,0.000000,0.000050,0.000063
A,ka100_req93,23,xxxxxxxxxxxxxxxx0.000003,0.000000,0.000000,0.000048,0.000062
A,ka100_req94,23,xxxxxxxxxxxxxxxx0.000002,0.000000,0.000000,0.000046,0.000059
A,ka100_req95,23,xxxxxxxxxxxxxxxx0.000002,0.000000,0.000000,0.000045,0.000058
A,ka100_req96,23,xxxxxxxxxxxxxxxx0.000003,0.000000,0.000000,0.000048,0.000059
A,ka100_req97,23,xxxxxxxxxxxxxxxx0.000003,0.000000,0.000000,0.000051,0.000063
A,ka100_req98,23,xxxxxxxxxxxxxxxx0.000002,0.000000,0.000000,0.000049,0.000062
A,ka100_req99,23,xxxxxxxxxxxxxxxx0.000002,0.000000,0.000000,0.000050,0.000062
A,ka100_req100,23,xxxxxxxxxxxxxxxx0.000003,0.000000,0.000000,0.000055,0.000067
A,ka100_req1,24,0.000004,0.000077,0.000703,0.000843,0.000865
A,ka100_req2,24,xxxxxxxxxxxxxxxx0.000003,0.000000,0.000000,0.000062,0.000066
A,ka100_req3,24,xxxxxxxxxxxxxxxx0.000003,0.000000,0.000000,0.000058,0.000064
A,ka100_req4,24,xxxxxxxxxxxxxxxx0.000002,0.000000,0.000000,0.000054,0.000059
A,ka100_req5,24,xxxxxxxxxxxxxxxx0.000006,0.000000,0.000000,0.000056,0.000060
A,ka100_req6,24,xxxxxxxxxxxxxxxx0.000003,0.000000,0.000000,0.000057,0.000061
A,ka100_req7,24,xxxxxxxxxxxxxxxx0.000004,0.000000,0.000000,0.000055,0.000067
A,ka100_req8,24,xxxxxxxxxxxxxxxx0.000002,0.000000,0.000000,0.000064,0.000075
A,ka100_req9,24,xxxxxxxxxxxxxxxx0.000003,0.000000,0.000000,0.000061,0.000073
A,ka100_req10,24,xxxxxxxxxxxxxxxx0.000004,0.000000,0.000000,0.000055,0.000066
A,ka100_req11,24,xxxxxxxxxxxxxxxx0.000003,0.000000,0.000000,0.000056,0.000068
A,ka100_req12,24,xxxxxxxxxxxxxxxx0.000003,0.000000,0.000000,0.000057,0.000069
A,ka100_req13,24,xxxxxxxxxxxxxxxx0.000003,0.000000,0.000000,0.000053,0.000066
A,ka100_req14,24,xxxxxxxxxxxxxxxx0.000002,0.000000,0.000000,0.000052,0.000064
A,ka100_req15,24,xxxxxxxxxxxxxxxx0.000003,0.000000,0.000000,0.000052,0.000065
A,ka100_req16,24,xxxxxxxxxxxxxxxx0.000002,0.000000,0.000000,0.000051,0.000065
A,ka100_req17,24,xxxxxxxxxxxxxxxx0.000002,0.000000,0.000000,0.000055,0.000066
A,ka100_req18,24,xxxxxxxxxxxxxxxx0.000002,0.000000,0.000000,0.000051,0.000062
A,ka100_req19,24,xxxxxxxxxxxxxxxx0.000002,0.000000,0.000000,0.000050,0.000061
A,ka100_req20,24,xxxxxxxxxxxxxxxx0.000002,0.000000,0.000000,0.000049,0.000061
A,ka100_req21,24,xxxxxxxxxxxxxxxx0.000003,0.000000,0.000000,0.000048,0.000061
A,ka100_req22,24,xxxxxxxxxxxxxxxx0.000002,0.000000,0.000000,0.000051,0.000063
A,ka100_req23,24,xxxxxxxxxxxxxxxx0.000002,0.000000,0.000000,0.000052,0.000064
A,ka100_req24,24,xxxxxxxxxxxxxxxx0.000003,0.000000,0.000000,0.000050,0.000060
A,ka100_req25,24,xxxxxxxxxxxxxxxx0.000002,0.000000,0.000000,0.000049,0.000061
A,ka100_req26,24,xxxxxxxxxxxxxxxx0.000002,0.000000,0.000000,0.000048,0.000060
A,ka100_req27,24,xxxxxxxxxxxxxxxx0.000002,0.000000,0.000000,0.000051,0.000063
A,ka100_req28,24,xxxxxxxxxxxxxxxx0.000003,0.000000,0.000000,0.000049,0.000061
A,ka100_req29,24,xxxxxxxxxxxxxxxx0.000003,0.000000,0.000000,0.000049,0.000061
A,ka100_req30,24,xxxxxxxxxxxxxxxx0.000002,0.000000,0.000000,0.000051,0.000062
A,ka100_req31,24,xxxxxxxxxxxxxxxx0.000002,0.000000,0.000000,0.000048,0.000061
A,ka100_req32,24,xxxxxxxxxxxxxxxx0.000002,0.000000,0.000000,0.000048,0.000060
A,ka100_req33,24,xxxxxxxxxxxxxxxx0.000002,0.000000,0.000000,0.000049,0.000061
A,ka100_req34,24,xxxxxxxxxxxxxxxx0.000003,0.000000,0.000000,0.000053,0.000065
A,ka100_req35,24,xxxxxxxxxxxxxxxx0.000002,0.000000,0.000000,0.000049,0.000061
A,ka100_req36,24,xxxxxxxxxxxxxxxx0.000002,0.000000,0.000000,0.000049,0.000060
A,ka100_req37,24,xxxxxxxxxxxxxxxx0.000002,0.000000,0.000000,0.000048,0.000060
A,ka100_req38,24,xxxxxxxxxxxxxxxx0.000002,0.000000,0.000000,0.000051,0.000063
A,ka100_req39,24,xxxxxxxxxxxxxxxx0.000002,0.000000,0.000000,0.000052,0.000064
A,ka100_req40,24,xxxxxxxxxxxxxxxx0.000003,0.000000,0.000000,0.000049,0.000060
A,ka100_req41,24,xxxxxxxxxxxxxxxx0.000002,0.000000,0.000000,0.000047,0.000060
A,ka100_req42,24,xxxxxxxxxxxxxxxx0.000002,0.000000,0.000000,0.000052,0.000065
A,ka100_req43,24,xxxxxxxxxxxxxxxx0.000002,0.000000,0.000000,0.000052,0.000064
A,ka100_req44,24,xxxxxxxxxxxxxxxx0.000002,0.000000,0.000000,0.000048,0.000061
A,ka100_req45,24,xxxxxxxxxxxxxxxx0.000003,0.000000,0.000000,0.000055,0.000067
A,ka100_req46,24,xxxxxxxxxxxxxxxx0.000002,0.000000,0.000000,0.000054,0.000065
A,ka100_req47,24,xxxxxxxxxxxxxxxx0.000002,0.000000,0.000000,0.000050,0.000062
A,ka100_req48,24,xxxxxxxxxxxxxxxx0.000002,0.000000,0.000000,0.000049,0.000061
A,ka100_req49,24,xxxxxxxxxxxxxxxx0.000002,0.000000,0.000000,0.000049,0.000061
A,ka100_req50,24,xxxxxxxxxxxxxxxx0.000002,0.000000,0.000000,0.000049,0.000061
A,ka100_req51,24,xxxxxxxxxxxxxxxx0.000002,0.000000,0.000000,0.000049,0.000061
A,ka100_req52,24,xxxxxxxxxxxxxxxx0.000002,0.000000,0.000000,0.000048,0.000060
A,ka100_req53,24,xxxxxxxxxxxxxxxx0.000002,0.000000,0.000000,0.000048,0.000061
A,ka100_req54,24,xxxxxxxxxxxxxxxx0.000002,0.000000,0.000000,0.000048,0.000060
A,ka100_req55,24,xxxxxxxxxxxxxxxx0.000002,0.000000,0.000000,0.000054,0.000060
A,ka100_req56,24,xxxxxxxxxxxxxxxx0.000002,0.000000,0.000000,0.000052,0.000064
A,ka100_req57,24,xxxxxxxxxxxxxxxx0.000002,0.000000,0.000000,0.000049,0.000062
A,ka100_req58,24,xxxxxxxxxxxxxxxx0.000002,0.000000,0.000000,0.000048,0.000061
A,ka100_req59,24,xxxxxxxxxxxxxxxx0.000002,0.000000,0.000000,0.000049,0.000061
A,ka100_req60,24,xxxxxxxxxxxxxxxx0.000002,0.000000,0.000000,0.000048,0.000060
A,ka100_req61,24,xxxxxxxxxxxxxxxx0.000002,0.000000,0.000000,0.000047,0.000060
A,ka100_req62,24,xxxxxxxxxxxxxxxx0.000002,0.000000,0.000000,0.000051,0.000063
A,ka100_req63,24,xxxxxxxxxxxxxxxx0.000002,0.000000,0.000000,0.000048,0.000060
A,ka100_req64,24,xxxxxxxxxxxxxxxx0.000002,0.000000,0.000000,0.000049,0.000062
A,ka100_req65,24,xxxxxxxxxxxxxxxx0.000003,0.000000,0.000000,0.000053,0.000064
A,ka100_req66,24,xxxxxxxxxxxxxxxx0.000002,0.000000,0.000000,0.000050,0.000063
A,ka100_req67,24,xxxxxxxxxxxxxxxx0.000003,0.000000,0.000000,0.000048,0.000060
A,ka100_req68,24,xxxxxxxxxxxxxxxx0.000002,0.000000,0.000000,0.000051,0.000064
A,ka100_req69,24,xxxxxxxxxxxxxxxx0.000002,0.000000,0.000000,0.000051,0.000065
A,ka100_req70,24,xxxxxxxxxxxxxxxx0.000002,0.000000,0.000000,0.000047,0.000060
A,ka100_req71,24,xxxxxxxxxxxxxxxx0.000003,0.000000,0.000000,0.000049,0.000059
A,ka100_req72,24,xxxxxxxxxxxxxxxx0.000002,0.000000,0.000000,0.000047,0.000059
A,ka100_req73,24,xxxxxxxxxxxxxxxx0.000002,0.000000,0.000000,0.000048,0.000059
A,ka100_req74,24,xxxxxxxxxxxxxxxx0.000002,0.000000,0.000000,0.000048,0.000060
A,ka100_req75,24,xxxxxxxxxxxxxxxx0.000002,0.000000,0.000000,0.000053,0.000059
A,ka100_req76,24,xxxxxxxxxxxxxxxx0.000002,0.000000,0.000000,0.000049,0.000062
A,ka100_req77,24,xxxxxxxxxxxxxxxx0.000003,0.000000,0.000000,0.000048,0.000060
A,ka100_req78,24,xxxxxxxxxxxxxxxx0.000002,0.000000,0.000000,0.000048,0.000060
A,ka100_req79,24,xxxxxxxxxxxxxxxx0.000003,0.000000,0.000000,0.000048,0.000060
A,ka100_req80,24,xxxxxxxxxxxxxxxx0.000002,0.000000,0.000000,0.000047,0.000054
A,ka100_req81,24,xxxxxxxxxxxxxxxx0.000003,0.000000,0.000000,0.000050,0.000062
A,ka100_req82,24,xxxxxxxxxxxxxxxx0.000002,0.000000,0.000000,0.000072,0.000084
A,ka100_req83,24,xxxxxxxxxxxxxxxx0.000002,0.000000,0.000000,0.000052,0.000065
A,ka100_req84,24,xxxxxxxxxxxxxxxx0.000002,0.000000,0.000000,0.000046,0.000058
A,ka100_req85,24,xxxxxxxxxxxxxxxx0.000003,0.000000,0.000000,0.000046,0.000058
A,ka100_req86,24,xxxxxxxxxxxxxxxx0.000003,0.000000,0.000000,0.000046,0.000057
A,ka100_req87,24,xxxxxxxxxxxxxxxx0.000002,0.000000,0.000000,0.000048,0.000061
A,ka100_req88,24,xxxxxxxxxxxxxxxx0.000002,0.000000,0.000000,0.000049,0.000062
A,ka100_req89,24,xxxxxxxxxxxxxxxx0.000002,0.000000,0.000000,0.000049,0.000062
A,ka100_req90,24,xxxxxxxxxxxxxxxx0.000002,0.000000,0.000000,0.000046,0.000059
A,ka100_req91,24,xxxxxxxxxxxxxxxx0.000002,0.000000,0.000000,0.000049,0.000055
A,ka100_req92,24,xxxxxxxxxxxxxxxx0.000003,0.000000,0.000000,0.000063,0.000075
A,ka100_req93,24,xxxxxxxxxxxxxxxx0.000003,0.000000,0.000000,0.000047,0.000057
A,ka100_req94,24,xxxxxxxxxxxxxxxx0.000003,0.000000,0.000000,0.000049,0.000059
A,ka100_req95,24,xxxxxxxxxxxxxxxx0.000003,0.000000,0.000000,0.000048,0.000060
A,ka100_req96,24,xxxxxxxxxxxxxxxx0.000002,0.000000,0.000000,0.000047,0.000059
A,ka100_req97,24,xxxxxxxxxxxxxxxx0.000003,0.000000,0.000000,0.000048,0.000058
A,ka100_req98,24,xxxxxxxxxxxxxxxx0.000002,0.000000,0.000000,0.000049,0.000060
A,ka100_req99,24,xxxxxxxxxxxxxxxx0.000002,0.000000,0.000000,0.000048,0.000060
A,ka100_req100,24,xxxxxxxxxxxxxxxx0.000003,0.000000,0.000000,0.000048,0.000060
A,ka100_req1,25,0.000005,0.000073,0.000675,0.000808,0.000836
A,ka100_req2,25,xxxxxxxxxxxxxxxx0.000002,0.000000,0.000000,0.000050,0.000055
A,ka100_req3,25,xxxxxxxxxxxxxxxx0.000003,0.000000,0.000000,0.000053,0.000057
A,ka100_req4,25,xxxxxxxxxxxxxxxx0.000002,0.000000,0.000000,0.000050,0.000057
A,ka100_req5,25,xxxxxxxxxxxxxxxx0.000005,0.000000,0.000000,0.000054,0.000058
A,ka100_req6,25,xxxxxxxxxxxxxxxx0.000003,0.000000,0.000000,0.000057,0.000061
A,ka100_req7,25,xxxxxxxxxxxxxxxx0.000004,0.000000,0.000000,0.000058,0.000069
A,ka100_req8,25,xxxxxxxxxxxxxxxx0.000003,0.000000,0.000000,0.000049,0.000060
A,ka100_req9,25,xxxxxxxxxxxxxxxx0.000002,0.000000,0.000000,0.000050,0.000064
A,ka100_req10,25,xxxxxxxxxxxxxxxx0.000003,0.000000,0.000000,0.000056,0.000068
A,ka100_req11,25,xxxxxxxxxxxxxxxx0.000003,0.000000,0.000000,0.000087,0.000101
A,ka100_req12,25,xxxxxxxxxxxxxxxx0.000003,0.000000,0.000000,0.000060,0.000070
A,ka100_req13,25,xxxxxxxxxxxxxxxx0.000003,0.000000,0.000000,0.000050,0.000060
A,ka100_req14,25,xxxxxxxxxxxxxxxx0.000003,0.000000,0.000000,0.000049,0.000061
A,ka100_req15,25,xxxxxxxxxxxxxxxx0.000002,0.000000,0.000000,0.000062,0.000069
A,ka100_req16,25,xxxxxxxxxxxxxxxx0.000003,0.000000,0.000000,0.000057,0.000070
A,ka100_req17,25,xxxxxxxxxxxxxxxx0.000003,0.000000,0.000000,0.000049,0.000059
A,ka100_req18,25,xxxxxxxxxxxxxxxx0.000002,0.000000,0.000000,0.000053,0.000065
A,ka100_req19,25,xxxxxxxxxxxxxxxx0.000002,0.000000,0.000000,0.000049,0.000066
A,ka100_req20,25,xxxxxxxxxxxxxxxx0.000002,0.000000,0.000000,0.000050,0.000063
A,ka100_req21,25,xxxxxxxxxxxxxxxx0.000002,0.000000,0.000000,0.000049,0.000061
A,ka100_req22,25,xxxxxxxxxxxxxxxx0.000002,0.000000,0.000000,0.000049,0.000061
A,ka100_req23,25,xxxxxxxxxxxxxxxx0.000002,0.000000,0.000000,0.000048,0.000061
A,ka100_req24,25,xxxxxxxxxxxxxxxx0.000003,0.000000,0.000000,0.000048,0.000061
A,ka100_req25,25,xxxxxxxxxxxxxxxx0.000002,0.000000,0.000000,0.000048,0.000060
A,ka100_req26,25,xxxxxxxxxxxxxxxx0.000002,0.000000,0.000000,0.000047,0.000059
A,ka100_req27,25,xxxxxxxxxxxxxxxx0.000002,0.000000,0.000000,0.000047,0.000059
A,ka100_req28,25,xxxxxxxxxxxxxxxx0.000003,0.000000,0.000000,0.000048,0.000058
A,ka100_req29,25,xxxxxxxxxxxxxxxx0.000002,0.000000,0.000000,0.000047,0.000059
A,ka100_req30,25,xxxxxxxxxxxxxxxx0.000002,0.000000,0.000000,0.000048,0.000060
A,ka100_req31,25,xxxxxxxxxxxxxxxx0.000002,0.000000,0.000000,0.000048,0.000061
A,ka100_req32,25,xxxxxxxxxxxxxxxx0.000002,0.000000,0.000000,0.000047,0.000059
A,ka100_req33,25,xxxxxxxxxxxxxxxx0.000002,0.000000,0.000000,0.000048,0.000060
A,ka100_req34,25,xxxxxxxxxxxxxxxx0.000002,0.000000,0.000000,0.000047,0.000059
A,ka100_req35,25,xxxxxxxxxxxxxxxx0.000002,0.000000,0.000000,0.000047,0.000059
A,ka100_req36,25,xxxxxxxxxxxxxxxx0.000002,0.000000,0.000000,0.000047,0.000059
A,ka100_req37,25,xxxxxxxxxxxxxxxx0.000002,0.000000,0.000000,0.000048,0.000060
A,ka100_req38,25,xxxxxxxxxxxxxxxx0.000002,0.000000,0.000000,0.000048,0.000061
A,ka100_req39,25,xxxxxxxxxxxxxxxx0.000002,0.000000,0.000000,0.000049,0.000062
A,ka100_req40,25,xxxxxxxxxxxxxxxx0.000002,0.000000,0.000000,0.000049,0.000061
A,ka100_req41,25,xxxxxxxxxxxxxxxx0.000002,0.000000,0.000000,0.000046,0.000064
A,ka100_req42,25,xxxxxxxxxxxxxxxx0.000003,0.000000,0.000000,0.000053,0.000067
A,ka100_req43,25,xxxxxxxxxxxxxxxx0.000002,0.000000,0.000000,0.000051,0.000064
A,ka100_req44,25,xxxxxxxxxxxxxxxx0.000003,0.000000,0.000000,0.000052,0.000064
A,ka100_req45,25,xxxxxxxxxxxxxxxx0.000002,0.000000,0.000000,0.000048,0.000060
A,ka100_req46,25,xxxxxxxxxxxxxxxx0.000002,0.000000,0.000000,0.000048,0.000060
A,ka100_req47,25,xxxxxxxxxxxxxxxx0.000002,0.000000,0.000000,0.000063,0.000075
A,ka100_req48,25,xxxxxxxxxxxxxxxx0.000003,0.000000,0.000000,0.000056,0.000069
A,ka100_req49,25,xxxxxxxxxxxxxxxx0.000003,0.000000,0.000000,0.000056,0.000068
A,ka100_req50,25,xxxxxxxxxxxxxxxx0.000004,0.000000,0.000000,0.000047,0.000057
A,ka100_req51,25,xxxxxxxxxxxxxxxx0.000003,0.000000,0.000000,0.000049,0.000060
A,ka100_req52,25,xxxxxxxxxxxxxxxx0.000002,0.000000,0.000000,0.000047,0.000059
A,ka100_req53,25,xxxxxxxxxxxxxxxx0.000002,0.000000,0.000000,0.000055,0.000068
A,ka100_req54,25,xxxxxxxxxxxxxxxx0.000002,0.000000,0.000000,0.000048,0.000062
A,ka100_req55,25,xxxxxxxxxxxxxxxx0.000003,0.000000,0.000000,0.000050,0.000061
A,ka100_req56,25,xxxxxxxxxxxxxxxx0.000002,0.000000,0.000000,0.000048,0.000059
A,ka100_req57,25,xxxxxxxxxxxxxxxx0.000002,0.000000,0.000000,0.000048,0.000060
A,ka100_req58,25,xxxxxxxxxxxxxxxx0.000002,0.000000,0.000000,0.000048,0.000059
A,ka100_req59,25,xxxxxxxxxxxxxxxx0.000002,0.000000,0.000000,0.000047,0.000060
A,ka100_req60,25,xxxxxxxxxxxxxxxx0.000002,0.000000,0.000000,0.000047,0.000059
A,ka100_req61,25,xxxxxxxxxxxxxxxx0.000002,0.000000,0.000000,0.000047,0.000059
A,ka100_req62,25,xxxxxxxxxxxxxxxx0.000003,0.000000,0.000000,0.000050,0.000061
A,ka100_req63,25,xxxxxxxxxxxxxxxx0.000002,0.000000,0.000000,0.000047,0.000059
A,ka100_req64,25,xxxxxxxxxxxxxxxx0.000002,0.000000,0.000000,0.000048,0.000059
A,ka100_req65,25,xxxxxxxxxxxxxxxx0.000002,0.000000,0.000000,0.000052,0.000065
A,ka100_req66,25,xxxxxxxxxxxxxxxx0.000002,0.000000,0.000000,0.000049,0.000061
A,ka100_req67,25,xxxxxxxxxxxxxxxx0.000002,0.000000,0.000000,0.000047,0.000059
A,ka100_req68,25,xxxxxxxxxxxxxxxx0.000002,0.000000,0.000000,0.000047,0.000059
A,ka100_req69,25,xxxxxxxxxxxxxxxx0.000003,0.000000,0.000000,0.000047,0.000058
A,ka100_req70,25,xxxxxxxxxxxxxxxx0.000002,0.000000,0.000000,0.000047,0.000059
A,ka100_req71,25,xxxxxxxxxxxxxxxx0.000002,0.000000,0.000000,0.000047,0.000059
A,ka100_req72,25,xxxxxxxxxxxxxxxx0.000003,0.000000,0.000000,0.000049,0.000061
A,ka100_req73,25,xxxxxxxxxxxxxxxx0.000002,0.000000,0.000000,0.000048,0.000060
A,ka100_req74,25,xxxxxxxxxxxxxxxx0.000002,0.000000,0.000000,0.000053,0.000065
A,ka100_req75,25,xxxxxxxxxxxxxxxx0.000002,0.000000,0.000000,0.000051,0.000064
A,ka100_req76,25,xxxxxxxxxxxxxxxx0.000002,0.000000,0.000000,0.000057,0.000069
A,ka100_req77,25,xxxxxxxxxxxxxxxx0.000002,0.000000,0.000000,0.000050,0.000062
A,ka100_req78,25,xxxxxxxxxxxxxxxx0.000002,0.000000,0.000000,0.000053,0.000066
A,ka100_req79,25,xxxxxxxxxxxxxxxx0.000003,0.000000,0.000000,0.000049,0.000060
A,ka100_req80,25,xxxxxxxxxxxxxxxx0.000002,0.000000,0.000000,0.000048,0.000060
A,ka100_req81,25,xxxxxxxxxxxxxxxx0.000002,0.000000,0.000000,0.000047,0.000060
A,ka100_req82,25,xxxxxxxxxxxxxxxx0.000002,0.000000,0.000000,0.000049,0.000062
A,ka100_req83,25,xxxxxxxxxxxxxxxx0.000002,0.000000,0.000000,0.000048,0.000060
A,ka100_req84,25,xxxxxxxxxxxxxxxx0.000002,0.000000,0.000000,0.000049,0.000061
A,ka100_req85,25,xxxxxxxxxxxxxxxx0.000002,0.000000,0.000000,0.000048,0.000061
A,ka100_req86,25,xxxxxxxxxxxxxxxx0.000002,0.000000,0.000000,0.000051,0.000064
A,ka100_req87,25,xxxxxxxxxxxxxxxx0.000003,0.000000,0.000000,0.000051,0.000063
A,ka100_req88,25,xxxxxxxxxxxxxxxx0.000002,0.000000,0.000000,0.000049,0.000062
A,ka100_req89,25,xxxxxxxxxxxxxxxx0.000002,0.000000,0.000000,0.000049,0.000061
A,ka100_req90,25,xxxxxxxxxxxxxxxx0.000002,0.000000,0.000000,0.000049,0.000061
A,ka100_req91,25,xxxxxxxxxxxxxxxx0.000002,0.000000,0.000000,0.000055,0.000066
A,ka100_req92,25,xxxxxxxxxxxxxxxx0.000002,0.000000,0.000000,0.000050,0.000062
A,ka100_req93,25,xxxxxxxxxxxxxxxx0.000002,0.000000,0.000000,0.000049,0.000062
A,ka100_req94,25,xxxxxxxxxxxxxxxx0.000002,0.000000,0.000000,0.000049,0.000061
A,ka100_req95,25,xxxxxxxxxxxxxxxx0.000002,0.000000,0.000000,0.000055,0.000067
A,ka100_req96,25,xxxxxxxxxxxxxxxx0.000003,0.000000,0.000000,0.000050,0.000062
A,ka100_req97,25,xxxxxxxxxxxxxxxx0.000002,0.000000,0.000000,0.000049,0.000061
A,ka100_req98,25,xxxxxxxxxxxxxxxx0.000002,0.000000,0.000000,0.000048,0.000061
A,ka100_req99,25,xxxxxxxxxxxxxxxx0.000002,0.000000,0.000000,0.000049,0.000061
A,ka100_req100,25,xxxxxxxxxxxxxxxx0.000002,0.000000,0.000000,0.000049,0.000061
A,ka100_req1,26,0.000005,0.000074,0.000668,0.000802,0.000829
A,ka100_req2,26,xxxxxxxxxxxxxxxx0.000003,0.000000,0.000000,0.000066,0.000070
A,ka100_req3,26,xxxxxxxxxxxxxxxx0.000003,0.000000,0.000000,0.000059,0.000064
A,ka100_req4,26,xxxxxxxxxxxxxxxx0.000003,0.000000,0.000000,0.000055,0.000059
A,ka100_req5,26,xxxxxxxxxxxxxxxx0.000004,0.000000,0.000000,0.000070,0.000075
A,ka100_req6,26,xxxxxxxxxxxxxxxx0.000003,0.000000,0.000000,0.000059,0.000063
A,ka100_req7,26,xxxxxxxxxxxxxxxx0.000003,0.000000,0.000000,0.000078,0.000085
A,ka100_req8,26,xxxxxxxxxxxxxxxx0.000003,0.000000,0.000000,0.000073,0.000088
A,ka100_req9,26,xxxxxxxxxxxxxxxx0.000003,0.000000,0.000000,0.000060,0.000072
A,ka100_req10,26,xxxxxxxxxxxxxxxx0.000002,0.000000,0.000000,0.000054,0.000068
A,ka100_req11,26,xxxxxxxxxxxxxxxx0.000003,0.000000,0.000000,0.000056,0.000067
A,ka100_req12,26,xxxxxxxxxxxxxxxx0.000003,0.000000,0.000000,0.000052,0.000062
A,ka100_req13,26,xxxxxxxxxxxxxxxx0.000003,0.000000,0.000000,0.000047,0.000059
A,ka100_req14,26,xxxxxxxxxxxxxxxx0.000002,0.000000,0.000000,0.000050,0.000061
A,ka100_req15,26,xxxxxxxxxxxxxxxx0.000003,0.000000,0.000000,0.000050,0.000062
A,ka100_req16,26,xxxxxxxxxxxxxxxx0.000002,0.000000,0.000000,0.000049,0.000060
A,ka100_req17,26,xxxxxxxxxxxxxxxx0.000002,0.000000,0.000000,0.000048,0.000060
A,ka100_req18,26,xxxxxxxxxxxxxxxx0.000002,0.000000,0.000000,0.000048,0.000060
A,ka100_req19,26,xxxxxxxxxxxxxxxx0.000002,0.000000,0.000000,0.000049,0.000061
A,ka100_req20,26,xxxxxxxxxxxxxxxx0.000003,0.000000,0.000000,0.000048,0.000060
A,ka100_req21,26,xxxxxxxxxxxxxxxx0.000002,0.000000,0.000000,0.000058,0.000070
A,ka100_req22,26,xxxxxxxxxxxxxxxx0.000003,0.000000,0.000000,0.000058,0.000069
A,ka100_req23,26,xxxxxxxxxxxxxxxx0.000003,0.000000,0.000000,0.000051,0.000062
A,ka100_req24,26,xxxxxxxxxxxxxxxx0.000002,0.000000,0.000000,0.000053,0.000064
A,ka100_req25,26,xxxxxxxxxxxxxxxx0.000002,0.000000,0.000000,0.000054,0.000066
A,ka100_req26,26,xxxxxxxxxxxxxxxx0.000002,0.000000,0.000000,0.000051,0.000063
A,ka100_req27,26,xxxxxxxxxxxxxxxx0.000002,0.000000,0.000000,0.000052,0.000064
A,ka100_req28,26,xxxxxxxxxxxxxxxx0.000002,0.000000,0.000000,0.000049,0.000060
A,ka100_req29,26,xxxxxxxxxxxxxxxx0.000002,0.000000,0.000000,0.000048,0.000060
A,ka100_req30,26,xxxxxxxxxxxxxxxx0.000002,0.000000,0.000000,0.000048,0.000059
A,ka100_req31,26,xxxxxxxxxxxxxxxx0.000002,0.000000,0.000000,0.000048,0.000060
A,ka100_req32,26,xxxxxxxxxxxxxxxx0.000002,0.000000,0.000000,0.000048,0.000060
A,ka100_req33,26,xxxxxxxxxxxxxxxx0.000002,0.000000,0.000000,0.000048,0.000060
A,ka100_req34,26,xxxxxxxxxxxxxxxx0.000002,0.000000,0.000000,0.000048,0.000060
A,ka100_req35,26,xxxxxxxxxxxxxxxx0.000002,0.000000,0.000000,0.000047,0.000059
A,ka100_req36,26,xxxxxxxxxxxxxxxx0.000002,0.000000,0.000000,0.000049,0.000060
A,ka100_req37,26,xxxxxxxxxxxxxxxx0.000003,0.000000,0.000000,0.000053,0.000065
A,ka100_req38,26,xxxxxxxxxxxxxxxx0.000002,0.000000,0.000000,0.000047,0.000058
A,ka100_req39,26,xxxxxxxxxxxxxxxx0.000003,0.000000,0.000000,0.000048,0.000060
A,ka100_req40,26,xxxxxxxxxxxxxxxx0.000002,0.000000,0.000000,0.000047,0.000059
A,ka100_req41,26,xxxxxxxxxxxxxxxx0.000003,0.000000,0.000000,0.000048,0.000060
A,ka100_req42,26,xxxxxxxxxxxxxxxx0.000002,0.000000,0.000000,0.000047,0.000060
A,ka100_req43,26,xxxxxxxxxxxxxxxx0.000003,0.000000,0.000000,0.000048,0.000060
A,ka100_req44,26,xxxxxxxxxxxxxxxx0.000002,0.000000,0.000000,0.000049,0.000062
A,ka100_req45,26,xxxxxxxxxxxxxxxx0.000002,0.000000,0.000000,0.000051,0.000065
A,ka100_req46,26,xxxxxxxxxxxxxxxx0.000002,0.000000,0.000000,0.000055,0.000067
A,ka100_req47,26,xxxxxxxxxxxxxxxx0.000002,0.000000,0.000000,0.000056,0.000068
A,ka100_req48,26,xxxxxxxxxxxxxxxx0.000003,0.000000,0.000000,0.000047,0.000059
A,ka100_req49,26,xxxxxxxxxxxxxxxx0.000002,0.000000,0.000000,0.000054,0.000066
A,ka100_req50,26,xxxxxxxxxxxxxxxx0.000003,0.000000,0.000000,0.000056,0.000070
A,ka100_req51,26,xxxxxxxxxxxxxxxx0.000002,0.000000,0.000000,0.000054,0.000067
A,ka100_req52,26,xxxxxxxxxxxxxxxx0.000003,0.000000,0.000000,0.000050,0.000061
A,ka100_req53,26,xxxxxxxxxxxxxxxx0.000002,0.000000,0.000000,0.000051,0.000062
A,ka100_req54,26,xxxxxxxxxxxxxxxx0.000002,0.000000,0.000000,0.000050,0.000062
A,ka100_req55,26,xxxxxxxxxxxxxxxx0.000002,0.000000,0.000000,0.000051,0.000063
A,ka100_req56,26,xxxxxxxxxxxxxxxx0.000002,0.000000,0.000000,0.000058,0.000069
A,ka100_req57,26,xxxxxxxxxxxxxxxx0.000002,0.000000,0.000000,0.000052,0.000063
A,ka100_req58,26,xxxxxxxxxxxxxxxx0.000002,0.000000,0.000000,0.000048,0.000060
A,ka100_req59,26,xxxxxxxxxxxxxxxx0.000002,0.000000,0.000000,0.000048,0.000059
A,ka100_req60,26,xxxxxxxxxxxxxxxx0.000002,0.000000,0.000000,0.000048,0.000060
A,ka100_req61,26,xxxxxxxxxxxxxxxx0.000002,0.000000,0.000000,0.000048,0.000060
A,ka100_req62,26,xxxxxxxxxxxxxxxx0.000002,0.000000,0.000000,0.000050,0.000063
A,ka100_req63,26,xxxxxxxxxxxxxxxx0.000002,0.000000,0.000000,0.000048,0.000060
A,ka100_req64,26,xxxxxxxxxxxxxxxx0.000002,0.000000,0.000000,0.000047,0.000060
A,ka100_req65,26,xxxxxxxxxxxxxxxx0.000002,0.000000,0.000000,0.000047,0.000059
A,ka100_req66,26,xxxxxxxxxxxxxxxx0.000002,0.000000,0.000000,0.000049,0.000061
A,ka100_req67,26,xxxxxxxxxxxxxxxx0.000002,0.000000,0.000000,0.000045,0.000057
A,ka100_req68,26,xxxxxxxxxxxxxxxx0.000003,0.000000,0.000000,0.000045,0.000056
A,ka100_req69,26,xxxxxxxxxxxxxxxx0.000003,0.000000,0.000000,0.000052,0.000065
A,ka100_req70,26,xxxxxxxxxxxxxxxx0.000003,0.000000,0.000000,0.000054,0.000067
A,ka100_req71,26,xxxxxxxxxxxxxxxx0.000003,0.000000,0.000000,0.000062,0.000073
A,ka100_req72,26,xxxxxxxxxxxxxxxx0.000002,0.000000,0.000000,0.000046,0.000057
A,ka100_req73,26,xxxxxxxxxxxxxxxx0.000002,0.000000,0.000000,0.000048,0.000061
A,ka100_req74,26,xxxxxxxxxxxxxxxx0.000002,0.000000,0.000000,0.000047,0.000059
A,ka100_req75,26,xxxxxxxxxxxxxxxx0.000002,0.000000,0.000000,0.000051,0.000062
A,ka100_req76,26,xxxxxxxxxxxxxxxx0.000002,0.000000,0.000000,0.000048,0.000059
A,ka100_req77,26,xxxxxxxxxxxxxxxx0.000002,0.000000,0.000000,0.000047,0.000059
A,ka100_req78,26,xxxxxxxxxxxxxxxx0.000002,0.000000,0.000000,0.000048,0.000060
A,ka100_req79,26,xxxxxxxxxxxxxxxx0.000002,0.000000,0.000000,0.000047,0.000060
A,ka100_req80,26,xxxxxxxxxxxxxxxx0.000003,0.000000,0.000000,0.000046,0.000059
A,ka100_req81,26,xxxxxxxxxxxxxxxx0.000003,0.000000,0.000000,0.000058,0.000070
A,ka100_req82,26,xxxxxxxxxxxxxxxx0.000003,0.000000,0.000000,0.000052,0.000064
A,ka100_req83,26,xxxxxxxxxxxxxxxx0.000002,0.000000,0.000000,0.000048,0.000060
A,ka100_req84,26,xxxxxxxxxxxxxxxx0.000002,0.000000,0.000000,0.000046,0.000059
A,ka100_req85,26,xxxxxxxxxxxxxxxx0.000003,0.000000,0.000000,0.000049,0.000061
A,ka100_req86,26,xxxxxxxxxxxxxxxx0.000002,0.000000,0.000000,0.000046,0.000059
A,ka100_req87,26,xxxxxxxxxxxxxxxx0.000003,0.000000,0.000000,0.000050,0.000063
A,ka100_req88,26,xxxxxxxxxxxxxxxx0.000002,0.000000,0.000000,0.000054,0.000067
A,ka100_req89,26,xxxxxxxxxxxxxxxx0.000003,0.000000,0.000000,0.000052,0.000064
A,ka100_req90,26,xxxxxxxxxxxxxxxx0.000002,0.000000,0.000000,0.000050,0.000062
A,ka100_req91,26,xxxxxxxxxxxxxxxx0.000002,0.000000,0.000000,0.000049,0.000062
A,ka100_req92,26,xxxxxxxxxxxxxxxx0.000002,0.000000,0.000000,0.000050,0.000062
A,ka100_req93,26,xxxxxxxxxxxxxxxx0.000002,0.000000,0.000000,0.000052,0.000064
A,ka100_req94,26,xxxxxxxxxxxxxxxx0.000002,0.000000,0.000000,0.000049,0.000061
A,ka100_req95,26,xxxxxxxxxxxxxxxx0.000002,0.000000,0.000000,0.000049,0.000062
A,ka100_req96,26,xxxxxxxxxxxxxxxx0.000002,0.000000,0.000000,0.000049,0.000061
A,ka100_req97,26,xxxxxxxxxxxxxxxx0.000002,0.000000,0.000000,0.000049,0.000061
A,ka100_req98,26,xxxxxxxxxxxxxxxx0.000002,0.000000,0.000000,0.000049,0.000061
A,ka100_req99,26,xxxxxxxxxxxxxxxx0.000002,0.000000,0.000000,0.000051,0.000063
A,ka100_req100,26,xxxxxxxxxxxxxxxx0.000003,0.000000,0.000000,0.000050,0.000061
A,ka100_req1,27,0.000006,0.000075,0.000698,0.000820,0.000840
A,ka100_req2,27,xxxxxxxxxxxxxxxx0.000003,0.000000,0.000000,0.000063,0.000066
A,ka100_req3,27,xxxxxxxxxxxxxxxx0.000003,0.000000,0.000000,0.000059,0.000064
A,ka100_req4,27,xxxxxxxxxxxxxxxx0.000003,0.000000,0.000000,0.000053,0.000056
A,ka100_req5,27,xxxxxxxxxxxxxxxx0.000006,0.000000,0.000000,0.000066,0.000070
A,ka100_req6,27,xxxxxxxxxxxxxxxx0.000003,0.000000,0.000000,0.000058,0.000064
A,ka100_req7,27,xxxxxxxxxxxxxxxx0.000004,0.000000,0.000000,0.000058,0.000071
A,ka100_req8,27,xxxxxxxxxxxxxxxx0.000002,0.000000,0.000000,0.000055,0.000069
A,ka100_req9,27,xxxxxxxxxxxxxxxx0.000002,0.000000,0.000000,0.000058,0.000070
A,ka100_req10,27,xxxxxxxxxxxxxxxx0.000002,0.000000,0.000000,0.000049,0.000061
A,ka100_req11,27,xxxxxxxxxxxxxxxx0.000002,0.000000,0.000000,0.000058,0.000070
A,ka100_req12,27,xxxxxxxxxxxxxxxx0.000003,0.000000,0.000000,0.000050,0.000061
A,ka100_req13,27,xxxxxxxxxxxxxxxx0.000002,0.000000,0.000000,0.000053,0.000065
A,ka100_req14,27,xxxxxxxxxxxxxxxx0.000004,0.000000,0.000000,0.000053,0.000065
A,ka100_req15,27,xxxxxxxxxxxxxxxx0.000002,0.000000,0.000000,0.000054,0.000066
A,ka100_req16,27,xxxxxxxxxxxxxxxx0.000003,0.000000,0.000000,0.000048,0.000060
A,ka100_req17,27,xxxxxxxxxxxxxxxx0.000003,0.000000,0.000000,0.000050,0.000061
A,ka100_req18,27,xxxxxxxxxxxxxxxx0.000002,0.000000,0.000000,0.000051,0.000063
A,ka100_req19,27,xxxxxxxxxxxxxxxx0.000002,0.000000,0.000000,0.000050,0.000062
A,ka100_req20,27,xxxxxxxxxxxxxxxx0.000002,0.000000,0.000000,0.000050,0.000062
A,ka100_req21,27,xxxxxxxxxxxxxxxx0.000002,0.000000,0.000000,0.000054,0.000067
A,ka100_req22,27,xxxxxxxxxxxxxxxx0.000002,0.000000,0.000000,0.000052,0.000064
A,ka100_req23,27,xxxxxxxxxxxxxxxx0.000002,0.000000,0.000000,0.000049,0.000062
A,ka100_req24,27,xxxxxxxxxxxxxxxx0.000002,0.000000,0.000000,0.000064,0.000075
A,ka100_req25,27,xxxxxxxxxxxxxxxx0.000003,0.000000,0.000000,0.000049,0.000060
A,ka100_req26,27,xxxxxxxxxxxxxxxx0.000002,0.000000,0.000000,0.000051,0.000064
A,ka100_req27,27,xxxxxxxxxxxxxxxx0.000002,0.000000,0.000000,0.000050,0.000062
A,ka100_req28,27,xxxxxxxxxxxxxxxx0.000002,0.000000,0.000000,0.000049,0.000062
A,ka100_req29,27,xxxxxxxxxxxxxxxx0.000002,0.000000,0.000000,0.000051,0.000063
A,ka100_req30,27,xxxxxxxxxxxxxxxx0.000002,0.000000,0.000000,0.000050,0.000062
A,ka100_req31,27,xxxxxxxxxxxxxxxx0.000002,0.000000,0.000000,0.000052,0.000064
A,ka100_req32,27,xxxxxxxxxxxxxxxx0.000002,0.000000,0.000000,0.000053,0.000065
A,ka100_req33,27,xxxxxxxxxxxxxxxx0.000003,0.000000,0.000000,0.000058,0.000069
A,ka100_req34,27,xxxxxxxxxxxxxxxx0.000003,0.000000,0.000000,0.000056,0.000068
A,ka100_req35,27,xxxxxxxxxxxxxxxx0.000003,0.000000,0.000000,0.000055,0.000066
A,ka100_req36,27,xxxxxxxxxxxxxxxx0.000003,0.000000,0.000000,0.000054,0.000065
A,ka100_req37,27,xxxxxxxxxxxxxxxx0.000003,0.000000,0.000000,0.000050,0.000061
A,ka100_req38,27,xxxxxxxxxxxxxxxx0.000002,0.000000,0.000000,0.000051,0.000065
A,ka100_req39,27,xxxxxxxxxxxxxxxx0.000002,0.000000,0.000000,0.000062,0.000074
A,ka100_req40,27,xxxxxxxxxxxxxxxx0.000003,0.000000,0.000000,0.000052,0.000064
A,ka100_req41,27,xxxxxxxxxxxxxxxx0.000002,0.000000,0.000000,0.000049,0.000062
A,ka100_req42,27,xxxxxxxxxxxxxxxx0.000002,0.000000,0.000000,0.000050,0.000062
A,ka100_req43,27,xxxxxxxxxxxxxxxx0.000003,0.000000,0.000000,0.000046,0.000058
A,ka100_req44,27,xxxxxxxxxxxxxxxx0.000003,0.000000,0.000000,0.000044,0.000057
A,ka100_req45,27,xxxxxxxxxxxxxxxx0.000002,0.000000,0.000000,0.000048,0.000060
A,ka100_req46,27,xxxxxxxxxxxxxxxx0.000002,0.000000,0.000000,0.000044,0.000056
A,ka100_req47,27,xxxxxxxxxxxxxxxx0.000002,0.000000,0.000000,0.000047,0.000059
A,ka100_req48,27,xxxxxxxxxxxxxxxx0.000003,0.000000,0.000000,0.000044,0.000056
A,ka100_req49,27,xxxxxxxxxxxxxxxx0.000003,0.000000,0.000000,0.000044,0.000056
A,ka100_req50,27,xxxxxxxxxxxxxxxx0.000003,0.000000,0.000000,0.000044,0.000056
A,ka100_req51,27,xxxxxxxxxxxxxxxx0.000003,0.000000,0.000000,0.000044,0.000056
A,ka100_req52,27,xxxxxxxxxxxxxxxx0.000003,0.000000,0.000000,0.000044,0.000056
A,ka100_req53,27,xxxxxxxxxxxxxxxx0.000002,0.000000,0.000000,0.000043,0.000056
A,ka100_req54,27,xxxxxxxxxxxxxxxx0.000003,0.000000,0.000000,0.000045,0.000057
A,ka100_req55,27,xxxxxxxxxxxxxxxx0.000002,0.000000,0.000000,0.000043,0.000056
A,ka100_req56,27,xxxxxxxxxxxxxxxx0.000003,0.000000,0.000000,0.000044,0.000061
A,ka100_req57,27,xxxxxxxxxxxxxxxx0.000003,0.000000,0.000000,0.000082,0.000095
A,ka100_req58,27,xxxxxxxxxxxxxxxx0.000002,0.000000,0.000000,0.000049,0.000063
A,ka100_req59,27,xxxxxxxxxxxxxxxx0.000003,0.000000,0.000000,0.000051,0.000064
A,ka100_req60,27,xxxxxxxxxxxxxxxx0.000003,0.000000,0.000000,0.000048,0.000064
A,ka100_req61,27,xxxxxxxxxxxxxxxx0.000002,0.000000,0.000000,0.000048,0.000060
A,ka100_req62,27,xxxxxxxxxxxxxxxx0.000003,0.000000,0.000000,0.000046,0.000059
A,ka100_req63,27,xxxxxxxxxxxxxxxx0.000002,0.000000,0.000000,0.000047,0.000063
A,ka100_req64,27,xxxxxxxxxxxxxxxx0.000003,0.000000,0.000000,0.000059,0.000072
A,ka100_req65,27,xxxxxxxxxxxxxxxx0.000002,0.000000,0.000000,0.000051,0.000064
A,ka100_req66,27,xxxxxxxxxxxxxxxx0.000002,0.000000,0.000000,0.000048,0.000060
A,ka100_req67,27,xxxxxxxxxxxxxxxx0.000003,0.000000,0.000000,0.000048,0.000060
A,ka100_req68,27,xxxxxxxxxxxxxxxx0.000003,0.000000,0.000000,0.000046,0.000059
A,ka100_req69,27,xxxxxxxxxxxxxxxx0.000003,0.000000,0.000000,0.000048,0.000059
A,ka100_req70,27,xxxxxxxxxxxxxxxx0.000002,0.000000,0.000000,0.000047,0.000062
A,ka100_req71,27,xxxxxxxxxxxxxxxx0.000003,0.000000,0.000000,0.000048,0.000061
A,ka100_req72,27,xxxxxxxxxxxxxxxx0.000003,0.000000,0.000000,0.000060,0.000073
A,ka100_req73,27,xxxxxxxxxxxxxxxx0.000003,0.000000,0.000000,0.000049,0.000061
A,ka100_req74,27,xxxxxxxxxxxxxxxx0.000002,0.000000,0.000000,0.000051,0.000067
A,ka100_req75,27,xxxxxxxxxxxxxxxx0.000004,0.000000,0.000000,0.000049,0.000062
A,ka100_req76,27,xxxxxxxxxxxxxxxx0.000002,0.000000,0.000000,0.000051,0.000064
A,ka100_req77,27,xxxxxxxxxxxxxxxx0.000002,0.000000,0.000000,0.000049,0.000062
A,ka100_req78,27,xxxxxxxxxxxxxxxx0.000003,0.000000,0.000000,0.000049,0.000061
A,ka100_req79,27,xxxxxxxxxxxxxxxx0.000003,0.000000,0.000000,0.000047,0.000058
A,ka100_req80,27,xxxxxxxxxxxxxxxx0.000002,0.000000,0.000000,0.000047,0.000061
A,ka100_req81,27,xxxxxxxxxxxxxxxx0.000002,0.000000,0.000000,0.000048,0.000061
A,ka100_req82,27,xxxxxxxxxxxxxxxx0.000002,0.000000,0.000000,0.000046,0.000058
A,ka100_req83,27,xxxxxxxxxxxxxxxx0.000003,0.000000,0.000000,0.000048,0.000061
A,ka100_req84,27,xxxxxxxxxxxxxxxx0.000003,0.000000,0.000000,0.000049,0.000060
A,ka100_req85,27,xxxxxxxxxxxxxxxx0.000003,0.000000,0.000000,0.000046,0.000057
A,ka100_req86,27,xxxxxxxxxxxxxxxx0.000002,0.000000,0.000000,0.000045,0.000057
A,ka100_req87,27,xxxxxxxxxxxxxxxx0.000003,0.000000,0.000000,0.000045,0.000057
A,ka100_req88,27,xxxxxxxxxxxxxxxx0.000003,0.000000,0.000000,0.000053,0.000065
A,ka100_req89,27,xxxxxxxxxxxxxxxx0.000003,0.000000,0.000000,0.000058,0.000070
A,ka100_req90,27,xxxxxxxxxxxxxxxx0.000003,0.000000,0.000000,0.000054,0.000066
A,ka100_req91,27,xxxxxxxxxxxxxxxx0.000003,0.000000,0.000000,0.000050,0.000060
A,ka100_req92,27,xxxxxxxxxxxxxxxx0.000002,0.000000,0.000000,0.000049,0.000062
A,ka100_req93,27,xxxxxxxxxxxxxxxx0.000002,0.000000,0.000000,0.000054,0.000066
A,ka100_req94,27,xxxxxxxxxxxxxxxx0.000003,0.000000,0.000000,0.000049,0.000060
A,ka100_req95,27,xxxxxxxxxxxxxxxx0.000002,0.000000,0.000000,0.000049,0.000061
A,ka100_req96,27,xxxxxxxxxxxxxxxx0.000002,0.000000,0.000000,0.000048,0.000060
A,ka100_req97,27,xxxxxxxxxxxxxxxx0.000003,0.000000,0.000000,0.000045,0.000057
A,ka100_req98,27,xxxxxxxxxxxxxxxx0.000003,0.000000,0.000000,0.000048,0.000061
A,ka100_req99,27,xxxxxxxxxxxxxxxx0.000002,0.000000,0.000000,0.000049,0.000063
A,ka100_req100,27,xxxxxxxxxxxxxxxx0.000003,0.000000,0.000000,0.000047,0.000059
A,ka100_req1,28,0.000004,0.000080,0.000707,0.000845,0.000874
A,ka100_req2,28,xxxxxxxxxxxxxxxx0.000003,0.000000,0.000000,0.000058,0.000062
A,ka100_req3,28,xxxxxxxxxxxxxxxx0.000003,0.000000,0.000000,0.000055,0.000060
A,ka100_req4,28,xxxxxxxxxxxxxxxx0.000003,0.000000,0.000000,0.000055,0.000060
A,ka100_req5,28,xxxxxxxxxxxxxxxx0.000004,0.000000,0.000000,0.000070,0.000075
A,ka100_req6,28,xxxxxxxxxxxxxxxx0.000004,0.000000,0.000000,0.000053,0.000057
A,ka100_req7,28,xxxxxxxxxxxxxxxx0.000003,0.000000,0.000000,0.000056,0.000069
A,ka100_req8,28,xxxxxxxxxxxxxxxx0.000002,0.000000,0.000000,0.000056,0.000067
A,ka100_req9,28,xxxxxxxxxxxxxxxx0.000003,0.000000,0.000000,0.000056,0.000068
A,ka100_req10,28,xxxxxxxxxxxxxxxx0.000003,0.000000,0.000000,0.000056,0.000067
A,ka100_req11,28,xxxxxxxxxxxxxxxx0.000003,0.000000,0.000000,0.000056,0.000068
A,ka100_req12,28,xxxxxxxxxxxxxxxx0.000002,0.000000,0.000000,0.000053,0.000065
A,ka100_req13,28,xxxxxxxxxxxxxxxx0.000002,0.000000,0.000000,0.000061,0.000072
A,ka100_req14,28,xxxxxxxxxxxxxxxx0.000003,0.000000,0.000000,0.000055,0.000066
A,ka100_req15,28,xxxxxxxxxxxxxxxx0.000004,0.000000,0.000000,0.000056,0.000069
A,ka100_req16,28,xxxxxxxxxxxxxxxx0.000002,0.000000,0.000000,0.000055,0.000068
A,ka100_req17,28,xxxxxxxxxxxxxxxx0.000003,0.000000,0.000000,0.000053,0.000064
A,ka100_req18,28,xxxxxxxxxxxxxxxx0.000002,0.000000,0.000000,0.000052,0.000064
A,ka100_req19,28,xxxxxxxxxxxxxxxx0.000002,0.000000,0.000000,0.000052,0.000063
A,ka100_req20,28,xxxxxxxxxxxxxxxx0.000002,0.000000,0.000000,0.000050,0.000063
A,ka100_req21,28,xxxxxxxxxxxxxxxx0.000002,0.000000,0.000000,0.000052,0.000063
A,ka100_req22,28,xxxxxxxxxxxxxxxx0.000002,0.000000,0.000000,0.000051,0.000062
A,ka100_req23,28,xxxxxxxxxxxxxxxx0.000002,0.000000,0.000000,0.000049,0.000062
A,ka100_req24,28,xxxxxxxxxxxxxxxx0.000002,0.000000,0.000000,0.000052,0.000064
A,ka100_req25,28,xxxxxxxxxxxxxxxx0.000002,0.000000,0.000000,0.000051,0.000063
A,ka100_req26,28,xxxxxxxxxxxxxxxx0.000002,0.000000,0.000000,0.000055,0.000062
A,ka100_req27,28,xxxxxxxxxxxxxxxx0.000002,0.000000,0.000000,0.000055,0.000067
A,ka100_req28,28,xxxxxxxxxxxxxxxx0.000003,0.000000,0.000000,0.000047,0.000059
A,ka100_req29,28,xxxxxxxxxxxxxxxx0.000003,0.000000,0.000000,0.000054,0.000066
A,ka100_req30,28,xxxxxxxxxxxxxxxx0.000003,0.000000,0.000000,0.000052,0.000064
A,ka100_req31,28,xxxxxxxxxxxxxxxx0.000003,0.000000,0.000000,0.000054,0.000066
A,ka100_req32,28,xxxxxxxxxxxxxxxx0.000002,0.000000,0.000000,0.000051,0.000064
A,ka100_req33,28,xxxxxxxxxxxxxxxx0.000002,0.000000,0.000000,0.000056,0.000069
A,ka100_req34,28,xxxxxxxxxxxxxxxx0.000002,0.000000,0.000000,0.000051,0.000064
A,ka100_req35,28,xxxxxxxxxxxxxxxx0.000002,0.000000,0.000000,0.000049,0.000062
A,ka100_req36,28,xxxxxxxxxxxxxxxx0.000002,0.000000,0.000000,0.000050,0.000063
A,ka100_req37,28,xxxxxxxxxxxxxxxx0.000002,0.000000,0.000000,0.000050,0.000062
A,ka100_req38,28,xxxxxxxxxxxxxxxx0.000002,0.000000,0.000000,0.000051,0.000063
A,ka100_req39,28,xxxxxxxxxxxxxxxx0.000002,0.000000,0.000000,0.000051,0.000063
A,ka100_req40,28,xxxxxxxxxxxxxxxx0.000002,0.000000,0.000000,0.000050,0.000062
A,ka100_req41,28,xxxxxxxxxxxxxxxx0.000002,0.000000,0.000000,0.000049,0.000061
A,ka100_req42,28,xxxxxxxxxxxxxxxx0.000002,0.000000,0.000000,0.000053,0.000065
A,ka100_req43,28,xxxxxxxxxxxxxxxx0.000002,0.000000,0.000000,0.000050,0.000062
A,ka100_req44,28,xxxxxxxxxxxxxxxx0.000002,0.000000,0.000000,0.000050,0.000062
A,ka100_req45,28,xxxxxxxxxxxxxxxx0.000002,0.000000,0.000000,0.000049,0.000061
A,ka100_req46,28,xxxxxxxxxxxxxxxx0.000002,0.000000,0.000000,0.000051,0.000063
A,ka100_req47,28,xxxxxxxxxxxxxxxx0.000002,0.000000,0.000000,0.000049,0.000062
A,ka100_req48,28,xxxxxxxxxxxxxxxx0.000002,0.000000,0.000000,0.000049,0.000062
A,ka100_req49,28,xxxxxxxxxxxxxxxx0.000003,0.000000,0.000000,0.000050,0.000062
A,ka100_req50,28,xxxxxxxxxxxxxxxx0.000002,0.000000,0.000000,0.000052,0.000065
A,ka100_req51,28,xxxxxxxxxxxxxxxx0.000002,0.000000,0.000000,0.000050,0.000062
A,ka100_req52,28,xxxxxxxxxxxxxxxx0.000002,0.000000,0.000000,0.000050,0.000062
A,ka100_req53,28,xxxxxxxxxxxxxxxx0.000002,0.000000,0.000000,0.000050,0.000063
A,ka100_req54,28,xxxxxxxxxxxxxxxx0.000002,0.000000,0.000000,0.000050,0.000062
A,ka100_req55,28,xxxxxxxxxxxxxxxx0.000002,0.000000,0.000000,0.000050,0.000062
A,ka100_req56,28,xxxxxxxxxxxxxxxx0.000002,0.000000,0.000000,0.000050,0.000062
A,ka100_req57,28,xxxxxxxxxxxxxxxx0.000002,0.000000,0.000000,0.000053,0.000066
A,ka100_req58,28,xxxxxxxxxxxxxxxx0.000002,0.000000,0.000000,0.000050,0.000062
A,ka100_req59,28,xxxxxxxxxxxxxxxx0.000002,0.000000,0.000000,0.000050,0.000063
A,ka100_req60,28,xxxxxxxxxxxxxxxx0.000003,0.000000,0.000000,0.000059,0.000073
A,ka100_req61,28,xxxxxxxxxxxxxxxx0.000003,0.000000,0.000000,0.000054,0.000068
A,ka100_req62,28,xxxxxxxxxxxxxxxx0.000003,0.000000,0.000000,0.000047,0.000059
A,ka100_req63,28,xxxxxxxxxxxxxxxx0.000003,0.000000,0.000000,0.000048,0.000058
A,ka100_req64,28,xxxxxxxxxxxxxxxx0.000003,0.000000,0.000000,0.000048,0.000060
A,ka100_req65,28,xxxxxxxxxxxxxxxx0.000002,0.000000,0.000000,0.000050,0.000063
A,ka100_req66,28,xxxxxxxxxxxxxxxx0.000002,0.000000,0.000000,0.000049,0.000063
A,ka100_req67,28,xxxxxxxxxxxxxxxx0.000002,0.000000,0.000000,0.000051,0.000063
A,ka100_req68,28,xxxxxxxxxxxxxxxx0.000002,0.000000,0.000000,0.000049,0.000062
A,ka100_req69,28,xxxxxxxxxxxxxxxx0.000002,0.000000,0.000000,0.000051,0.000063
A,ka100_req70,28,xxxxxxxxxxxxxxxx0.000002,0.000000,0.000000,0.000050,0.000062
A,ka100_req71,28,xxxxxxxxxxxxxxxx0.000002,0.000000,0.000000,0.000050,0.000064
A,ka100_req72,28,xxxxxxxxxxxxxxxx0.000002,0.000000,0.000000,0.000051,0.000063
A,ka100_req73,28,xxxxxxxxxxxxxxxx0.000002,0.000000,0.000000,0.000050,0.000063
A,ka100_req74,28,xxxxxxxxxxxxxxxx0.000002,0.000000,0.000000,0.000049,0.000061
A,ka100_req75,28,xxxxxxxxxxxxxxxx0.000002,0.000000,0.000000,0.000049,0.000061
A,ka100_req76,28,xxxxxxxxxxxxxxxx0.000002,0.000000,0.000000,0.000051,0.000063
A,ka100_req77,28,xxxxxxxxxxxxxxxx0.000002,0.000000,0.000000,0.000049,0.000063
A,ka100_req78,28,xxxxxxxxxxxxxxxx0.000003,0.000000,0.000000,0.000050,0.000060
A,ka100_req79,28,xxxxxxxxxxxxxxxx0.000003,0.000000,0.000000,0.000048,0.000056
A,ka100_req80,28,xxxxxxxxxxxxxxxx0.000003,0.000000,0.000000,0.000050,0.000061
A,ka100_req81,28,xxxxxxxxxxxxxxxx0.000003,0.000000,0.000000,0.000051,0.000062
A,ka100_req82,28,xxxxxxxxxxxxxxxx0.000003,0.000000,0.000000,0.000050,0.000062
A,ka100_req83,28,xxxxxxxxxxxxxxxx0.000003,0.000000,0.000000,0.000049,0.000060
A,ka100_req84,28,xxxxxxxxxxxxxxxx0.000002,0.000000,0.000000,0.000050,0.000063
A,ka100_req85,28,xxxxxxxxxxxxxxxx0.000002,0.000000,0.000000,0.000051,0.000063
A,ka100_req86,28,xxxxxxxxxxxxxxxx0.000002,0.000000,0.000000,0.000050,0.000063
A,ka100_req87,28,xxxxxxxxxxxxxxxx0.000002,0.000000,0.000000,0.000049,0.000061
A,ka100_req88,28,xxxxxxxxxxxxxxxx0.000002,0.000000,0.000000,0.000050,0.000063
A,ka100_req89,28,xxxxxxxxxxxxxxxx0.000002,0.000000,0.000000,0.000050,0.000062
A,ka100_req90,28,xxxxxxxxxxxxxxxx0.000003,0.000000,0.000000,0.000050,0.000062
A,ka100_req91,28,xxxxxxxxxxxxxxxx0.000002,0.000000,0.000000,0.000049,0.000062
A,ka100_req92,28,xxxxxxxxxxxxxxxx0.000002,0.000000,0.000000,0.000051,0.000063
A,ka100_req93,28,xxxxxxxxxxxxxxxx0.000002,0.000000,0.000000,0.000054,0.000066
A,ka100_req94,28,xxxxxxxxxxxxxxxx0.000002,0.000000,0.000000,0.000051,0.000062
A,ka100_req95,28,xxxxxxxxxxxxxxxx0.000002,0.000000,0.000000,0.000053,0.000064
A,ka100_req96,28,xxxxxxxxxxxxxxxx0.000002,0.000000,0.000000,0.000050,0.000061
A,ka100_req97,28,xxxxxxxxxxxxxxxx0.000002,0.000000,0.000000,0.000049,0.000061
A,ka100_req98,28,xxxxxxxxxxxxxxxx0.000002,0.000000,0.000000,0.000050,0.000063
A,ka100_req99,28,xxxxxxxxxxxxxxxx0.000002,0.000000,0.000000,0.000053,0.000065
A,ka100_req100,28,xxxxxxxxxxxxxxxx0.000002,0.000000,0.000000,0.000048,0.000061
A,ka100_req1,29,0.000005,0.000075,0.000699,0.000842,0.000871
A,ka100_req2,29,xxxxxxxxxxxxxxxx0.000003,0.000000,0.000000,0.000061,0.000065
A,ka100_req3,29,xxxxxxxxxxxxxxxx0.000003,0.000000,0.000000,0.000057,0.000061
A,ka100_req4,29,xxxxxxxxxxxxxxxx0.000003,0.000000,0.000000,0.000054,0.000060
A,ka100_req5,29,xxxxxxxxxxxxxxxx0.000004,0.000000,0.000000,0.000052,0.000056
A,ka100_req6,29,xxxxxxxxxxxxxxxx0.000003,0.000000,0.000000,0.000053,0.000057
A,ka100_req7,29,xxxxxxxxxxxxxxxx0.000004,0.000000,0.000000,0.000060,0.000073
A,ka100_req8,29,xxxxxxxxxxxxxxxx0.000005,0.000000,0.000000,0.000055,0.000066
A,ka100_req9,29,xxxxxxxxxxxxxxxx0.000004,0.000000,0.000000,0.000063,0.000074
A,ka100_req10,29,xxxxxxxxxxxxxxxx0.000002,0.000000,0.000000,0.000062,0.000069
A,ka100_req11,29,xxxxxxxxxxxxxxxx0.000003,0.000000,0.000000,0.000066,0.000076
A,ka100_req12,29,xxxxxxxxxxxxxxxx0.000003,0.000000,0.000000,0.000053,0.000065
A,ka100_req13,29,xxxxxxxxxxxxxxxx0.000003,0.000000,0.000000,0.000054,0.000065
A,ka100_req14,29,xxxxxxxxxxxxxxxx0.000002,0.000000,0.000000,0.000050,0.000063
A,ka100_req15,29,xxxxxxxxxxxxxxxx0.000003,0.000000,0.000000,0.000050,0.000063
A,ka100_req16,29,xxxxxxxxxxxxxxxx0.000002,0.000000,0.000000,0.000053,0.000064
A,ka100_req17,29,xxxxxxxxxxxxxxxx0.000002,0.000000,0.000000,0.000052,0.000064
A,ka100_req18,29,xxxxxxxxxxxxxxxx0.000002,0.000000,0.000000,0.000050,0.000063
A,ka100_req19,29,xxxxxxxxxxxxxxxx0.000002,0.000000,0.000000,0.000050,0.000062
A,ka100_req20,29,xxxxxxxxxxxxxxxx0.000002,0.000000,0.000000,0.000055,0.000061
A,ka100_req21,29,xxxxxxxxxxxxxxxx0.000002,0.000000,0.000000,0.000056,0.000068
A,ka100_req22,29,xxxxxxxxxxxxxxxx0.000003,0.000000,0.000000,0.000051,0.000062
A,ka100_req23,29,xxxxxxxxxxxxxxxx0.000002,0.000000,0.000000,0.000049,0.000062
A,ka100_req24,29,xxxxxxxxxxxxxxxx0.000002,0.000000,0.000000,0.000054,0.000066
A,ka100_req25,29,xxxxxxxxxxxxxxxx0.000003,0.000000,0.000000,0.000050,0.000062
A,ka100_req26,29,xxxxxxxxxxxxxxxx0.000002,0.000000,0.000000,0.000050,0.000062
A,ka100_req27,29,xxxxxxxxxxxxxxxx0.000002,0.000000,0.000000,0.000050,0.000061
A,ka100_req28,29,xxxxxxxxxxxxxxxx0.000002,0.000000,0.000000,0.000048,0.000061
A,ka100_req29,29,xxxxxxxxxxxxxxxx0.000002,0.000000,0.000000,0.000052,0.000063
A,ka100_req30,29,xxxxxxxxxxxxxxxx0.000002,0.000000,0.000000,0.000050,0.000062
A,ka100_req31,29,xxxxxxxxxxxxxxxx0.000002,0.000000,0.000000,0.000049,0.000062
A,ka100_req32,29,xxxxxxxxxxxxxxxx0.000002,0.000000,0.000000,0.000050,0.000062
A,ka100_req33,29,xxxxxxxxxxxxxxxx0.000002,0.000000,0.000000,0.000048,0.000060
A,ka100_req34,29,xxxxxxxxxxxxxxxx0.000002,0.000000,0.000000,0.000051,0.000063
A,ka100_req35,29,xxxxxxxxxxxxxxxx0.000002,0.000000,0.000000,0.000051,0.000062
A,ka100_req36,29,xxxxxxxxxxxxxxxx0.000002,0.000000,0.000000,0.000047,0.000060
A,ka100_req37,29,xxxxxxxxxxxxxxxx0.000002,0.000000,0.000000,0.000049,0.000060
A,ka100_req38,29,xxxxxxxxxxxxxxxx0.000002,0.000000,0.000000,0.000048,0.000060
A,ka100_req39,29,xxxxxxxxxxxxxxxx0.000002,0.000000,0.000000,0.000048,0.000060
A,ka100_req40,29,xxxxxxxxxxxxxxxx0.000002,0.000000,0.000000,0.000048,0.000061
A,ka100_req41,29,xxxxxxxxxxxxxxxx0.000002,0.000000,0.000000,0.000050,0.000062
A,ka100_req42,29,xxxxxxxxxxxxxxxx0.000003,0.000000,0.000000,0.000054,0.000060
A,ka100_req43,29,xxxxxxxxxxxxxxxx0.000003,0.000000,0.000000,0.000094,0.000104
A,ka100_req44,29,xxxxxxxxxxxxxxxx0.000003,0.000000,0.000000,0.000069,0.000077
A,ka100_req45,29,xxxxxxxxxxxxxxxx0.000003,0.000000,0.000000,0.000055,0.000070
A,ka100_req46,29,xxxxxxxxxxxxxxxx0.000003,0.000000,0.000000,0.000059,0.000073
A,ka100_req47,29,xxxxxxxxxxxxxxxx0.000003,0.000000,0.000000,0.000051,0.000063
A,ka100_req48,29,xxxxxxxxxxxxxxxx0.000002,0.000000,0.000000,0.000047,0.000061
A,ka100_req49,29,xxxxxxxxxxxxxxxx0.000003,0.000000,0.000000,0.000051,0.000064
A,ka100_req50,29,xxxxxxxxxxxxxxxx0.000002,0.000000,0.000000,0.000049,0.000061
A,ka100_req51,29,xxxxxxxxxxxxxxxx0.000002,0.000000,0.000000,0.000048,0.000061
A,ka100_req52,29,xxxxxxxxxxxxxxxx0.000003,0.000000,0.000000,0.000047,0.000060
A,ka100_req53,29,xxxxxxxxxxxxxxxx0.000002,0.000000,0.000000,0.000049,0.000063
A,ka100_req54,29,xxxxxxxxxxxxxxxx0.000003,0.000000,0.000000,0.000046,0.000058
A,ka100_req55,29,xxxxxxxxxxxxxxxx0.000003,0.000000,0.000000,0.000052,0.000063
A,ka100_req56,29,xxxxxxxxxxxxxxxx0.000003,0.000000,0.000000,0.000051,0.000062
A,ka100_req57,29,xxxxxxxxxxxxxxxx0.000002,0.000000,0.000000,0.000051,0.000062
A,ka100_req58,29,xxxxxxxxxxxxxxxx0.000002,0.000000,0.000000,0.000051,0.000065
A,ka100_req59,29,xxxxxxxxxxxxxxxx0.000002,0.000000,0.000000,0.000051,0.000062
A,ka100_req60,29,xxxxxxxxxxxxxxxx0.000002,0.000000,0.000000,0.000049,0.000061
A,ka100_req61,29,xxxxxxxxxxxxxxxx0.000003,0.000000,0.000000,0.000054,0.000065
A,ka100_req62,29,xxxxxxxxxxxxxxxx0.000002,0.000000,0.000000,0.000049,0.000061
A,ka100_req63,29,xxxxxxxxxxxxxxxx0.000002,0.000000,0.000000,0.000047,0.000060
A,ka100_req64,29,xxxxxxxxxxxxxxxx0.000002,0.000000,0.000000,0.000048,0.000060
A,ka100_req65,29,xxxxxxxxxxxxxxxx0.000002,0.000000,0.000000,0.000048,0.000061
A,ka100_req66,29,xxxxxxxxxxxxxxxx0.000002,0.000000,0.000000,0.000049,0.000060
A,ka100_req67,29,xxxxxxxxxxxxxxxx0.000002,0.000000,0.000000,0.000047,0.000059
A,ka100_req68,29,xxxxxxxxxxxxxxxx0.000002,0.000000,0.000000,0.000048,0.000060
A,ka100_req69,29,xxxxxxxxxxxxxxxx0.000002,0.000000,0.000000,0.000049,0.000060
A,ka100_req70,29,xxxxxxxxxxxxxxxx0.000002,0.000000,0.000000,0.000048,0.000059
A,ka100_req71,29,xxxxxxxxxxxxxxxx0.000002,0.000000,0.000000,0.000047,0.000059
A,ka100_req72,29,xxxxxxxxxxxxxxxx0.000002,0.000000,0.000000,0.000051,0.000063
A,ka100_req73,29,xxxxxxxxxxxxxxxx0.000003,0.000000,0.000000,0.000048,0.000059
A,ka100_req74,29,xxxxxxxxxxxxxxxx0.000002,0.000000,0.000000,0.000047,0.000054
A,ka100_req75,29,xxxxxxxxxxxxxxxx0.000003,0.000000,0.000000,0.000047,0.000060
A,ka100_req76,29,xxxxxxxxxxxxxxxx0.000003,0.000000,0.000000,0.000050,0.000061
A,ka100_req77,29,xxxxxxxxxxxxxxxx0.000002,0.000000,0.000000,0.000049,0.000061
A,ka100_req78,29,xxxxxxxxxxxxxxxx0.000002,0.000000,0.000000,0.000049,0.000061
A,ka100_req79,29,xxxxxxxxxxxxxxxx0.000002,0.000000,0.000000,0.000048,0.000060
A,ka100_req80,29,xxxxxxxxxxxxxxxx0.000002,0.000000,0.000000,0.000055,0.000067
A,ka100_req81,29,xxxxxxxxxxxxxxxx0.000002,0.000000,0.000000,0.000048,0.000055
A,ka100_req82,29,xxxxxxxxxxxxxxxx0.000003,0.000000,0.000000,0.000053,0.000065
A,ka100_req83,29,xxxxxxxxxxxxxxxx0.000003,0.000000,0.000000,0.000054,0.000066
A,ka100_req84,29,xxxxxxxxxxxxxxxx0.000003,0.000000,0.000000,0.000046,0.000058
A,ka100_req85,29,xxxxxxxxxxxxxxxx0.000003,0.000000,0.000000,0.000047,0.000061
A,ka100_req86,29,xxxxxxxxxxxxxxxx0.000003,0.000000,0.000000,0.000048,0.000059
A,ka100_req87,29,xxxxxxxxxxxxxxxx0.000003,0.000000,0.000000,0.000047,0.000057
A,ka100_req88,29,xxxxxxxxxxxxxxxx0.000002,0.000000,0.000000,0.000058,0.000069
A,ka100_req89,29,xxxxxxxxxxxxxxxx0.000003,0.000000,0.000000,0.000051,0.000063
A,ka100_req90,29,xxxxxxxxxxxxxxxx0.000003,0.000000,0.000000,0.000076,0.000086
A,ka100_req91,29,xxxxxxxxxxxxxxxx0.000003,0.000000,0.000000,0.000053,0.000065
A,ka100_req92,29,xxxxxxxxxxxxxxxx0.000003,0.000000,0.000000,0.000049,0.000060
A,ka100_req93,29,xxxxxxxxxxxxxxxx0.000003,0.000000,0.000000,0.000049,0.000059
A,ka100_req94,29,xxxxxxxxxxxxxxxx0.000003,0.000000,0.000000,0.000048,0.000061
A,ka100_req95,29,xxxxxxxxxxxxxxxx0.000002,0.000000,0.000000,0.000048,0.000060
A,ka100_req96,29,xxxxxxxxxxxxxxxx0.000002,0.000000,0.000000,0.000048,0.000060
A,ka100_req97,29,xxxxxxxxxxxxxxxx0.000002,0.000000,0.000000,0.000047,0.000060
A,ka100_req98,29,xxxxxxxxxxxxxxxx0.000002,0.000000,0.000000,0.000046,0.000059
A,ka100_req99,29,xxxxxxxxxxxxxxxx0.000003,0.000000,0.000000,0.000047,0.000057
A,ka100_req100,29,xxxxxxxxxxxxxxxx0.000002,0.000000,0.000000,0.000053,0.000067
A,ka100_req1,30,0.000004,0.000075,0.000733,0.000895,0.000925
A,ka100_req2,30,xxxxxxxxxxxxxxxx0.000004,0.000000,0.000000,0.000075,0.000081
A,ka100_req3,30,xxxxxxxxxxxxxxxx0.000003,0.000000,0.000000,0.000057,0.000062
A,ka100_req4,30,xxxxxxxxxxxxxxxx0.000002,0.000000,0.000000,0.000061,0.000067
A,ka100_req5,30,xxxxxxxxxxxxxxxx0.000005,0.000000,0.000000,0.000063,0.000067
A,ka100_req6,30,xxxxxxxxxxxxxxxx0.000002,0.000000,0.000000,0.000056,0.000060
A,ka100_req7,30,xxxxxxxxxxxxxxxx0.000004,0.000000,0.000000,0.000053,0.000066
A,ka100_req8,30,xxxxxxxxxxxxxxxx0.000003,0.000000,0.000000,0.000058,0.000069
A,ka100_req9,30,xxxxxxxxxxxxxxxx0.000003,0.000000,0.000000,0.000055,0.000066
A,ka100_req10,30,xxxxxxxxxxxxxxxx0.000003,0.000000,0.000000,0.000063,0.000075
A,ka100_req11,30,xxxxxxxxxxxxxxxx0.000003,0.000000,0.000000,0.000051,0.000062
A,ka100_req12,30,xxxxxxxxxxxxxxxx0.000002,0.000000,0.000000,0.000053,0.000066
A,ka100_req13,30,xxxxxxxxxxxxxxxx0.000003,0.000000,0.000000,0.000052,0.000064
A,ka100_req14,30,xxxxxxxxxxxxxxxx0.000005,0.000000,0.000000,0.000050,0.000061
A,ka100_req15,30,xxxxxxxxxxxxxxxx0.000002,0.000000,0.000000,0.000051,0.000063
A,ka100_req16,30,xxxxxxxxxxxxxxxx0.000002,0.000000,0.000000,0.000051,0.000063
A,ka100_req17,30,xxxxxxxxxxxxxxxx0.000002,0.000000,0.000000,0.000054,0.000067
A,ka100_req18,30,xxxxxxxxxxxxxxxx0.000003,0.000000,0.000000,0.000055,0.000066
A,ka100_req19,30,xxxxxxxxxxxxxxxx0.000002,0.000000,0.000000,0.000051,0.000067
A,ka100_req20,30,xxxxxxxxxxxxxxxx0.000002,0.000000,0.000000,0.000051,0.000063
A,ka100_req21,30,xxxxxxxxxxxxxxxx0.000002,0.000000,0.000000,0.000050,0.000062
A,ka100_req22,30,xxxxxxxxxxxxxxxx0.000002,0.000000,0.000000,0.000050,0.000062
A,ka100_req23,30,xxxxxxxxxxxxxxxx0.000003,0.000000,0.000000,0.000053,0.000064
A,ka100_req24,30,xxxxxxxxxxxxxxxx0.000003,0.000000,0.000000,0.000051,0.000063
A,ka100_req25,30,xxxxxxxxxxxxxxxx0.000002,0.000000,0.000000,0.000050,0.000065
A,ka100_req26,30,xxxxxxxxxxxxxxxx0.000003,0.000000,0.000000,0.000052,0.000063
A,ka100_req27,30,xxxxxxxxxxxxxxxx0.000003,0.000000,0.000000,0.000048,0.000059
A,ka100_req28,30,xxxxxxxxxxxxxxxx0.000003,0.000000,0.000000,0.000048,0.000058
A,ka100_req29,30,xxxxxxxxxxxxxxxx0.000002,0.000000,0.000000,0.000047,0.000059
A,ka100_req30,30,xxxxxxxxxxxxxxxx0.000002,0.000000,0.000000,0.000049,0.000061
A,ka100_req31,30,xxxxxxxxxxxxxxxx0.000002,0.000000,0.000000,0.000049,0.000061
A,ka100_req32,30,xxxxxxxxxxxxxxxx0.000002,0.000000,0.000000,0.000050,0.000062
A,ka100_req33,30,xxxxxxxxxxxxxxxx0.000002,0.000000,0.000000,0.000050,0.000062
A,ka100_req34,30,xxxxxxxxxxxxxxxx0.000002,0.000000,0.000000,0.000048,0.000060
A,ka100_req35,30,xxxxxxxxxxxxxxxx0.000002,0.000000,0.000000,0.000050,0.000062
A,ka100_req36,30,xxxxxxxxxxxxxxxx0.000002,0.000000,0.000000,0.000050,0.000062
A,ka100_req37,30,xxxxxxxxxxxxxxxx0.000002,0.000000,0.000000,0.000050,0.000062
A,ka100_req38,30,xxxxxxxxxxxxxxxx0.000002,0.000000,0.000000,0.000049,0.000062
A,ka100_req39,30,xxxxxxxxxxxxxxxx0.000002,0.000000,0.000000,0.000049,0.000061
A,ka100_req40,30,xxxxxxxxxxxxxxxx0.000002,0.000000,0.000000,0.000049,0.000061
A,ka100_req41,30,xxxxxxxxxxxxxxxx0.000002,0.000000,0.000000,0.000049,0.000061
A,ka100_req42,30,xxxxxxxxxxxxxxxx0.000002,0.000000,0.000000,0.000049,0.000061
A,ka100_req43,30,xxxxxxxxxxxxxxxx0.000002,0.000000,0.000000,0.000050,0.000063
A,ka100_req44,30,xxxxxxxxxxxxxxxx0.000003,0.000000,0.000000,0.000050,0.000062
A,ka100_req45,30,xxxxxxxxxxxxxxxx0.000002,0.000000,0.000000,0.000048,0.000060
A,ka100_req46,30,xxxxxxxxxxxxxxxx0.000003,0.000000,0.000000,0.000049,0.000062
A,ka100_req47,30,xxxxxxxxxxxxxxxx0.000002,0.000000,0.000000,0.000049,0.000061
A,ka100_req48,30,xxxxxxxxxxxxxxxx0.000002,0.000000,0.000000,0.000048,0.000060
A,ka100_req49,30,xxxxxxxxxxxxxxxx0.000002,0.000000,0.000000,0.000049,0.000064
A,ka100_req50,30,xxxxxxxxxxxxxxxx0.000002,0.000000,0.000000,0.000050,0.000062
A,ka100_req51,30,xxxxxxxxxxxxxxxx0.000002,0.000000,0.000000,0.000048,0.000060
A,ka100_req52,30,xxxxxxxxxxxxxxxx0.000002,0.000000,0.000000,0.000049,0.000061
A,ka100_req53,30,xxxxxxxxxxxxxxxx0.000002,0.000000,0.000000,0.000049,0.000061
A,ka100_req54,30,xxxxxxxxxxxxxxxx0.000002,0.000000,0.000000,0.000051,0.000063
A,ka100_req55,30,xxxxxxxxxxxxxxxx0.000002,0.000000,0.000000,0.000049,0.000062
A,ka100_req56,30,xxxxxxxxxxxxxxxx0.000002,0.000000,0.000000,0.000049,0.000061
A,ka100_req57,30,xxxxxxxxxxxxxxxx0.000002,0.000000,0.000000,0.000048,0.000060
A,ka100_req58,30,xxxxxxxxxxxxxxxx0.000002,0.000000,0.000000,0.000049,0.000061
A,ka100_req59,30,xxxxxxxxxxxxxxxx0.000002,0.000000,0.000000,0.000049,0.000061
A,ka100_req60,30,xxxxxxxxxxxxxxxx0.000002,0.000000,0.000000,0.000049,0.000061
A,ka100_req61,30,xxxxxxxxxxxxxxxx0.000002,0.000000,0.000000,0.000050,0.000062
A,ka100_req62,30,xxxxxxxxxxxxxxxx0.000002,0.000000,0.000000,0.000075,0.000089
A,ka100_req63,30,xxxxxxxxxxxxxxxx0.000004,0.000000,0.000000,0.000125,0.000139
A,ka100_req64,30,xxxxxxxxxxxxxxxx0.000004,0.000000,0.000000,0.000059,0.000071
A,ka100_req65,30,xxxxxxxxxxxxxxxx0.000003,0.000000,0.000000,0.000067,0.000074
A,ka100_req66,30,xxxxxxxxxxxxxxxx0.000003,0.000000,0.000000,0.000058,0.000070
A,ka100_req67,30,xxxxxxxxxxxxxxxx0.000003,0.000000,0.000000,0.000049,0.000062
A,ka100_req68,30,xxxxxxxxxxxxxxxx0.000002,0.000000,0.000000,0.000045,0.000058
A,ka100_req69,30,xxxxxxxxxxxxxxxx0.000002,0.000000,0.000000,0.000047,0.000060
A,ka100_req70,30,xxxxxxxxxxxxxxxx0.000002,0.000000,0.000000,0.000045,0.000057
A,ka100_req71,30,xxxxxxxxxxxxxxxx0.000002,0.000000,0.000000,0.000046,0.000060
A,ka100_req72,30,xxxxxxxxxxxxxxxx0.000003,0.000000,0.000000,0.000054,0.000066
A,ka100_req73,30,xxxxxxxxxxxxxxxx0.000003,0.000000,0.000000,0.000045,0.000058
A,ka100_req74,30,xxxxxxxxxxxxxxxx0.000002,0.000000,0.000000,0.000045,0.000057
A,ka100_req75,30,xxxxxxxxxxxxxxxx0.000002,0.000000,0.000000,0.000049,0.000055
A,ka100_req76,30,xxxxxxxxxxxxxxxx0.000003,0.000000,0.000000,0.000057,0.000071
A,ka100_req77,30,xxxxxxxxxxxxxxxx0.000002,0.000000,0.000000,0.000048,0.000060
A,ka100_req78,30,xxxxxxxxxxxxxxxx0.000003,0.000000,0.000000,0.000050,0.000061
A,ka100_req79,30,xxxxxxxxxxxxxxxx0.000002,0.000000,0.000000,0.000051,0.000063
A,ka100_req80,30,xxxxxxxxxxxxxxxx0.000002,0.000000,0.000000,0.000049,0.000061
A,ka100_req81,30,xxxxxxxxxxxxxxxx0.000002,0.000000,0.000000,0.000052,0.000064
A,ka100_req82,30,xxxxxxxxxxxxxxxx0.000002,0.000000,0.000000,0.000051,0.000064
A,ka100_req83,30,xxxxxxxxxxxxxxxx0.000002,0.000000,0.000000,0.000050,0.000063
A,ka100_req84,30,xxxxxxxxxxxxxxxx0.000002,0.000000,0.000000,0.000050,0.000063
A,ka100_req85,30,xxxxxxxxxxxxxxxx0.000002,0.000000,0.000000,0.000050,0.000063
A,ka100_req86,30,xxxxxxxxxxxxxxxx0.000002,0.000000,0.000000,0.000049,0.000063
A,ka100_req87,30,xxxxxxxxxxxxxxxx0.000002,0.000000,0.000000,0.000052,0.000066
A,ka100_req88,30,xxxxxxxxxxxxxxxx0.000002,0.000000,0.000000,0.000051,0.000063
A,ka100_req89,30,xxxxxxxxxxxxxxxx0.000002,0.000000,0.000000,0.000049,0.000061
A,ka100_req90,30,xxxxxxxxxxxxxxxx0.000002,0.000000,0.000000,0.000050,0.000062
A,ka100_req91,30,xxxxxxxxxxxxxxxx0.000002,0.000000,0.000000,0.000049,0.000062
A,ka100_req92,30,xxxxxxxxxxxxxxxx0.000002,0.000000,0.000000,0.000049,0.000061
A,ka100_req93,30,xxxxxxxxxxxxxxxx0.000002,0.000000,0.000000,0.000052,0.000064
A,ka100_req94,30,xxxxxxxxxxxxxxxx0.000002,0.000000,0.000000,0.000049,0.000061
A,ka100_req95,30,xxxxxxxxxxxxxxxx0.000003,0.000000,0.000000,0.000052,0.000064
A,ka100_req96,30,xxxxxxxxxxxxxxxx0.000002,0.000000,0.000000,0.000050,0.000062
A,ka100_req97,30,xxxxxxxxxxxxxxxx0.000002,0.000000,0.000000,0.000050,0.000062
A,ka100_req98,30,xxxxxxxxxxxxxxxx0.000002,0.000000,0.000000,0.000049,0.000061
A,ka100_req99,30,xxxxxxxxxxxxxxxx0.000002,0.000000,0.000000,0.000049,0.000061
A,ka100_req100,30,xxxxxxxxxxxxxxxx0.000002,0.000000,0.000000,0.000049,0.000062
A,hdr_1k,1,0.000006,0.000086,0.000737,0.000910,0.000934
A,hdr_1k,2,0.000006,0.000096,0.000785,0.000956,0.000984
A,hdr_1k,3,0.000005,0.000070,0.000735,0.000914,0.000940
A,hdr_1k,4,0.000006,0.000076,0.000682,0.000834,0.000859
A,hdr_1k,5,0.000007,0.000088,0.000758,0.000932,0.000964
A,hdr_1k,6,0.000007,0.000084,0.000721,0.000885,0.000916
A,hdr_1k,7,0.000005,0.000065,0.000693,0.000825,0.000853
A,hdr_1k,8,0.000008,0.000102,0.000869,0.001096,0.001129
A,hdr_1k,9,0.000006,0.000072,0.000714,0.000893,0.000925
A,hdr_1k,10,0.000006,0.000075,0.000715,0.000877,0.000904
A,hdr_1k,11,0.000006,0.000071,0.000710,0.000861,0.000893
A,hdr_1k,12,0.000006,0.000069,0.000700,0.000845,0.000873
A,hdr_1k,13,0.000005,0.000065,0.000677,0.000802,0.000829
A,hdr_1k,14,0.000006,0.000074,0.000713,0.000869,0.000900
A,hdr_1k,15,0.000005,0.000069,0.000685,0.000843,0.000870
A,hdr_1k,16,0.000006,0.000073,0.000685,0.000838,0.000875
A,hdr_1k,17,0.000005,0.000067,0.000681,0.000833,0.000864
A,hdr_1k,18,0.000006,0.000066,0.000695,0.000831,0.000857
A,hdr_1k,19,0.000006,0.000069,0.000725,0.000899,0.000922
A,hdr_1k,20,0.000005,0.000062,0.000634,0.000761,0.000789
A,hdr_1k,21,0.000006,0.000073,0.000691,0.000822,0.000850
A,hdr_1k,22,0.000008,0.000076,0.000675,0.000845,0.000867
A,hdr_1k,23,0.000007,0.000073,0.000660,0.000804,0.000826
A,hdr_1k,24,0.000006,0.000081,0.000729,0.000900,0.000932
A,hdr_1k,25,0.000016,0.000095,0.000759,0.000953,0.000983
A,hdr_1k,26,0.000005,0.000060,0.000695,0.000862,0.000894
A,hdr_1k,27,0.000008,0.000075,0.000701,0.000857,0.000885
A,hdr_1k,28,0.000009,0.000080,0.000756,0.000935,0.000964
A,hdr_1k,29,0.000006,0.000063,0.000693,0.000835,0.000864
A,hdr_1k,30,0.000009,0.000118,0.000785,0.000961,0.000992
A,hdr_4k,1,0.000006,0.000083,0.000742,0.000951,0.000981
A,hdr_4k,2,0.000006,0.000067,0.000706,0.000885,0.000910
A,hdr_4k,3,0.000006,0.000082,0.000699,0.000883,0.000909
A,hdr_4k,4,0.000005,0.000069,0.000705,0.000868,0.000899
A,hdr_4k,5,0.000005,0.000068,0.000698,0.000876,0.000906
A,hdr_4k,6,0.000005,0.000063,0.000647,0.000809,0.000833
A,hdr_4k,7,0.000005,0.000063,0.000657,0.000807,0.000830
A,hdr_4k,8,0.000006,0.000076,0.000713,0.000873,0.000901
A,hdr_4k,9,0.000005,0.000069,0.000687,0.000850,0.000880
A,hdr_4k,10,0.000006,0.000069,0.000691,0.000844,0.000871
A,hdr_4k,11,0.000006,0.000142,0.000751,0.000932,0.000955
A,hdr_4k,12,0.000004,0.000124,0.000729,0.000894,0.000915
A,hdr_4k,13,0.000004,0.000115,0.000735,0.000905,0.000926
A,hdr_4k,14,0.000006,0.000113,0.000724,0.000896,0.000918
A,hdr_4k,15,0.000005,0.000124,0.000728,0.000888,0.000909
A,hdr_4k,16,0.000012,0.000120,0.000833,0.001052,0.001086
A,hdr_4k,17,0.000004,0.000131,0.000744,0.000921,0.000945
A,hdr_4k,18,0.000006,0.000129,0.000747,0.000915,0.000936
A,hdr_4k,19,0.000005,0.000141,0.000769,0.000954,0.000978
A,hdr_4k,20,0.000006,0.000125,0.000729,0.000903,0.000924
A,hdr_4k,21,0.000005,0.000138,0.000744,0.000936,0.000956
A,hdr_4k,22,0.000005,0.000109,0.000702,0.000906,0.000929
A,hdr_4k,23,0.000007,0.000120,0.000756,0.000951,0.000975
A,hdr_4k,24,0.000007,0.000112,0.000856,0.001086,0.001119
A,hdr_4k,25,0.000007,0.000169,0.001021,0.001286,0.001322
A,hdr_4k,26,0.000007,0.000175,0.000902,0.001132,0.001161
A,hdr_4k,27,0.000007,0.000167,0.000965,0.001276,0.001311
A,hdr_4k,28,0.000008,0.000136,0.000898,0.001246,0.001284
A,hdr_4k,29,0.000007,0.000112,0.000860,0.001070,0.001097
A,hdr_4k,30,0.000008,0.000125,0.000900,0.001151,0.001189
A,hdr_12k,1,0.000008,0.000179,0.001044,0.001385,0.001411
A,hdr_12k,2,0.000007,0.000137,0.000911,0.001219,0.001252
A,hdr_12k,3,0.000006,0.000153,0.000858,0.001155,0.001184
A,hdr_12k,4,0.000007,0.000140,0.000886,0.001193,0.001225
A,hdr_12k,5,0.000006,0.000166,0.000845,0.001131,0.001157
A,hdr_12k,6,0.000006,0.000151,0.000788,0.001073,0.001094
A,hdr_12k,7,0.000007,0.000178,0.000873,0.001176,0.001206
A,hdr_12k,8,0.000005,0.000143,0.000790,0.001082,0.001105
A,hdr_12k,9,0.000005,0.000150,0.000776,0.001067,0.001090
A,hdr_12k,10,0.000005,0.000158,0.000797,0.001084,0.001109
A,hdr_12k,11,0.000006,0.000141,0.000794,0.001061,0.001087
A,hdr_12k,12,0.000006,0.000143,0.000766,0.001087,0.001119
A,hdr_12k,13,0.000006,0.000168,0.000841,0.001152,0.001177
A,hdr_12k,14,0.000005,0.000153,0.000808,0.001088,0.001112
A,hdr_12k,15,0.000005,0.000147,0.000803,0.001075,0.001097
A,hdr_12k,16,0.000006,0.000146,0.000883,0.001210,0.001244
A,hdr_12k,17,0.000006,0.000157,0.000815,0.001087,0.001109
A,hdr_12k,18,0.000004,0.000140,0.000787,0.001056,0.001078
A,hdr_12k,19,0.000005,0.000148,0.000795,0.001073,0.001097
A,hdr_12k,20,0.000006,0.000154,0.000769,0.001038,0.001060
A,hdr_12k,21,0.000006,0.000134,0.000807,0.001098,0.001120
A,hdr_12k,22,0.000005,0.000133,0.000755,0.001041,0.001065
A,hdr_12k,23,0.000006,0.000161,0.000853,0.001126,0.001160
A,hdr_12k,24,0.000005,0.000146,0.000788,0.001080,0.001102
A,hdr_12k,25,0.000006,0.000146,0.000756,0.001024,0.001046
A,hdr_12k,26,0.000005,0.000142,0.000806,0.001082,0.001111
A,hdr_12k,27,0.000006,0.000173,0.000880,0.001173,0.001200
A,hdr_12k,28,0.000007,0.000154,0.000881,0.001155,0.001190
A,hdr_12k,29,0.000007,0.000137,0.000773,0.001050,0.001073
A,hdr_12k,30,0.000005,0.000141,0.000831,0.001087,0.001109
