B,resp_1k,1,0.000013,0.000120,0.056344,0.057583,0.057609
B,resp_1k,2,0.000009,0.000046,0.014595,0.015610,0.015639
B,resp_1k,3,0.000009,0.000049,0.013859,0.014774,0.014799
B,resp_1k,4,0.000009,0.000043,0.013853,0.014725,0.014748
B,resp_1k,5,0.000008,0.000041,0.013747,0.014574,0.014593
B,resp_1k,6,0.000008,0.000035,0.013643,0.014400,0.014417
B,resp_1k,7,0.000008,0.000034,0.013671,0.014577,0.014598
B,resp_1k,8,0.000009,0.000041,0.013655,0.014459,0.014477
B,resp_1k,9,0.000010,0.000057,0.013455,0.014218,0.014236
B,resp_1k,10,0.000008,0.000030,0.013240,0.013998,0.014014
B,resp_1k,11,0.000008,0.000034,0.013512,0.014376,0.014394
B,resp_1k,12,0.000008,0.000037,0.013634,0.014728,0.014756
B,resp_1k,13,0.000007,0.000031,0.013253,0.014347,0.014361
B,resp_1k,14,0.000007,0.000029,0.013352,0.014464,0.014508
B,resp_1k,15,0.000008,0.000041,0.013756,0.014750,0.014775
B,resp_1k,16,0.000008,0.000041,0.013479,0.014750,0.014773
B,resp_1k,17,0.000008,0.000035,0.013437,0.014589,0.014605
B,resp_1k,18,0.000007,0.000029,0.013266,0.014500,0.014517
B,resp_1k,19,0.000007,0.000029,0.013498,0.014813,0.014831
B,resp_1k,20,0.000007,0.000028,0.013445,0.015175,0.015193
B,resp_1k,21,0.000009,0.000035,0.013145,0.014611,0.014626
B,resp_1k,22,0.000007,0.000026,0.013191,0.014686,0.014701
B,resp_1k,23,0.000007,0.000027,0.013281,0.014802,0.014816
B,resp_1k,24,0.000007,0.000027,0.013284,0.014595,0.014611
B,resp_1k,25,0.000007,0.000025,0.013156,0.014922,0.014936
B,resp_1k,26,0.000006,0.000029,0.013312,0.014687,0.014701
B,resp_1k,27,0.000008,0.000030,0.013101,0.014521,0.014534
B,resp_1k,28,0.000007,0.000026,0.013542,0.015018,0.015031
B,resp_1k,29,0.000010,0.000035,0.013449,0.014479,0.014493
B,resp_1k,30,0.000007,0.000027,0.013374,0.014866,0.014880
B,req_1k,1,0.000007,0.000028,0.013290,0.014719,0.014735
B,req_1k,2,0.000007,0.000026,0.013132,0.014567,0.014581
B,req_1k,3,0.000009,0.000032,0.013198,0.014662,0.014679
B,req_1k,4,0.000006,0.000023,0.013345,0.014604,0.014623
B,req_1k,5,0.000007,0.000026,0.012999,0.014423,0.014439
B,req_1k,6,0.000007,0.000027,0.013290,0.014427,0.014443
B,req_1k,7,0.000007,0.000026,0.013125,0.014582,0.014599
B,req_1k,8,0.000007,0.000030,0.013179,0.014657,0.014675
B,req_1k,9,0.000009,0.000031,0.013231,0.014789,0.014803
B,req_1k,10,0.000006,0.000024,0.013413,0.014831,0.014846
B,req_1k,11,0.000007,0.000029,0.013109,0.014564,0.014581
B,req_1k,12,0.000006,0.000025,0.013203,0.014626,0.014643
B,req_1k,13,0.000006,0.000023,0.013173,0.014609,0.014626
B,req_1k,14,0.000007,0.000027,0.013068,0.014506,0.014521
B,req_1k,15,0.000015,0.000035,0.013188,0.014650,0.014666
B,req_1k,16,0.000007,0.000026,0.013336,0.014730,0.014747
B,req_1k,17,0.000007,0.000026,0.013061,0.014442,0.014460
B,req_1k,18,0.000007,0.000028,0.013215,0.014693,0.014709
B,req_1k,19,0.000006,0.000026,0.013155,0.014393,0.014412
B,req_1k,20,0.000007,0.000026,0.013234,0.014765,0.014785
B,req_1k,21,0.000007,0.000026,0.013254,0.014347,0.014364
B,req_1k,22,0.000007,0.000027,0.013168,0.014623,0.014640
B,req_1k,23,0.000006,0.000029,0.013253,0.014519,0.014536
B,req_1k,24,0.000007,0.000026,0.013197,0.014722,0.014739
B,req_1k,25,0.000007,0.000031,0.013264,0.014635,0.014651
B,req_1k,26,0.000006,0.000026,0.013056,0.014360,0.014378
B,req_1k,27,0.000007,0.000026,0.013076,0.014374,0.014390
B,req_1k,28,0.000008,0.000039,0.013756,0.015200,0.015226
B,req_1k,29,0.000009,0.000040,0.013667,0.015317,0.015338
B,req_1k,30,0.000007,0.000028,0.013506,0.015012,0.015028
B,resp_100k,1,0.000007,0.000029,0.013144,0.014588,0.015088
B,resp_100k,2,0.000007,0.000027,0.013079,0.014524,0.014964
B,resp_100k,3,0.000007,0.000027,0.013145,0.014359,0.014824
B,resp_100k,4,0.000006,0.000026,0.013087,0.014592,0.015044
B,resp_100k,5,0.000007,0.000027,0.013079,0.014440,0.014933
B,resp_100k,6,0.000007,0.000030,0.013248,0.014884,0.015134
B,resp_100k,7,0.000008,0.000028,0.013225,0.014512,0.015057
B,resp_100k,8,0.000007,0.000028,0.013170,0.014570,0.015010
B,resp_100k,9,0.000008,0.000029,0.013478,0.014784,0.015232
B,resp_100k,10,0.000007,0.000031,0.013298,0.014651,0.015232
B,resp_100k,11,0.000007,0.000033,0.013136,0.014565,0.015025
B,resp_100k,12,0.000007,0.000027,0.013002,0.014598,0.015114
B,resp_100k,13,0.000007,0.000031,0.013260,0.014800,0.015225
B,resp_100k,14,0.000007,0.000029,0.013378,0.014415,0.014918
B,resp_100k,15,0.000007,0.000036,0.013118,0.014513,0.015110
B,resp_100k,16,0.000007,0.000027,0.013146,0.014691,0.015253
B,resp_100k,17,0.000009,0.000036,0.013127,0.014682,0.015173
B,resp_100k,18,0.000007,0.000028,0.013191,0.014722,0.015203
B,resp_100k,19,0.000008,0.000028,0.013137,0.014717,0.015251
B,resp_100k,20,0.000007,0.000027,0.013092,0.014447,0.014915
B,resp_100k,21,0.000008,0.000029,0.013463,0.014676,0.015156
B,resp_100k,22,0.000007,0.000027,0.013219,0.014848,0.015323
B,resp_100k,23,0.000007,0.000027,0.012989,0.014482,0.015054
B,resp_100k,24,0.000007,0.000028,0.013130,0.014202,0.014727
B,resp_100k,25,0.000007,0.000031,0.013246,0.014803,0.015262
B,resp_100k,26,0.000007,0.000029,0.013565,0.014632,0.015184
B,resp_100k,27,0.000008,0.000043,0.013798,0.015395,0.015987
B,resp_100k,28,0.000007,0.000031,0.013482,0.014993,0.015511
B,resp_100k,29,0.000007,0.000027,0.013144,0.014705,0.015230
B,resp_100k,30,0.000008,0.000028,0.013443,0.015311,0.015753
B,req_100k,1,0.000006,0.000031,0.013310,0.013341,0.015064
B,req_100k,2,0.000007,0.000027,0.013244,0.013267,0.014581
B,req_100k,3,0.000008,0.000042,0.013461,0.013498,0.015154
B,req_100k,4,0.000009,0.000049,0.013362,0.013390,0.014802
B,req_100k,5,0.000008,0.000034,0.013581,0.013609,0.015090
B,req_100k,6,0.000008,0.000033,0.013645,0.013672,0.015104
B,req_100k,7,0.000007,0.000029,0.013076,0.013100,0.014338
B,req_100k,8,0.000007,0.000029,0.013462,0.013496,0.014834
B,req_100k,9,0.000007,0.000030,0.013570,0.013596,0.015250
B,req_100k,10,0.000008,0.000028,0.013454,0.013482,0.014947
B,req_100k,11,0.000008,0.000028,0.013167,0.013192,0.014892
B,req_100k,12,0.000009,0.000029,0.013176,0.013213,0.014970
B,req_100k,13,0.000007,0.000031,0.013393,0.013419,0.014721
B,req_100k,14,0.000007,0.000028,0.013154,0.013178,0.014531
B,req_100k,15,0.000008,0.000029,0.013292,0.013317,0.015020
B,req_100k,16,0.000007,0.000028,0.013229,0.013254,0.014721
B,req_100k,17,0.000006,0.000026,0.013211,0.013239,0.014662
B,req_100k,18,0.000008,0.000029,0.013313,0.013340,0.015059
B,req_100k,19,0.000008,0.000030,0.013510,0.013544,0.015013
B,req_100k,20,0.000007,0.000033,0.013175,0.013201,0.015915
B,req_100k,21,0.000007,0.000030,0.013160,0.013187,0.014537
B,req_100k,22,0.000008,0.000029,0.013327,0.013354,0.015074
B,req_100k,23,0.000009,0.000034,0.013682,0.013709,0.015161
B,req_100k,24,0.000008,0.000034,0.013234,0.013259,0.014971
B,req_100k,25,0.000007,0.000029,0.013714,0.013741,0.015059
B,req_100k,26,0.000008,0.000050,0.013646,0.013674,0.015060
B,req_100k,27,0.000008,0.000030,0.013236,0.013263,0.014670
B,req_100k,28,0.000007,0.000029,0.013265,0.013307,0.015035
B,req_100k,29,0.000007,0.000031,0.013008,0.013033,0.014315
B,req_100k,30,0.000007,0.000031,0.013355,0.013380,0.014837
B,resp_1024k,1,0.000007,0.000029,0.013141,0.014642,0.018983
B,resp_1024k,2,0.000008,0.000033,0.013378,0.014674,0.019178
B,resp_1024k,3,0.000008,0.000041,0.013499,0.014899,0.019243
B,resp_1024k,4,0.000008,0.000032,0.013101,0.014538,0.018641
B,resp_1024k,5,0.000008,0.000035,0.013377,0.014889,0.019026
B,resp_1024k,6,0.000008,0.000034,0.013300,0.014601,0.018897
B,resp_1024k,7,0.000007,0.000030,0.013485,0.015151,0.019256
B,resp_1024k,8,0.000008,0.000033,0.013273,0.014938,0.019372
B,resp_1024k,9,0.000007,0.000038,0.013428,0.014986,0.019266
B,resp_1024k,10,0.000008,0.000035,0.013676,0.015209,0.019549
B,resp_1024k,11,0.000007,0.000037,0.013196,0.014772,0.018987
B,resp_1024k,12,0.000009,0.000033,0.013363,0.014531,0.018671
B,resp_1024k,13,0.000015,0.000041,0.013320,0.014850,0.018944
B,resp_1024k,14,0.000008,0.000032,0.013370,0.014902,0.019192
B,resp_1024k,15,0.000008,0.000032,0.013333,0.014948,0.019459
B,resp_1024k,16,0.000007,0.000031,0.013301,0.014865,0.020932
B,resp_1024k,17,0.000010,0.000040,0.013430,0.015147,0.019473
B,resp_1024k,18,0.000007,0.000031,0.016979,0.018561,0.022744
B,resp_1024k,19,0.000009,0.000035,0.013392,0.015006,0.019261
B,resp_1024k,20,0.000008,0.000033,0.013501,0.015086,0.018980
B,resp_1024k,21,0.000007,0.000031,0.013199,0.014646,0.018830
B,resp_1024k,22,0.000007,0.000047,0.013471,0.014990,0.019307
B,resp_1024k,23,0.000008,0.000030,0.013243,0.014329,0.018640
B,resp_1024k,24,0.000008,0.000032,0.013237,0.014514,0.018851
B,resp_1024k,25,0.000008,0.000035,0.013623,0.015116,0.019123
B,resp_1024k,26,0.000008,0.000036,0.013523,0.015025,0.019333
B,resp_1024k,27,0.000007,0.000032,0.013148,0.014606,0.018689
B,resp_1024k,28,0.000007,0.000050,0.013398,0.014867,0.019272
B,resp_1024k,29,0.000007,0.000033,0.013330,0.014725,0.018821
B,resp_1024k,30,0.000007,0.000059,0.013318,0.014885,0.019062
B,req_1024k,1,0.000008,0.000041,0.013317,0.013344,0.018194
B,req_1024k,2,0.000009,0.000047,0.015719,0.015750,0.021942
B,req_1024k,3,0.000010,0.000048,0.015157,0.015196,0.019487
B,req_1024k,4,0.000009,0.000051,0.015875,0.015908,0.024901
B,req_1024k,5,0.000009,0.000050,0.014944,0.014974,0.019438
B,req_1024k,6,0.000012,0.000054,0.014429,0.014459,0.019012
B,req_1024k,7,0.000011,0.000052,0.014717,0.014746,0.019034
B,req_1024k,8,0.000009,0.000053,0.014088,0.014118,0.019658
B,req_1024k,9,0.000009,0.000049,0.014124,0.014151,0.018458
B,req_1024k,10,0.000009,0.000047,0.013950,0.013975,0.018130
B,req_1024k,11,0.000011,0.000046,0.013882,0.013910,0.017915
B,req_1024k,12,0.000008,0.000042,0.013870,0.013894,0.017947
B,req_1024k,13,0.000014,0.000049,0.013395,0.013427,0.017894
B,req_1024k,14,0.000011,0.000045,0.013852,0.013882,0.018057
B,req_1024k,15,0.000008,0.000045,0.013720,0.013751,0.018115
B,req_1024k,16,0.000009,0.000042,0.013630,0.013655,0.017801
B,req_1024k,17,0.000007,0.000042,0.013759,0.013788,0.018040
B,req_1024k,18,0.000008,0.000046,0.014161,0.014190,0.018428
B,req_1024k,19,0.000008,0.000043,0.013652,0.013678,0.018210
B,req_1024k,20,0.000009,0.000042,0.013547,0.013573,0.017720
B,req_1024k,21,0.000008,0.000039,0.013394,0.013419,0.017579
B,req_1024k,22,0.000008,0.000036,0.013484,0.013513,0.017655
B,req_1024k,23,0.000007,0.000036,0.013363,0.013389,0.017640
B,req_1024k,24,0.000008,0.000043,0.013472,0.013498,0.017670
B,req_1024k,25,0.000007,0.000035,0.013313,0.013340,0.018028
B,req_1024k,26,0.000008,0.000034,0.013458,0.013487,0.017994
B,req_1024k,27,0.000008,0.000032,0.013603,0.013636,0.018087
B,req_1024k,28,0.000007,0.000035,0.013541,0.013569,0.018126
B,req_1024k,29,0.000008,0.000032,0.013195,0.013220,0.017528
B,req_1024k,30,0.000009,0.000031,0.013229,0.013253,0.017985
B,resp_10240k,1,0.000014,0.000044,0.013599,0.014985,0.058204
B,resp_10240k,2,0.000009,0.000041,0.013669,0.014975,0.059303
B,resp_10240k,3,0.000009,0.000044,0.013416,0.014630,0.056899
B,resp_10240k,4,0.000009,0.000039,0.013503,0.015139,0.060204
B,resp_10240k,5,0.000009,0.000044,0.013672,0.015407,0.059293
B,resp_10240k,6,0.000009,0.000044,0.013646,0.015028,0.056138
B,resp_10240k,7,0.000008,0.000041,0.013756,0.015291,0.058531
B,resp_10240k,8,0.000009,0.000040,0.013539,0.015186,0.059011
B,resp_10240k,9,0.000009,0.000045,0.013824,0.015156,0.059574
B,resp_10240k,10,0.000009,0.000044,0.013912,0.015551,0.058964
B,resp_10240k,11,0.000008,0.000043,0.013901,0.015611,0.057097
B,resp_10240k,12,0.000009,0.000041,0.013663,0.015232,0.058382
B,resp_10240k,13,0.000009,0.000045,0.013584,0.014897,0.061111
B,resp_10240k,14,0.000009,0.000040,0.013761,0.015428,0.058605
B,resp_10240k,15,0.000012,0.000047,0.013841,0.014930,0.058073
B,resp_10240k,16,0.000009,0.000040,0.013769,0.015383,0.057157
B,resp_10240k,17,0.000009,0.000040,0.013471,0.015128,0.057425
B,resp_10240k,18,0.000009,0.000096,0.014018,0.015486,0.056744
B,resp_10240k,19,0.000008,0.000041,0.013657,0.015256,0.058238
B,resp_10240k,20,0.000009,0.000043,0.013666,0.015269,0.056333
B,resp_10240k,21,0.000009,0.000045,0.013622,0.014840,0.059207
B,resp_10240k,22,0.000011,0.000043,0.013771,0.015458,0.057663
B,resp_10240k,23,0.000009,0.000042,0.013977,0.015582,0.057602
B,resp_10240k,24,0.000009,0.000041,0.013626,0.014950,0.061698
B,resp_10240k,25,0.000009,0.000049,0.014227,0.015549,0.058466
B,resp_10240k,26,0.000009,0.000046,0.013659,0.015370,0.059440
B,resp_10240k,27,0.000009,0.000042,0.013949,0.015446,0.059991
B,resp_10240k,28,0.000009,0.000039,0.013984,0.015525,0.057461
B,resp_10240k,29,0.000009,0.000045,0.013921,0.015553,0.059490
B,resp_10240k,30,0.000009,0.000044,0.013841,0.015514,0.057581
B,req_10240k,1,0.000010,0.000061,0.014183,0.014222,0.049775
B,req_10240k,2,0.000009,0.000057,0.013805,0.013832,0.044807
B,req_10240k,3,0.000010,0.000062,0.013874,0.013902,0.044802
B,req_10240k,4,0.000010,0.000057,0.014043,0.014071,0.045366
B,req_10240k,5,0.000012,0.000068,0.014121,0.014147,0.044946
B,req_10240k,6,0.000009,0.000057,0.014032,0.014063,0.044873
B,req_10240k,7,0.000011,0.000059,0.014152,0.014180,0.045163
B,req_10240k,8,0.000011,0.000057,0.014250,0.014276,0.047859
B,req_10240k,9,0.000010,0.000060,0.013854,0.013883,0.049435
B,req_10240k,10,0.000009,0.000062,0.013748,0.013773,0.045022
B,req_10240k,11,0.000009,0.000059,0.013849,0.013876,0.045596
B,req_10240k,12,0.000011,0.000061,0.014163,0.014190,0.046418
B,req_10240k,13,0.000011,0.000065,0.014085,0.014115,0.044573
B,req_10240k,14,0.000009,0.000059,0.014134,0.014166,0.045850
B,req_10240k,15,0.000010,0.000060,0.014053,0.014079,0.047901
B,req_10240k,16,0.000010,0.000057,0.013946,0.013973,0.050325
B,req_10240k,17,0.000011,0.000057,0.014173,0.014202,0.047731
B,req_10240k,18,0.000011,0.000064,0.014099,0.014130,0.047494
B,req_10240k,19,0.000010,0.000061,0.013931,0.013958,0.045154
B,req_10240k,20,0.000010,0.000055,0.014191,0.014220,0.049405
B,req_10240k,21,0.000010,0.000059,0.013896,0.013924,0.046168
B,req_10240k,22,0.000009,0.000056,0.014065,0.014096,0.046009
B,req_10240k,23,0.000010,0.000059,0.014061,0.014096,0.046298
B,req_10240k,24,0.000010,0.000059,0.014019,0.014046,0.045532
B,req_10240k,25,0.000012,0.000064,0.014013,0.014041,0.045398
B,req_10240k,26,0.000009,0.000061,0.014024,0.014053,0.047448
B,req_10240k,27,0.000009,0.000056,0.013975,0.014002,0.046179
B,req_10240k,28,0.000013,0.000064,0.014274,0.014303,0.046806
B,req_10240k,29,0.000012,0.000062,0.014155,0.014181,0.045932
B,req_10240k,30,0.000009,0.000067,0.013896,0.013922,0.049061
B,ka1_req1,1,0.000009,0.000042,0.013828,0.014567,0.014587
B,ka1_req1,2,0.000007,0.000036,0.013524,0.014220,0.014240
B,ka1_req1,3,0.000007,0.000032,0.013664,0.014345,0.014365
B,ka1_req1,4,0.000008,0.000031,0.013409,0.014096,0.014117
B,ka1_req1,5,0.000008,0.000032,0.013422,0.014270,0.014292
B,ka1_req1,6,0.000008,0.000052,0.013479,0.014143,0.014162
B,ka1_req1,7,0.000008,0.000035,0.013447,0.014163,0.014180
B,ka1_req1,8,0.000008,0.000035,0.013332,0.013984,0.014005
B,ka1_req1,9,0.000008,0.000034,0.013458,0.014119,0.014137
B,ka1_req1,10,0.000008,0.000032,0.013305,0.013994,0.014013
B,ka1_req1,11,0.000007,0.000035,0.013460,0.014403,0.014422
B,ka1_req1,12,0.000007,0.000045,0.013658,0.014567,0.014586
B,ka1_req1,13,0.000006,0.000027,0.013260,0.014270,0.014288
B,ka1_req1,14,0.000006,0.000024,0.013385,0.014734,0.014748
B,ka1_req1,15,0.000006,0.000029,0.013711,0.015108,0.015125
B,ka1_req1,16,0.000007,0.000029,0.013300,0.014758,0.014776
B,ka1_req1,17,0.000007,0.000029,0.013204,0.014627,0.014641
B,ka1_req1,18,0.000007,0.000029,0.013277,0.014492,0.014509
B,ka1_req1,19,0.000007,0.000027,0.013105,0.014472,0.014487
B,ka1_req1,20,0.000007,0.000025,0.013128,0.014560,0.014579
B,ka1_req1,21,0.000007,0.000028,0.013148,0.014719,0.014740
B,ka1_req1,22,0.000007,0.000029,0.013314,0.014768,0.014785
B,ka1_req1,23,0.000007,0.000027,0.013148,0.014545,0.014560
B,ka1_req1,24,0.000007,0.000026,0.013206,0.014558,0.014577
B,ka1_req1,25,0.000006,0.000025,0.012938,0.014225,0.014239
B,ka1_req1,26,0.000007,0.000026,0.013145,0.014572,0.014585
B,ka1_req1,27,0.000007,0.000029,0.013135,0.014433,0.014459
B,ka1_req1,28,0.000007,0.000027,0.013353,0.014819,0.014836
B,ka1_req1,29,0.000006,0.000024,0.013176,0.014096,0.014113
B,ka1_req1,30,0.000007,0.000025,0.013348,0.014691,0.014708
B,ka10_req1,1,0.000007,0.000030,0.013237,0.014550,0.014566
B,ka10_req2,1,xxxxxxxxxxxxxxxx0.000005,0.000000,0.000000,0.000282,0.000292
B,ka10_req3,1,xxxxxxxxxxxxxxxx0.000006,0.000000,0.000000,0.000377,0.000385
B,ka10_req4,1,xxxxxxxxxxxxxxxx0.000005,0.000000,0.000000,0.000343,0.000349
B,ka10_req5,1,xxxxxxxxxxxxxxxx0.000003,0.000000,0.000000,0.000331,0.000342
B,ka10_req6,1,xxxxxxxxxxxxxxxx0.000007,0.000000,0.000000,0.000306,0.000318
B,ka10_req7,1,xxxxxxxxxxxxxxxx0.000006,0.000000,0.000000,0.000297,0.000305
B,ka10_req8,1,xxxxxxxxxxxxxxxx0.000004,0.000000,0.000000,0.000312,0.000360
B,ka10_req9,1,xxxxxxxxxxxxxxxx0.000004,0.000000,0.000000,0.000306,0.000314
B,ka10_req10,1,xxxxxxxxxxxxxxxx0.000006,0.000000,0.000000,0.000297,0.000305
B,ka10_req1,2,0.000007,0.000029,0.013416,0.014353,0.014370
B,ka10_req2,2,xxxxxxxxxxxxxxxx0.000007,0.000000,0.000000,0.000284,0.000293
B,ka10_req3,2,xxxxxxxxxxxxxxxx0.000005,0.000000,0.000000,0.000265,0.000274
B,ka10_req4,2,xxxxxxxxxxxxxxxx0.000005,0.000000,0.000000,0.000324,0.000331
B,ka10_req5,2,xxxxxxxxxxxxxxxx0.000005,0.000000,0.000000,0.000308,0.000316
B,ka10_req6,2,xxxxxxxxxxxxxxxx0.000004,0.000000,0.000000,0.000277,0.000284
B,ka10_req7,2,xxxxxxxxxxxxxxxx0.000003,0.000000,0.000000,0.000285,0.000296
B,ka10_req8,2,xxxxxxxxxxxxxxxx0.000009,0.000000,0.000000,0.000321,0.000328
B,ka10_req9,2,xxxxxxxxxxxxxxxx0.000003,0.000000,0.000000,0.000320,0.000331
B,ka10_req10,2,xxxxxxxxxxxxxxxx0.000008,0.000000,0.000000,0.000279,0.000310
B,ka10_req1,3,0.000009,0.000036,0.013530,0.014739,0.014768
B,ka10_req2,3,xxxxxxxxxxxxxxxx0.000006,0.000000,0.000000,0.000321,0.000330
B,ka10_req3,3,xxxxxxxxxxxxxxxx0.000004,0.000000,0.000000,0.000293,0.000301
B,ka10_req4,3,xxxxxxxxxxxxxxxx0.000003,0.000000,0.000000,0.000312,0.000321
B,ka10_req5,3,xxxxxxxxxxxxxxxx0.000007,0.000000,0.000000,0.000310,0.000319
B,ka10_req6,3,xxxxxxxxxxxxxxxx0.000005,0.000000,0.000000,0.000370,0.000380
B,ka10_req7,3,xxxxxxxxxxxxxxxx0.000006,0.000000,0.000000,0.000326,0.000334
B,ka10_req8,3,xxxxxxxxxxxxxxxx0.000004,0.000000,0.000000,0.000322,0.000330
B,ka10_req9,3,xxxxxxxxxxxxxxxx0.000003,0.000000,0.000000,0.000288,0.000297
B,ka10_req10,3,xxxxxxxxxxxxxxxx0.000006,0.000000,0.000000,0.000264,0.000272
B,ka10_req1,4,0.000007,0.000030,0.013611,0.015030,0.015046
B,ka10_req2,4,xxxxxxxxxxxxxxxx0.000005,0.000000,0.000000,0.000284,0.000296
B,ka10_req3,4,xxxxxxxxxxxxxxxx0.000005,0.000000,0.000000,0.000287,0.000297
B,ka10_req4,4,xxxxxxxxxxxxxxxx0.000006,0.000000,0.000000,0.000257,0.000264
B,ka10_req5,4,xxxxxxxxxxxxxxxx0.000004,0.000000,0.000000,0.000352,0.000363
B,ka10_req6,4,xxxxxxxxxxxxxxxx0.000007,0.000000,0.000000,0.000313,0.000321
B,ka10_req7,4,xxxxxxxxxxxxxxxx0.000004,0.000000,0.000000,0.000281,0.000288
B,ka10_req8,4,xxxxxxxxxxxxxxxx0.000004,0.000000,0.000000,0.000319,0.000325
B,ka10_req9,4,xxxxxxxxxxxxxxxx0.000004,0.000000,0.000000,0.000284,0.000293
B,ka10_req10,4,xxxxxxxxxxxxxxxx0.000005,0.000000,0.000000,0.000255,0.000262
B,ka10_req1,5,0.000008,0.000033,0.013221,0.014612,0.014629
B,ka10_req2,5,xxxxxxxxxxxxxxxx0.000005,0.000000,0.000000,0.000258,0.000268
B,ka10_req3,5,xxxxxxxxxxxxxxxx0.000006,0.000000,0.000000,0.000321,0.000327
B,ka10_req4,5,xxxxxxxxxxxxxxxx0.000004,0.000000,0.000000,0.000301,0.000308
B,ka10_req5,5,xxxxxxxxxxxxxxxx0.000003,0.000000,0.000000,0.000262,0.000272
B,ka10_req6,5,xxxxxxxxxxxxxxxx0.000008,0.000000,0.000000,0.000300,0.000309
B,ka10_req7,5,xxxxxxxxxxxxxxxx0.000005,0.000000,0.000000,0.000296,0.000304
B,ka10_req8,5,xxxxxxxxxxxxxxxx0.000004,0.000000,0.000000,0.000318,0.000331
B,ka10_req9,5,xxxxxxxxxxxxxxxx0.000004,0.000000,0.000000,0.000258,0.000301
B,ka10_req10,5,xxxxxxxxxxxxxxxx0.000004,0.000000,0.000000,0.000277,0.000284
B,ka10_req1,6,0.000007,0.000027,0.013424,0.014917,0.014936
B,ka10_req2,6,xxxxxxxxxxxxxxxx0.000005,0.000000,0.000000,0.000284,0.000293
B,ka10_req3,6,xxxxxxxxxxxxxxxx0.000006,0.000000,0.000000,0.000316,0.000324
B,ka10_req4,6,xxxxxxxxxxxxxxxx0.000006,0.000000,0.000000,0.000324,0.000329
B,ka10_req5,6,xxxxxxxxxxxxxxxx0.000004,0.000000,0.000000,0.000307,0.000314
B,ka10_req6,6,xxxxxxxxxxxxxxxx0.000003,0.000000,0.000000,0.000308,0.000317
B,ka10_req7,6,xxxxxxxxxxxxxxxx0.000004,0.000000,0.000000,0.000305,0.000311
B,ka10_req8,6,xxxxxxxxxxxxxxxx0.000003,0.000000,0.000000,0.000328,0.000335
B,ka10_req9,6,xxxxxxxxxxxxxxxx0.000004,0.000000,0.000000,0.000276,0.000291
B,ka10_req10,6,xxxxxxxxxxxxxxxx0.000003,0.000000,0.000000,0.000275,0.000303
B,ka10_req1,7,0.000007,0.000027,0.013470,0.014913,0.014930
B,ka10_req2,7,xxxxxxxxxxxxxxxx0.000005,0.000000,0.000000,0.000269,0.000281
B,ka10_req3,7,xxxxxxxxxxxxxxxx0.000006,0.000000,0.000000,0.000289,0.000296
B,ka10_req4,7,xxxxxxxxxxxxxxxx0.000004,0.000000,0.000000,0.000295,0.000302
B,ka10_req5,7,xxxxxxxxxxxxxxxx0.000004,0.000000,0.000000,0.000323,0.000330
B,ka10_req6,7,xxxxxxxxxxxxxxxx0.000005,0.000000,0.000000,0.000296,0.000302
B,ka10_req7,7,xxxxxxxxxxxxxxxx0.000003,0.000000,0.000000,0.000269,0.000275
B,ka10_req8,7,xxxxxxxxxxxxxxxx0.000004,0.000000,0.000000,0.000288,0.000301
B,ka10_req9,7,xxxxxxxxxxxxxxxx0.000004,0.000000,0.000000,0.000236,0.000250
B,ka10_req10,7,xxxxxxxxxxxxxxxx0.000003,0.000000,0.000000,0.000251,0.000260
B,ka10_req1,8,0.000007,0.000026,0.013489,0.014894,0.014911
B,ka10_req2,8,xxxxxxxxxxxxxxxx0.000005,0.000000,0.000000,0.000285,0.000293
B,ka10_req3,8,xxxxxxxxxxxxxxxx0.000004,0.000000,0.000000,0.000256,0.000264
B,ka10_req4,8,xxxxxxxxxxxxxxxx0.000005,0.000000,0.000000,0.000289,0.000295
B,ka10_req5,8,xxxxxxxxxxxxxxxx0.000003,0.000000,0.000000,0.000258,0.000270
B,ka10_req6,8,xxxxxxxxxxxxxxxx0.000008,0.000000,0.000000,0.000310,0.000323
B,ka10_req7,8,xxxxxxxxxxxxxxxx0.000006,0.000000,0.000000,0.000317,0.000324
B,ka10_req8,8,xxxxxxxxxxxxxxxx0.000005,0.000000,0.000000,0.000301,0.000310
B,ka10_req9,8,xxxxxxxxxxxxxxxx0.000006,0.000000,0.000000,0.000304,0.000312
B,ka10_req10,8,xxxxxxxxxxxxxxxx0.000004,0.000000,0.000000,0.000284,0.000292
B,ka10_req1,9,0.000006,0.000026,0.013213,0.014668,0.014685
B,ka10_req2,9,xxxxxxxxxxxxxxxx0.000006,0.000000,0.000000,0.000278,0.000287
B,ka10_req3,9,xxxxxxxxxxxxxxxx0.000006,0.000000,0.000000,0.000266,0.000274
B,ka10_req4,9,xxxxxxxxxxxxxxxx0.000004,0.000000,0.000000,0.000306,0.000314
B,ka10_req5,9,xxxxxxxxxxxxxxxx0.000004,0.000000,0.000000,0.000278,0.000287
B,ka10_req6,9,xxxxxxxxxxxxxxxx0.000006,0.000000,0.000000,0.000326,0.000332
B,ka10_req7,9,xxxxxxxxxxxxxxxx0.000004,0.000000,0.000000,0.000292,0.000302
B,ka10_req8,9,xxxxxxxxxxxxxxxx0.000004,0.000000,0.000000,0.000314,0.000322
B,ka10_req9,9,xxxxxxxxxxxxxxxx0.000007,0.000000,0.000000,0.000306,0.000313
B,ka10_req10,9,xxxxxxxxxxxxxxxx0.000004,0.000000,0.000000,0.000272,0.000318
B,ka10_req1,10,0.000006,0.000030,0.013213,0.014699,0.014715
B,ka10_req2,10,xxxxxxxxxxxxxxxx0.000006,0.000000,0.000000,0.000305,0.000314
B,ka10_req3,10,xxxxxxxxxxxxxxxx0.000004,0.000000,0.000000,0.000251,0.000261
B,ka10_req4,10,xxxxxxxxxxxxxxxx0.000004,0.000000,0.000000,0.000312,0.000321
B,ka10_req5,10,xxxxxxxxxxxxxxxx0.000006,0.000000,0.000000,0.000318,0.000327
B,ka10_req6,10,xxxxxxxxxxxxxxxx0.000004,0.000000,0.000000,0.000297,0.000302
B,ka10_req7,10,xxxxxxxxxxxxxxxx0.000003,0.000000,0.000000,0.000250,0.000261
B,ka10_req8,10,xxxxxxxxxxxxxxxx0.000005,0.000000,0.000000,0.000349,0.000358
B,ka10_req9,10,xxxxxxxxxxxxxxxx0.000004,0.000000,0.000000,0.000282,0.000290
B,ka10_req10,10,xxxxxxxxxxxxxxxx0.000004,0.000000,0.000000,0.000267,0.000274
B,ka10_req1,11,0.000006,0.000026,0.013352,0.014721,0.014737
B,ka10_req2,11,xxxxxxxxxxxxxxxx0.000005,0.000000,0.000000,0.000283,0.000290
B,ka10_req3,11,xxxxxxxxxxxxxxxx0.000004,0.000000,0.000000,0.000284,0.000290
B,ka10_req4,11,xxxxxxxxxxxxxxxx0.000004,0.000000,0.000000,0.000279,0.000285
B,ka10_req5,11,xxxxxxxxxxxxxxxx0.000003,0.000000,0.000000,0.000304,0.000315
B,ka10_req6,11,xxxxxxxxxxxxxxxx0.000006,0.000000,0.000000,0.000287,0.000293
B,ka10_req7,11,xxxxxxxxxxxxxxxx0.000003,0.000000,0.000000,0.000281,0.000288
B,ka10_req8,11,xxxxxxxxxxxxxxxx0.000003,0.000000,0.000000,0.000263,0.000269
B,ka10_req9,11,xxxxxxxxxxxxxxxx0.000005,0.000000,0.000000,0.000309,0.000315
B,ka10_req10,11,xxxxxxxxxxxxxxxx0.000003,0.000000,0.000000,0.000274,0.000285
B,ka10_req1,12,0.000006,0.000031,0.013347,0.014818,0.014836
B,ka10_req2,12,xxxxxxxxxxxxxxxx0.000007,0.000000,0.000000,0.000282,0.000292
B,ka10_req3,12,xxxxxxxxxxxxxxxx0.000004,0.000000,0.000000,0.000238,0.000248
B,ka10_req4,12,xxxxxxxxxxxxxxxx0.000005,0.000000,0.000000,0.000297,0.000306
B,ka10_req5,12,xxxxxxxxxxxxxxxx0.000003,0.000000,0.000000,0.000275,0.000283
B,ka10_req6,12,xxxxxxxxxxxxxxxx0.000006,0.000000,0.000000,0.000303,0.000309
B,ka10_req7,12,xxxxxxxxxxxxxxxx0.000005,0.000000,0.000000,0.000297,0.000305
B,ka10_req8,12,xxxxxxxxxxxxxxxx0.000005,0.000000,0.000000,0.000277,0.000318
B,ka10_req9,12,xxxxxxxxxxxxxxxx0.000004,0.000000,0.000000,0.000271,0.000280
B,ka10_req10,12,xxxxxxxxxxxxxxxx0.000004,0.000000,0.000000,0.000333,0.000341
B,ka10_req1,13,0.000006,0.000030,0.013100,0.014544,0.014561
B,ka10_req2,13,xxxxxxxxxxxxxxxx0.000006,0.000000,0.000000,0.000273,0.000280
B,ka10_req3,13,xxxxxxxxxxxxxxxx0.000004,0.000000,0.000000,0.000264,0.000270
B,ka10_req4,13,xxxxxxxxxxxxxxxx0.000005,0.000000,0.000000,0.000290,0.000296
B,ka10_req5,13,xxxxxxxxxxxxxxxx0.000003,0.000000,0.000000,0.000283,0.000289
B,ka10_req6,13,xxxxxxxxxxxxxxxx0.000003,0.000000,0.000000,0.000238,0.000248
B,ka10_req7,13,xxxxxxxxxxxxxxxx0.000007,0.000000,0.000000,0.000308,0.000319
B,ka10_req8,13,xxxxxxxxxxxxxxxx0.000006,0.000000,0.000000,0.000319,0.000328
B,ka10_req9,13,xxxxxxxxxxxxxxxx0.000004,0.000000,0.000000,0.000288,0.000296
B,ka10_req10,13,xxxxxxxxxxxxxxxx0.000004,0.000000,0.000000,0.000277,0.000287
B,ka10_req1,14,0.000007,0.000029,0.013192,0.014511,0.014526
B,ka10_req2,14,xxxxxxxxxxxxxxxx0.000005,0.000000,0.000000,0.000258,0.000264
B,ka10_req3,14,xxxxxxxxxxxxxxxx0.000004,0.000000,0.000000,0.000247,0.000258
B,ka10_req4,14,xxxxxxxxxxxxxxxx0.000008,0.000000,0.000000,0.000282,0.000294
B,ka10_req5,14,xxxxxxxxxxxxxxxx0.000006,0.000000,0.000000,0.000271,0.000279
B,ka10_req6,14,xxxxxxxxxxxxxxxx0.000003,0.000000,0.000000,0.000284,0.000297
B,ka10_req7,14,xxxxxxxxxxxxxxxx0.000006,0.000000,0.000000,0.000286,0.000293
B,ka10_req8,14,xxxxxxxxxxxxxxxx0.000004,0.000000,0.000000,0.000262,0.000270
B,ka10_req9,14,xxxxxxxxxxxxxxxx0.000005,0.000000,0.000000,0.000311,0.000318
B,ka10_req10,14,xxxxxxxxxxxxxxxx0.000004,0.000000,0.000000,0.000304,0.000324
B,ka10_req1,15,0.000006,0.000027,0.013220,0.014643,0.014659
B,ka10_req2,15,xxxxxxxxxxxxxxxx0.000007,0.000000,0.000000,0.000265,0.000273
B,ka10_req3,15,xxxxxxxxxxxxxxxx0.000006,0.000000,0.000000,0.000278,0.000286
B,ka10_req4,15,xxxxxxxxxxxxxxxx0.000005,0.000000,0.000000,0.000293,0.000303
B,ka10_req5,15,xxxxxxxxxxxxxxxx0.000004,0.000000,0.000000,0.000289,0.000296
B,ka10_req6,15,xxxxxxxxxxxxxxxx0.000003,0.000000,0.000000,0.000277,0.000284
B,ka10_req7,15,xxxxxxxxxxxxxxxx0.000004,0.000000,0.000000,0.000265,0.000273
B,ka10_req8,15,xxxxxxxxxxxxxxxx0.000005,0.000000,0.000000,0.000289,0.000297
B,ka10_req9,15,xxxxxxxxxxxxxxxx0.000005,0.000000,0.000000,0.000269,0.000276
B,ka10_req10,15,xxxxxxxxxxxxxxxx0.000004,0.000000,0.000000,0.000284,0.000307
B,ka10_req1,16,0.000007,0.000030,0.013112,0.014320,0.014337
B,ka10_req2,16,xxxxxxxxxxxxxxxx0.000007,0.000000,0.000000,0.000279,0.000290
B,ka10_req3,16,xxxxxxxxxxxxxxxx0.000005,0.000000,0.000000,0.000248,0.000256
B,ka10_req4,16,xxxxxxxxxxxxxxxx0.000004,0.000000,0.000000,0.000284,0.000291
B,ka10_req5,16,xxxxxxxxxxxxxxxx0.000003,0.000000,0.000000,0.000350,0.000358
B,ka10_req6,16,xxxxxxxxxxxxxxxx0.000005,0.000000,0.000000,0.000303,0.000313
B,ka10_req7,16,xxxxxxxxxxxxxxxx0.000006,0.000000,0.000000,0.000273,0.000282
B,ka10_req8,16,xxxxxxxxxxxxxxxx0.000005,0.000000,0.000000,0.000283,0.000296
B,ka10_req9,16,xxxxxxxxxxxxxxxx0.000004,0.000000,0.000000,0.000304,0.000312
B,ka10_req10,16,xxxxxxxxxxxxxxxx0.000005,0.000000,0.000000,0.000308,0.000316
B,ka10_req1,17,0.000006,0.000026,0.013230,0.014514,0.014533
B,ka10_req2,17,xxxxxxxxxxxxxxxx0.000006,0.000000,0.000000,0.000310,0.000318
B,ka10_req3,17,xxxxxxxxxxxxxxxx0.000003,0.000000,0.000000,0.000338,0.000346
B,ka10_req4,17,xxxxxxxxxxxxxxxx0.000005,0.000000,0.000000,0.000322,0.000331
B,ka10_req5,17,xxxxxxxxxxxxxxxx0.000006,0.000000,0.000000,0.000380,0.000388
B,ka10_req6,17,xxxxxxxxxxxxxxxx0.000003,0.000000,0.000000,0.000343,0.000355
B,ka10_req7,17,xxxxxxxxxxxxxxxx0.000008,0.000000,0.000000,0.000335,0.000342
B,ka10_req8,17,xxxxxxxxxxxxxxxx0.000004,0.000000,0.000000,0.000294,0.000331
B,ka10_req9,17,xxxxxxxxxxxxxxxx0.000005,0.000000,0.000000,0.000266,0.000274
B,ka10_req10,17,xxxxxxxxxxxxxxxx0.000004,0.000000,0.000000,0.000292,0.000298
B,ka10_req1,18,0.000007,0.000027,0.013278,0.014712,0.014727
B,ka10_req2,18,xxxxxxxxxxxxxxxx0.000004,0.000000,0.000000,0.000276,0.000285
B,ka10_req3,18,xxxxxxxxxxxxxxxx0.000006,0.000000,0.000000,0.000264,0.000270
B,ka10_req4,18,xxxxxxxxxxxxxxxx0.000004,0.000000,0.000000,0.000292,0.000301
B,ka10_req5,18,xxxxxxxxxxxxxxxx0.000003,0.000000,0.000000,0.000334,0.000342
B,ka10_req6,18,xxxxxxxxxxxxxxxx0.000003,0.000000,0.000000,0.000290,0.000296
B,ka10_req7,18,xxxxxxxxxxxxxxxx0.000004,0.000000,0.000000,0.000283,0.000290
B,ka10_req8,18,xxxxxxxxxxxxxxxx0.000004,0.000000,0.000000,0.000290,0.000329
B,ka10_req9,18,xxxxxxxxxxxxxxxx0.000003,0.000000,0.000000,0.000245,0.000258
B,ka10_req10,18,xxxxxxxxxxxxxxxx0.000006,0.000000,0.000000,0.000307,0.000316
B,ka10_req1,19,0.000007,0.000026,0.013247,0.014267,0.014294
B,ka10_req2,19,xxxxxxxxxxxxxxxx0.000008,0.000000,0.000000,0.000280,0.000291
B,ka10_req3,19,xxxxxxxxxxxxxxxx0.000006,0.000000,0.000000,0.000264,0.000270
B,ka10_req4,19,xxxxxxxxxxxxxxxx0.000004,0.000000,0.000000,0.000285,0.000295
B,ka10_req5,19,xxxxxxxxxxxxxxxx0.000006,0.000000,0.000000,0.000290,0.000299
B,ka10_req6,19,xxxxxxxxxxxxxxxx0.000003,0.000000,0.000000,0.000297,0.000305
B,ka10_req7,19,xxxxxxxxxxxxxxxx0.000004,0.000000,0.000000,0.000273,0.000279
B,ka10_req8,19,xxxxxxxxxxxxxxxx0.000007,0.000000,0.000000,0.000256,0.000264
B,ka10_req9,19,xxxxxxxxxxxxxxxx0.000003,0.000000,0.000000,0.000304,0.000313
B,ka10_req10,19,xxxxxxxxxxxxxxxx0.000004,0.000000,0.000000,0.000321,0.000331
B,ka10_req1,20,0.000006,0.000026,0.015295,0.016786,0.016806
B,ka10_req2,20,xxxxxxxxxxxxxxxx0.000006,0.000000,0.000000,0.000259,0.000266
B,ka10_req3,20,xxxxxxxxxxxxxxxx0.000003,0.000000,0.000000,0.000264,0.000277
B,ka10_req4,20,xxxxxxxxxxxxxxxx0.000008,0.000000,0.000000,0.000309,0.000318
B,ka10_req5,20,xxxxxxxxxxxxxxxx0.000004,0.000000,0.000000,0.000290,0.000296
B,ka10_req6,20,xxxxxxxxxxxxxxxx0.000003,0.000000,0.000000,0.000307,0.000315
B,ka10_req7,20,xxxxxxxxxxxxxxxx0.000006,0.000000,0.000000,0.000321,0.000330
B,ka10_req8,20,xxxxxxxxxxxxxxxx0.000004,0.000000,0.000000,0.000273,0.000281
B,ka10_req9,20,xxxxxxxxxxxxxxxx0.000004,0.000000,0.000000,0.000292,0.000299
B,ka10_req10,20,xxxxxxxxxxxxxxxx0.000003,0.000000,0.000000,0.000330,0.000337
B,ka10_req1,21,0.000007,0.000037,0.014347,0.015656,0.015680
B,ka10_req2,21,xxxxxxxxxxxxxxxx0.000007,0.000000,0.000000,0.000269,0.000277
B,ka10_req3,21,xxxxxxxxxxxxxxxx0.000004,0.000000,0.000000,0.000272,0.000279
B,ka10_req4,21,xxxxxxxxxxxxxxxx0.000003,0.000000,0.000000,0.000322,0.000328
B,ka10_req5,21,xxxxxxxxxxxxxxxx0.000003,0.000000,0.000000,0.000323,0.000329
B,ka10_req6,21,xxxxxxxxxxxxxxxx0.000004,0.000000,0.000000,0.000391,0.000397
B,ka10_req7,21,xxxxxxxxxxxxxxxx0.000002,0.000000,0.000000,0.000301,0.000309
B,ka10_req8,21,xxxxxxxxxxxxxxxx0.000002,0.000000,0.000000,0.000310,0.000317
B,ka10_req9,21,xxxxxxxxxxxxxxxx0.000003,0.000000,0.000000,0.000264,0.000276
B,ka10_req10,21,xxxxxxxxxxxxxxxx0.000008,0.000000,0.000000,0.000281,0.000293
B,ka10_req1,22,0.000007,0.000032,0.013685,0.015204,0.015222
B,ka10_req2,22,xxxxxxxxxxxxxxxx0.000006,0.000000,0.000000,0.000272,0.000283
B,ka10_req3,22,xxxxxxxxxxxxxxxx0.000006,0.000000,0.000000,0.000312,0.000320
B,ka10_req4,22,xxxxxxxxxxxxxxxx0.000005,0.000000,0.000000,0.000288,0.000296
B,ka10_req5,22,xxxxxxxxxxxxxxxx0.000004,0.000000,0.000000,0.000271,0.000277
B,ka10_req6,22,xxxxxxxxxxxxxxxx0.000003,0.000000,0.000000,0.000270,0.000290
B,ka10_req7,22,xxxxxxxxxxxxxxxx0.000005,0.000000,0.000000,0.000282,0.000290
B,ka10_req8,22,xxxxxxxxxxxxxxxx0.000004,0.000000,0.000000,0.000317,0.000324
B,ka10_req9,22,xxxxxxxxxxxxxxxx0.000004,0.000000,0.000000,0.000260,0.000324
B,ka10_req10,22,xxxxxxxxxxxxxxxx0.000008,0.000000,0.000000,0.000302,0.000341
B,ka10_req1,23,0.000007,0.000028,0.013306,0.014746,0.014763
B,ka10_req2,23,xxxxxxxxxxxxxxxx0.000006,0.000000,0.000000,0.000243,0.000253
B,ka10_req3,23,xxxxxxxxxxxxxxxx0.000008,0.000000,0.000000,0.000268,0.000276
B,ka10_req4,23,xxxxxxxxxxxxxxxx0.000005,0.000000,0.000000,0.000291,0.000303
B,ka10_req5,23,xxxxxxxxxxxxxxxx0.000008,0.000000,0.000000,0.000304,0.000313
B,ka10_req6,23,xxxxxxxxxxxxxxxx0.000006,0.000000,0.000000,0.000294,0.000301
B,ka10_req7,23,xxxxxxxxxxxxxxxx0.000004,0.000000,0.000000,0.000297,0.000306
B,ka10_req8,23,xxxxxxxxxxxxxxxx0.000005,0.000000,0.000000,0.000305,0.000311
B,ka10_req9,23,xxxxxxxxxxxxxxxx0.000005,0.000000,0.000000,0.000246,0.000272
B,ka10_req10,23,xxxxxxxxxxxxxxxx0.000003,0.000000,0.000000,0.000277,0.000309
B,ka10_req1,24,0.000006,0.000027,0.013394,0.014321,0.014339
B,ka10_req2,24,xxxxxxxxxxxxxxxx0.000006,0.000000,0.000000,0.000282,0.000293
B,ka10_req3,24,xxxxxxxxxxxxxxxx0.000005,0.000000,0.000000,0.000279,0.000286
B,ka10_req4,24,xxxxxxxxxxxxxxxx0.000006,0.000000,0.000000,0.000285,0.000293
B,ka10_req5,24,xxxxxxxxxxxxxxxx0.000004,0.000000,0.000000,0.000308,0.000315
B,ka10_req6,24,xxxxxxxxxxxxxxxx0.000003,0.000000,0.000000,0.000258,0.000266
B,ka10_req7,24,xxxxxxxxxxxxxxxx0.000003,0.000000,0.000000,0.000294,0.000301
B,ka10_req8,24,xxxxxxxxxxxxxxxx0.000004,0.000000,0.000000,0.000270,0.000279
B,ka10_req9,24,xxxxxxxxxxxxxxxx0.000004,0.000000,0.000000,0.000263,0.000270
B,ka10_req10,24,xxxxxxxxxxxxxxxx0.000004,0.000000,0.000000,0.000278,0.000284
B,ka10_req1,25,0.000006,0.000029,0.013708,0.015352,0.015375
B,ka10_req2,25,xxxxxxxxxxxxxxxx0.000007,0.000000,0.000000,0.000275,0.000283
B,ka10_req3,25,xxxxxxxxxxxxxxxx0.000005,0.000000,0.000000,0.000263,0.000272
B,ka10_req4,25,xxxxxxxxxxxxxxxx0.000005,0.000000,0.000000,0.000288,0.000299
B,ka10_req5,25,xxxxxxxxxxxxxxxx0.000007,0.000000,0.000000,0.000338,0.000346
B,ka10_req6,25,xxxxxxxxxxxxxxxx0.000004,0.000000,0.000000,0.000293,0.000303
B,ka10_req7,25,xxxxxxxxxxxxxxxx0.000005,0.000000,0.000000,0.000351,0.000361
B,ka10_req8,25,xxxxxxxxxxxxxxxx0.000006,0.000000,0.000000,0.000332,0.000348
B,ka10_req9,25,xxxxxxxxxxxxxxxx0.000004,0.000000,0.000000,0.000299,0.000308
B,ka10_req10,25,xxxxxxxxxxxxxxxx0.000005,0.000000,0.000000,0.000279,0.000286
B,ka10_req1,26,0.000007,0.000040,0.013687,0.015051,0.015069
B,ka10_req2,26,xxxxxxxxxxxxxxxx0.000006,0.000000,0.000000,0.000252,0.000262
B,ka10_req3,26,xxxxxxxxxxxxxxxx0.000006,0.000000,0.000000,0.000320,0.000331
B,ka10_req4,26,xxxxxxxxxxxxxxxx0.000006,0.000000,0.000000,0.000298,0.000309
B,ka10_req5,26,xxxxxxxxxxxxxxxx0.000007,0.000000,0.000000,0.000283,0.000290
B,ka10_req6,26,xxxxxxxxxxxxxxxx0.000004,0.000000,0.000000,0.000267,0.000277
B,ka10_req7,26,xxxxxxxxxxxxxxxx0.000004,0.000000,0.000000,0.000313,0.000321
B,ka10_req8,26,xxxxxxxxxxxxxxxx0.000004,0.000000,0.000000,0.000254,0.000261
B,ka10_req9,26,xxxxxxxxxxxxxxxx0.000003,0.000000,0.000000,0.000288,0.000296
B,ka10_req10,26,xxxxxxxxxxxxxxxx0.000003,0.000000,0.000000,0.000244,0.000272
B,ka10_req1,27,0.000006,0.000033,0.013500,0.014846,0.014865
B,ka10_req2,27,xxxxxxxxxxxxxxxx0.000006,0.000000,0.000000,0.000246,0.000255
B,ka10_req3,27,xxxxxxxxxxxxxxxx0.000004,0.000000,0.000000,0.000270,0.000281
B,ka10_req4,27,xxxxxxxxxxxxxxxx0.000005,0.000000,0.000000,0.000324,0.000332
B,ka10_req5,27,xxxxxxxxxxxxxxxx0.000006,0.000000,0.000000,0.000285,0.000292
B,ka10_req6,27,xxxxxxxxxxxxxxxx0.000004,0.000000,0.000000,0.000297,0.000306
B,ka10_req7,27,xxxxxxxxxxxxxxxx0.000005,0.000000,0.000000,0.000278,0.000287
B,ka10_req8,27,xxxxxxxxxxxxxxxx0.000006,0.000000,0.000000,0.000294,0.000301
B,ka10_req9,27,xxxxxxxxxxxxxxxx0.000004,0.000000,0.000000,0.000289,0.000299
B,ka10_req10,27,xxxxxxxxxxxxxxxx0.000006,0.000000,0.000000,0.000300,0.000308
B,ka10_req1,28,0.000007,0.000031,0.013698,0.014701,0.014717
B,ka10_req2,28,xxxxxxxxxxxxxxxx0.000006,0.000000,0.000000,0.000270,0.000279
B,ka10_req3,28,xxxxxxxxxxxxxxxx0.000005,0.000000,0.000000,0.000281,0.000288
B,ka10_req4,28,xxxxxxxxxxxxxxxx0.000003,0.000000,0.000000,0.000307,0.000315
B,ka10_req5,28,xxxxxxxxxxxxxxxx0.000005,0.000000,0.000000,0.000301,0.000309
B,ka10_req6,28,xxxxxxxxxxxxxxxx0.000004,0.000000,0.000000,0.000296,0.000303
B,ka10_req7,28,xxxxxxxxxxxxxxxx0.000004,0.000000,0.000000,0.000302,0.000309
B,ka10_req8,28,xxxxxxxxxxxxxxxx0.000005,0.000000,0.000000,0.000281,0.000293
B,ka10_req9,28,xxxxxxxxxxxxxxxx0.000008,0.000000,0.000000,0.000280,0.000289
B,ka10_req10,28,xxxxxxxxxxxxxxxx0.000004,0.000000,0.000000,0.000255,0.000263
B,ka10_req1,29,0.000006,0.000027,0.013355,0.014479,0.014495
B,ka10_req2,29,xxxxxxxxxxxxxxxx0.000006,0.000000,0.000000,0.000270,0.000279
B,ka10_req3,29,xxxxxxxxxxxxxxxx0.000006,0.000000,0.000000,0.000283,0.000291
B,ka10_req4,29,xxxxxxxxxxxxxxxx0.000004,0.000000,0.000000,0.000282,0.000290
B,ka10_req5,29,xxxxxxxxxxxxxxxx0.000003,0.000000,0.000000,0.000311,0.000319
B,ka10_req6,29,xxxxxxxxxxxxxxxx0.000003,0.000000,0.000000,0.000264,0.000270
B,ka10_req7,29,xxxxxxxxxxxxxxxx0.000003,0.000000,0.000000,0.000295,0.000303
B,ka10_req8,29,xxxxxxxxxxxxxxxx0.000003,0.000000,0.000000,0.000311,0.000327
B,ka10_req9,29,xxxxxxxxxxxxxxxx0.000008,0.000000,0.000000,0.000286,0.000293
B,ka10_req10,29,xxxxxxxxxxxxxxxx0.000005,0.000000,0.000000,0.000302,0.000310
B,ka10_req1,30,0.000006,0.000026,0.013782,0.014820,0.014839
B,ka10_req2,30,xxxxxxxxxxxxxxxx0.000007,0.000000,0.000000,0.000288,0.000296
B,ka10_req3,30,xxxxxxxxxxxxxxxx0.000004,0.000000,0.000000,0.000297,0.000306
B,ka10_req4,30,xxxxxxxxxxxxxxxx0.000004,0.000000,0.000000,0.000270,0.000282
B,ka10_req5,30,xxxxxxxxxxxxxxxx0.000006,0.000000,0.000000,0.000303,0.000320
B,ka10_req6,30,xxxxxxxxxxxxxxxx0.000006,0.000000,0.000000,0.000378,0.000390
B,ka10_req7,30,xxxxxxxxxxxxxxxx0.000007,0.000000,0.000000,0.000358,0.000368
B,ka10_req8,30,xxxxxxxxxxxxxxxx0.000005,0.000000,0.000000,0.000316,0.000324
B,ka10_req9,30,xxxxxxxxxxxxxxxx0.000004,0.000000,0.000000,0.000303,0.000312
B,ka10_req10,30,xxxxxxxxxxxxxxxx0.000004,0.000000,0.000000,0.000312,0.000319
B,ka100_req1,1,0.000008,0.000046,0.016272,0.017488,0.017510
B,ka100_req2,1,xxxxxxxxxxxxxxxx0.000009,0.000000,0.000000,0.000288,0.000297
B,ka100_req3,1,xxxxxxxxxxxxxxxx0.000005,0.000000,0.000000,0.000279,0.000292
B,ka100_req4,1,xxxxxxxxxxxxxxxx0.000006,0.000000,0.000000,0.000287,0.000295
B,ka100_req5,1,xxxxxxxxxxxxxxxx0.000004,0.000000,0.000000,0.000276,0.000285
B,ka100_req6,1,xxxxxxxxxxxxxxxx0.000008,0.000000,0.000000,0.000305,0.000319
B,ka100_req7,1,xxxxxxxxxxxxxxxx0.000004,0.000000,0.000000,0.000284,0.000291
B,ka100_req8,1,xxxxxxxxxxxxxxxx0.000003,0.000000,0.000000,0.000427,0.000434
B,ka100_req9,1,xxxxxxxxxxxxxxxx0.000004,0.000000,0.000000,0.000335,0.000346
B,ka100_req10,1,xxxxxxxxxxxxxxxx0.000006,0.000000,0.000000,0.000317,0.000323
B,ka100_req11,1,xxxxxxxxxxxxxxxx0.000005,0.000000,0.000000,0.000377,0.000438
B,ka100_req12,1,xxxxxxxxxxxxxxxx0.000003,0.000000,0.000000,0.000296,0.000325
B,ka100_req13,1,xxxxxxxxxxxxxxxx0.000003,0.000000,0.000000,0.000328,0.000335
B,ka100_req14,1,xxxxxxxxxxxxxxxx0.000004,0.000000,0.000000,0.000319,0.000324
B,ka100_req15,1,xxxxxxxxxxxxxxxx0.000003,0.000000,0.000000,0.000258,0.000292
B,ka100_req16,1,xxxxxxxxxxxxxxxx0.000005,0.000000,0.000000,0.000305,0.000324
B,ka100_req17,1,xxxxxxxxxxxxxxxx0.000003,0.000000,0.000000,0.000247,0.000255
B,ka100_req18,1,xxxxxxxxxxxxxxxx0.000004,0.000000,0.000000,0.000310,0.000318
B,ka100_req19,1,xxxxxxxxxxxxxxxx0.000005,0.000000,0.000000,0.000282,0.000288
B,ka100_req20,1,xxxxxxxxxxxxxxxx0.000003,0.000000,0.000000,0.000242,0.000291
B,ka100_req21,1,xxxxxxxxxxxxxxxx0.000004,0.000000,0.000000,0.000288,0.000325
B,ka100_req22,1,xxxxxxxxxxxxxxxx0.000004,0.000000,0.000000,0.000265,0.000272
B,ka100_req23,1,xxxxxxxxxxxxxxxx0.000003,0.000000,0.000000,0.000292,0.000345
B,ka100_req24,1,xxxxxxxxxxxxxxxx0.000003,0.000000,0.000000,0.000263,0.000270
B,ka100_req25,1,xxxxxxxxxxxxxxxx0.000003,0.000000,0.000000,0.000264,0.000269
B,ka100_req26,1,xxxxxxxxxxxxxxxx0.000003,0.000000,0.000000,0.000288,0.000297
B,ka100_req27,1,xxxxxxxxxxxxxxxx0.000003,0.000000,0.000000,0.000349,0.000384
B,ka100_req28,1,xxxxxxxxxxxxxxxx0.000003,0.000000,0.000000,0.000288,0.000294
B,ka100_req29,1,xxxxxxxxxxxxxxxx0.000003,0.000000,0.000000,0.000263,0.000270
B,ka100_req30,1,xxxxxxxxxxxxxxxx0.000003,0.000000,0.000000,0.000399,0.000407
B,ka100_req31,1,xxxxxxxxxxxxxxxx0.000003,0.000000,0.000000,0.000290,0.000327
B,ka100_req32,1,xxxxxxxxxxxxxxxx0.000004,0.000000,0.000000,0.000237,0.000277
B,ka100_req33,1,xxxxxxxxxxxxxxxx0.000004,0.000000,0.000000,0.000265,0.000271
B,ka100_req34,1,xxxxxxxxxxxxxxxx0.000003,0.000000,0.000000,0.000263,0.000268
B,ka100_req35,1,xxxxxxxxxxxxxxxx0.000003,0.000000,0.000000,0.000247,0.000282
B,ka100_req36,1,xxxxxxxxxxxxxxxx0.000004,0.000000,0.000000,0.000256,0.000262
B,ka100_req37,1,xxxxxxxxxxxxxxxx0.000003,0.000000,0.000000,0.000248,0.000253
B,ka100_req38,1,xxxxxxxxxxxxxxxx0.000003,0.000000,0.000000,0.000206,0.000211
B,ka100_req39,1,xxxxxxxxxxxxxxxx0.000003,0.000000,0.000000,0.000258,0.000291
B,ka100_req40,1,xxxxxxxxxxxxxxxx0.000003,0.000000,0.000000,0.000297,0.000302
B,ka100_req41,1,xxxxxxxxxxxxxxxx0.000003,0.000000,0.000000,0.000265,0.000271
B,ka100_req42,1,xxxxxxxxxxxxxxxx0.000003,0.000000,0.000000,0.000222,0.000228
B,ka100_req43,1,xxxxxxxxxxxxxxxx0.000002,0.000000,0.000000,0.000236,0.000243
B,ka100_req44,1,xxxxxxxxxxxxxxxx0.000003,0.000000,0.000000,0.000231,0.000236
B,ka100_req45,1,xxxxxxxxxxxxxxxx0.000003,0.000000,0.000000,0.000229,0.000234
B,ka100_req46,1,xxxxxxxxxxxxxxxx0.000003,0.000000,0.000000,0.000322,0.000328
B,ka100_req47,1,xxxxxxxxxxxxxxxx0.000003,0.000000,0.000000,0.000275,0.000280
B,ka100_req48,1,xxxxxxxxxxxxxxxx0.000003,0.000000,0.000000,0.000261,0.000270
B,ka100_req49,1,xxxxxxxxxxxxxxxx0.000003,0.000000,0.000000,0.000220,0.000226
B,ka100_req50,1,xxxxxxxxxxxxxxxx0.000003,0.000000,0.000000,0.000234,0.000240
B,ka100_req51,1,xxxxxxxxxxxxxxxx0.000003,0.000000,0.000000,0.000235,0.000240
B,ka100_req52,1,xxxxxxxxxxxxxxxx0.000002,0.000000,0.000000,0.000230,0.000237
B,ka100_req53,1,xxxxxxxxxxxxxxxx0.000002,0.000000,0.000000,0.000246,0.000252
B,ka100_req54,1,xxxxxxxxxxxxxxxx0.000003,0.000000,0.000000,0.000256,0.000261
B,ka100_req55,1,xxxxxxxxxxxxxxxx0.000003,0.000000,0.000000,0.000245,0.000250
B,ka100_req56,1,xxxxxxxxxxxxxxxx0.000003,0.000000,0.000000,0.000234,0.000239
B,ka100_req57,1,xxxxxxxxxxxxxxxx0.000003,0.000000,0.000000,0.000225,0.000232
B,ka100_req58,1,xxxxxxxxxxxxxxxx0.000003,0.000000,0.000000,0.000235,0.000241
B,ka100_req59,1,xxxxxxxxxxxxxxxx0.000003,0.000000,0.000000,0.000238,0.000267
B,ka100_req60,1,xxxxxxxxxxxxxxxx0.000003,0.000000,0.000000,0.000300,0.000306
B,ka100_req61,1,xxxxxxxxxxxxxxxx0.000003,0.000000,0.000000,0.000233,0.000238
B,ka100_req62,1,xxxxxxxxxxxxxxxx0.000003,0.000000,0.000000,0.000337,0.000367
B,ka100_req63,1,xxxxxxxxxxxxxxxx0.000003,0.000000,0.000000,0.000270,0.000277
B,ka100_req64,1,xxxxxxxxxxxxxxxx0.000003,0.000000,0.000000,0.000254,0.000259
B,ka100_req65,1,xxxxxxxxxxxxxxxx0.000003,0.000000,0.000000,0.000227,0.000232
B,ka100_req66,1,xxxxxxxxxxxxxxxx0.000003,0.000000,0.000000,0.000217,0.000245
B,ka100_req67,1,xxxxxxxxxxxxxxxx0.000003,0.000000,0.000000,0.000276,0.000281
B,ka100_req68,1,xxxxxxxxxxxxxxxx0.000002,0.000000,0.000000,0.000305,0.000312
B,ka100_req69,1,xxxxxxxxxxxxxxxx0.000003,0.000000,0.000000,0.000236,0.000241
B,ka100_req70,1,xxxxxxxxxxxxxxxx0.000003,0.000000,0.000000,0.000218,0.000224
B,ka100_req71,1,xxxxxxxxxxxxxxxx0.000003,0.000000,0.000000,0.000226,0.000233
B,ka100_req72,1,xxxxxxxxxxxxxxxx0.000002,0.000000,0.000000,0.000258,0.000265
B,ka100_req73,1,xxxxxxxxxxxxxxxx0.000003,0.000000,0.000000,0.000262,0.000269
B,ka100_req74,1,xxxxxxxxxxxxxxxx0.000003,0.000000,0.000000,0.000220,0.000228
B,ka100_req75,1,xxxxxxxxxxxxxxxx0.000003,0.000000,0.000000,0.000214,0.000220
B,ka100_req76,1,xxxxxxxxxxxxxxxx0.000003,0.000000,0.000000,0.000237,0.000269
B,ka100_req77,1,xxxxxxxxxxxxxxxx0.000003,0.000000,0.000000,0.000194,0.000201
B,ka100_req78,1,xxxxxxxxxxxxxxxx0.000003,0.000000,0.000000,0.000217,0.000224
B,ka100_req79,1,xxxxxxxxxxxxxxxx0.000003,0.000000,0.000000,0.000228,0.000234
B,ka100_req80,1,xxxxxxxxxxxxxxxx0.000003,0.000000,0.000000,0.000219,0.000225
B,ka100_req81,1,xxxxxxxxxxxxxxxx0.000003,0.000000,0.000000,0.000220,0.000227
B,ka100_req82,1,xxxxxxxxxxxxxxxx0.000003,0.000000,0.000000,0.000178,0.000183
B,ka100_req83,1,xxxxxxxxxxxxxxxx0.000003,0.000000,0.000000,0.000220,0.000225
B,ka100_req84,1,xxxxxxxxxxxxxxxx0.000003,0.000000,0.000000,0.000238,0.000244
B,ka100_req85,1,xxxxxxxxxxxxxxxx0.000003,0.000000,0.000000,0.000194,0.000230
B,ka100_req86,1,xxxxxxxxxxxxxxxx0.000003,0.000000,0.000000,0.000169,0.000220
B,ka100_req87,1,xxxxxxxxxxxxxxxx0.000003,0.000000,0.000000,0.000206,0.000230
B,ka100_req88,1,xxxxxxxxxxxxxxxx0.000003,0.000000,0.000000,0.000217,0.000224
B,ka100_req89,1,xxxxxxxxxxxxxxxx0.000003,0.000000,0.000000,0.000210,0.000215
B,ka100_req90,1,xxxxxxxxxxxxxxxx0.000002,0.000000,0.000000,0.000203,0.000210
B,ka100_req91,1,xxxxxxxxxxxxxxxx0.000003,0.000000,0.000000,0.000222,0.000265
B,ka100_req92,1,xxxxxxxxxxxxxxxx0.000003,0.000000,0.000000,0.000239,0.000245
B,ka100_req93,1,xxxxxxxxxxxxxxxx0.000003,0.000000,0.000000,0.000185,0.000262
B,ka100_req94,1,xxxxxxxxxxxxxxxx0.000003,0.000000,0.000000,0.000203,0.000249
B,ka100_req95,1,xxxxxxxxxxxxxxxx0.000003,0.000000,0.000000,0.000212,0.000248
B,ka100_req96,1,xxxxxxxxxxxxxxxx0.000004,0.000000,0.000000,0.000212,0.000217
B,ka100_req97,1,xxxxxxxxxxxxxxxx0.000003,0.000000,0.000000,0.000197,0.000226
B,ka100_req98,1,xxxxxxxxxxxxxxxx0.000003,0.000000,0.000000,0.000220,0.000225
B,ka100_req99,1,xxxxxxxxxxxxxxxx0.000003,0.000000,0.000000,0.000240,0.000296
B,ka100_req100,1,xxxxxxxxxxxxxxxx0.000003,0.000000,0.000000,0.000219,0.000226
B,ka100_req1,2,0.000008,0.000048,0.013991,0.014865,0.014890
B,ka100_req2,2,xxxxxxxxxxxxxxxx0.000006,0.000000,0.000000,0.000272,0.000283
B,ka100_req3,2,xxxxxxxxxxxxxxxx0.000005,0.000000,0.000000,0.000269,0.000279
B,ka100_req4,2,xxxxxxxxxxxxxxxx0.000007,0.000000,0.000000,0.000333,0.000341
B,ka100_req5,2,xxxxxxxxxxxxxxxx0.000005,0.000000,0.000000,0.000284,0.000292
B,ka100_req6,2,xxxxxxxxxxxxxxxx0.000005,0.000000,0.000000,0.000278,0.000286
B,ka100_req7,2,xxxxxxxxxxxxxxxx0.000005,0.000000,0.000000,0.000269,0.000277
B,ka100_req8,2,xxxxxxxxxxxxxxxx0.000004,0.000000,0.000000,0.000262,0.000269
B,ka100_req9,2,xxxxxxxxxxxxxxxx0.000004,0.000000,0.000000,0.000261,0.000270
B,ka100_req10,2,xxxxxxxxxxxxxxxx0.000006,0.000000,0.000000,0.000301,0.000308
B,ka100_req11,2,xxxxxxxxxxxxxxxx0.000005,0.000000,0.000000,0.000254,0.000291
B,ka100_req12,2,xxxxxxxxxxxxxxxx0.000006,0.000000,0.000000,0.000248,0.000256
B,ka100_req13,2,xxxxxxxxxxxxxxxx0.000004,0.000000,0.000000,0.000285,0.000292
B,ka100_req14,2,xxxxxxxxxxxxxxxx0.000004,0.000000,0.000000,0.000245,0.000252
B,ka100_req15,2,xxxxxxxxxxxxxxxx0.000004,0.000000,0.000000,0.000252,0.000260
B,ka100_req16,2,xxxxxxxxxxxxxxxx0.000004,0.000000,0.000000,0.000267,0.000273
B,ka100_req17,2,xxxxxxxxxxxxxxxx0.000003,0.000000,0.000000,0.000251,0.000257
B,ka100_req18,2,xxxxxxxxxxxxxxxx0.000003,0.000000,0.000000,0.000286,0.000293
B,ka100_req19,2,xxxxxxxxxxxxxxxx0.000003,0.000000,0.000000,0.000220,0.000226
B,ka100_req20,2,xxxxxxxxxxxxxxxx0.000003,0.000000,0.000000,0.000276,0.000284
B,ka100_req21,2,xxxxxxxxxxxxxxxx0.000004,0.000000,0.000000,0.000250,0.000256
B,ka100_req22,2,xxxxxxxxxxxxxxxx0.000003,0.000000,0.000000,0.000296,0.000303
B,ka100_req23,2,xxxxxxxxxxxxxxxx0.000004,0.000000,0.000000,0.000225,0.000279
B,ka100_req24,2,xxxxxxxxxxxxxxxx0.000003,0.000000,0.000000,0.000274,0.000285
B,ka100_req25,2,xxxxxxxxxxxxxxxx0.000006,0.000000,0.000000,0.000240,0.000286
B,ka100_req26,2,xxxxxxxxxxxxxxxx0.000004,0.000000,0.000000,0.000231,0.000266
B,ka100_req27,2,xxxxxxxxxxxxxxxx0.000003,0.000000,0.000000,0.000237,0.000243
B,ka100_req28,2,xxxxxxxxxxxxxxxx0.000003,0.000000,0.000000,0.000242,0.000248
B,ka100_req29,2,xxxxxxxxxxxxxxxx0.000004,0.000000,0.000000,0.000261,0.000268
B,ka100_req30,2,xxxxxxxxxxxxxxxx0.000003,0.000000,0.000000,0.000208,0.000214
B,ka100_req31,2,xxxxxxxxxxxxxxxx0.000003,0.000000,0.000000,0.000236,0.000242
B,ka100_req32,2,xxxxxxxxxxxxxxxx0.000003,0.000000,0.000000,0.000253,0.000259
B,ka100_req33,2,xxxxxxxxxxxxxxxx0.000003,0.000000,0.000000,0.000257,0.000264
B,ka100_req34,2,xxxxxxxxxxxxxxxx0.000004,0.000000,0.000000,0.000262,0.000270
B,ka100_req35,2,xxxxxxxxxxxxxxxx0.000004,0.000000,0.000000,0.000288,0.000296
B,ka100_req36,2,xxxxxxxxxxxxxxxx0.000003,0.000000,0.000000,0.000223,0.000279
B,ka100_req37,2,xxxxxxxxxxxxxxxx0.000003,0.000000,0.000000,0.000264,0.000270
B,ka100_req38,2,xxxxxxxxxxxxxxxx0.000002,0.000000,0.000000,0.000198,0.000205
B,ka100_req39,2,xxxxxxxxxxxxxxxx0.000003,0.000000,0.000000,0.000214,0.000262
B,ka100_req40,2,xxxxxxxxxxxxxxxx0.000003,0.000000,0.000000,0.000262,0.000271
B,ka100_req41,2,xxxxxxxxxxxxxxxx0.000004,0.000000,0.000000,0.000227,0.000278
B,ka100_req42,2,xxxxxxxxxxxxxxxx0.000003,0.000000,0.000000,0.000285,0.000348
B,ka100_req43,2,xxxxxxxxxxxxxxxx0.000003,0.000000,0.000000,0.000231,0.000237
B,ka100_req44,2,xxxxxxxxxxxxxxxx0.000004,0.000000,0.000000,0.000259,0.000265
B,ka100_req45,2,xxxxxxxxxxxxxxxx0.000004,0.000000,0.000000,0.000268,0.000274
B,ka100_req46,2,xxxxxxxxxxxxxxxx0.000004,0.000000,0.000000,0.000277,0.000284
B,ka100_req47,2,xxxxxxxxxxxxxxxx0.000004,0.000000,0.000000,0.000230,0.000235
B,ka100_req48,2,xxxxxxxxxxxxxxxx0.000003,0.000000,0.000000,0.000235,0.000248
B,ka100_req49,2,xxxxxxxxxxxxxxxx0.000003,0.000000,0.000000,0.000265,0.000272
B,ka100_req50,2,xxxxxxxxxxxxxxxx0.000004,0.000000,0.000000,0.000196,0.000266
B,ka100_req51,2,xxxxxxxxxxxxxxxx0.000003,0.000000,0.000000,0.000208,0.000215
B,ka100_req52,2,xxxxxxxxxxxxxxxx0.000003,0.000000,0.000000,0.000269,0.000277
B,ka100_req53,2,xxxxxxxxxxxxxxxx0.000003,0.000000,0.000000,0.000245,0.000252
B,ka100_req54,2,xxxxxxxxxxxxxxxx0.000004,0.000000,0.000000,0.000263,0.000270
B,ka100_req55,2,xxxxxxxxxxxxxxxx0.000003,0.000000,0.000000,0.000231,0.000272
B,ka100_req56,2,xxxxxxxxxxxxxxxx0.000012,0.000000,0.000000,0.000250,0.000257
B,ka100_req57,2,xxxxxxxxxxxxxxxx0.000004,0.000000,0.000000,0.000231,0.000275
B,ka100_req58,2,xxxxxxxxxxxxxxxx0.000003,0.000000,0.000000,0.000235,0.000241
B,ka100_req59,2,xxxxxxxxxxxxxxxx0.000003,0.000000,0.000000,0.000239,0.000244
B,ka100_req60,2,xxxxxxxxxxxxxxxx0.000003,0.000000,0.000000,0.000219,0.000260
B,ka100_req61,2,xxxxxxxxxxxxxxxx0.000004,0.000000,0.000000,0.000222,0.000228
B,ka100_req62,2,xxxxxxxxxxxxxxxx0.000003,0.000000,0.000000,0.000234,0.000242
B,ka100_req63,2,xxxxxxxxxxxxxxxx0.000003,0.000000,0.000000,0.000208,0.000215
B,ka100_req64,2,xxxxxxxxxxxxxxxx0.000003,0.000000,0.000000,0.000248,0.000268
B,ka100_req65,2,xxxxxxxxxxxxxxxx0.000004,0.000000,0.000000,0.000230,0.000292
B,ka100_req66,2,xxxxxxxxxxxxxxxx0.000003,0.000000,0.000000,0.000255,0.000299
B,ka100_req67,2,xxxxxxxxxxxxxxxx0.000003,0.000000,0.000000,0.000254,0.000290
B,ka100_req68,2,xxxxxxxxxxxxxxxx0.000003,0.000000,0.000000,0.000222,0.000230
B,ka100_req69,2,xxxxxxxxxxxxxxxx0.000004,0.000000,0.000000,0.000223,0.000251
B,ka100_req70,2,xxxxxxxxxxxxxxxx0.000004,0.000000,0.000000,0.000241,0.000247
B,ka100_req71,2,xxxxxxxxxxxxxxxx0.000003,0.000000,0.000000,0.000198,0.000235
B,ka100_req72,2,xxxxxxxxxxxxxxxx0.000003,0.000000,0.000000,0.000293,0.000298
B,ka100_req73,2,xxxxxxxxxxxxxxxx0.000003,0.000000,0.000000,0.000264,0.000271
B,ka100_req74,2,xxxxxxxxxxxxxxxx0.000003,0.000000,0.000000,0.000221,0.000259
B,ka100_req75,2,xxxxxxxxxxxxxxxx0.000003,0.000000,0.000000,0.000239,0.000246
B,ka100_req76,2,xxxxxxxxxxxxxxxx0.000004,0.000000,0.000000,0.000207,0.000213
B,ka100_req77,2,xxxxxxxxxxxxxxxx0.000003,0.000000,0.000000,0.000232,0.000244
B,ka100_req78,2,xxxxxxxxxxxxxxxx0.000003,0.000000,0.000000,0.000179,0.000191
B,ka100_req79,2,xxxxxxxxxxxxxxxx0.000003,0.000000,0.000000,0.000220,0.000273
B,ka100_req80,2,xxxxxxxxxxxxxxxx0.000004,0.000000,0.000000,0.000270,0.000277
B,ka100_req81,2,xxxxxxxxxxxxxxxx0.000005,0.000000,0.000000,0.000286,0.000292
B,ka100_req82,2,xxxxxxxxxxxxxxxx0.000003,0.000000,0.000000,0.000240,0.000247
B,ka100_req83,2,xxxxxxxxxxxxxxxx0.000004,0.000000,0.000000,0.000208,0.000239
B,ka100_req84,2,xxxxxxxxxxxxxxxx0.000003,0.000000,0.000000,0.000256,0.000263
B,ka100_req85,2,xxxxxxxxxxxxxxxx0.000004,0.000000,0.000000,0.000208,0.000242
B,ka100_req86,2,xxxxxxxxxxxxxxxx0.000003,0.000000,0.000000,0.000207,0.000255
B,ka100_req87,2,xxxxxxxxxxxxxxxx0.000004,0.000000,0.000000,0.000274,0.000281
B,ka100_req88,2,xxxxxxxxxxxxxxxx0.000003,0.000000,0.000000,0.000209,0.000253
B,ka100_req89,2,xxxxxxxxxxxxxxxx0.000003,0.000000,0.000000,0.000245,0.000252
B,ka100_req90,2,xxxxxxxxxxxxxxxx0.000003,0.000000,0.000000,0.000236,0.000243
B,ka100_req91,2,xxxxxxxxxxxxxxxx0.000003,0.000000,0.000000,0.000278,0.000285
B,ka100_req92,2,xxxxxxxxxxxxxxxx0.000003,0.000000,0.000000,0.000257,0.000263
B,ka100_req93,2,xxxxxxxxxxxxxxxx0.000004,0.000000,0.000000,0.000225,0.000239
B,ka100_req94,2,xxxxxxxxxxxxxxxx0.000003,0.000000,0.000000,0.000201,0.000275
B,ka100_req95,2,xxxxxxxxxxxxxxxx0.000004,0.000000,0.000000,0.000230,0.000283
B,ka100_req96,2,xxxxxxxxxxxxxxxx0.000003,0.000000,0.000000,0.000209,0.000221
B,ka100_req97,2,xxxxxxxxxxxxxxxx0.000003,0.000000,0.000000,0.000214,0.000225
B,ka100_req98,2,xxxxxxxxxxxxxxxx0.000003,0.000000,0.000000,0.000229,0.000244
B,ka100_req99,2,xxxxxxxxxxxxxxxx0.000002,0.000000,0.000000,0.000253,0.000260
B,ka100_req100,2,xxxxxxxxxxxxxxxx0.000003,0.000000,0.000000,0.000270,0.000276
B,ka100_req1,3,0.000007,0.000042,0.013880,0.014724,0.014750
B,ka100_req2,3,xxxxxxxxxxxxxxxx0.000007,0.000000,0.000000,0.000273,0.000282
B,ka100_req3,3,xxxxxxxxxxxxxxxx0.000005,0.000000,0.000000,0.000259,0.000267
B,ka100_req4,3,xxxxxxxxxxxxxxxx0.000004,0.000000,0.000000,0.000319,0.000331
B,ka100_req5,3,xxxxxxxxxxxxxxxx0.000008,0.000000,0.000000,0.000279,0.000287
B,ka100_req6,3,xxxxxxxxxxxxxxxx0.000004,0.000000,0.000000,0.000258,0.000266
B,ka100_req7,3,xxxxxxxxxxxxxxxx0.000004,0.000000,0.000000,0.000265,0.000276
B,ka100_req8,3,xxxxxxxxxxxxxxxx0.000006,0.000000,0.000000,0.000288,0.000296
B,ka100_req9,3,xxxxxxxxxxxxxxxx0.000004,0.000000,0.000000,0.000299,0.000333
B,ka100_req10,3,xxxxxxxxxxxxxxxx0.000004,0.000000,0.000000,0.000272,0.000282
B,ka100_req11,3,xxxxxxxxxxxxxxxx0.000004,0.000000,0.000000,0.000262,0.000290
B,ka100_req12,3,xxxxxxxxxxxxxxxx0.000003,0.000000,0.000000,0.000279,0.000286
B,ka100_req13,3,xxxxxxxxxxxxxxxx0.000004,0.000000,0.000000,0.000244,0.000288
B,ka100_req14,3,xxxxxxxxxxxxxxxx0.000003,0.000000,0.000000,0.000213,0.000219
B,ka100_req15,3,xxxxxxxxxxxxxxxx0.000003,0.000000,0.000000,0.000245,0.000255
B,ka100_req16,3,xxxxxxxxxxxxxxxx0.000003,0.000000,0.000000,0.000271,0.000279
B,ka100_req17,3,xxxxxxxxxxxxxxxx0.000004,0.000000,0.000000,0.000218,0.000284
B,ka100_req18,3,xxxxxxxxxxxxxxxx0.000003,0.000000,0.000000,0.000263,0.000269
B,ka100_req19,3,xxxxxxxxxxxxxxxx0.000005,0.000000,0.000000,0.000231,0.000271
B,ka100_req20,3,xxxxxxxxxxxxxxxx0.000003,0.000000,0.000000,0.000221,0.000259
B,ka100_req21,3,xxxxxxxxxxxxxxxx0.000006,0.000000,0.000000,0.000326,0.000334
B,ka100_req22,3,xxxxxxxxxxxxxxxx0.000003,0.000000,0.000000,0.000235,0.000242
B,ka100_req23,3,xxxxxxxxxxxxxxxx0.000003,0.000000,0.000000,0.000254,0.000260
B,ka100_req24,3,xxxxxxxxxxxxxxxx0.000003,0.000000,0.000000,0.000228,0.000301
B,ka100_req25,3,xxxxxxxxxxxxxxxx0.000004,0.000000,0.000000,0.000203,0.000253
B,ka100_req26,3,xxxxxxxxxxxxxxxx0.000003,0.000000,0.000000,0.000212,0.000224
B,ka100_req27,3,xxxxxxxxxxxxxxxx0.000003,0.000000,0.000000,0.000229,0.000236
B,ka100_req28,3,xxxxxxxxxxxxxxxx0.000004,0.000000,0.000000,0.000199,0.000246
B,ka100_req29,3,xxxxxxxxxxxxxxxx0.000005,0.000000,0.000000,0.000241,0.000269
B,ka100_req30,3,xxxxxxxxxxxxxxxx0.000004,0.000000,0.000000,0.000234,0.000239
B,ka100_req31,3,xxxxxxxxxxxxxxxx0.000003,0.000000,0.000000,0.000227,0.000260
B,ka100_req32,3,xxxxxxxxxxxxxxxx0.000003,0.000000,0.000000,0.000248,0.000289
B,ka100_req33,3,xxxxxxxxxxxxxxxx0.000004,0.000000,0.000000,0.000247,0.000253
B,ka100_req34,3,xxxxxxxxxxxxxxxx0.000003,0.000000,0.000000,0.000205,0.000248
B,ka100_req35,3,xxxxxxxxxxxxxxxx0.000004,0.000000,0.000000,0.000245,0.000251
B,ka100_req36,3,xxxxxxxxxxxxxxxx0.000003,0.000000,0.000000,0.000266,0.000274
B,ka100_req37,3,xxxxxxxxxxxxxxxx0.000004,0.000000,0.000000,0.000267,0.000303
B,ka100_req38,3,xxxxxxxxxxxxxxxx0.000003,0.000000,0.000000,0.000281,0.000286
B,ka100_req39,3,xxxxxxxxxxxxxxxx0.000004,0.000000,0.000000,0.000227,0.000264
B,ka100_req40,3,xxxxxxxxxxxxxxxx0.000003,0.000000,0.000000,0.000245,0.000252
B,ka100_req41,3,xxxxxxxxxxxxxxxx0.000004,0.000000,0.000000,0.000254,0.000281
B,ka100_req42,3,xxxxxxxxxxxxxxxx0.000004,0.000000,0.000000,0.000201,0.000236
B,ka100_req43,3,xxxxxxxxxxxxxxxx0.000003,0.000000,0.000000,0.000229,0.000272
B,ka100_req44,3,xxxxxxxxxxxxxxxx0.000004,0.000000,0.000000,0.000266,0.000272
B,ka100_req45,3,xxxxxxxxxxxxxxxx0.000003,0.000000,0.000000,0.000261,0.000269
B,ka100_req46,3,xxxxxxxxxxxxxxxx0.000003,0.000000,0.000000,0.000237,0.000244
B,ka100_req47,3,xxxxxxxxxxxxxxxx0.000004,0.000000,0.000000,0.000267,0.000273
B,ka100_req48,3,xxxxxxxxxxxxxxxx0.000003,0.000000,0.000000,0.000234,0.000276
B,ka100_req49,3,xxxxxxxxxxxxxxxx0.000003,0.000000,0.000000,0.000275,0.000281
B,ka100_req50,3,xxxxxxxxxxxxxxxx0.000004,0.000000,0.000000,0.000234,0.000241
B,ka100_req51,3,xxxxxxxxxxxxxxxx0.000004,0.000000,0.000000,0.000219,0.000251
B,ka100_req52,3,xxxxxxxxxxxxxxxx0.000003,0.000000,0.000000,0.000239,0.000250
B,ka100_req53,3,xxxxxxxxxxxxxxxx0.000003,0.000000,0.000000,0.000211,0.000222
B,ka100_req54,3,xxxxxxxxxxxxxxxx0.000003,0.000000,0.000000,0.000226,0.000256
B,ka100_req55,3,xxxxxxxxxxxxxxxx0.000003,0.000000,0.000000,0.000263,0.000269
B,ka100_req56,3,xxxxxxxxxxxxxxxx0.000004,0.000000,0.000000,0.000308,0.000313
B,ka100_req57,3,xxxxxxxxxxxxxxxx0.000003,0.000000,0.000000,0.000249,0.000287
B,ka100_req58,3,xxxxxxxxxxxxxxxx0.000004,0.000000,0.000000,0.000251,0.000257
B,ka100_req59,3,xxxxxxxxxxxxxxxx0.000003,0.000000,0.000000,0.000249,0.000265
B,ka100_req60,3,xxxxxxxxxxxxxxxx0.000004,0.000000,0.000000,0.000228,0.000267
B,ka100_req61,3,xxxxxxxxxxxxxxxx0.000003,0.000000,0.000000,0.000259,0.000266
B,ka100_req62,3,xxxxxxxxxxxxxxxx0.000003,0.000000,0.000000,0.000232,0.000276
B,ka100_req63,3,xxxxxxxxxxxxxxxx0.000003,0.000000,0.000000,0.000219,0.000224
B,ka100_req64,3,xxxxxxxxxxxxxxxx0.000003,0.000000,0.000000,0.000249,0.000318
B,ka100_req65,3,xxxxxxxxxxxxxxxx0.000003,0.000000,0.000000,0.000261,0.000271
B,ka100_req66,3,xxxxxxxxxxxxxxxx0.000004,0.000000,0.000000,0.000264,0.000271
B,ka100_req67,3,xxxxxxxxxxxxxxxx0.000003,0.000000,0.000000,0.000293,0.000299
B,ka100_req68,3,xxxxxxxxxxxxxxxx0.000003,0.000000,0.000000,0.000235,0.000242
B,ka100_req69,3,xxxxxxxxxxxxxxxx0.000003,0.000000,0.000000,0.000235,0.000242
B,ka100_req70,3,xxxxxxxxxxxxxxxx0.000004,0.000000,0.000000,0.000221,0.000227
B,ka100_req71,3,xxxxxxxxxxxxxxxx0.000004,0.000000,0.000000,0.000228,0.000311
B,ka100_req72,3,xxxxxxxxxxxxxxxx0.000003,0.000000,0.000000,0.000208,0.000214
B,ka100_req73,3,xxxxxxxxxxxxxxxx0.000003,0.000000,0.000000,0.000229,0.000270
B,ka100_req74,3,xxxxxxxxxxxxxxxx0.000003,0.000000,0.000000,0.000243,0.000249
B,ka100_req75,3,xxxxxxxxxxxxxxxx0.000003,0.000000,0.000000,0.000243,0.000280
B,ka100_req76,3,xxxxxxxxxxxxxxxx0.000004,0.000000,0.000000,0.000223,0.000256
B,ka100_req77,3,xxxxxxxxxxxxxxxx0.000003,0.000000,0.000000,0.000258,0.000267
B,ka100_req78,3,xxxxxxxxxxxxxxxx0.000003,0.000000,0.000000,0.000247,0.000276
B,ka100_req79,3,xxxxxxxxxxxxxxxx0.000004,0.000000,0.000000,0.000205,0.000246
B,ka100_req80,3,xxxxxxxxxxxxxxxx0.000003,0.000000,0.000000,0.000239,0.000246
B,ka100_req81,3,xxxxxxxxxxxxxxxx0.000003,0.000000,0.000000,0.000250,0.000257
B,ka100_req82,3,xxxxxxxxxxxxxxxx0.000003,0.000000,0.000000,0.000220,0.000225
B,ka100_req83,3,xxxxxxxxxxxxxxxx0.000004,0.000000,0.000000,0.000239,0.000271
B,ka100_req84,3,xxxxxxxxxxxxxxxx0.000004,0.000000,0.000000,0.000259,0.000265
B,ka100_req85,3,xxxxxxxxxxxxxxxx0.000003,0.000000,0.000000,0.000223,0.000254
B,ka100_req86,3,xxxxxxxxxxxxxxxx0.000003,0.000000,0.000000,0.000240,0.000246
B,ka100_req87,3,xxxxxxxxxxxxxxxx0.000004,0.000000,0.000000,0.000244,0.000251
B,ka100_req88,3,xxxxxxxxxxxxxxxx0.000003,0.000000,0.000000,0.000278,0.000284
B,ka100_req89,3,xxxxxxxxxxxxxxxx0.000003,0.000000,0.000000,0.000254,0.000261
B,ka100_req90,3,xxxxxxxxxxxxxxxx0.000003,0.000000,0.000000,0.000229,0.000272
B,ka100_req91,3,xxxxxxxxxxxxxxxx0.000004,0.000000,0.000000,0.000222,0.000257
B,ka100_req92,3,xxxxxxxxxxxxxxxx0.000003,0.000000,0.000000,0.000217,0.000232
B,ka100_req93,3,xxxxxxxxxxxxxxxx0.000003,0.000000,0.000000,0.000211,0.000265
B,ka100_req94,3,xxxxxxxxxxxxxxxx0.000003,0.000000,0.000000,0.000233,0.000238
B,ka100_req95,3,xxxxxxxxxxxxxxxx0.000003,0.000000,0.000000,0.000208,0.000214
B,ka100_req96,3,xxxxxxxxxxxxxxxx0.000003,0.000000,0.000000,0.000193,0.000218
B,ka100_req97,3,xxxxxxxxxxxxxxxx0.000004,0.000000,0.000000,0.000231,0.000237
B,ka100_req98,3,xxxxxxxxxxxxxxxx0.000003,0.000000,0.000000,0.000171,0.000242
B,ka100_req99,3,xxxxxxxxxxxxxxxx0.000004,0.000000,0.000000,0.000248,0.000305
B,ka100_req100,3,xxxxxxxxxxxxxxxx0.000003,0.000000,0.000000,0.000246,0.000269
B,ka100_req1,4,0.000008,0.000041,0.013984,0.014784,0.014807
B,ka100_req2,4,xxxxxxxxxxxxxxxx0.000005,0.000000,0.000000,0.000223,0.000232
B,ka100_req3,4,xxxxxxxxxxxxxxxx0.000006,0.000000,0.000000,0.000261,0.000269
B,ka100_req4,4,xxxxxxxxxxxxxxxx0.000006,0.000000,0.000000,0.000305,0.000312
B,ka100_req5,4,xxxxxxxxxxxxxxxx0.000005,0.000000,0.000000,0.000260,0.000267
B,ka100_req6,4,xxxxxxxxxxxxxxxx0.000006,0.000000,0.000000,0.000292,0.000300
B,ka100_req7,4,xxxxxxxxxxxxxxxx0.000004,0.000000,0.000000,0.000261,0.000282
B,ka100_req8,4,xxxxxxxxxxxxxxxx0.000007,0.000000,0.000000,0.000275,0.000286
B,ka100_req9,4,xxxxxxxxxxxxxxxx0.000005,0.000000,0.000000,0.000252,0.000261
B,ka100_req10,4,xxxxxxxxxxxxxxxx0.000005,0.000000,0.000000,0.000272,0.000281
B,ka100_req11,4,xxxxxxxxxxxxxxxx0.000005,0.000000,0.000000,0.000233,0.000285
B,ka100_req12,4,xxxxxxxxxxxxxxxx0.000004,0.000000,0.000000,0.000263,0.000272
B,ka100_req13,4,xxxxxxxxxxxxxxxx0.000004,0.000000,0.000000,0.000257,0.000263
B,ka100_req14,4,xxxxxxxxxxxxxxxx0.000003,0.000000,0.000000,0.000263,0.000271
B,ka100_req15,4,xxxxxxxxxxxxxxxx0.000004,0.000000,0.000000,0.000298,0.000304
B,ka100_req16,4,xxxxxxxxxxxxxxxx0.000004,0.000000,0.000000,0.000282,0.000289
B,ka100_req17,4,xxxxxxxxxxxxxxxx0.000003,0.000000,0.000000,0.000219,0.000282
B,ka100_req18,4,xxxxxxxxxxxxxxxx0.000004,0.000000,0.000000,0.000207,0.000269
B,ka100_req19,4,xxxxxxxxxxxxxxxx0.000003,0.000000,0.000000,0.000220,0.000259
B,ka100_req20,4,xxxxxxxxxxxxxxxx0.000004,0.000000,0.000000,0.000249,0.000314
B,ka100_req21,4,xxxxxxxxxxxxxxxx0.000004,0.000000,0.000000,0.000248,0.000276
B,ka100_req22,4,xxxxxxxxxxxxxxxx0.000004,0.000000,0.000000,0.000237,0.000278
B,ka100_req23,4,xxxxxxxxxxxxxxxx0.000004,0.000000,0.000000,0.000263,0.000271
B,ka100_req24,4,xxxxxxxxxxxxxxxx0.000003,0.000000,0.000000,0.000207,0.000313
B,ka100_req25,4,xxxxxxxxxxxxxxxx0.000003,0.000000,0.000000,0.000343,0.000351
B,ka100_req26,4,xxxxxxxxxxxxxxxx0.000003,0.000000,0.000000,0.000245,0.000309
B,ka100_req27,4,xxxxxxxxxxxxxxxx0.000003,0.000000,0.000000,0.000269,0.000284
B,ka100_req28,4,xxxxxxxxxxxxxxxx0.000004,0.000000,0.000000,0.000265,0.000271
B,ka100_req29,4,xxxxxxxxxxxxxxxx0.000004,0.000000,0.000000,0.000271,0.000309
B,ka100_req30,4,xxxxxxxxxxxxxxxx0.000004,0.000000,0.000000,0.000325,0.000331
B,ka100_req31,4,xxxxxxxxxxxxxxxx0.000004,0.000000,0.000000,0.000277,0.000303
B,ka100_req32,4,xxxxxxxxxxxxxxxx0.000003,0.000000,0.000000,0.000201,0.000231
B,ka100_req33,4,xxxxxxxxxxxxxxxx0.000003,0.000000,0.000000,0.000322,0.000330
B,ka100_req34,4,xxxxxxxxxxxxxxxx0.000004,0.000000,0.000000,0.000278,0.000286
B,ka100_req35,4,xxxxxxxxxxxxxxxx0.000003,0.000000,0.000000,0.000346,0.000352
B,ka100_req36,4,xxxxxxxxxxxxxxxx0.000003,0.000000,0.000000,0.000354,0.000360
B,ka100_req37,4,xxxxxxxxxxxxxxxx0.000004,0.000000,0.000000,0.000653,0.000666
B,ka100_req38,4,xxxxxxxxxxxxxxxx0.000005,0.000000,0.000000,0.000421,0.000429
B,ka100_req39,4,xxxxxxxxxxxxxxxx0.000004,0.000000,0.000000,0.000362,0.000368
B,ka100_req40,4,xxxxxxxxxxxxxxxx0.000003,0.000000,0.000000,0.000274,0.000351
B,ka100_req41,4,xxxxxxxxxxxxxxxx0.000004,0.000000,0.000000,0.000349,0.000355
B,ka100_req42,4,xxxxxxxxxxxxxxxx0.000003,0.000000,0.000000,0.000252,0.000259
B,ka100_req43,4,xxxxxxxxxxxxxxxx0.000003,0.000000,0.000000,0.000255,0.000294
B,ka100_req44,4,xxxxxxxxxxxxxxxx0.000003,0.000000,0.000000,0.000270,0.000276
B,ka100_req45,4,xxxxxxxxxxxxxxxx0.000003,0.000000,0.000000,0.000287,0.000294
B,ka100_req46,4,xxxxxxxxxxxxxxxx0.000003,0.000000,0.000000,0.000242,0.000251
B,ka100_req47,4,xxxxxxxxxxxxxxxx0.000006,0.000000,0.000000,0.000273,0.000280
B,ka100_req48,4,xxxxxxxxxxxxxxxx0.000004,0.000000,0.000000,0.000255,0.000284
B,ka100_req49,4,xxxxxxxxxxxxxxxx0.000003,0.000000,0.000000,0.000196,0.000242
B,ka100_req50,4,xxxxxxxxxxxxxxxx0.000004,0.000000,0.000000,0.000264,0.000269
B,ka100_req51,4,xxxxxxxxxxxxxxxx0.000003,0.000000,0.000000,0.000252,0.000259
B,ka100_req52,4,xxxxxxxxxxxxxxxx0.000004,0.000000,0.000000,0.000240,0.000247
B,ka100_req53,4,xxxxxxxxxxxxxxxx0.000004,0.000000,0.000000,0.000245,0.000296
B,ka100_req54,4,xxxxxxxxxxxxxxxx0.000003,0.000000,0.000000,0.000227,0.000234
B,ka100_req55,4,xxxxxxxxxxxxxxxx0.000004,0.000000,0.000000,0.000243,0.000248
B,ka100_req56,4,xxxxxxxxxxxxxxxx0.000004,0.000000,0.000000,0.000273,0.000281
B,ka100_req57,4,xxxxxxxxxxxxxxxx0.000004,0.000000,0.000000,0.000273,0.000278
B,ka100_req58,4,xxxxxxxxxxxxxxxx0.000003,0.000000,0.000000,0.000273,0.000280
B,ka100_req59,4,xxxxxxxxxxxxxxxx0.000004,0.000000,0.000000,0.000233,0.000279
B,ka100_req60,4,xxxxxxxxxxxxxxxx0.000003,0.000000,0.000000,0.000249,0.000321
B,ka100_req61,4,xxxxxxxxxxxxxxxx0.000005,0.000000,0.000000,0.000228,0.000256
B,ka100_req62,4,xxxxxxxxxxxxxxxx0.000003,0.000000,0.000000,0.000269,0.000276
B,ka100_req63,4,xxxxxxxxxxxxxxxx0.000003,0.000000,0.000000,0.000247,0.000254
B,ka100_req64,4,xxxxxxxxxxxxxxxx0.000003,0.000000,0.000000,0.000311,0.000319
B,ka100_req65,4,xxxxxxxxxxxxxxxx0.000005,0.000000,0.000000,0.000327,0.000336
B,ka100_req66,4,xxxxxxxxxxxxxxxx0.000004,0.000000,0.000000,0.000293,0.000300
B,ka100_req67,4,xxxxxxxxxxxxxxxx0.000004,0.000000,0.000000,0.000189,0.000266
B,ka100_req68,4,xxxxxxxxxxxxxxxx0.000004,0.000000,0.000000,0.000259,0.000318
B,ka100_req69,4,xxxxxxxxxxxxxxxx0.000004,0.000000,0.000000,0.000226,0.000269
B,ka100_req70,4,xxxxxxxxxxxxxxxx0.000003,0.000000,0.000000,0.000387,0.000394
B,ka100_req71,4,xxxxxxxxxxxxxxxx0.000003,0.000000,0.000000,0.000262,0.000268
B,ka100_req72,4,xxxxxxxxxxxxxxxx0.000004,0.000000,0.000000,0.000271,0.000278
B,ka100_req73,4,xxxxxxxxxxxxxxxx0.000003,0.000000,0.000000,0.000244,0.000309
B,ka100_req74,4,xxxxxxxxxxxxxxxx0.000004,0.000000,0.000000,0.000219,0.000257
B,ka100_req75,4,xxxxxxxxxxxxxxxx0.000004,0.000000,0.000000,0.000263,0.000270
B,ka100_req76,4,xxxxxxxxxxxxxxxx0.000003,0.000000,0.000000,0.000245,0.000252
B,ka100_req77,4,xxxxxxxxxxxxxxxx0.000003,0.000000,0.000000,0.000267,0.000309
B,ka100_req78,4,xxxxxxxxxxxxxxxx0.000003,0.000000,0.000000,0.000230,0.000235
B,ka100_req79,4,xxxxxxxxxxxxxxxx0.000002,0.000000,0.000000,0.000236,0.000295
B,ka100_req80,4,xxxxxxxxxxxxxxxx0.000004,0.000000,0.000000,0.000227,0.000284
B,ka100_req81,4,xxxxxxxxxxxxxxxx0.000003,0.000000,0.000000,0.000242,0.000248
B,ka100_req82,4,xxxxxxxxxxxxxxxx0.000003,0.000000,0.000000,0.000213,0.000219
B,ka100_req83,4,xxxxxxxxxxxxxxxx0.000003,0.000000,0.000000,0.000254,0.000260
B,ka100_req84,4,xxxxxxxxxxxxxxxx0.000004,0.000000,0.000000,0.000243,0.000281
B,ka100_req85,4,xxxxxxxxxxxxxxxx0.000003,0.000000,0.000000,0.000260,0.000267
B,ka100_req86,4,xxxxxxxxxxxxxxxx0.000003,0.000000,0.000000,0.000246,0.000296
B,ka100_req87,4,xxxxxxxxxxxxxxxx0.000003,0.000000,0.000000,0.000253,0.000259
B,ka100_req88,4,xxxxxxxxxxxxxxxx0.000003,0.000000,0.000000,0.000258,0.000297
B,ka100_req89,4,xxxxxxxxxxxxxxxx0.000003,0.000000,0.000000,0.000196,0.000209
B,ka100_req90,4,xxxxxxxxxxxxxxxx0.000003,0.000000,0.000000,0.000246,0.000252
B,ka100_req91,4,xxxxxxxxxxxxxxxx0.000003,0.000000,0.000000,0.000243,0.000250
B,ka100_req92,4,xxxxxxxxxxxxxxxx0.000004,0.000000,0.000000,0.000224,0.000250
B,ka100_req93,4,xxxxxxxxxxxxxxxx0.000003,0.000000,0.000000,0.000234,0.000240
B,ka100_req94,4,xxxxxxxxxxxxxxxx0.000003,0.000000,0.000000,0.000244,0.000249
B,ka100_req95,4,xxxxxxxxxxxxxxxx0.000003,0.000000,0.000000,0.000210,0.000216
B,ka100_req96,4,xxxxxxxxxxxxxxxx0.000003,0.000000,0.000000,0.000183,0.000211
B,ka100_req97,4,xxxxxxxxxxxxxxxx0.000003,0.000000,0.000000,0.000240,0.000265
B,ka100_req98,4,xxxxxxxxxxxxxxxx0.000004,0.000000,0.000000,0.000194,0.000243
B,ka100_req99,4,xxxxxxxxxxxxxxxx0.000003,0.000000,0.000000,0.000269,0.000275
B,ka100_req100,4,xxxxxxxxxxxxxxxx0.000003,0.000000,0.000000,0.000410,0.000416
B,ka100_req1,5,0.000008,0.000045,0.013846,0.014648,0.014669
B,ka100_req2,5,xxxxxxxxxxxxxxxx0.000007,0.000000,0.000000,0.000336,0.000347
B,ka100_req3,5,xxxxxxxxxxxxxxxx0.000006,0.000000,0.000000,0.000349,0.000361
B,ka100_req4,5,xxxxxxxxxxxxxxxx0.000006,0.000000,0.000000,0.000394,0.000406
B,ka100_req5,5,xxxxxxxxxxxxxxxx0.000007,0.000000,0.000000,0.000339,0.000347
B,ka100_req6,5,xxxxxxxxxxxxxxxx0.000005,0.000000,0.000000,0.000253,0.000260
B,ka100_req7,5,xxxxxxxxxxxxxxxx0.000003,0.000000,0.000000,0.000302,0.000310
B,ka100_req8,5,xxxxxxxxxxxxxxxx0.000006,0.000000,0.000000,0.000333,0.000339
B,ka100_req9,5,xxxxxxxxxxxxxxxx0.000004,0.000000,0.000000,0.000286,0.000296
B,ka100_req10,5,xxxxxxxxxxxxxxxx0.000006,0.000000,0.000000,0.000266,0.000276
B,ka100_req11,5,xxxxxxxxxxxxxxxx0.000004,0.000000,0.000000,0.000251,0.000257
B,ka100_req12,5,xxxxxxxxxxxxxxxx0.000004,0.000000,0.000000,0.000228,0.000299
B,ka100_req13,5,xxxxxxxxxxxxxxxx0.000004,0.000000,0.000000,0.000281,0.000287
B,ka100_req14,5,xxxxxxxxxxxxxxxx0.000003,0.000000,0.000000,0.000303,0.000311
B,ka100_req15,5,xxxxxxxxxxxxxxxx0.000004,0.000000,0.000000,0.000241,0.000311
B,ka100_req16,5,xxxxxxxxxxxxxxxx0.000005,0.000000,0.000000,0.000296,0.000303
B,ka100_req17,5,xxxxxxxxxxxxxxxx0.000003,0.000000,0.000000,0.000237,0.000291
B,ka100_req18,5,xxxxxxxxxxxxxxxx0.000005,0.000000,0.000000,0.000254,0.000261
B,ka100_req19,5,xxxxxxxxxxxxxxxx0.000004,0.000000,0.000000,0.000268,0.000332
B,ka100_req20,5,xxxxxxxxxxxxxxxx0.000003,0.000000,0.000000,0.000264,0.000271
B,ka100_req21,5,xxxxxxxxxxxxxxxx0.000004,0.000000,0.000000,0.000257,0.000263
B,ka100_req22,5,xxxxxxxxxxxxxxxx0.000003,0.000000,0.000000,0.000305,0.000312
B,ka100_req23,5,xxxxxxxxxxxxxxxx0.000003,0.000000,0.000000,0.000281,0.000323
B,ka100_req24,5,xxxxxxxxxxxxxxxx0.000003,0.000000,0.000000,0.000229,0.000237
B,ka100_req25,5,xxxxxxxxxxxxxxxx0.000004,0.000000,0.000000,0.000295,0.000337
B,ka100_req26,5,xxxxxxxxxxxxxxxx0.000003,0.000000,0.000000,0.000283,0.000339
B,ka100_req27,5,xxxxxxxxxxxxxxxx0.000003,0.000000,0.000000,0.000308,0.000313
B,ka100_req28,5,xxxxxxxxxxxxxxxx0.000003,0.000000,0.000000,0.000296,0.000332
B,ka100_req29,5,xxxxxxxxxxxxxxxx0.000004,0.000000,0.000000,0.000285,0.000292
B,ka100_req30,5,xxxxxxxxxxxxxxxx0.000004,0.000000,0.000000,0.000292,0.000299
B,ka100_req31,5,xxxxxxxxxxxxxxxx0.000003,0.000000,0.000000,0.000282,0.000289
B,ka100_req32,5,xxxxxxxxxxxxxxxx0.000004,0.000000,0.000000,0.000254,0.000276
B,ka100_req33,5,xxxxxxxxxxxxxxxx0.000004,0.000000,0.000000,0.000239,0.000246
B,ka100_req34,5,xxxxxxxxxxxxxxxx0.000003,0.000000,0.000000,0.000317,0.000359
B,ka100_req35,5,xxxxxxxxxxxxxxxx0.000003,0.000000,0.000000,0.000246,0.000316
B,ka100_req36,5,xxxxxxxxxxxxxxxx0.000003,0.000000,0.000000,0.000250,0.000295
B,ka100_req37,5,xxxxxxxxxxxxxxxx0.000004,0.000000,0.000000,0.000256,0.000298
B,ka100_req38,5,xxxxxxxxxxxxxxxx0.000005,0.000000,0.000000,0.000248,0.000285
B,ka100_req39,5,xxxxxxxxxxxxxxxx0.000004,0.000000,0.000000,0.000267,0.000274
B,ka100_req40,5,xxxxxxxxxxxxxxxx0.000003,0.000000,0.000000,0.000266,0.000273
B,ka100_req41,5,xxxxxxxxxxxxxxxx0.000003,0.000000,0.000000,0.000218,0.000223
B,ka100_req42,5,xxxxxxxxxxxxxxxx0.000003,0.000000,0.000000,0.000190,0.000197
B,ka100_req43,5,xxxxxxxxxxxxxxxx0.000003,0.000000,0.000000,0.000250,0.000258
B,ka100_req44,5,xxxxxxxxxxxxxxxx0.000003,0.000000,0.000000,0.000259,0.000297
B,ka100_req45,5,xxxxxxxxxxxxxxxx0.000004,0.000000,0.000000,0.000203,0.000264
B,ka100_req46,5,xxxxxxxxxxxxxxxx0.000003,0.000000,0.000000,0.000227,0.000235
B,ka100_req47,5,xxxxxxxxxxxxxxxx0.000003,0.000000,0.000000,0.000212,0.000220
B,ka100_req48,5,xxxxxxxxxxxxxxxx0.000003,0.000000,0.000000,0.000217,0.000224
B,ka100_req49,5,xxxxxxxxxxxxxxxx0.000004,0.000000,0.000000,0.000262,0.000270
B,ka100_req50,5,xxxxxxxxxxxxxxxx0.000004,0.000000,0.000000,0.000220,0.000227
B,ka100_req51,5,xxxxxxxxxxxxxxxx0.000004,0.000000,0.000000,0.000210,0.000252
B,ka100_req52,5,xxxxxxxxxxxxxxxx0.000003,0.000000,0.000000,0.000239,0.000244
B,ka100_req53,5,xxxxxxxxxxxxxxxx0.000003,0.000000,0.000000,0.000262,0.000269
B,ka100_req54,5,xxxxxxxxxxxxxxxx0.000003,0.000000,0.000000,0.000203,0.000264
B,ka100_req55,5,xxxxxxxxxxxxxxxx0.000004,0.000000,0.000000,0.000216,0.000253
B,ka100_req56,5,xxxxxxxxxxxxxxxx0.000003,0.000000,0.000000,0.000236,0.000276
B,ka100_req57,5,xxxxxxxxxxxxxxxx0.000003,0.000000,0.000000,0.000266,0.000273
B,ka100_req58,5,xxxxxxxxxxxxxxxx0.000002,0.000000,0.000000,0.000241,0.000249
B,ka100_req59,5,xxxxxxxxxxxxxxxx0.000003,0.000000,0.000000,0.000260,0.000267
B,ka100_req60,5,xxxxxxxxxxxxxxxx0.000003,0.000000,0.000000,0.000236,0.000282
B,ka100_req61,5,xxxxxxxxxxxxxxxx0.000003,0.000000,0.000000,0.000261,0.000268
B,ka100_req62,5,xxxxxxxxxxxxxxxx0.000002,0.000000,0.000000,0.000252,0.000260
B,ka100_req63,5,xxxxxxxxxxxxxxxx0.000003,0.000000,0.000000,0.000238,0.000243
B,ka100_req64,5,xxxxxxxxxxxxxxxx0.000003,0.000000,0.000000,0.000239,0.000270
B,ka100_req65,5,xxxxxxxxxxxxxxxx0.000003,0.000000,0.000000,0.000216,0.000225
B,ka100_req66,5,xxxxxxxxxxxxxxxx0.000003,0.000000,0.000000,0.000255,0.000296
B,ka100_req67,5,xxxxxxxxxxxxxxxx0.000004,0.000000,0.000000,0.000204,0.000305
B,ka100_req68,5,xxxxxxxxxxxxxxxx0.000004,0.000000,0.000000,0.000296,0.000396
B,ka100_req69,5,xxxxxxxxxxxxxxxx0.000003,0.000000,0.000000,0.000346,0.000354
B,ka100_req70,5,xxxxxxxxxxxxxxxx0.000004,0.000000,0.000000,0.000290,0.000297
B,ka100_req71,5,xxxxxxxxxxxxxxxx0.000004,0.000000,0.000000,0.000279,0.000287
B,ka100_req72,5,xxxxxxxxxxxxxxxx0.000003,0.000000,0.000000,0.000220,0.000228
B,ka100_req73,5,xxxxxxxxxxxxxxxx0.000004,0.000000,0.000000,0.000247,0.000254
B,ka100_req74,5,xxxxxxxxxxxxxxxx0.000004,0.000000,0.000000,0.000267,0.000274
B,ka100_req75,5,xxxxxxxxxxxxxxxx0.000003,0.000000,0.000000,0.000242,0.000288
B,ka100_req76,5,xxxxxxxxxxxxxxxx0.000003,0.000000,0.000000,0.000243,0.000274
B,ka100_req77,5,xxxxxxxxxxxxxxxx0.000003,0.000000,0.000000,0.000279,0.000327
B,ka100_req78,5,xxxxxxxxxxxxxxxx0.000005,0.000000,0.000000,0.000280,0.000286
B,ka100_req79,5,xxxxxxxxxxxxxxxx0.000004,0.000000,0.000000,0.000254,0.000261
B,ka100_req80,5,xxxxxxxxxxxxxxxx0.000004,0.000000,0.000000,0.000247,0.000253
B,ka100_req81,5,xxxxxxxxxxxxxxxx0.000004,0.000000,0.000000,0.000271,0.000278
B,ka100_req82,5,xxxxxxxxxxxxxxxx0.000004,0.000000,0.000000,0.000262,0.000277
B,ka100_req83,5,xxxxxxxxxxxxxxxx0.000004,0.000000,0.000000,0.000234,0.000269
B,ka100_req84,5,xxxxxxxxxxxxxxxx0.000004,0.000000,0.000000,0.000231,0.000237
B,ka100_req85,5,xxxxxxxxxxxxxxxx0.000003,0.000000,0.000000,0.000214,0.000271
B,ka100_req86,5,xxxxxxxxxxxxxxxx0.000003,0.000000,0.000000,0.000269,0.000277
B,ka100_req87,5,xxxxxxxxxxxxxxxx0.000004,0.000000,0.000000,0.000253,0.000262
B,ka100_req88,5,xxxxxxxxxxxxxxxx0.000003,0.000000,0.000000,0.000269,0.000284
B,ka100_req89,5,xxxxxxxxxxxxxxxx0.000004,0.000000,0.000000,0.000187,0.000213
B,ka100_req90,5,xxxxxxxxxxxxxxxx0.000003,0.000000,0.000000,0.000207,0.000247
B,ka100_req91,5,xxxxxxxxxxxxxxxx0.000003,0.000000,0.000000,0.000224,0.000253
B,ka100_req92,5,xxxxxxxxxxxxxxxx0.000003,0.000000,0.000000,0.000236,0.000278
B,ka100_req93,5,xxxxxxxxxxxxxxxx0.000003,0.000000,0.000000,0.000208,0.000272
B,ka100_req94,5,xxxxxxxxxxxxxxxx0.000003,0.000000,0.000000,0.000249,0.000259
B,ka100_req95,5,xxxxxxxxxxxxxxxx0.000004,0.000000,0.000000,0.000240,0.000247
B,ka100_req96,5,xxxxxxxxxxxxxxxx0.000003,0.000000,0.000000,0.000218,0.000261
B,ka100_req97,5,xxxxxxxxxxxxxxxx0.000003,0.000000,0.000000,0.000222,0.000290
B,ka100_req98,5,xxxxxxxxxxxxxxxx0.000004,0.000000,0.000000,0.000228,0.000285
B,ka100_req99,5,xxxxxxxxxxxxxxxx0.000003,0.000000,0.000000,0.000360,0.000368
B,ka100_req100,5,xxxxxxxxxxxxxxxx0.000003,0.000000,0.000000,0.000227,0.000307
B,ka100_req1,6,0.000008,0.000047,0.013617,0.014511,0.014536
B,ka100_req2,6,xxxxxxxxxxxxxxxx0.000007,0.000000,0.000000,0.000247,0.000253
B,ka100_req3,6,xxxxxxxxxxxxxxxx0.000004,0.000000,0.000000,0.000305,0.000315
B,ka100_req4,6,xxxxxxxxxxxxxxxx0.000007,0.000000,0.000000,0.000270,0.000278
B,ka100_req5,6,xxxxxxxxxxxxxxxx0.000004,0.000000,0.000000,0.000203,0.000214
B,ka100_req6,6,xxxxxxxxxxxxxxxx0.000007,0.000000,0.000000,0.000304,0.000316
B,ka100_req7,6,xxxxxxxxxxxxxxxx0.000006,0.000000,0.000000,0.000287,0.000297
B,ka100_req8,6,xxxxxxxxxxxxxxxx0.000006,0.000000,0.000000,0.000244,0.000251
B,ka100_req9,6,xxxxxxxxxxxxxxxx0.000005,0.000000,0.000000,0.000302,0.000308
B,ka100_req10,6,xxxxxxxxxxxxxxxx0.000003,0.000000,0.000000,0.000275,0.000315
B,ka100_req11,6,xxxxxxxxxxxxxxxx0.000003,0.000000,0.000000,0.000226,0.000232
B,ka100_req12,6,xxxxxxxxxxxxxxxx0.000005,0.000000,0.000000,0.000286,0.000297
B,ka100_req13,6,xxxxxxxxxxxxxxxx0.000004,0.000000,0.000000,0.000305,0.000322
B,ka100_req14,6,xxxxxxxxxxxxxxxx0.000005,0.000000,0.000000,0.000304,0.000311
B,ka100_req15,6,xxxxxxxxxxxxxxxx0.000004,0.000000,0.000000,0.000280,0.000288
B,ka100_req16,6,xxxxxxxxxxxxxxxx0.000003,0.000000,0.000000,0.000246,0.000252
B,ka100_req17,6,xxxxxxxxxxxxxxxx0.000003,0.000000,0.000000,0.000231,0.000300
B,ka100_req18,6,xxxxxxxxxxxxxxxx0.000004,0.000000,0.000000,0.000351,0.000359
B,ka100_req19,6,xxxxxxxxxxxxxxxx0.000004,0.000000,0.000000,0.000249,0.000290
B,ka100_req20,6,xxxxxxxxxxxxxxxx0.000004,0.000000,0.000000,0.000229,0.000286
B,ka100_req21,6,xxxxxxxxxxxxxxxx0.000004,0.000000,0.000000,0.000250,0.000277
B,ka100_req22,6,xxxxxxxxxxxxxxxx0.000003,0.000000,0.000000,0.000245,0.000252
B,ka100_req23,6,xxxxxxxxxxxxxxxx0.000003,0.000000,0.000000,0.000236,0.000242
B,ka100_req24,6,xxxxxxxxxxxxxxxx0.000003,0.000000,0.000000,0.000248,0.000255
B,ka100_req25,6,xxxxxxxxxxxxxxxx0.000003,0.000000,0.000000,0.000272,0.000277
B,ka100_req26,6,xxxxxxxxxxxxxxxx0.000004,0.000000,0.000000,0.000258,0.000265
B,ka100_req27,6,xxxxxxxxxxxxxxxx0.000003,0.000000,0.000000,0.000274,0.000283
B,ka100_req28,6,xxxxxxxxxxxxxxxx0.000004,0.000000,0.000000,0.000244,0.000305
B,ka100_req29,6,xxxxxxxxxxxxxxxx0.000004,0.000000,0.000000,0.000266,0.000304
B,ka100_req30,6,xxxxxxxxxxxxxxxx0.000004,0.000000,0.000000,0.000210,0.000224
B,ka100_req31,6,xxxxxxxxxxxxxxxx0.000004,0.000000,0.000000,0.000244,0.000251
B,ka100_req32,6,xxxxxxxxxxxxxxxx0.000003,0.000000,0.000000,0.000239,0.000245
B,ka100_req33,6,xxxxxxxxxxxxxxxx0.000003,0.000000,0.000000,0.000250,0.000258
B,ka100_req34,6,xxxxxxxxxxxxxxxx0.000004,0.000000,0.000000,0.000219,0.000224
B,ka100_req35,6,xxxxxxxxxxxxxxxx0.000003,0.000000,0.000000,0.000236,0.000242
B,ka100_req36,6,xxxxxxxxxxxxxxxx0.000004,0.000000,0.000000,0.000220,0.000225
B,ka100_req37,6,xxxxxxxxxxxxxxxx0.000003,0.000000,0.000000,0.000257,0.000265
B,ka100_req38,6,xxxxxxxxxxxxxxxx0.000003,0.000000,0.000000,0.000244,0.000250
B,ka100_req39,6,xxxxxxxxxxxxxxxx0.000003,0.000000,0.000000,0.000288,0.000296
B,ka100_req40,6,xxxxxxxxxxxxxxxx0.000003,0.000000,0.000000,0.000212,0.000219
B,ka100_req41,6,xxxxxxxxxxxxxxxx0.000004,0.000000,0.000000,0.000257,0.000262
B,ka100_req42,6,xxxxxxxxxxxxxxxx0.000004,0.000000,0.000000,0.000233,0.000239
B,ka100_req43,6,xxxxxxxxxxxxxxxx0.000003,0.000000,0.000000,0.000216,0.000264
B,ka100_req44,6,xxxxxxxxxxxxxxxx0.000004,0.000000,0.000000,0.000212,0.000241
B,ka100_req45,6,xxxxxxxxxxxxxxxx0.000003,0.000000,0.000000,0.000236,0.000289
B,ka100_req46,6,xxxxxxxxxxxxxxxx0.000003,0.000000,0.000000,0.000245,0.000252
B,ka100_req47,6,xxxxxxxxxxxxxxxx0.000003,0.000000,0.000000,0.000255,0.000262
B,ka100_req48,6,xxxxxxxxxxxxxxxx0.000003,0.000000,0.000000,0.000235,0.000281
B,ka100_req49,6,xxxxxxxxxxxxxxxx0.000003,0.000000,0.000000,0.000231,0.000238
B,ka100_req50,6,xxxxxxxxxxxxxxxx0.000004,0.000000,0.000000,0.000241,0.000301
B,ka100_req51,6,xxxxxxxxxxxxxxxx0.000003,0.000000,0.000000,0.000233,0.000239
B,ka100_req52,6,xxxxxxxxxxxxxxxx0.000003,0.000000,0.000000,0.000230,0.000238
B,ka100_req53,6,xxxxxxxxxxxxxxxx0.000003,0.000000,0.000000,0.000284,0.000289
B,ka100_req54,6,xxxxxxxxxxxxxxxx0.000003,0.000000,0.000000,0.000234,0.000241
B,ka100_req55,6,xxxxxxxxxxxxxxxx0.000004,0.000000,0.000000,0.000214,0.000309
B,ka100_req56,6,xxxxxxxxxxxxxxxx0.000003,0.000000,0.000000,0.000218,0.000223
B,ka100_req57,6,xxxxxxxxxxxxxxxx0.000003,0.000000,0.000000,0.000254,0.000294
B,ka100_req58,6,xxxxxxxxxxxxxxxx0.000004,0.000000,0.000000,0.000256,0.000262
B,ka100_req59,6,xxxxxxxxxxxxxxxx0.000004,0.000000,0.000000,0.000254,0.000261
B,ka100_req60,6,xxxxxxxxxxxxxxxx0.000004,0.000000,0.000000,0.000223,0.000261
B,ka100_req61,6,xxxxxxxxxxxxxxxx0.000003,0.000000,0.000000,0.000206,0.000251
B,ka100_req62,6,xxxxxxxxxxxxxxxx0.000004,0.000000,0.000000,0.000221,0.000274
B,ka100_req63,6,xxxxxxxxxxxxxxxx0.000003,0.000000,0.000000,0.000232,0.000294
B,ka100_req64,6,xxxxxxxxxxxxxxxx0.000003,0.000000,0.000000,0.000229,0.000278
B,ka100_req65,6,xxxxxxxxxxxxxxxx0.000003,0.000000,0.000000,0.000238,0.000245
B,ka100_req66,6,xxxxxxxxxxxxxxxx0.000003,0.000000,0.000000,0.000234,0.000280
B,ka100_req67,6,xxxxxxxxxxxxxxxx0.000004,0.000000,0.000000,0.000262,0.000269
B,ka100_req68,6,xxxxxxxxxxxxxxxx0.000003,0.000000,0.000000,0.000293,0.000298
B,ka100_req69,6,xxxxxxxxxxxxxxxx0.000003,0.000000,0.000000,0.000269,0.000274
B,ka100_req70,6,xxxxxxxxxxxxxxxx0.000003,0.000000,0.000000,0.000245,0.000254
B,ka100_req71,6,xxxxxxxxxxxxxxxx0.000003,0.000000,0.000000,0.000236,0.000281
B,ka100_req72,6,xxxxxxxxxxxxxxxx0.000003,0.000000,0.000000,0.000247,0.000253
B,ka100_req73,6,xxxxxxxxxxxxxxxx0.000003,0.000000,0.000000,0.000213,0.000224
B,ka100_req74,6,xxxxxxxxxxxxxxxx0.000004,0.000000,0.000000,0.000218,0.000255
B,ka100_req75,6,xxxxxxxxxxxxxxxx0.000003,0.000000,0.000000,0.000183,0.000240
B,ka100_req76,6,xxxxxxxxxxxxxxxx0.000003,0.000000,0.000000,0.000220,0.000226
B,ka100_req77,6,xxxxxxxxxxxxxxxx0.000003,0.000000,0.000000,0.000249,0.000256
B,ka100_req78,6,xxxxxxxxxxxxxxxx0.000004,0.000000,0.000000,0.000195,0.000244
B,ka100_req79,6,xxxxxxxxxxxxxxxx0.000003,0.000000,0.000000,0.000231,0.000237
B,ka100_req80,6,xxxxxxxxxxxxxxxx0.000003,0.000000,0.000000,0.000200,0.000239
B,ka100_req81,6,xxxxxxxxxxxxxxxx0.000003,0.000000,0.000000,0.000229,0.000254
B,ka100_req82,6,xxxxxxxxxxxxxxxx0.000003,0.000000,0.000000,0.000227,0.000267
B,ka100_req83,6,xxxxxxxxxxxxxxxx0.000004,0.000000,0.000000,0.000259,0.000299
B,ka100_req84,6,xxxxxxxxxxxxxxxx0.000004,0.000000,0.000000,0.000263,0.000268
B,ka100_req85,6,xxxxxxxxxxxxxxxx0.000003,0.000000,0.000000,0.000239,0.000267
B,ka100_req86,6,xxxxxxxxxxxxxxxx0.000004,0.000000,0.000000,0.000260,0.000266
B,ka100_req87,6,xxxxxxxxxxxxxxxx0.000003,0.000000,0.000000,0.000175,0.000209
B,ka100_req88,6,xxxxxxxxxxxxxxxx0.000003,0.000000,0.000000,0.000237,0.000245
B,ka100_req89,6,xxxxxxxxxxxxxxxx0.000004,0.000000,0.000000,0.000241,0.000247
B,ka100_req90,6,xxxxxxxxxxxxxxxx0.000004,0.000000,0.000000,0.000228,0.000234
B,ka100_req91,6,xxxxxxxxxxxxxxxx0.000004,0.000000,0.000000,0.000233,0.000255
B,ka100_req92,6,xxxxxxxxxxxxxxxx0.000003,0.000000,0.000000,0.000218,0.000224
B,ka100_req93,6,xxxxxxxxxxxxxxxx0.000003,0.000000,0.000000,0.000195,0.000212
B,ka100_req94,6,xxxxxxxxxxxxxxxx0.000003,0.000000,0.000000,0.000251,0.000260
B,ka100_req95,6,xxxxxxxxxxxxxxxx0.000003,0.000000,0.000000,0.000235,0.000310
B,ka100_req96,6,xxxxxxxxxxxxxxxx0.000003,0.000000,0.000000,0.000228,0.000235
B,ka100_req97,6,xxxxxxxxxxxxxxxx0.000004,0.000000,0.000000,0.000254,0.000259
B,ka100_req98,6,xxxxxxxxxxxxxxxx0.000003,0.000000,0.000000,0.000215,0.000221
B,ka100_req99,6,xxxxxxxxxxxxxxxx0.000002,0.000000,0.000000,0.000205,0.000219
B,ka100_req100,6,xxxxxxxxxxxxxxxx0.000003,0.000000,0.000000,0.000254,0.000262
B,ka100_req1,7,0.000007,0.000042,0.013877,0.014656,0.014675
B,ka100_req2,7,xxxxxxxxxxxxxxxx0.000007,0.000000,0.000000,0.000246,0.000254
B,ka100_req3,7,xxxxxxxxxxxxxxxx0.000004,0.000000,0.000000,0.000246,0.000254
B,ka100_req4,7,xxxxxxxxxxxxxxxx0.000004,0.000000,0.000000,0.000290,0.000298
B,ka100_req5,7,xxxxxxxxxxxxxxxx0.000005,0.000000,0.000000,0.000223,0.000236
B,ka100_req6,7,xxxxxxxxxxxxxxxx0.000007,0.000000,0.000000,0.000252,0.000260
B,ka100_req7,7,xxxxxxxxxxxxxxxx0.000004,0.000000,0.000000,0.000216,0.000223
B,ka100_req8,7,xxxxxxxxxxxxxxxx0.000004,0.000000,0.000000,0.000292,0.000304
B,ka100_req9,7,xxxxxxxxxxxxxxxx0.000007,0.000000,0.000000,0.000230,0.000236
B,ka100_req10,7,xxxxxxxxxxxxxxxx0.000004,0.000000,0.000000,0.000230,0.000270
B,ka100_req11,7,xxxxxxxxxxxxxxxx0.000004,0.000000,0.000000,0.000288,0.000296
B,ka100_req12,7,xxxxxxxxxxxxxxxx0.000004,0.000000,0.000000,0.000257,0.000264
B,ka100_req13,7,xxxxxxxxxxxxxxxx0.000004,0.000000,0.000000,0.000244,0.000281
B,ka100_req14,7,xxxxxxxxxxxxxxxx0.000004,0.000000,0.000000,0.000229,0.000274
B,ka100_req15,7,xxxxxxxxxxxxxxxx0.000005,0.000000,0.000000,0.000308,0.000316
B,ka100_req16,7,xxxxxxxxxxxxxxxx0.000004,0.000000,0.000000,0.000237,0.000245
B,ka100_req17,7,xxxxxxxxxxxxxxxx0.000004,0.000000,0.000000,0.000315,0.000320
B,ka100_req18,7,xxxxxxxxxxxxxxxx0.000003,0.000000,0.000000,0.000278,0.000284
B,ka100_req19,7,xxxxxxxxxxxxxxxx0.000003,0.000000,0.000000,0.000249,0.000255
B,ka100_req20,7,xxxxxxxxxxxxxxxx0.000004,0.000000,0.000000,0.000230,0.000259
B,ka100_req21,7,xxxxxxxxxxxxxxxx0.000003,0.000000,0.000000,0.000231,0.000285
B,ka100_req22,7,xxxxxxxxxxxxxxxx0.000005,0.000000,0.000000,0.000259,0.000265
B,ka100_req23,7,xxxxxxxxxxxxxxxx0.000003,0.000000,0.000000,0.000259,0.000267
B,ka100_req24,7,xxxxxxxxxxxxxxxx0.000004,0.000000,0.000000,0.000247,0.000287
B,ka100_req25,7,xxxxxxxxxxxxxxxx0.000003,0.000000,0.000000,0.000265,0.000271
B,ka100_req26,7,xxxxxxxxxxxxxxxx0.000003,0.000000,0.000000,0.000269,0.000318
B,ka100_req27,7,xxxxxxxxxxxxxxxx0.000004,0.000000,0.000000,0.000272,0.000309
B,ka100_req28,7,xxxxxxxxxxxxxxxx0.000004,0.000000,0.000000,0.000269,0.000278
B,ka100_req29,7,xxxxxxxxxxxxxxxx0.000004,0.000000,0.000000,0.000219,0.000262
B,ka100_req30,7,xxxxxxxxxxxxxxxx0.000004,0.000000,0.000000,0.000242,0.000280
B,ka100_req31,7,xxxxxxxxxxxxxxxx0.000004,0.000000,0.000000,0.000209,0.000217
B,ka100_req32,7,xxxxxxxxxxxxxxxx0.000004,0.000000,0.000000,0.000197,0.000235
B,ka100_req33,7,xxxxxxxxxxxxxxxx0.000003,0.000000,0.000000,0.000256,0.000292
B,ka100_req34,7,xxxxxxxxxxxxxxxx0.000004,0.000000,0.000000,0.000276,0.000282
B,ka100_req35,7,xxxxxxxxxxxxxxxx0.000004,0.000000,0.000000,0.000252,0.000258
B,ka100_req36,7,xxxxxxxxxxxxxxxx0.000003,0.000000,0.000000,0.000265,0.000270
B,ka100_req37,7,xxxxxxxxxxxxxxxx0.000002,0.000000,0.000000,0.000235,0.000250
B,ka100_req38,7,xxxxxxxxxxxxxxxx0.000003,0.000000,0.000000,0.000269,0.000277
B,ka100_req39,7,xxxxxxxxxxxxxxxx0.000003,0.000000,0.000000,0.000228,0.000240
B,ka100_req40,7,xxxxxxxxxxxxxxxx0.000003,0.000000,0.000000,0.000234,0.000277
B,ka100_req41,7,xxxxxxxxxxxxxxxx0.000003,0.000000,0.000000,0.000223,0.000268
B,ka100_req42,7,xxxxxxxxxxxxxxxx0.000004,0.000000,0.000000,0.000274,0.000281
B,ka100_req43,7,xxxxxxxxxxxxxxxx0.000004,0.000000,0.000000,0.000260,0.000301
B,ka100_req44,7,xxxxxxxxxxxxxxxx0.000004,0.000000,0.000000,0.000269,0.000276
B,ka100_req45,7,xxxxxxxxxxxxxxxx0.000003,0.000000,0.000000,0.000239,0.000287
B,ka100_req46,7,xxxxxxxxxxxxxxxx0.000003,0.000000,0.000000,0.000190,0.000202
B,ka100_req47,7,xxxxxxxxxxxxxxxx0.000003,0.000000,0.000000,0.000258,0.000264
B,ka100_req48,7,xxxxxxxxxxxxxxxx0.000003,0.000000,0.000000,0.000233,0.000240
B,ka100_req49,7,xxxxxxxxxxxxxxxx0.000004,0.000000,0.000000,0.000219,0.000238
B,ka100_req50,7,xxxxxxxxxxxxxxxx0.000003,0.000000,0.000000,0.000242,0.000250
B,ka100_req51,7,xxxxxxxxxxxxxxxx0.000004,0.000000,0.000000,0.000266,0.000274
B,ka100_req52,7,xxxxxxxxxxxxxxxx0.000004,0.000000,0.000000,0.000231,0.000252
B,ka100_req53,7,xxxxxxxxxxxxxxxx0.000003,0.000000,0.000000,0.000250,0.000283
B,ka100_req54,7,xxxxxxxxxxxxxxxx0.000003,0.000000,0.000000,0.000190,0.000196
B,ka100_req55,7,xxxxxxxxxxxxxxxx0.000004,0.000000,0.000000,0.000216,0.000223
B,ka100_req56,7,xxxxxxxxxxxxxxxx0.000003,0.000000,0.000000,0.000238,0.000267
B,ka100_req57,7,xxxxxxxxxxxxxxxx0.000003,0.000000,0.000000,0.000239,0.000245
B,ka100_req58,7,xxxxxxxxxxxxxxxx0.000003,0.000000,0.000000,0.000232,0.000237
B,ka100_req59,7,xxxxxxxxxxxxxxxx0.000003,0.000000,0.000000,0.000235,0.000279
B,ka100_req60,7,xxxxxxxxxxxxxxxx0.000004,0.000000,0.000000,0.000287,0.000296
B,ka100_req61,7,xxxxxxxxxxxxxxxx0.000004,0.000000,0.000000,0.000219,0.000225
B,ka100_req62,7,xxxxxxxxxxxxxxxx0.000003,0.000000,0.000000,0.000239,0.000245
B,ka100_req63,7,xxxxxxxxxxxxxxxx0.000003,0.000000,0.000000,0.000231,0.000237
B,ka100_req64,7,xxxxxxxxxxxxxxxx0.000003,0.000000,0.000000,0.000269,0.000275
B,ka100_req65,7,xxxxxxxxxxxxxxxx0.000002,0.000000,0.000000,0.000252,0.000259
B,ka100_req66,7,xxxxxxxxxxxxxxxx0.000003,0.000000,0.000000,0.000252,0.000259
B,ka100_req67,7,xxxxxxxxxxxxxxxx0.000003,0.000000,0.000000,0.000276,0.000314
B,ka100_req68,7,xxxxxxxxxxxxxxxx0.000003,0.000000,0.000000,0.000231,0.000250
B,ka100_req69,7,xxxxxxxxxxxxxxxx0.000004,0.000000,0.000000,0.000232,0.000239
B,ka100_req70,7,xxxxxxxxxxxxxxxx0.000003,0.000000,0.000000,0.000242,0.000250
B,ka100_req71,7,xxxxxxxxxxxxxxxx0.000003,0.000000,0.000000,0.000216,0.000221
B,ka100_req72,7,xxxxxxxxxxxxxxxx0.000003,0.000000,0.000000,0.000212,0.000218
B,ka100_req73,7,xxxxxxxxxxxxxxxx0.000003,0.000000,0.000000,0.000214,0.000250
B,ka100_req74,7,xxxxxxxxxxxxxxxx0.000004,0.000000,0.000000,0.000227,0.000263
B,ka100_req75,7,xxxxxxxxxxxxxxxx0.000004,0.000000,0.000000,0.000271,0.000309
B,ka100_req76,7,xxxxxxxxxxxxxxxx0.000004,0.000000,0.000000,0.000246,0.000294
B,ka100_req77,7,xxxxxxxxxxxxxxxx0.000004,0.000000,0.000000,0.000255,0.000261
B,ka100_req78,7,xxxxxxxxxxxxxxxx0.000004,0.000000,0.000000,0.000243,0.000248
B,ka100_req79,7,xxxxxxxxxxxxxxxx0.000003,0.000000,0.000000,0.000231,0.000237
B,ka100_req80,7,xxxxxxxxxxxxxxxx0.000004,0.000000,0.000000,0.000249,0.000255
B,ka100_req81,7,xxxxxxxxxxxxxxxx0.000003,0.000000,0.000000,0.000259,0.000264
B,ka100_req82,7,xxxxxxxxxxxxxxxx0.000004,0.000000,0.000000,0.000278,0.000318
B,ka100_req83,7,xxxxxxxxxxxxxxxx0.000003,0.000000,0.000000,0.000275,0.000281
B,ka100_req84,7,xxxxxxxxxxxxxxxx0.000003,0.000000,0.000000,0.000232,0.000277
B,ka100_req85,7,xxxxxxxxxxxxxxxx0.000003,0.000000,0.000000,0.000255,0.000263
B,ka100_req86,7,xxxxxxxxxxxxxxxx0.000003,0.000000,0.000000,0.000219,0.000265
B,ka100_req87,7,xxxxxxxxxxxxxxxx0.000003,0.000000,0.000000,0.000221,0.000235
B,ka100_req88,7,xxxxxxxxxxxxxxxx0.000003,0.000000,0.000000,0.000219,0.000225
B,ka100_req89,7,xxxxxxxxxxxxxxxx0.000003,0.000000,0.000000,0.000275,0.000281
B,ka100_req90,7,xxxxxxxxxxxxxxxx0.000004,0.000000,0.000000,0.000202,0.000260
B,ka100_req91,7,xxxxxxxxxxxxxxxx0.000002,0.000000,0.000000,0.000247,0.000252
B,ka100_req92,7,xxxxxxxxxxxxxxxx0.000004,0.000000,0.000000,0.000253,0.000258
B,ka100_req93,7,xxxxxxxxxxxxxxxx0.000004,0.000000,0.000000,0.000220,0.000253
B,ka100_req94,7,xxxxxxxxxxxxxxxx0.000004,0.000000,0.000000,0.000217,0.000248
B,ka100_req95,7,xxxxxxxxxxxxxxxx0.000003,0.000000,0.000000,0.000248,0.000285
B,ka100_req96,7,xxxxxxxxxxxxxxxx0.000003,0.000000,0.000000,0.000290,0.000296
B,ka100_req97,7,xxxxxxxxxxxxxxxx0.000004,0.000000,0.000000,0.000227,0.000259
B,ka100_req98,7,xxxxxxxxxxxxxxxx0.000003,0.000000,0.000000,0.000257,0.000305
B,ka100_req99,7,xxxxxxxxxxxxxxxx0.000003,0.000000,0.000000,0.000293,0.000299
B,ka100_req100,7,xxxxxxxxxxxxxxxx0.000003,0.000000,0.000000,0.000239,0.000246
B,ka100_req1,8,0.000008,0.000041,0.013898,0.014808,0.014831
B,ka100_req2,8,xxxxxxxxxxxxxxxx0.000006,0.000000,0.000000,0.000246,0.000255
B,ka100_req3,8,xxxxxxxxxxxxxxxx0.000004,0.000000,0.000000,0.000233,0.000242
B,ka100_req4,8,xxxxxxxxxxxxxxxx0.000006,0.000000,0.000000,0.000267,0.000279
B,ka100_req5,8,xxxxxxxxxxxxxxxx0.000007,0.000000,0.000000,0.000259,0.000267
B,ka100_req6,8,xxxxxxxxxxxxxxxx0.000005,0.000000,0.000000,0.000268,0.000276
B,ka100_req7,8,xxxxxxxxxxxxxxxx0.000005,0.000000,0.000000,0.000231,0.000239
B,ka100_req8,8,xxxxxxxxxxxxxxxx0.000004,0.000000,0.000000,0.000282,0.000290
B,ka100_req9,8,xxxxxxxxxxxxxxxx0.000004,0.000000,0.000000,0.000253,0.000259
B,ka100_req10,8,xxxxxxxxxxxxxxxx0.000003,0.000000,0.000000,0.000192,0.000257
B,ka100_req11,8,xxxxxxxxxxxxxxxx0.000004,0.000000,0.000000,0.000250,0.000348
B,ka100_req12,8,xxxxxxxxxxxxxxxx0.000004,0.000000,0.000000,0.000271,0.000311
B,ka100_req13,8,xxxxxxxxxxxxxxxx0.000004,0.000000,0.000000,0.000247,0.000292
B,ka100_req14,8,xxxxxxxxxxxxxxxx0.000005,0.000000,0.000000,0.000251,0.000278
B,ka100_req15,8,xxxxxxxxxxxxxxxx0.000004,0.000000,0.000000,0.000260,0.000302
B,ka100_req16,8,xxxxxxxxxxxxxxxx0.000003,0.000000,0.000000,0.000283,0.000290
B,ka100_req17,8,xxxxxxxxxxxxxxxx0.000003,0.000000,0.000000,0.000233,0.000239
B,ka100_req18,8,xxxxxxxxxxxxxxxx0.000003,0.000000,0.000000,0.000232,0.000274
B,ka100_req19,8,xxxxxxxxxxxxxxxx0.000003,0.000000,0.000000,0.000227,0.000245
B,ka100_req20,8,xxxxxxxxxxxxxxxx0.000003,0.000000,0.000000,0.000239,0.000301
B,ka100_req21,8,xxxxxxxxxxxxxxxx0.000004,0.000000,0.000000,0.000249,0.000256
B,ka100_req22,8,xxxxxxxxxxxxxxxx0.000003,0.000000,0.000000,0.000244,0.000251
B,ka100_req23,8,xxxxxxxxxxxxxxxx0.000004,0.000000,0.000000,0.000225,0.000263
B,ka100_req24,8,xxxxxxxxxxxxxxxx0.000004,0.000000,0.000000,0.000256,0.000287
B,ka100_req25,8,xxxxxxxxxxxxxxxx0.000003,0.000000,0.000000,0.000233,0.000271
B,ka100_req26,8,xxxxxxxxxxxxxxxx0.000004,0.000000,0.000000,0.000262,0.000269
B,ka100_req27,8,xxxxxxxxxxxxxxxx0.000003,0.000000,0.000000,0.000266,0.000274
B,ka100_req28,8,xxxxxxxxxxxxxxxx0.000003,0.000000,0.000000,0.000264,0.000271
B,ka100_req29,8,xxxxxxxxxxxxxxxx0.000003,0.000000,0.000000,0.000228,0.000277
B,ka100_req30,8,xxxxxxxxxxxxxxxx0.000003,0.000000,0.000000,0.000253,0.000260
B,ka100_req31,8,xxxxxxxxxxxxxxxx0.000005,0.000000,0.000000,0.000256,0.000262
B,ka100_req32,8,xxxxxxxxxxxxxxxx0.000004,0.000000,0.000000,0.000231,0.000286
B,ka100_req33,8,xxxxxxxxxxxxxxxx0.000004,0.000000,0.000000,0.000210,0.000254
B,ka100_req34,8,xxxxxxxxxxxxxxxx0.000004,0.000000,0.000000,0.000247,0.000253
B,ka100_req35,8,xxxxxxxxxxxxxxxx0.000003,0.000000,0.000000,0.000226,0.000232
B,ka100_req36,8,xxxxxxxxxxxxxxxx0.000003,0.000000,0.000000,0.000247,0.000290
B,ka100_req37,8,xxxxxxxxxxxxxxxx0.000003,0.000000,0.000000,0.000257,0.000300
B,ka100_req38,8,xxxxxxxxxxxxxxxx0.000004,0.000000,0.000000,0.000230,0.000237
B,ka100_req39,8,xxxxxxxxxxxxxxxx0.000003,0.000000,0.000000,0.000223,0.000239
B,ka100_req40,8,xxxxxxxxxxxxxxxx0.000003,0.000000,0.000000,0.000227,0.000267
B,ka100_req41,8,xxxxxxxxxxxxxxxx0.000004,0.000000,0.000000,0.000253,0.000260
B,ka100_req42,8,xxxxxxxxxxxxxxxx0.000004,0.000000,0.000000,0.000209,0.000216
B,ka100_req43,8,xxxxxxxxxxxxxxxx0.000003,0.000000,0.000000,0.000250,0.000256
B,ka100_req44,8,xxxxxxxxxxxxxxxx0.000003,0.000000,0.000000,0.000192,0.000210
B,ka100_req45,8,xxxxxxxxxxxxxxxx0.000004,0.000000,0.000000,0.000210,0.000259
B,ka100_req46,8,xxxxxxxxxxxxxxxx0.000003,0.000000,0.000000,0.000245,0.000253
B,ka100_req47,8,xxxxxxxxxxxxxxxx0.000003,0.000000,0.000000,0.000242,0.000251
B,ka100_req48,8,xxxxxxxxxxxxxxxx0.000004,0.000000,0.000000,0.000257,0.000264
B,ka100_req49,8,xxxxxxxxxxxxxxxx0.000003,0.000000,0.000000,0.000227,0.000233
B,ka100_req50,8,xxxxxxxxxxxxxxxx0.000003,0.000000,0.000000,0.000221,0.000226
B,ka100_req51,8,xxxxxxxxxxxxxxxx0.000003,0.000000,0.000000,0.000224,0.000231
B,ka100_req52,8,xxxxxxxxxxxxxxxx0.000003,0.000000,0.000000,0.000233,0.000241
B,ka100_req53,8,xxxxxxxxxxxxxxxx0.000004,0.000000,0.000000,0.000203,0.000250
B,ka100_req54,8,xxxxxxxxxxxxxxxx0.000004,0.000000,0.000000,0.000249,0.000257
B,ka100_req55,8,xxxxxxxxxxxxxxxx0.000004,0.000000,0.000000,0.000221,0.000252
B,ka100_req56,8,xxxxxxxxxxxxxxxx0.000003,0.000000,0.000000,0.000261,0.000267
B,ka100_req57,8,xxxxxxxxxxxxxxxx0.000004,0.000000,0.000000,0.000257,0.000264
B,ka100_req58,8,xxxxxxxxxxxxxxxx0.000004,0.000000,0.000000,0.000224,0.000230
B,ka100_req59,8,xxxxxxxxxxxxxxxx0.000003,0.000000,0.000000,0.000226,0.000234
B,ka100_req60,8,xxxxxxxxxxxxxxxx0.000004,0.000000,0.000000,0.000222,0.000228
B,ka100_req61,8,xxxxxxxxxxxxxxxx0.000003,0.000000,0.000000,0.000244,0.000303
B,ka100_req62,8,xxxxxxxxxxxxxxxx0.000003,0.000000,0.000000,0.000254,0.000305
B,ka100_req63,8,xxxxxxxxxxxxxxxx0.000003,0.000000,0.000000,0.000210,0.000217
B,ka100_req64,8,xxxxxxxxxxxxxxxx0.000004,0.000000,0.000000,0.000188,0.000194
B,ka100_req65,8,xxxxxxxxxxxxxxxx0.000003,0.000000,0.000000,0.000256,0.000264
B,ka100_req66,8,xxxxxxxxxxxxxxxx0.000003,0.000000,0.000000,0.000266,0.000304
B,ka100_req67,8,xxxxxxxxxxxxxxxx0.000003,0.000000,0.000000,0.000258,0.000265
B,ka100_req68,8,xxxxxxxxxxxxxxxx0.000003,0.000000,0.000000,0.000234,0.000278
B,ka100_req69,8,xxxxxxxxxxxxxxxx0.000003,0.000000,0.000000,0.000270,0.000278
B,ka100_req70,8,xxxxxxxxxxxxxxxx0.000002,0.000000,0.000000,0.000247,0.000292
B,ka100_req71,8,xxxxxxxxxxxxxxxx0.000004,0.000000,0.000000,0.000234,0.000277
B,ka100_req72,8,xxxxxxxxxxxxxxxx0.000004,0.000000,0.000000,0.000239,0.000244
B,ka100_req73,8,xxxxxxxxxxxxxxxx0.000003,0.000000,0.000000,0.000221,0.000270
B,ka100_req74,8,xxxxxxxxxxxxxxxx0.000004,0.000000,0.000000,0.000276,0.000284
B,ka100_req75,8,xxxxxxxxxxxxxxxx0.000004,0.000000,0.000000,0.000255,0.000299
B,ka100_req76,8,xxxxxxxxxxxxxxxx0.000003,0.000000,0.000000,0.000242,0.000247
B,ka100_req77,8,xxxxxxxxxxxxxxxx0.000003,0.000000,0.000000,0.000240,0.000280
B,ka100_req78,8,xxxxxxxxxxxxxxxx0.000003,0.000000,0.000000,0.000245,0.000251
B,ka100_req79,8,xxxxxxxxxxxxxxxx0.000004,0.000000,0.000000,0.000267,0.000306
B,ka100_req80,8,xxxxxxxxxxxxxxxx0.000003,0.000000,0.000000,0.000237,0.000243
B,ka100_req81,8,xxxxxxxxxxxxxxxx0.000003,0.000000,0.000000,0.000301,0.000308
B,ka100_req82,8,xxxxxxxxxxxxxxxx0.000004,0.000000,0.000000,0.000269,0.000274
B,ka100_req83,8,xxxxxxxxxxxxxxxx0.000003,0.000000,0.000000,0.000233,0.000279
B,ka100_req84,8,xxxxxxxxxxxxxxxx0.000004,0.000000,0.000000,0.000214,0.000259
B,ka100_req85,8,xxxxxxxxxxxxxxxx0.000003,0.000000,0.000000,0.000284,0.000290
B,ka100_req86,8,xxxxxxxxxxxxxxxx0.000004,0.000000,0.000000,0.000269,0.000310
B,ka100_req87,8,xxxxxxxxxxxxxxxx0.000004,0.000000,0.000000,0.000207,0.000214
B,ka100_req88,8,xxxxxxxxxxxxxxxx0.000004,0.000000,0.000000,0.000220,0.000226
B,ka100_req89,8,xxxxxxxxxxxxxxxx0.000003,0.000000,0.000000,0.000277,0.000312
B,ka100_req90,8,xxxxxxxxxxxxxxxx0.000003,0.000000,0.000000,0.000217,0.000222
B,ka100_req91,8,xxxxxxxxxxxxxxxx0.000003,0.000000,0.000000,0.000272,0.000279
B,ka100_req92,8,xxxxxxxxxxxxxxxx0.000004,0.000000,0.000000,0.000235,0.000271
B,ka100_req93,8,xxxxxxxxxxxxxxxx0.000003,0.000000,0.000000,0.000244,0.000259
B,ka100_req94,8,xxxxxxxxxxxxxxxx0.000003,0.000000,0.000000,0.000229,0.000267
B,ka100_req95,8,xxxxxxxxxxxxxxxx0.000003,0.000000,0.000000,0.000253,0.000281
B,ka100_req96,8,xxxxxxxxxxxxxxxx0.000003,0.000000,0.000000,0.000233,0.000267
B,ka100_req97,8,xxxxxxxxxxxxxxxx0.000002,0.000000,0.000000,0.000200,0.000206
B,ka100_req98,8,xxxxxxxxxxxxxxxx0.000003,0.000000,0.000000,0.000245,0.000251
B,ka100_req99,8,xxxxxxxxxxxxxxxx0.000004,0.000000,0.000000,0.000230,0.000285
B,ka100_req100,8,xxxxxxxxxxxxxxxx0.000003,0.000000,0.000000,0.000213,0.000220
B,ka100_req1,9,0.000008,0.000054,0.013965,0.014702,0.014723
B,ka100_req2,9,xxxxxxxxxxxxxxxx0.000006,0.000000,0.000000,0.000229,0.000238
B,ka100_req3,9,xxxxxxxxxxxxxxxx0.000006,0.000000,0.000000,0.000239,0.000247
B,ka100_req4,9,xxxxxxxxxxxxxxxx0.000004,0.000000,0.000000,0.000239,0.000249
B,ka100_req5,9,xxxxxxxxxxxxxxxx0.000007,0.000000,0.000000,0.000251,0.000259
B,ka100_req6,9,xxxxxxxxxxxxxxxx0.000004,0.000000,0.000000,0.000258,0.000267
B,ka100_req7,9,xxxxxxxxxxxxxxxx0.000005,0.000000,0.000000,0.000267,0.000273
B,ka100_req8,9,xxxxxxxxxxxxxxxx0.000004,0.000000,0.000000,0.000251,0.000324
B,ka100_req9,9,xxxxxxxxxxxxxxxx0.000005,0.000000,0.000000,0.000244,0.000291
B,ka100_req10,9,xxxxxxxxxxxxxxxx0.000003,0.000000,0.000000,0.000247,0.000253
B,ka100_req11,9,xxxxxxxxxxxxxxxx0.000004,0.000000,0.000000,0.000264,0.000297
B,ka100_req12,9,xxxxxxxxxxxxxxxx0.000008,0.000000,0.000000,0.000293,0.000303
B,ka100_req13,9,xxxxxxxxxxxxxxxx0.000003,0.000000,0.000000,0.000298,0.000305
B,ka100_req14,9,xxxxxxxxxxxxxxxx0.000004,0.000000,0.000000,0.000213,0.000221
B,ka100_req15,9,xxxxxxxxxxxxxxxx0.000005,0.000000,0.000000,0.000261,0.000269
B,ka100_req16,9,xxxxxxxxxxxxxxxx0.000004,0.000000,0.000000,0.000279,0.000286
B,ka100_req17,9,xxxxxxxxxxxxxxxx0.000003,0.000000,0.000000,0.000262,0.000308
B,ka100_req18,9,xxxxxxxxxxxxxxxx0.000005,0.000000,0.000000,0.000250,0.000257
B,ka100_req19,9,xxxxxxxxxxxxxxxx0.000003,0.000000,0.000000,0.000224,0.000230
B,ka100_req20,9,xxxxxxxxxxxxxxxx0.000003,0.000000,0.000000,0.000229,0.000236
B,ka100_req21,9,xxxxxxxxxxxxxxxx0.000004,0.000000,0.000000,0.000253,0.000261
B,ka100_req22,9,xxxxxxxxxxxxxxxx0.000004,0.000000,0.000000,0.000263,0.000307
B,ka100_req23,9,xxxxxxxxxxxxxxxx0.000004,0.000000,0.000000,0.000251,0.000257
B,ka100_req24,9,xxxxxxxxxxxxxxxx0.000004,0.000000,0.000000,0.000231,0.000269
B,ka100_req25,9,xxxxxxxxxxxxxxxx0.000003,0.000000,0.000000,0.000224,0.000265
B,ka100_req26,9,xxxxxxxxxxxxxxxx0.000004,0.000000,0.000000,0.000252,0.000305
B,ka100_req27,9,xxxxxxxxxxxxxxxx0.000004,0.000000,0.000000,0.000224,0.000231
B,ka100_req28,9,xxxxxxxxxxxxxxxx0.000003,0.000000,0.000000,0.000258,0.000264
B,ka100_req29,9,xxxxxxxxxxxxxxxx0.000003,0.000000,0.000000,0.000253,0.000265
B,ka100_req30,9,xxxxxxxxxxxxxxxx0.000003,0.000000,0.000000,0.000259,0.000264
B,ka100_req31,9,xxxxxxxxxxxxxxxx0.000003,0.000000,0.000000,0.000264,0.000271
B,ka100_req32,9,xxxxxxxxxxxxxxxx0.000003,0.000000,0.000000,0.000263,0.000270
B,ka100_req33,9,xxxxxxxxxxxxxxxx0.000004,0.000000,0.000000,0.000230,0.000264
B,ka100_req34,9,xxxxxxxxxxxxxxxx0.000003,0.000000,0.000000,0.000196,0.000202
B,ka100_req35,9,xxxxxxxxxxxxxxxx0.000003,0.000000,0.000000,0.000246,0.000253
B,ka100_req36,9,xxxxxxxxxxxxxxxx0.000004,0.000000,0.000000,0.000231,0.000239
B,ka100_req37,9,xxxxxxxxxxxxxxxx0.000004,0.000000,0.000000,0.000211,0.000228
B,ka100_req38,9,xxxxxxxxxxxxxxxx0.000003,0.000000,0.000000,0.000219,0.000225
B,ka100_req39,9,xxxxxxxxxxxxxxxx0.000003,0.000000,0.000000,0.000209,0.000248
B,ka100_req40,9,xxxxxxxxxxxxxxxx0.000003,0.000000,0.000000,0.000217,0.000224
B,ka100_req41,9,xxxxxxxxxxxxxxxx0.000003,0.000000,0.000000,0.000215,0.000222
B,ka100_req42,9,xxxxxxxxxxxxxxxx0.000004,0.000000,0.000000,0.000265,0.000272
B,ka100_req43,9,xxxxxxxxxxxxxxxx0.000004,0.000000,0.000000,0.000252,0.000257
B,ka100_req44,9,xxxxxxxxxxxxxxxx0.000003,0.000000,0.000000,0.000219,0.000224
B,ka100_req45,9,xxxxxxxxxxxxxxxx0.000004,0.000000,0.000000,0.000228,0.000235
B,ka100_req46,9,xxxxxxxxxxxxxxxx0.000004,0.000000,0.000000,0.000243,0.000281
B,ka100_req47,9,xxxxxxxxxxxxxxxx0.000003,0.000000,0.000000,0.000241,0.000248
B,ka100_req48,9,xxxxxxxxxxxxxxxx0.000003,0.000000,0.000000,0.000224,0.000274
B,ka100_req49,9,xxxxxxxxxxxxxxxx0.000003,0.000000,0.000000,0.000248,0.000256
B,ka100_req50,9,xxxxxxxxxxxxxxxx0.000004,0.000000,0.000000,0.000246,0.000255
B,ka100_req51,9,xxxxxxxxxxxxxxxx0.000003,0.000000,0.000000,0.000253,0.000260
B,ka100_req52,9,xxxxxxxxxxxxxxxx0.000004,0.000000,0.000000,0.000232,0.000243
B,ka100_req53,9,xxxxxxxxxxxxxxxx0.000003,0.000000,0.000000,0.000181,0.000187
B,ka100_req54,9,xxxxxxxxxxxxxxxx0.000003,0.000000,0.000000,0.000258,0.000265
B,ka100_req55,9,xxxxxxxxxxxxxxxx0.000004,0.000000,0.000000,0.000254,0.000295
B,ka100_req56,9,xxxxxxxxxxxxxxxx0.000003,0.000000,0.000000,0.000227,0.000261
B,ka100_req57,9,xxxxxxxxxxxxxxxx0.000004,0.000000,0.000000,0.000244,0.000281
B,ka100_req58,9,xxxxxxxxxxxxxxxx0.000003,0.000000,0.000000,0.000255,0.000261
B,ka100_req59,9,xxxxxxxxxxxxxxxx0.000004,0.000000,0.000000,0.000253,0.000260
B,ka100_req60,9,xxxxxxxxxxxxxxxx0.000003,0.000000,0.000000,0.000235,0.000275
B,ka100_req61,9,xxxxxxxxxxxxxxxx0.000004,0.000000,0.000000,0.000262,0.000268
B,ka100_req62,9,xxxxxxxxxxxxxxxx0.000003,0.000000,0.000000,0.000228,0.000235
B,ka100_req63,9,xxxxxxxxxxxxxxxx0.000004,0.000000,0.000000,0.000335,0.000341
B,ka100_req64,9,xxxxxxxxxxxxxxxx0.000003,0.000000,0.000000,0.000259,0.000265
B,ka100_req65,9,xxxxxxxxxxxxxxxx0.000003,0.000000,0.000000,0.000228,0.000263
B,ka100_req66,9,xxxxxxxxxxxxxxxx0.000003,0.000000,0.000000,0.000241,0.000284
B,ka100_req67,9,xxxxxxxxxxxxxxxx0.000004,0.000000,0.000000,0.000235,0.000281
B,ka100_req68,9,xxxxxxxxxxxxxxxx0.000003,0.000000,0.000000,0.000192,0.000240
B,ka100_req69,9,xxxxxxxxxxxxxxxx0.000003,0.000000,0.000000,0.000239,0.000279
B,ka100_req70,9,xxxxxxxxxxxxxxxx0.000003,0.000000,0.000000,0.000261,0.000268
B,ka100_req71,9,xxxxxxxxxxxxxxxx0.000002,0.000000,0.000000,0.000209,0.000215
B,ka100_req72,9,xxxxxxxxxxxxxxxx0.000004,0.000000,0.000000,0.000206,0.000255
B,ka100_req73,9,xxxxxxxxxxxxxxxx0.000003,0.000000,0.000000,0.000255,0.000269
B,ka100_req74,9,xxxxxxxxxxxxxxxx0.000004,0.000000,0.000000,0.000224,0.000231
B,ka100_req75,9,xxxxxxxxxxxxxxxx0.000004,0.000000,0.000000,0.000214,0.000220
B,ka100_req76,9,xxxxxxxxxxxxxxxx0.000004,0.000000,0.000000,0.000258,0.000263
B,ka100_req77,9,xxxxxxxxxxxxxxxx0.000003,0.000000,0.000000,0.000258,0.000264
B,ka100_req78,9,xxxxxxxxxxxxxxxx0.000004,0.000000,0.000000,0.000230,0.000237
B,ka100_req79,9,xxxxxxxxxxxxxxxx0.000003,0.000000,0.000000,0.000268,0.000273
B,ka100_req80,9,xxxxxxxxxxxxxxxx0.000003,0.000000,0.000000,0.000256,0.000264
B,ka100_req81,9,xxxxxxxxxxxxxxxx0.000003,0.000000,0.000000,0.000250,0.000323
B,ka100_req82,9,xxxxxxxxxxxxxxxx0.000002,0.000000,0.000000,0.000253,0.000260
B,ka100_req83,9,xxxxxxxxxxxxxxxx0.000003,0.000000,0.000000,0.000240,0.000247
B,ka100_req84,9,xxxxxxxxxxxxxxxx0.000004,0.000000,0.000000,0.000230,0.000257
B,ka100_req85,9,xxxxxxxxxxxxxxxx0.000003,0.000000,0.000000,0.000239,0.000277
B,ka100_req86,9,xxxxxxxxxxxxxxxx0.000004,0.000000,0.000000,0.000199,0.000223
B,ka100_req87,9,xxxxxxxxxxxxxxxx0.000003,0.000000,0.000000,0.000236,0.000241
B,ka100_req88,9,xxxxxxxxxxxxxxxx0.000003,0.000000,0.000000,0.000254,0.000286
B,ka100_req89,9,xxxxxxxxxxxxxxxx0.000004,0.000000,0.000000,0.000199,0.000231
B,ka100_req90,9,xxxxxxxxxxxxxxxx0.000003,0.000000,0.000000,0.000255,0.000263
B,ka100_req91,9,xxxxxxxxxxxxxxxx0.000003,0.000000,0.000000,0.000234,0.000240
B,ka100_req92,9,xxxxxxxxxxxxxxxx0.000002,0.000000,0.000000,0.000231,0.000238
B,ka100_req93,9,xxxxxxxxxxxxxxxx0.000003,0.000000,0.000000,0.000201,0.000260
B,ka100_req94,9,xxxxxxxxxxxxxxxx0.000003,0.000000,0.000000,0.000277,0.000284
B,ka100_req95,9,xxxxxxxxxxxxxxxx0.000004,0.000000,0.000000,0.000246,0.000251
B,ka100_req96,9,xxxxxxxxxxxxxxxx0.000004,0.000000,0.000000,0.000257,0.000262
B,ka100_req97,9,xxxxxxxxxxxxxxxx0.000003,0.000000,0.000000,0.000271,0.000277
B,ka100_req98,9,xxxxxxxxxxxxxxxx0.000003,0.000000,0.000000,0.000206,0.000219
B,ka100_req99,9,xxxxxxxxxxxxxxxx0.000004,0.000000,0.000000,0.000245,0.000252
B,ka100_req100,9,xxxxxxxxxxxxxxxx0.000002,0.000000,0.000000,0.000255,0.000262
B,ka100_req1,10,0.000007,0.000040,0.013834,0.014622,0.014642
B,ka100_req2,10,xxxxxxxxxxxxxxxx0.000006,0.000000,0.000000,0.000257,0.000266
B,ka100_req3,10,xxxxxxxxxxxxxxxx0.000005,0.000000,0.000000,0.000255,0.000266
B,ka100_req4,10,xxxxxxxxxxxxxxxx0.000008,0.000000,0.000000,0.000271,0.000282
B,ka100_req5,10,xxxxxxxxxxxxxxxx0.000008,0.000000,0.000000,0.000264,0.000273
B,ka100_req6,10,xxxxxxxxxxxxxxxx0.000005,0.000000,0.000000,0.000275,0.000295
B,ka100_req7,10,xxxxxxxxxxxxxxxx0.000005,0.000000,0.000000,0.000251,0.000256
B,ka100_req8,10,xxxxxxxxxxxxxxxx0.000003,0.000000,0.000000,0.000236,0.000268
B,ka100_req9,10,xxxxxxxxxxxxxxxx0.000005,0.000000,0.000000,0.000267,0.000275
B,ka100_req10,10,xxxxxxxxxxxxxxxx0.000004,0.000000,0.000000,0.000263,0.000269
B,ka100_req11,10,xxxxxxxxxxxxxxxx0.000004,0.000000,0.000000,0.000230,0.000265
B,ka100_req12,10,xxxxxxxxxxxxxxxx0.000006,0.000000,0.000000,0.000274,0.000281
B,ka100_req13,10,xxxxxxxxxxxxxxxx0.000003,0.000000,0.000000,0.000259,0.000265
B,ka100_req14,10,xxxxxxxxxxxxxxxx0.000005,0.000000,0.000000,0.000240,0.000268
B,ka100_req15,10,xxxxxxxxxxxxxxxx0.000005,0.000000,0.000000,0.000259,0.000269
B,ka100_req16,10,xxxxxxxxxxxxxxxx0.000004,0.000000,0.000000,0.000275,0.000282
B,ka100_req17,10,xxxxxxxxxxxxxxxx0.000003,0.000000,0.000000,0.000252,0.000284
B,ka100_req18,10,xxxxxxxxxxxxxxxx0.000004,0.000000,0.000000,0.000274,0.000282
B,ka100_req19,10,xxxxxxxxxxxxxxxx0.000004,0.000000,0.000000,0.000224,0.000252
B,ka100_req20,10,xxxxxxxxxxxxxxxx0.000004,0.000000,0.000000,0.000229,0.000234
B,ka100_req21,10,xxxxxxxxxxxxxxxx0.000003,0.000000,0.000000,0.000246,0.000253
B,ka100_req22,10,xxxxxxxxxxxxxxxx0.000004,0.000000,0.000000,0.000215,0.000222
B,ka100_req23,10,xxxxxxxxxxxxxxxx0.000004,0.000000,0.000000,0.000244,0.000252
B,ka100_req24,10,xxxxxxxxxxxxxxxx0.000004,0.000000,0.000000,0.000215,0.000267
B,ka100_req25,10,xxxxxxxxxxxxxxxx0.000003,0.000000,0.000000,0.000256,0.000297
B,ka100_req26,10,xxxxxxxxxxxxxxxx0.000004,0.000000,0.000000,0.000230,0.000237
B,ka100_req27,10,xxxxxxxxxxxxxxxx0.000003,0.000000,0.000000,0.000295,0.000301
B,ka100_req28,10,xxxxxxxxxxxxxxxx0.000004,0.000000,0.000000,0.000238,0.000244
B,ka100_req29,10,xxxxxxxxxxxxxxxx0.000004,0.000000,0.000000,0.000234,0.000247
B,ka100_req30,10,xxxxxxxxxxxxxxxx0.000004,0.000000,0.000000,0.000235,0.000295
B,ka100_req31,10,xxxxxxxxxxxxxxxx0.000003,0.000000,0.000000,0.000264,0.000275
B,ka100_req32,10,xxxxxxxxxxxxxxxx0.000003,0.000000,0.000000,0.000251,0.000257
B,ka100_req33,10,xxxxxxxxxxxxxxxx0.000004,0.000000,0.000000,0.000207,0.000252
B,ka100_req34,10,xxxxxxxxxxxxxxxx0.000003,0.000000,0.000000,0.000210,0.000280
B,ka100_req35,10,xxxxxxxxxxxxxxxx0.000003,0.000000,0.000000,0.000233,0.000240
B,ka100_req36,10,xxxxxxxxxxxxxxxx0.000004,0.000000,0.000000,0.000211,0.000230
B,ka100_req37,10,xxxxxxxxxxxxxxxx0.000002,0.000000,0.000000,0.000187,0.000197
B,ka100_req38,10,xxxxxxxxxxxxxxxx0.000003,0.000000,0.000000,0.000208,0.000267
B,ka100_req39,10,xxxxxxxxxxxxxxxx0.000003,0.000000,0.000000,0.000248,0.000255
B,ka100_req40,10,xxxxxxxxxxxxxxxx0.000003,0.000000,0.000000,0.000247,0.000286
B,ka100_req41,10,xxxxxxxxxxxxxxxx0.000003,0.000000,0.000000,0.000213,0.000268
B,ka100_req42,10,xxxxxxxxxxxxxxxx0.000003,0.000000,0.000000,0.000222,0.000266
B,ka100_req43,10,xxxxxxxxxxxxxxxx0.000003,0.000000,0.000000,0.000228,0.000270
B,ka100_req44,10,xxxxxxxxxxxxxxxx0.000004,0.000000,0.000000,0.000230,0.000242
B,ka100_req45,10,xxxxxxxxxxxxxxxx0.000003,0.000000,0.000000,0.000276,0.000282
B,ka100_req46,10,xxxxxxxxxxxxxxxx0.000002,0.000000,0.000000,0.000237,0.000280
B,ka100_req47,10,xxxxxxxxxxxxxxxx0.000004,0.000000,0.000000,0.000255,0.000261
B,ka100_req48,10,xxxxxxxxxxxxxxxx0.000003,0.000000,0.000000,0.000243,0.000250
B,ka100_req49,10,xxxxxxxxxxxxxxxx0.000003,0.000000,0.000000,0.000229,0.000238
B,ka100_req50,10,xxxxxxxxxxxxxxxx0.000003,0.000000,0.000000,0.000226,0.000275
B,ka100_req51,10,xxxxxxxxxxxxxxxx0.000003,0.000000,0.000000,0.000226,0.000266
B,ka100_req52,10,xxxxxxxxxxxxxxxx0.000004,0.000000,0.000000,0.000271,0.000280
B,ka100_req53,10,xxxxxxxxxxxxxxxx0.000003,0.000000,0.000000,0.000217,0.000225
B,ka100_req54,10,xxxxxxxxxxxxxxxx0.000003,0.000000,0.000000,0.000243,0.000256
B,ka100_req55,10,xxxxxxxxxxxxxxxx0.000003,0.000000,0.000000,0.000222,0.000228
B,ka100_req56,10,xxxxxxxxxxxxxxxx0.000004,0.000000,0.000000,0.000256,0.000262
B,ka100_req57,10,xxxxxxxxxxxxxxxx0.000003,0.000000,0.000000,0.000227,0.000234
B,ka100_req58,10,xxxxxxxxxxxxxxxx0.000003,0.000000,0.000000,0.000201,0.000256
B,ka100_req59,10,xxxxxxxxxxxxxxxx0.000004,0.000000,0.000000,0.000188,0.000196
B,ka100_req60,10,xxxxxxxxxxxxxxxx0.000003,0.000000,0.000000,0.000221,0.000227
B,ka100_req61,10,xxxxxxxxxxxxxxxx0.000003,0.000000,0.000000,0.000280,0.000287
B,ka100_req62,10,xxxxxxxxxxxxxxxx0.000004,0.000000,0.000000,0.000216,0.000245
B,ka100_req63,10,xxxxxxxxxxxxxxxx0.000004,0.000000,0.000000,0.000216,0.000222
B,ka100_req64,10,xxxxxxxxxxxxxxxx0.000003,0.000000,0.000000,0.000261,0.000268
B,ka100_req65,10,xxxxxxxxxxxxxxxx0.000003,0.000000,0.000000,0.000215,0.000221
B,ka100_req66,10,xxxxxxxxxxxxxxxx0.000003,0.000000,0.000000,0.000200,0.000227
B,ka100_req67,10,xxxxxxxxxxxxxxxx0.000004,0.000000,0.000000,0.000189,0.000216
B,ka100_req68,10,xxxxxxxxxxxxxxxx0.000003,0.000000,0.000000,0.000222,0.000273
B,ka100_req69,10,xxxxxxxxxxxxxxxx0.000003,0.000000,0.000000,0.000229,0.000238
B,ka100_req70,10,xxxxxxxxxxxxxxxx0.000004,0.000000,0.000000,0.000220,0.000227
B,ka100_req71,10,xxxxxxxxxxxxxxxx0.000003,0.000000,0.000000,0.000250,0.000256
B,ka100_req72,10,xxxxxxxxxxxxxxxx0.000003,0.000000,0.000000,0.000238,0.000243
B,ka100_req73,10,xxxxxxxxxxxxxxxx0.000002,0.000000,0.000000,0.000239,0.000246
B,ka100_req74,10,xxxxxxxxxxxxxxxx0.000004,0.000000,0.000000,0.000232,0.000272
B,ka100_req75,10,xxxxxxxxxxxxxxxx0.000003,0.000000,0.000000,0.000257,0.000263
B,ka100_req76,10,xxxxxxxxxxxxxxxx0.000003,0.000000,0.000000,0.000230,0.000237
B,ka100_req77,10,xxxxxxxxxxxxxxxx0.000003,0.000000,0.000000,0.000253,0.000261
B,ka100_req78,10,xxxxxxxxxxxxxxxx0.000003,0.000000,0.000000,0.000226,0.000236
B,ka100_req79,10,xxxxxxxxxxxxxxxx0.000003,0.000000,0.000000,0.000245,0.000251
B,ka100_req80,10,xxxxxxxxxxxxxxxx0.000003,0.000000,0.000000,0.000324,0.000382
B,ka100_req81,10,xxxxxxxxxxxxxxxx0.000004,0.000000,0.000000,0.000281,0.000287
B,ka100_req82,10,xxxxxxxxxxxxxxxx0.000003,0.000000,0.000000,0.000274,0.000316
B,ka100_req83,10,xxxxxxxxxxxxxxxx0.000004,0.000000,0.000000,0.000210,0.000216
B,ka100_req84,10,xxxxxxxxxxxxxxxx0.000003,0.000000,0.000000,0.000260,0.000267
B,ka100_req85,10,xxxxxxxxxxxxxxxx0.000004,0.000000,0.000000,0.000292,0.000299
B,ka100_req86,10,xxxxxxxxxxxxxxxx0.000004,0.000000,0.000000,0.000249,0.000290
B,ka100_req87,10,xxxxxxxxxxxxxxxx0.000003,0.000000,0.000000,0.000253,0.000259
B,ka100_req88,10,xxxxxxxxxxxxxxxx0.000004,0.000000,0.000000,0.000274,0.000282
B,ka100_req89,10,xxxxxxxxxxxxxxxx0.000004,0.000000,0.000000,0.000220,0.000257
B,ka100_req90,10,xxxxxxxxxxxxxxxx0.000003,0.000000,0.000000,0.000244,0.000253
B,ka100_req91,10,xxxxxxxxxxxxxxxx0.000003,0.000000,0.000000,0.000237,0.000275
B,ka100_req92,10,xxxxxxxxxxxxxxxx0.000004,0.000000,0.000000,0.000244,0.000250
B,ka100_req93,10,xxxxxxxxxxxxxxxx0.000003,0.000000,0.000000,0.000236,0.000243
B,ka100_req94,10,xxxxxxxxxxxxxxxx0.000004,0.000000,0.000000,0.000236,0.000243
B,ka100_req95,10,xxxxxxxxxxxxxxxx0.000004,0.000000,0.000000,0.000200,0.000243
B,ka100_req96,10,xxxxxxxxxxxxxxxx0.000003,0.000000,0.000000,0.000251,0.000257
B,ka100_req97,10,xxxxxxxxxxxxxxxx0.000003,0.000000,0.000000,0.000240,0.000252
B,ka100_req98,10,xxxxxxxxxxxxxxxx0.000003,0.000000,0.000000,0.000200,0.000232
B,ka100_req99,10,xxxxxxxxxxxxxxxx0.000003,0.000000,0.000000,0.000250,0.000256
B,ka100_req100,10,xxxxxxxxxxxxxxxx0.000004,0.000000,0.000000,0.000299,0.000305
B,ka100_req1,11,0.000007,0.000041,0.013893,0.014652,0.014670
B,ka100_req2,11,xxxxxxxxxxxxxxxx0.000007,0.000000,0.000000,0.000233,0.000241
B,ka100_req3,11,xxxxxxxxxxxxxxxx0.000006,0.000000,0.000000,0.000256,0.000268
B,ka100_req4,11,xxxxxxxxxxxxxxxx0.000006,0.000000,0.000000,0.000253,0.000261
B,ka100_req5,11,xxxxxxxxxxxxxxxx0.000005,0.000000,0.000000,0.000213,0.000221
B,ka100_req6,11,xxxxxxxxxxxxxxxx0.000004,0.000000,0.000000,0.000263,0.000270
B,ka100_req7,11,xxxxxxxxxxxxxxxx0.000004,0.000000,0.000000,0.000253,0.000260
B,ka100_req8,11,xxxxxxxxxxxxxxxx0.000004,0.000000,0.000000,0.000222,0.000264
B,ka100_req9,11,xxxxxxxxxxxxxxxx0.000003,0.000000,0.000000,0.000254,0.000261
B,ka100_req10,11,xxxxxxxxxxxxxxxx0.000003,0.000000,0.000000,0.000254,0.000263
B,ka100_req11,11,xxxxxxxxxxxxxxxx0.000005,0.000000,0.000000,0.000235,0.000247
B,ka100_req12,11,xxxxxxxxxxxxxxxx0.000004,0.000000,0.000000,0.000207,0.000264
B,ka100_req13,11,xxxxxxxxxxxxxxxx0.000003,0.000000,0.000000,0.000246,0.000259
B,ka100_req14,11,xxxxxxxxxxxxxxxx0.000005,0.000000,0.000000,0.000244,0.000291
B,ka100_req15,11,xxxxxxxxxxxxxxxx0.000004,0.000000,0.000000,0.000224,0.000235
B,ka100_req16,11,xxxxxxxxxxxxxxxx0.000004,0.000000,0.000000,0.000274,0.000316
B,ka100_req17,11,xxxxxxxxxxxxxxxx0.000005,0.000000,0.000000,0.000266,0.000310
B,ka100_req18,11,xxxxxxxxxxxxxxxx0.000004,0.000000,0.000000,0.000260,0.000294
B,ka100_req19,11,xxxxxxxxxxxxxxxx0.000004,0.000000,0.000000,0.000254,0.000280
B,ka100_req20,11,xxxxxxxxxxxxxxxx0.000003,0.000000,0.000000,0.000235,0.000274
B,ka100_req21,11,xxxxxxxxxxxxxxxx0.000004,0.000000,0.000000,0.000275,0.000281
B,ka100_req22,11,xxxxxxxxxxxxxxxx0.000003,0.000000,0.000000,0.000249,0.000257
B,ka100_req23,11,xxxxxxxxxxxxxxxx0.000004,0.000000,0.000000,0.000237,0.000278
B,ka100_req24,11,xxxxxxxxxxxxxxxx0.000004,0.000000,0.000000,0.000281,0.000321
B,ka100_req25,11,xxxxxxxxxxxxxxxx0.000004,0.000000,0.000000,0.000244,0.000249
B,ka100_req26,11,xxxxxxxxxxxxxxxx0.000004,0.000000,0.000000,0.000252,0.000283
B,ka100_req27,11,xxxxxxxxxxxxxxxx0.000004,0.000000,0.000000,0.000259,0.000302
B,ka100_req28,11,xxxxxxxxxxxxxxxx0.000003,0.000000,0.000000,0.000218,0.000258
B,ka100_req29,11,xxxxxxxxxxxxxxxx0.000003,0.000000,0.000000,0.000304,0.000311
B,ka100_req30,11,xxxxxxxxxxxxxxxx0.000003,0.000000,0.000000,0.000214,0.000242
B,ka100_req31,11,xxxxxxxxxxxxxxxx0.000004,0.000000,0.000000,0.000272,0.000278
B,ka100_req32,11,xxxxxxxxxxxxxxxx0.000003,0.000000,0.000000,0.000252,0.000258
B,ka100_req33,11,xxxxxxxxxxxxxxxx0.000003,0.000000,0.000000,0.000248,0.000256
B,ka100_req34,11,xxxxxxxxxxxxxxxx0.000003,0.000000,0.000000,0.000242,0.000287
B,ka100_req35,11,xxxxxxxxxxxxxxxx0.000003,0.000000,0.000000,0.000203,0.000248
B,ka100_req36,11,xxxxxxxxxxxxxxxx0.000003,0.000000,0.000000,0.000232,0.000275
B,ka100_req37,11,xxxxxxxxxxxxxxxx0.000003,0.000000,0.000000,0.000238,0.000245
B,ka100_req38,11,xxxxxxxxxxxxxxxx0.000003,0.000000,0.000000,0.000233,0.000247
B,ka100_req39,11,xxxxxxxxxxxxxxxx0.000004,0.000000,0.000000,0.000224,0.000231
B,ka100_req40,11,xxxxxxxxxxxxxxxx0.000003,0.000000,0.000000,0.000300,0.000309
B,ka100_req41,11,xxxxxxxxxxxxxxxx0.000003,0.000000,0.000000,0.000245,0.000309
B,ka100_req42,11,xxxxxxxxxxxxxxxx0.000003,0.000000,0.000000,0.000247,0.000256
B,ka100_req43,11,xxxxxxxxxxxxxxxx0.000012,0.000000,0.000000,0.000233,0.000238
B,ka100_req44,11,xxxxxxxxxxxxxxxx0.000004,0.000000,0.000000,0.000235,0.000271
B,ka100_req45,11,xxxxxxxxxxxxxxxx0.000004,0.000000,0.000000,0.000227,0.000233
B,ka100_req46,11,xxxxxxxxxxxxxxxx0.000003,0.000000,0.000000,0.000269,0.000276
B,ka100_req47,11,xxxxxxxxxxxxxxxx0.000003,0.000000,0.000000,0.000285,0.000293
B,ka100_req48,11,xxxxxxxxxxxxxxxx0.000004,0.000000,0.000000,0.000255,0.000262
B,ka100_req49,11,xxxxxxxxxxxxxxxx0.000005,0.000000,0.000000,0.000208,0.000250
B,ka100_req50,11,xxxxxxxxxxxxxxxx0.000003,0.000000,0.000000,0.000238,0.000243
B,ka100_req51,11,xxxxxxxxxxxxxxxx0.000003,0.000000,0.000000,0.000228,0.000240
B,ka100_req52,11,xxxxxxxxxxxxxxxx0.000004,0.000000,0.000000,0.000247,0.000255
B,ka100_req53,11,xxxxxxxxxxxxxxxx0.000003,0.000000,0.000000,0.000251,0.000256
B,ka100_req54,11,xxxxxxxxxxxxxxxx0.000003,0.000000,0.000000,0.000245,0.000255
B,ka100_req55,11,xxxxxxxxxxxxxxxx0.000004,0.000000,0.000000,0.000237,0.000276
B,ka100_req56,11,xxxxxxxxxxxxxxxx0.000003,0.000000,0.000000,0.000234,0.000282
B,ka100_req57,11,xxxxxxxxxxxxxxxx0.000004,0.000000,0.000000,0.000231,0.000301
B,ka100_req58,11,xxxxxxxxxxxxxxxx0.000003,0.000000,0.000000,0.000279,0.000286
B,ka100_req59,11,xxxxxxxxxxxxxxxx0.000004,0.000000,0.000000,0.000224,0.000262
B,ka100_req60,11,xxxxxxxxxxxxxxxx0.000004,0.000000,0.000000,0.000222,0.000260
B,ka100_req61,11,xxxxxxxxxxxxxxxx0.000004,0.000000,0.000000,0.000224,0.000230
B,ka100_req62,11,xxxxxxxxxxxxxxxx0.000003,0.000000,0.000000,0.000193,0.000206
B,ka100_req63,11,xxxxxxxxxxxxxxxx0.000003,0.000000,0.000000,0.000198,0.000205
B,ka100_req64,11,xxxxxxxxxxxxxxxx0.000003,0.000000,0.000000,0.000208,0.000213
B,ka100_req65,11,xxxxxxxxxxxxxxxx0.000003,0.000000,0.000000,0.000198,0.000229
B,ka100_req66,11,xxxxxxxxxxxxxxxx0.000003,0.000000,0.000000,0.000198,0.000208
B,ka100_req67,11,xxxxxxxxxxxxxxxx0.000003,0.000000,0.000000,0.000242,0.000285
B,ka100_req68,11,xxxxxxxxxxxxxxxx0.000003,0.000000,0.000000,0.000224,0.000229
B,ka100_req69,11,xxxxxxxxxxxxxxxx0.000003,0.000000,0.000000,0.000248,0.000254
B,ka100_req70,11,xxxxxxxxxxxxxxxx0.000004,0.000000,0.000000,0.000223,0.000229
B,ka100_req71,11,xxxxxxxxxxxxxxxx0.000004,0.000000,0.000000,0.000196,0.000221
B,ka100_req72,11,xxxxxxxxxxxxxxxx0.000003,0.000000,0.000000,0.000328,0.000336
B,ka100_req73,11,xxxxxxxxxxxxxxxx0.000002,0.000000,0.000000,0.000234,0.000242
B,ka100_req74,11,xxxxxxxxxxxxxxxx0.000003,0.000000,0.000000,0.000302,0.000308
B,ka100_req75,11,xxxxxxxxxxxxxxxx0.000003,0.000000,0.000000,0.000240,0.000245
B,ka100_req76,11,xxxxxxxxxxxxxxxx0.000002,0.000000,0.000000,0.000253,0.000261
B,ka100_req77,11,xxxxxxxxxxxxxxxx0.000004,0.000000,0.000000,0.000215,0.000280
B,ka100_req78,11,xxxxxxxxxxxxxxxx0.000003,0.000000,0.000000,0.000245,0.000253
B,ka100_req79,11,xxxxxxxxxxxxxxxx0.000004,0.000000,0.000000,0.000307,0.000312
B,ka100_req80,11,xxxxxxxxxxxxxxxx0.000004,0.000000,0.000000,0.000229,0.000237
B,ka100_req81,11,xxxxxxxxxxxxxxxx0.000003,0.000000,0.000000,0.000378,0.000384
B,ka100_req82,11,xxxxxxxxxxxxxxxx0.000003,0.000000,0.000000,0.000257,0.000264
B,ka100_req83,11,xxxxxxxxxxxxxxxx0.000004,0.000000,0.000000,0.000220,0.000282
B,ka100_req84,11,xxxxxxxxxxxxxxxx0.000003,0.000000,0.000000,0.000245,0.000252
B,ka100_req85,11,xxxxxxxxxxxxxxxx0.000003,0.000000,0.000000,0.000236,0.000242
B,ka100_req86,11,xxxxxxxxxxxxxxxx0.000003,0.000000,0.000000,0.000229,0.000235
B,ka100_req87,11,xxxxxxxxxxxxxxxx0.000005,0.000000,0.000000,0.000254,0.000292
B,ka100_req88,11,xxxxxxxxxxxxxxxx0.000003,0.000000,0.000000,0.000222,0.000230
B,ka100_req89,11,xxxxxxxxxxxxxxxx0.000004,0.000000,0.000000,0.000244,0.000250
B,ka100_req90,11,xxxxxxxxxxxxxxxx0.000004,0.000000,0.000000,0.000230,0.000235
B,ka100_req91,11,xxxxxxxxxxxxxxxx0.000003,0.000000,0.000000,0.000257,0.000264
B,ka100_req92,11,xxxxxxxxxxxxxxxx0.000003,0.000000,0.000000,0.000244,0.000251
B,ka100_req93,11,xxxxxxxxxxxxxxxx0.000004,0.000000,0.000000,0.000249,0.000257
B,ka100_req94,11,xxxxxxxxxxxxxxxx0.000003,0.000000,0.000000,0.000259,0.000266
B,ka100_req95,11,xxxxxxxxxxxxxxxx0.000003,0.000000,0.000000,0.000257,0.000266
B,ka100_req96,11,xxxxxxxxxxxxxxxx0.000003,0.000000,0.000000,0.000231,0.000268
B,ka100_req97,11,xxxxxxxxxxxxxxxx0.000003,0.000000,0.000000,0.000241,0.000247
B,ka100_req98,11,xxxxxxxxxxxxxxxx0.000003,0.000000,0.000000,0.000247,0.000254
B,ka100_req99,11,xxxxxxxxxxxxxxxx0.000003,0.000000,0.000000,0.000243,0.000250
B,ka100_req100,11,xxxxxxxxxxxxxxxx0.000002,0.000000,0.000000,0.000259,0.000267
B,ka100_req1,12,0.000008,0.000041,0.013864,0.014628,0.014646
B,ka100_req2,12,xxxxxxxxxxxxxxxx0.000005,0.000000,0.000000,0.000236,0.000244
B,ka100_req3,12,xxxxxxxxxxxxxxxx0.000004,0.000000,0.000000,0.000232,0.000244
B,ka100_req4,12,xxxxxxxxxxxxxxxx0.000007,0.000000,0.000000,0.000245,0.000254
B,ka100_req5,12,xxxxxxxxxxxxxxxx0.000005,0.000000,0.000000,0.000265,0.000272
B,ka100_req6,12,xxxxxxxxxxxxxxxx0.000004,0.000000,0.000000,0.000261,0.000269
B,ka100_req7,12,xxxxxxxxxxxxxxxx0.000006,0.000000,0.000000,0.000321,0.000330
B,ka100_req8,12,xxxxxxxxxxxxxxxx0.000004,0.000000,0.000000,0.000245,0.000251
B,ka100_req9,12,xxxxxxxxxxxxxxxx0.000004,0.000000,0.000000,0.000255,0.000298
B,ka100_req10,12,xxxxxxxxxxxxxxxx0.000004,0.000000,0.000000,0.000270,0.000302
B,ka100_req11,12,xxxxxxxxxxxxxxxx0.000003,0.000000,0.000000,0.000281,0.000312
B,ka100_req12,12,xxxxxxxxxxxxxxxx0.000006,0.000000,0.000000,0.000306,0.000314
B,ka100_req13,12,xxxxxxxxxxxxxxxx0.000006,0.000000,0.000000,0.000273,0.000314
B,ka100_req14,12,xxxxxxxxxxxxxxxx0.000003,0.000000,0.000000,0.000256,0.000306
B,ka100_req15,12,xxxxxxxxxxxxxxxx0.000003,0.000000,0.000000,0.000285,0.000291
B,ka100_req16,12,xxxxxxxxxxxxxxxx0.000004,0.000000,0.000000,0.000267,0.000273
B,ka100_req17,12,xxxxxxxxxxxxxxxx0.000003,0.000000,0.000000,0.000254,0.000261
B,ka100_req18,12,xxxxxxxxxxxxxxxx0.000003,0.000000,0.000000,0.000262,0.000270
B,ka100_req19,12,xxxxxxxxxxxxxxxx0.000003,0.000000,0.000000,0.000250,0.000256
B,ka100_req20,12,xxxxxxxxxxxxxxxx0.000004,0.000000,0.000000,0.000252,0.000259
B,ka100_req21,12,xxxxxxxxxxxxxxxx0.000004,0.000000,0.000000,0.000246,0.000275
B,ka100_req22,12,xxxxxxxxxxxxxxxx0.000003,0.000000,0.000000,0.000267,0.000275
B,ka100_req23,12,xxxxxxxxxxxxxxxx0.000003,0.000000,0.000000,0.000271,0.000313
B,ka100_req24,12,xxxxxxxxxxxxxxxx0.000003,0.000000,0.000000,0.000273,0.000280
B,ka100_req25,12,xxxxxxxxxxxxxxxx0.000003,0.000000,0.000000,0.000281,0.000289
B,ka100_req26,12,xxxxxxxxxxxxxxxx0.000006,0.000000,0.000000,0.000264,0.000279
B,ka100_req27,12,xxxxxxxxxxxxxxxx0.000004,0.000000,0.000000,0.000259,0.000268
B,ka100_req28,12,xxxxxxxxxxxxxxxx0.000004,0.000000,0.000000,0.000296,0.000302
B,ka100_req29,12,xxxxxxxxxxxxxxxx0.000004,0.000000,0.000000,0.000259,0.000266
B,ka100_req30,12,xxxxxxxxxxxxxxxx0.000003,0.000000,0.000000,0.000237,0.000244
B,ka100_req31,12,xxxxxxxxxxxxxxxx0.000004,0.000000,0.000000,0.000250,0.000257
B,ka100_req32,12,xxxxxxxxxxxxxxxx0.000003,0.000000,0.000000,0.000246,0.000253
B,ka100_req33,12,xxxxxxxxxxxxxxxx0.000004,0.000000,0.000000,0.000208,0.000246
B,ka100_req34,12,xxxxxxxxxxxxxxxx0.000003,0.000000,0.000000,0.000230,0.000238
B,ka100_req35,12,xxxxxxxxxxxxxxxx0.000003,0.000000,0.000000,0.000205,0.000214
B,ka100_req36,12,xxxxxxxxxxxxxxxx0.000003,0.000000,0.000000,0.000247,0.000254
B,ka100_req37,12,xxxxxxxxxxxxxxxx0.000003,0.000000,0.000000,0.000239,0.000247
B,ka100_req38,12,xxxxxxxxxxxxxxxx0.000004,0.000000,0.000000,0.000246,0.000280
B,ka100_req39,12,xxxxxxxxxxxxxxxx0.000004,0.000000,0.000000,0.000187,0.000196
B,ka100_req40,12,xxxxxxxxxxxxxxxx0.000003,0.000000,0.000000,0.000226,0.000232
B,ka100_req41,12,xxxxxxxxxxxxxxxx0.000003,0.000000,0.000000,0.000245,0.000252
B,ka100_req42,12,xxxxxxxxxxxxxxxx0.000003,0.000000,0.000000,0.000226,0.000234
B,ka100_req43,12,xxxxxxxxxxxxxxxx0.000004,0.000000,0.000000,0.000209,0.000254
B,ka100_req44,12,xxxxxxxxxxxxxxxx0.000003,0.000000,0.000000,0.000218,0.000225
B,ka100_req45,12,xxxxxxxxxxxxxxxx0.000003,0.000000,0.000000,0.000241,0.000246
B,ka100_req46,12,xxxxxxxxxxxxxxxx0.000003,0.000000,0.000000,0.000254,0.000259
B,ka100_req47,12,xxxxxxxxxxxxxxxx0.000003,0.000000,0.000000,0.000249,0.000280
B,ka100_req48,12,xxxxxxxxxxxxxxxx0.000003,0.000000,0.000000,0.000237,0.000242
B,ka100_req49,12,xxxxxxxxxxxxxxxx0.000003,0.000000,0.000000,0.000254,0.000296
B,ka100_req50,12,xxxxxxxxxxxxxxxx0.000003,0.000000,0.000000,0.000250,0.000264
B,ka100_req51,12,xxxxxxxxxxxxxxxx0.000004,0.000000,0.000000,0.000241,0.000247
B,ka100_req52,12,xxxxxxxxxxxxxxxx0.000003,0.000000,0.000000,0.000253,0.000260
B,ka100_req53,12,xxxxxxxxxxxxxxxx0.000004,0.000000,0.000000,0.000277,0.000285
B,ka100_req54,12,xxxxxxxxxxxxxxxx0.000004,0.000000,0.000000,0.000235,0.000247
B,ka100_req55,12,xxxxxxxxxxxxxxxx0.000003,0.000000,0.000000,0.000245,0.000251
B,ka100_req56,12,xxxxxxxxxxxxxxxx0.000003,0.000000,0.000000,0.000259,0.000267
B,ka100_req57,12,xxxxxxxxxxxxxxxx0.000003,0.000000,0.000000,0.000235,0.000243
B,ka100_req58,12,xxxxxxxxxxxxxxxx0.000003,0.000000,0.000000,0.000229,0.000267
B,ka100_req59,12,xxxxxxxxxxxxxxxx0.000003,0.000000,0.000000,0.000247,0.000254
B,ka100_req60,12,xxxxxxxxxxxxxxxx0.000003,0.000000,0.000000,0.000236,0.000241
B,ka100_req61,12,xxxxxxxxxxxxxxxx0.000003,0.000000,0.000000,0.000256,0.000263
B,ka100_req62,12,xxxxxxxxxxxxxxxx0.000003,0.000000,0.000000,0.000234,0.000275
B,ka100_req63,12,xxxxxxxxxxxxxxxx0.000003,0.000000,0.000000,0.000199,0.000242
B,ka100_req64,12,xxxxxxxxxxxxxxxx0.000003,0.000000,0.000000,0.000200,0.000245
B,ka100_req65,12,xxxxxxxxxxxxxxxx0.000004,0.000000,0.000000,0.000218,0.000286
B,ka100_req66,12,xxxxxxxxxxxxxxxx0.000003,0.000000,0.000000,0.000199,0.000226
B,ka100_req67,12,xxxxxxxxxxxxxxxx0.000003,0.000000,0.000000,0.000241,0.000277
B,ka100_req68,12,xxxxxxxxxxxxxxxx0.000004,0.000000,0.000000,0.000231,0.000238
B,ka100_req69,12,xxxxxxxxxxxxxxxx0.000003,0.000000,0.000000,0.000223,0.000296
B,ka100_req70,12,xxxxxxxxxxxxxxxx0.000004,0.000000,0.000000,0.000257,0.000298
B,ka100_req71,12,xxxxxxxxxxxxxxxx0.000004,0.000000,0.000000,0.000259,0.000267
B,ka100_req72,12,xxxxxxxxxxxxxxxx0.000004,0.000000,0.000000,0.000262,0.000267
B,ka100_req73,12,xxxxxxxxxxxxxxxx0.000003,0.000000,0.000000,0.000291,0.000301
B,ka100_req74,12,xxxxxxxxxxxxxxxx0.000003,0.000000,0.000000,0.000243,0.000251
B,ka100_req75,12,xxxxxxxxxxxxxxxx0.000003,0.000000,0.000000,0.000218,0.000247
B,ka100_req76,12,xxxxxxxxxxxxxxxx0.000003,0.000000,0.000000,0.000262,0.000269
B,ka100_req77,12,xxxxxxxxxxxxxxxx0.000004,0.000000,0.000000,0.000246,0.000254
B,ka100_req78,12,xxxxxxxxxxxxxxxx0.000003,0.000000,0.000000,0.000221,0.000289
B,ka100_req79,12,xxxxxxxxxxxxxxxx0.000003,0.000000,0.000000,0.000238,0.000244
B,ka100_req80,12,xxxxxxxxxxxxxxxx0.000003,0.000000,0.000000,0.000233,0.000240
B,ka100_req81,12,xxxxxxxxxxxxxxxx0.000003,0.000000,0.000000,0.000285,0.000291
B,ka100_req82,12,xxxxxxxxxxxxxxxx0.000004,0.000000,0.000000,0.000215,0.000223
B,ka100_req83,12,xxxxxxxxxxxxxxxx0.000003,0.000000,0.000000,0.000258,0.000265
B,ka100_req84,12,xxxxxxxxxxxxxxxx0.000003,0.000000,0.000000,0.000224,0.000266
B,ka100_req85,12,xxxxxxxxxxxxxxxx0.000003,0.000000,0.000000,0.000210,0.000251
B,ka100_req86,12,xxxxxxxxxxxxxxxx0.000004,0.000000,0.000000,0.000255,0.000262
B,ka100_req87,12,xxxxxxxxxxxxxxxx0.000003,0.000000,0.000000,0.000233,0.000271
B,ka100_req88,12,xxxxxxxxxxxxxxxx0.000003,0.000000,0.000000,0.000182,0.000265
B,ka100_req89,12,xxxxxxxxxxxxxxxx0.000003,0.000000,0.000000,0.000253,0.000259
B,ka100_req90,12,xxxxxxxxxxxxxxxx0.000003,0.000000,0.000000,0.000256,0.000262
B,ka100_req91,12,xxxxxxxxxxxxxxxx0.000003,0.000000,0.000000,0.000217,0.000224
B,ka100_req92,12,xxxxxxxxxxxxxxxx0.000003,0.000000,0.000000,0.000236,0.000241
B,ka100_req93,12,xxxxxxxxxxxxxxxx0.000004,0.000000,0.000000,0.000241,0.000290
B,ka100_req94,12,xxxxxxxxxxxxxxxx0.000003,0.000000,0.000000,0.000258,0.000303
B,ka100_req95,12,xxxxxxxxxxxxxxxx0.000003,0.000000,0.000000,0.000229,0.000236
B,ka100_req96,12,xxxxxxxxxxxxxxxx0.000003,0.000000,0.000000,0.000214,0.000220
B,ka100_req97,12,xxxxxxxxxxxxxxxx0.000004,0.000000,0.000000,0.000230,0.000236
B,ka100_req98,12,xxxxxxxxxxxxxxxx0.000003,0.000000,0.000000,0.000227,0.000235
B,ka100_req99,12,xxxxxxxxxxxxxxxx0.000004,0.000000,0.000000,0.000238,0.000245
B,ka100_req100,12,xxxxxxxxxxxxxxxx0.000004,0.000000,0.000000,0.000226,0.000233
B,ka100_req1,13,0.000007,0.000040,0.013825,0.014592,0.014614
B,ka100_req2,13,xxxxxxxxxxxxxxxx0.000005,0.000000,0.000000,0.000225,0.000234
B,ka100_req3,13,xxxxxxxxxxxxxxxx0.000003,0.000000,0.000000,0.000248,0.000260
B,ka100_req4,13,xxxxxxxxxxxxxxxx0.000006,0.000000,0.000000,0.000289,0.000299
B,ka100_req5,13,xxxxxxxxxxxxxxxx0.000007,0.000000,0.000000,0.000284,0.000291
B,ka100_req6,13,xxxxxxxxxxxxxxxx0.000004,0.000000,0.000000,0.000259,0.000271
B,ka100_req7,13,xxxxxxxxxxxxxxxx0.000006,0.000000,0.000000,0.000287,0.000293
B,ka100_req8,13,xxxxxxxxxxxxxxxx0.000003,0.000000,0.000000,0.000238,0.000244
B,ka100_req9,13,xxxxxxxxxxxxxxxx0.000005,0.000000,0.000000,0.000252,0.000320
B,ka100_req10,13,xxxxxxxxxxxxxxxx0.000003,0.000000,0.000000,0.000262,0.000295
B,ka100_req11,13,xxxxxxxxxxxxxxxx0.000004,0.000000,0.000000,0.000248,0.000288
B,ka100_req12,13,xxxxxxxxxxxxxxxx0.000004,0.000000,0.000000,0.000308,0.000314
B,ka100_req13,13,xxxxxxxxxxxxxxxx0.000004,0.000000,0.000000,0.000250,0.000258
B,ka100_req14,13,xxxxxxxxxxxxxxxx0.000005,0.000000,0.000000,0.000294,0.000302
B,ka100_req15,13,xxxxxxxxxxxxxxxx0.000005,0.000000,0.000000,0.000249,0.000256
B,ka100_req16,13,xxxxxxxxxxxxxxxx0.000003,0.000000,0.000000,0.000193,0.000200
B,ka100_req17,13,xxxxxxxxxxxxxxxx0.000004,0.000000,0.000000,0.000250,0.000270
B,ka100_req18,13,xxxxxxxxxxxxxxxx0.000004,0.000000,0.000000,0.000298,0.000305
B,ka100_req19,13,xxxxxxxxxxxxxxxx0.000003,0.000000,0.000000,0.000194,0.000230
B,ka100_req20,13,xxxxxxxxxxxxxxxx0.000004,0.000000,0.000000,0.000201,0.000209
B,ka100_req21,13,xxxxxxxxxxxxxxxx0.000004,0.000000,0.000000,0.000251,0.000298
B,ka100_req22,13,xxxxxxxxxxxxxxxx0.000004,0.000000,0.000000,0.000319,0.000325
B,ka100_req23,13,xxxxxxxxxxxxxxxx0.000003,0.000000,0.000000,0.000283,0.000289
B,ka100_req24,13,xxxxxxxxxxxxxxxx0.000004,0.000000,0.000000,0.000267,0.000311
B,ka100_req25,13,xxxxxxxxxxxxxxxx0.000004,0.000000,0.000000,0.000263,0.000271
B,ka100_req26,13,xxxxxxxxxxxxxxxx0.000003,0.000000,0.000000,0.000210,0.000279
B,ka100_req27,13,xxxxxxxxxxxxxxxx0.000005,0.000000,0.000000,0.000257,0.000308
B,ka100_req28,13,xxxxxxxxxxxxxxxx0.000003,0.000000,0.000000,0.000205,0.000211
B,ka100_req29,13,xxxxxxxxxxxxxxxx0.000003,0.000000,0.000000,0.000220,0.000283
B,ka100_req30,13,xxxxxxxxxxxxxxxx0.000004,0.000000,0.000000,0.000255,0.000262
B,ka100_req31,13,xxxxxxxxxxxxxxxx0.000003,0.000000,0.000000,0.000220,0.000226
B,ka100_req32,13,xxxxxxxxxxxxxxxx0.000004,0.000000,0.000000,0.000257,0.000264
B,ka100_req33,13,xxxxxxxxxxxxxxxx0.000004,0.000000,0.000000,0.000239,0.000246
B,ka100_req34,13,xxxxxxxxxxxxxxxx0.000003,0.000000,0.000000,0.000239,0.000280
B,ka100_req35,13,xxxxxxxxxxxxxxxx0.000003,0.000000,0.000000,0.000240,0.000280
B,ka100_req36,13,xxxxxxxxxxxxxxxx0.000003,0.000000,0.000000,0.000248,0.000253
B,ka100_req37,13,xxxxxxxxxxxxxxxx0.000004,0.000000,0.000000,0.000249,0.000255
B,ka100_req38,13,xxxxxxxxxxxxxxxx0.000004,0.000000,0.000000,0.000225,0.000267
B,ka100_req39,13,xxxxxxxxxxxxxxxx0.000004,0.000000,0.000000,0.000249,0.000256
B,ka100_req40,13,xxxxxxxxxxxxxxxx0.000004,0.000000,0.000000,0.000224,0.000231
B,ka100_req41,13,xxxxxxxxxxxxxxxx0.000003,0.000000,0.000000,0.000217,0.000257
B,ka100_req42,13,xxxxxxxxxxxxxxxx0.000002,0.000000,0.000000,0.000268,0.000275
B,ka100_req43,13,xxxxxxxxxxxxxxxx0.000003,0.000000,0.000000,0.000206,0.000231
B,ka100_req44,13,xxxxxxxxxxxxxxxx0.000003,0.000000,0.000000,0.000259,0.000269
B,ka100_req45,13,xxxxxxxxxxxxxxxx0.000004,0.000000,0.000000,0.000196,0.000292
B,ka100_req46,13,xxxxxxxxxxxxxxxx0.000003,0.000000,0.000000,0.000277,0.000285
B,ka100_req47,13,xxxxxxxxxxxxxxxx0.000003,0.000000,0.000000,0.000244,0.000251
B,ka100_req48,13,xxxxxxxxxxxxxxxx0.000004,0.000000,0.000000,0.000204,0.000226
B,ka100_req49,13,xxxxxxxxxxxxxxxx0.000003,0.000000,0.000000,0.000237,0.000282
B,ka100_req50,13,xxxxxxxxxxxxxxxx0.000003,0.000000,0.000000,0.000247,0.000263
B,ka100_req51,13,xxxxxxxxxxxxxxxx0.000005,0.000000,0.000000,0.000217,0.000289
B,ka100_req52,13,xxxxxxxxxxxxxxxx0.000003,0.000000,0.000000,0.000234,0.000270
B,ka100_req53,13,xxxxxxxxxxxxxxxx0.000003,0.000000,0.000000,0.000252,0.000292
B,ka100_req54,13,xxxxxxxxxxxxxxxx0.000004,0.000000,0.000000,0.000250,0.000294
B,ka100_req55,13,xxxxxxxxxxxxxxxx0.000003,0.000000,0.000000,0.000242,0.000248
B,ka100_req56,13,xxxxxxxxxxxxxxxx0.000003,0.000000,0.000000,0.000228,0.000235
B,ka100_req57,13,xxxxxxxxxxxxxxxx0.000006,0.000000,0.000000,0.000251,0.000285
B,ka100_req58,13,xxxxxxxxxxxxxxxx0.000004,0.000000,0.000000,0.000248,0.000254
B,ka100_req59,13,xxxxxxxxxxxxxxxx0.000004,0.000000,0.000000,0.000197,0.000232
B,ka100_req60,13,xxxxxxxxxxxxxxxx0.000003,0.000000,0.000000,0.000223,0.000264
B,ka100_req61,13,xxxxxxxxxxxxxxxx0.000003,0.000000,0.000000,0.000226,0.000267
B,ka100_req62,13,xxxxxxxxxxxxxxxx0.000004,0.000000,0.000000,0.000263,0.000269
B,ka100_req63,13,xxxxxxxxxxxxxxxx0.000003,0.000000,0.000000,0.000236,0.000244
B,ka100_req64,13,xxxxxxxxxxxxxxxx0.000004,0.000000,0.000000,0.000218,0.000225
B,ka100_req65,13,xxxxxxxxxxxxxxxx0.000003,0.000000,0.000000,0.000238,0.000245
B,ka100_req66,13,xxxxxxxxxxxxxxxx0.000004,0.000000,0.000000,0.000256,0.000292
B,ka100_req67,13,xxxxxxxxxxxxxxxx0.000004,0.000000,0.000000,0.000272,0.000278
B,ka100_req68,13,xxxxxxxxxxxxxxxx0.000003,0.000000,0.000000,0.000223,0.000287
B,ka100_req69,13,xxxxxxxxxxxxxxxx0.000004,0.000000,0.000000,0.000220,0.000226
B,ka100_req70,13,xxxxxxxxxxxxxxxx0.000004,0.000000,0.000000,0.000285,0.000291
B,ka100_req71,13,xxxxxxxxxxxxxxxx0.000003,0.000000,0.000000,0.000216,0.000247
B,ka100_req72,13,xxxxxxxxxxxxxxxx0.000004,0.000000,0.000000,0.000277,0.000282
B,ka100_req73,13,xxxxxxxxxxxxxxxx0.000003,0.000000,0.000000,0.000216,0.000222
B,ka100_req74,13,xxxxxxxxxxxxxxxx0.000002,0.000000,0.000000,0.000263,0.000270
B,ka100_req75,13,xxxxxxxxxxxxxxxx0.000004,0.000000,0.000000,0.000197,0.000214
B,ka100_req76,13,xxxxxxxxxxxxxxxx0.000003,0.000000,0.000000,0.000248,0.000256
B,ka100_req77,13,xxxxxxxxxxxxxxxx0.000004,0.000000,0.000000,0.000214,0.000276
B,ka100_req78,13,xxxxxxxxxxxxxxxx0.000003,0.000000,0.000000,0.000283,0.000291
B,ka100_req79,13,xxxxxxxxxxxxxxxx0.000003,0.000000,0.000000,0.000235,0.000242
B,ka100_req80,13,xxxxxxxxxxxxxxxx0.000003,0.000000,0.000000,0.000223,0.000286
B,ka100_req81,13,xxxxxxxxxxxxxxxx0.000003,0.000000,0.000000,0.000281,0.000288
B,ka100_req82,13,xxxxxxxxxxxxxxxx0.000004,0.000000,0.000000,0.000289,0.000297
B,ka100_req83,13,xxxxxxxxxxxxxxxx0.000003,0.000000,0.000000,0.000270,0.000277
B,ka100_req84,13,xxxxxxxxxxxxxxxx0.000003,0.000000,0.000000,0.000235,0.000242
B,ka100_req85,13,xxxxxxxxxxxxxxxx0.000003,0.000000,0.000000,0.000215,0.000221
B,ka100_req86,13,xxxxxxxxxxxxxxxx0.000003,0.000000,0.000000,0.000220,0.000226
B,ka100_req87,13,xxxxxxxxxxxxxxxx0.000004,0.000000,0.000000,0.000316,0.000324
B,ka100_req88,13,xxxxxxxxxxxxxxxx0.000004,0.000000,0.000000,0.000221,0.000239
B,ka100_req89,13,xxxxxxxxxxxxxxxx0.000003,0.000000,0.000000,0.000262,0.000291
B,ka100_req90,13,xxxxxxxxxxxxxxxx0.000003,0.000000,0.000000,0.000190,0.000197
B,ka100_req91,13,xxxxxxxxxxxxxxxx0.000004,0.000000,0.000000,0.000263,0.000270
B,ka100_req92,13,xxxxxxxxxxxxxxxx0.000004,0.000000,0.000000,0.000229,0.000235
B,ka100_req93,13,xxxxxxxxxxxxxxxx0.000003,0.000000,0.000000,0.000223,0.000230
B,ka100_req94,13,xxxxxxxxxxxxxxxx0.000004,0.000000,0.000000,0.000195,0.000235
B,ka100_req95,13,xxxxxxxxxxxxxxxx0.000003,0.000000,0.000000,0.000179,0.000209
B,ka100_req96,13,xxxxxxxxxxxxxxxx0.000004,0.000000,0.000000,0.000239,0.000247
B,ka100_req97,13,xxxxxxxxxxxxxxxx0.000003,0.000000,0.000000,0.000207,0.000251
B,ka100_req98,13,xxxxxxxxxxxxxxxx0.000003,0.000000,0.000000,0.000305,0.000312
B,ka100_req99,13,xxxxxxxxxxxxxxxx0.000003,0.000000,0.000000,0.000251,0.000292
B,ka100_req100,13,xxxxxxxxxxxxxxxx0.000003,0.000000,0.000000,0.000255,0.000260
B,ka100_req1,14,0.000007,0.000039,0.013648,0.014469,0.014491
B,ka100_req2,14,xxxxxxxxxxxxxxxx0.000006,0.000000,0.000000,0.000257,0.000265
B,ka100_req3,14,xxxxxxxxxxxxxxxx0.000006,0.000000,0.000000,0.000277,0.000286
B,ka100_req4,14,xxxxxxxxxxxxxxxx0.000006,0.000000,0.000000,0.000290,0.000301
B,ka100_req5,14,xxxxxxxxxxxxxxxx0.000008,0.000000,0.000000,0.000287,0.000296
B,ka100_req6,14,xxxxxxxxxxxxxxxx0.000004,0.000000,0.000000,0.000253,0.000259
B,ka100_req7,14,xxxxxxxxxxxxxxxx0.000003,0.000000,0.000000,0.000297,0.000306
B,ka100_req8,14,xxxxxxxxxxxxxxxx0.000005,0.000000,0.000000,0.000307,0.000318
B,ka100_req9,14,xxxxxxxxxxxxxxxx0.000005,0.000000,0.000000,0.000275,0.000282
B,ka100_req10,14,xxxxxxxxxxxxxxxx0.000004,0.000000,0.000000,0.000236,0.000271
B,ka100_req11,14,xxxxxxxxxxxxxxxx0.000003,0.000000,0.000000,0.000227,0.000233
B,ka100_req12,14,xxxxxxxxxxxxxxxx0.000003,0.000000,0.000000,0.000290,0.000298
B,ka100_req13,14,xxxxxxxxxxxxxxxx0.000004,0.000000,0.000000,0.000259,0.000266
B,ka100_req14,14,xxxxxxxxxxxxxxxx0.000003,0.000000,0.000000,0.000303,0.000310
B,ka100_req15,14,xxxxxxxxxxxxxxxx0.000004,0.000000,0.000000,0.000289,0.000297
B,ka100_req16,14,xxxxxxxxxxxxxxxx0.000004,0.000000,0.000000,0.000271,0.000315
B,ka100_req17,14,xxxxxxxxxxxxxxxx0.000005,0.000000,0.000000,0.000271,0.000336
B,ka100_req18,14,xxxxxxxxxxxxxxxx0.000005,0.000000,0.000000,0.000241,0.000249
B,ka100_req19,14,xxxxxxxxxxxxxxxx0.000003,0.000000,0.000000,0.000240,0.000269
B,ka100_req20,14,xxxxxxxxxxxxxxxx0.000003,0.000000,0.000000,0.000248,0.000253
B,ka100_req21,14,xxxxxxxxxxxxxxxx0.000003,0.000000,0.000000,0.000289,0.000296
B,ka100_req22,14,xxxxxxxxxxxxxxxx0.000004,0.000000,0.000000,0.000206,0.000211
B,ka100_req23,14,xxxxxxxxxxxxxxxx0.000004,0.000000,0.000000,0.000240,0.000259
B,ka100_req24,14,xxxxxxxxxxxxxxxx0.000003,0.000000,0.000000,0.000262,0.000268
B,ka100_req25,14,xxxxxxxxxxxxxxxx0.000004,0.000000,0.000000,0.000244,0.000279
B,ka100_req26,14,xxxxxxxxxxxxxxxx0.000004,0.000000,0.000000,0.000237,0.000294
B,ka100_req27,14,xxxxxxxxxxxxxxxx0.000003,0.000000,0.000000,0.000263,0.000270
B,ka100_req28,14,xxxxxxxxxxxxxxxx0.000003,0.000000,0.000000,0.000266,0.000274
B,ka100_req29,14,xxxxxxxxxxxxxxxx0.000004,0.000000,0.000000,0.000239,0.000245
B,ka100_req30,14,xxxxxxxxxxxxxxxx0.000004,0.000000,0.000000,0.000212,0.000256
B,ka100_req31,14,xxxxxxxxxxxxxxxx0.000004,0.000000,0.000000,0.000230,0.000273
B,ka100_req32,14,xxxxxxxxxxxxxxxx0.000003,0.000000,0.000000,0.000260,0.000268
B,ka100_req33,14,xxxxxxxxxxxxxxxx0.000003,0.000000,0.000000,0.000231,0.000266
B,ka100_req34,14,xxxxxxxxxxxxxxxx0.000003,0.000000,0.000000,0.000269,0.000276
B,ka100_req35,14,xxxxxxxxxxxxxxxx0.000003,0.000000,0.000000,0.000214,0.000221
B,ka100_req36,14,xxxxxxxxxxxxxxxx0.000003,0.000000,0.000000,0.000211,0.000218
B,ka100_req37,14,xxxxxxxxxxxxxxxx0.000003,0.000000,0.000000,0.000261,0.000267
B,ka100_req38,14,xxxxxxxxxxxxxxxx0.000003,0.000000,0.000000,0.000266,0.000273
B,ka100_req39,14,xxxxxxxxxxxxxxxx0.000003,0.000000,0.000000,0.000271,0.000278
B,ka100_req40,14,xxxxxxxxxxxxxxxx0.000003,0.000000,0.000000,0.000297,0.000303
B,ka100_req41,14,xxxxxxxxxxxxxxxx0.000003,0.000000,0.000000,0.000263,0.000270
B,ka100_req42,14,xxxxxxxxxxxxxxxx0.000003,0.000000,0.000000,0.000225,0.000255
B,ka100_req43,14,xxxxxxxxxxxxxxxx0.000003,0.000000,0.000000,0.000257,0.000262
B,ka100_req44,14,xxxxxxxxxxxxxxxx0.000004,0.000000,0.000000,0.000258,0.000271
B,ka100_req45,14,xxxxxxxxxxxxxxxx0.000004,0.000000,0.000000,0.000243,0.000256
B,ka100_req46,14,xxxxxxxxxxxxxxxx0.000003,0.000000,0.000000,0.000215,0.000221
B,ka100_req47,14,xxxxxxxxxxxxxxxx0.000004,0.000000,0.000000,0.000197,0.000237
B,ka100_req48,14,xxxxxxxxxxxxxxxx0.000003,0.000000,0.000000,0.000260,0.000276
B,ka100_req49,14,xxxxxxxxxxxxxxxx0.000003,0.000000,0.000000,0.000228,0.000234
B,ka100_req50,14,xxxxxxxxxxxxxxxx0.000003,0.000000,0.000000,0.000234,0.000275
B,ka100_req51,14,xxxxxxxxxxxxxxxx0.000003,0.000000,0.000000,0.000229,0.000235
B,ka100_req52,14,xxxxxxxxxxxxxxxx0.000004,0.000000,0.000000,0.000264,0.000271
B,ka100_req53,14,xxxxxxxxxxxxxxxx0.000004,0.000000,0.000000,0.000301,0.000307
B,ka100_req54,14,xxxxxxxxxxxxxxxx0.000003,0.000000,0.000000,0.000229,0.000236
B,ka100_req55,14,xxxxxxxxxxxxxxxx0.000004,0.000000,0.000000,0.000227,0.000245
B,ka100_req56,14,xxxxxxxxxxxxxxxx0.000004,0.000000,0.000000,0.000240,0.000247
B,ka100_req57,14,xxxxxxxxxxxxxxxx0.000003,0.000000,0.000000,0.000233,0.000274
B,ka100_req58,14,xxxxxxxxxxxxxxxx0.000004,0.000000,0.000000,0.000271,0.000279
B,ka100_req59,14,xxxxxxxxxxxxxxxx0.000004,0.000000,0.000000,0.000222,0.000265
B,ka100_req60,14,xxxxxxxxxxxxxxxx0.000003,0.000000,0.000000,0.000196,0.000225
B,ka100_req61,14,xxxxxxxxxxxxxxxx0.000003,0.000000,0.000000,0.000210,0.000251
B,ka100_req62,14,xxxxxxxxxxxxxxxx0.000003,0.000000,0.000000,0.000214,0.000269
B,ka100_req63,14,xxxxxxxxxxxxxxxx0.000003,0.000000,0.000000,0.000225,0.000259
B,ka100_req64,14,xxxxxxxxxxxxxxxx0.000004,0.000000,0.000000,0.000201,0.000257
B,ka100_req65,14,xxxxxxxxxxxxxxxx0.000003,0.000000,0.000000,0.000259,0.000265
B,ka100_req66,14,xxxxxxxxxxxxxxxx0.000003,0.000000,0.000000,0.000286,0.000324
B,ka100_req67,14,xxxxxxxxxxxxxxxx0.000003,0.000000,0.000000,0.000273,0.000279
B,ka100_req68,14,xxxxxxxxxxxxxxxx0.000003,0.000000,0.000000,0.000254,0.000263
B,ka100_req69,14,xxxxxxxxxxxxxxxx0.000003,0.000000,0.000000,0.000271,0.000278
B,ka100_req70,14,xxxxxxxxxxxxxxxx0.000003,0.000000,0.000000,0.000189,0.000200
B,ka100_req71,14,xxxxxxxxxxxxxxxx0.000004,0.000000,0.000000,0.000262,0.000267
B,ka100_req72,14,xxxxxxxxxxxxxxxx0.000003,0.000000,0.000000,0.000185,0.000241
B,ka100_req73,14,xxxxxxxxxxxxxxxx0.000003,0.000000,0.000000,0.000226,0.000254
B,ka100_req74,14,xxxxxxxxxxxxxxxx0.000004,0.000000,0.000000,0.000251,0.000286
B,ka100_req75,14,xxxxxxxxxxxxxxxx0.000004,0.000000,0.000000,0.000243,0.000248
B,ka100_req76,14,xxxxxxxxxxxxxxxx0.000004,0.000000,0.000000,0.000236,0.000242
B,ka100_req77,14,xxxxxxxxxxxxxxxx0.000003,0.000000,0.000000,0.000253,0.000260
B,ka100_req78,14,xxxxxxxxxxxxxxxx0.000003,0.000000,0.000000,0.000242,0.000250
B,ka100_req79,14,xxxxxxxxxxxxxxxx0.000004,0.000000,0.000000,0.000250,0.000257
B,ka100_req80,14,xxxxxxxxxxxxxxxx0.000004,0.000000,0.000000,0.000231,0.000238
B,ka100_req81,14,xxxxxxxxxxxxxxxx0.000004,0.000000,0.000000,0.000231,0.000237
B,ka100_req82,14,xxxxxxxxxxxxxxxx0.000004,0.000000,0.000000,0.000231,0.000256
B,ka100_req83,14,xxxxxxxxxxxxxxxx0.000004,0.000000,0.000000,0.000237,0.000292
B,ka100_req84,14,xxxxxxxxxxxxxxxx0.000004,0.000000,0.000000,0.000261,0.000268
B,ka100_req85,14,xxxxxxxxxxxxxxxx0.000004,0.000000,0.000000,0.000242,0.000250
B,ka100_req86,14,xxxxxxxxxxxxxxxx0.000003,0.000000,0.000000,0.000199,0.000229
B,ka100_req87,14,xxxxxxxxxxxxxxxx0.000003,0.000000,0.000000,0.000238,0.000243
B,ka100_req88,14,xxxxxxxxxxxxxxxx0.000002,0.000000,0.000000,0.000227,0.000233
B,ka100_req89,14,xxxxxxxxxxxxxxxx0.000003,0.000000,0.000000,0.000265,0.000271
B,ka100_req90,14,xxxxxxxxxxxxxxxx0.000003,0.000000,0.000000,0.000251,0.000257
B,ka100_req91,14,xxxxxxxxxxxxxxxx0.000003,0.000000,0.000000,0.000256,0.000263
B,ka100_req92,14,xxxxxxxxxxxxxxxx0.000014,0.000000,0.000000,0.000255,0.000261
B,ka100_req93,14,xxxxxxxxxxxxxxxx0.000004,0.000000,0.000000,0.000233,0.000239
B,ka100_req94,14,xxxxxxxxxxxxxxxx0.000003,0.000000,0.000000,0.000243,0.000251
B,ka100_req95,14,xxxxxxxxxxxxxxxx0.000003,0.000000,0.000000,0.000255,0.000262
B,ka100_req96,14,xxxxxxxxxxxxxxxx0.000004,0.000000,0.000000,0.000250,0.000255
B,ka100_req97,14,xxxxxxxxxxxxxxxx0.000003,0.000000,0.000000,0.000229,0.000236
B,ka100_req98,14,xxxxxxxxxxxxxxxx0.000004,0.000000,0.000000,0.000235,0.000242
B,ka100_req99,14,xxxxxxxxxxxxxxxx0.000003,0.000000,0.000000,0.000237,0.000245
B,ka100_req100,14,xxxxxxxxxxxxxxxx0.000003,0.000000,0.000000,0.000218,0.000243
B,ka100_req1,15,0.000007,0.000040,0.013734,0.014499,0.014520
B,ka100_req2,15,xxxxxxxxxxxxxxxx0.000006,0.000000,0.000000,0.000209,0.000219
B,ka100_req3,15,xxxxxxxxxxxxxxxx0.000005,0.000000,0.000000,0.000240,0.000250
B,ka100_req4,15,xxxxxxxxxxxxxxxx0.000006,0.000000,0.000000,0.000239,0.000247
B,ka100_req5,15,xxxxxxxxxxxxxxxx0.000005,0.000000,0.000000,0.000251,0.000258
B,ka100_req6,15,xxxxxxxxxxxxxxxx0.000004,0.000000,0.000000,0.000260,0.000269
B,ka100_req7,15,xxxxxxxxxxxxxxxx0.000005,0.000000,0.000000,0.000291,0.000299
B,ka100_req8,15,xxxxxxxxxxxxxxxx0.000003,0.000000,0.000000,0.000237,0.000244
B,ka100_req9,15,xxxxxxxxxxxxxxxx0.000003,0.000000,0.000000,0.000240,0.000307
B,ka100_req10,15,xxxxxxxxxxxxxxxx0.000008,0.000000,0.000000,0.000287,0.000298
B,ka100_req11,15,xxxxxxxxxxxxxxxx0.000005,0.000000,0.000000,0.000234,0.000277
B,ka100_req12,15,xxxxxxxxxxxxxxxx0.000005,0.000000,0.000000,0.000244,0.000305
B,ka100_req13,15,xxxxxxxxxxxxxxxx0.000004,0.000000,0.000000,0.000221,0.000306
B,ka100_req14,15,xxxxxxxxxxxxxxxx0.000004,0.000000,0.000000,0.000226,0.000237
B,ka100_req15,15,xxxxxxxxxxxxxxxx0.000004,0.000000,0.000000,0.000251,0.000290
B,ka100_req16,15,xxxxxxxxxxxxxxxx0.000003,0.000000,0.000000,0.000272,0.000280
B,ka100_req17,15,xxxxxxxxxxxxxxxx0.000005,0.000000,0.000000,0.000247,0.000253
B,ka100_req18,15,xxxxxxxxxxxxxxxx0.000004,0.000000,0.000000,0.000233,0.000248
B,ka100_req19,15,xxxxxxxxxxxxxxxx0.000004,0.000000,0.000000,0.000259,0.000264
B,ka100_req20,15,xxxxxxxxxxxxxxxx0.000004,0.000000,0.000000,0.000247,0.000254
B,ka100_req21,15,xxxxxxxxxxxxxxxx0.000003,0.000000,0.000000,0.000213,0.000219
B,ka100_req22,15,xxxxxxxxxxxxxxxx0.000004,0.000000,0.000000,0.000206,0.000252
B,ka100_req23,15,xxxxxxxxxxxxxxxx0.000003,0.000000,0.000000,0.000234,0.000242
B,ka100_req24,15,xxxxxxxxxxxxxxxx0.000004,0.000000,0.000000,0.000250,0.000256
B,ka100_req25,15,xxxxxxxxxxxxxxxx0.000004,0.000000,0.000000,0.000218,0.000263
B,ka100_req26,15,xxxxxxxxxxxxxxxx0.000004,0.000000,0.000000,0.000188,0.000252
B,ka100_req27,15,xxxxxxxxxxxxxxxx0.000003,0.000000,0.000000,0.000210,0.000257
B,ka100_req28,15,xxxxxxxxxxxxxxxx0.000003,0.000000,0.000000,0.000243,0.000250
B,ka100_req29,15,xxxxxxxxxxxxxxxx0.000003,0.000000,0.000000,0.000254,0.000259
B,ka100_req30,15,xxxxxxxxxxxxxxxx0.000004,0.000000,0.000000,0.000226,0.000233
B,ka100_req31,15,xxxxxxxxxxxxxxxx0.000004,0.000000,0.000000,0.000255,0.000293
B,ka100_req32,15,xxxxxxxxxxxxxxxx0.000004,0.000000,0.000000,0.000249,0.000255
B,ka100_req33,15,xxxxxxxxxxxxxxxx0.000003,0.000000,0.000000,0.000232,0.000273
B,ka100_req34,15,xxxxxxxxxxxxxxxx0.000003,0.000000,0.000000,0.000228,0.000266
B,ka100_req35,15,xxxxxxxxxxxxxxxx0.000003,0.000000,0.000000,0.000278,0.000286
B,ka100_req36,15,xxxxxxxxxxxxxxxx0.000003,0.000000,0.000000,0.000234,0.000241
B,ka100_req37,15,xxxxxxxxxxxxxxxx0.000004,0.000000,0.000000,0.000265,0.000272
B,ka100_req38,15,xxxxxxxxxxxxxxxx0.000003,0.000000,0.000000,0.000209,0.000250
B,ka100_req39,15,xxxxxxxxxxxxxxxx0.000004,0.000000,0.000000,0.000202,0.000237
B,ka100_req40,15,xxxxxxxxxxxxxxxx0.000004,0.000000,0.000000,0.000218,0.000260
B,ka100_req41,15,xxxxxxxxxxxxxxxx0.000003,0.000000,0.000000,0.000274,0.000281
B,ka100_req42,15,xxxxxxxxxxxxxxxx0.000003,0.000000,0.000000,0.000279,0.000286
B,ka100_req43,15,xxxxxxxxxxxxxxxx0.000003,0.000000,0.000000,0.000221,0.000226
B,ka100_req44,15,xxxxxxxxxxxxxxxx0.000003,0.000000,0.000000,0.000268,0.000275
B,ka100_req45,15,xxxxxxxxxxxxxxxx0.000003,0.000000,0.000000,0.000236,0.000242
B,ka100_req46,15,xxxxxxxxxxxxxxxx0.000002,0.000000,0.000000,0.000222,0.000253
B,ka100_req47,15,xxxxxxxxxxxxxxxx0.000004,0.000000,0.000000,0.000239,0.000280
B,ka100_req48,15,xxxxxxxxxxxxxxxx0.000004,0.000000,0.000000,0.000270,0.000278
B,ka100_req49,15,xxxxxxxxxxxxxxxx0.000004,0.000000,0.000000,0.000239,0.000247
B,ka100_req50,15,xxxxxxxxxxxxxxxx0.000002,0.000000,0.000000,0.000232,0.000238
B,ka100_req51,15,xxxxxxxxxxxxxxxx0.000003,0.000000,0.000000,0.000224,0.000229
B,ka100_req52,15,xxxxxxxxxxxxxxxx0.000003,0.000000,0.000000,0.000246,0.000251
B,ka100_req53,15,xxxxxxxxxxxxxxxx0.000003,0.000000,0.000000,0.000232,0.000238
B,ka100_req54,15,xxxxxxxxxxxxxxxx0.000003,0.000000,0.000000,0.000254,0.000261
B,ka100_req55,15,xxxxxxxxxxxxxxxx0.000003,0.000000,0.000000,0.000234,0.000245
B,ka100_req56,15,xxxxxxxxxxxxxxxx0.000003,0.000000,0.000000,0.000217,0.000256
B,ka100_req57,15,xxxxxxxxxxxxxxxx0.000003,0.000000,0.000000,0.000242,0.000249
B,ka100_req58,15,xxxxxxxxxxxxxxxx0.000003,0.000000,0.000000,0.000251,0.000257
B,ka100_req59,15,xxxxxxxxxxxxxxxx0.000004,0.000000,0.000000,0.000225,0.000263
B,ka100_req60,15,xxxxxxxxxxxxxxxx0.000004,0.000000,0.000000,0.000200,0.000254
B,ka100_req61,15,xxxxxxxxxxxxxxxx0.000002,0.000000,0.000000,0.000232,0.000238
B,ka100_req62,15,xxxxxxxxxxxxxxxx0.000005,0.000000,0.000000,0.000221,0.000243
B,ka100_req63,15,xxxxxxxxxxxxxxxx0.000003,0.000000,0.000000,0.000246,0.000251
B,ka100_req64,15,xxxxxxxxxxxxxxxx0.000003,0.000000,0.000000,0.000246,0.000277
B,ka100_req65,15,xxxxxxxxxxxxxxxx0.000004,0.000000,0.000000,0.000235,0.000276
B,ka100_req66,15,xxxxxxxxxxxxxxxx0.000003,0.000000,0.000000,0.000214,0.000254
B,ka100_req67,15,xxxxxxxxxxxxxxxx0.000003,0.000000,0.000000,0.000212,0.000241
B,ka100_req68,15,xxxxxxxxxxxxxxxx0.000004,0.000000,0.000000,0.000230,0.000236
B,ka100_req69,15,xxxxxxxxxxxxxxxx0.000003,0.000000,0.000000,0.000251,0.000258
B,ka100_req70,15,xxxxxxxxxxxxxxxx0.000003,0.000000,0.000000,0.000265,0.000270
B,ka100_req71,15,xxxxxxxxxxxxxxxx0.000003,0.000000,0.000000,0.000253,0.000294
B,ka100_req72,15,xxxxxxxxxxxxxxxx0.000003,0.000000,0.000000,0.000220,0.000256
B,ka100_req73,15,xxxxxxxxxxxxxxxx0.000003,0.000000,0.000000,0.000259,0.000266
B,ka100_req74,15,xxxxxxxxxxxxxxxx0.000004,0.000000,0.000000,0.000205,0.000211
B,ka100_req75,15,xxxxxxxxxxxxxxxx0.000003,0.000000,0.000000,0.000224,0.000256
B,ka100_req76,15,xxxxxxxxxxxxxxxx0.000003,0.000000,0.000000,0.000190,0.000204
B,ka100_req77,15,xxxxxxxxxxxxxxxx0.000002,0.000000,0.000000,0.000210,0.000216
B,ka100_req78,15,xxxxxxxxxxxxxxxx0.000003,0.000000,0.000000,0.000226,0.000267
B,ka100_req79,15,xxxxxxxxxxxxxxxx0.000003,0.000000,0.000000,0.000256,0.000263
B,ka100_req80,15,xxxxxxxxxxxxxxxx0.000003,0.000000,0.000000,0.000191,0.000239
B,ka100_req81,15,xxxxxxxxxxxxxxxx0.000003,0.000000,0.000000,0.000272,0.000279
B,ka100_req82,15,xxxxxxxxxxxxxxxx0.000003,0.000000,0.000000,0.000220,0.000242
B,ka100_req83,15,xxxxxxxxxxxxxxxx0.000004,0.000000,0.000000,0.000256,0.000262
B,ka100_req84,15,xxxxxxxxxxxxxxxx0.000003,0.000000,0.000000,0.000243,0.000249
B,ka100_req85,15,xxxxxxxxxxxxxxxx0.000003,0.000000,0.000000,0.000222,0.000240
B,ka100_req86,15,xxxxxxxxxxxxxxxx0.000003,0.000000,0.000000,0.000244,0.000251
B,ka100_req87,15,xxxxxxxxxxxxxxxx0.000003,0.000000,0.000000,0.000268,0.000275
B,ka100_req88,15,xxxxxxxxxxxxxxxx0.000003,0.000000,0.000000,0.000265,0.000271
B,ka100_req89,15,xxxxxxxxxxxxxxxx0.000004,0.000000,0.000000,0.000225,0.000238
B,ka100_req90,15,xxxxxxxxxxxxxxxx0.000004,0.000000,0.000000,0.000268,0.000274
B,ka100_req91,15,xxxxxxxxxxxxxxxx0.000004,0.000000,0.000000,0.000245,0.000252
B,ka100_req92,15,xxxxxxxxxxxxxxxx0.000003,0.000000,0.000000,0.000188,0.000211
B,ka100_req93,15,xxxxxxxxxxxxxxxx0.000003,0.000000,0.000000,0.000221,0.000228
B,ka100_req94,15,xxxxxxxxxxxxxxxx0.000004,0.000000,0.000000,0.000194,0.000259
B,ka100_req95,15,xxxxxxxxxxxxxxxx0.000004,0.000000,0.000000,0.000224,0.000263
B,ka100_req96,15,xxxxxxxxxxxxxxxx0.000003,0.000000,0.000000,0.000245,0.000250
B,ka100_req97,15,xxxxxxxxxxxxxxxx0.000004,0.000000,0.000000,0.000246,0.000253
B,ka100_req98,15,xxxxxxxxxxxxxxxx0.000003,0.000000,0.000000,0.000242,0.000287
B,ka100_req99,15,xxxxxxxxxxxxxxxx0.000002,0.000000,0.000000,0.000243,0.000251
B,ka100_req100,15,xxxxxxxxxxxxxxxx0.000004,0.000000,0.000000,0.000227,0.000261
B,ka100_req1,16,0.000010,0.000045,0.013808,0.014641,0.014662
B,ka100_req2,16,xxxxxxxxxxxxxxxx0.000008,0.000000,0.000000,0.000294,0.000304
B,ka100_req3,16,xxxxxxxxxxxxxxxx0.000006,0.000000,0.000000,0.000308,0.000319
B,ka100_req4,16,xxxxxxxxxxxxxxxx0.000007,0.000000,0.000000,0.000300,0.000309
B,ka100_req5,16,xxxxxxxxxxxxxxxx0.000005,0.000000,0.000000,0.000317,0.000362
B,ka100_req6,16,xxxxxxxxxxxxxxxx0.000007,0.000000,0.000000,0.000287,0.000294
B,ka100_req7,16,xxxxxxxxxxxxxxxx0.000004,0.000000,0.000000,0.000269,0.000277
B,ka100_req8,16,xxxxxxxxxxxxxxxx0.000005,0.000000,0.000000,0.000251,0.000260
B,ka100_req9,16,xxxxxxxxxxxxxxxx0.000005,0.000000,0.000000,0.000264,0.000312
B,ka100_req10,16,xxxxxxxxxxxxxxxx0.000004,0.000000,0.000000,0.000232,0.000241
B,ka100_req11,16,xxxxxxxxxxxxxxxx0.000004,0.000000,0.000000,0.000255,0.000289
B,ka100_req12,16,xxxxxxxxxxxxxxxx0.000005,0.000000,0.000000,0.000253,0.000259
B,ka100_req13,16,xxxxxxxxxxxxxxxx0.000004,0.000000,0.000000,0.000234,0.000242
B,ka100_req14,16,xxxxxxxxxxxxxxxx0.000003,0.000000,0.000000,0.000212,0.000263
B,ka100_req15,16,xxxxxxxxxxxxxxxx0.000005,0.000000,0.000000,0.000258,0.000292
B,ka100_req16,16,xxxxxxxxxxxxxxxx0.000003,0.000000,0.000000,0.000224,0.000230
B,ka100_req17,16,xxxxxxxxxxxxxxxx0.000003,0.000000,0.000000,0.000245,0.000253
B,ka100_req18,16,xxxxxxxxxxxxxxxx0.000004,0.000000,0.000000,0.000221,0.000264
B,ka100_req19,16,xxxxxxxxxxxxxxxx0.000004,0.000000,0.000000,0.000273,0.000286
B,ka100_req20,16,xxxxxxxxxxxxxxxx0.000004,0.000000,0.000000,0.000239,0.000246
B,ka100_req21,16,xxxxxxxxxxxxxxxx0.000003,0.000000,0.000000,0.000249,0.000255
B,ka100_req22,16,xxxxxxxxxxxxxxxx0.000004,0.000000,0.000000,0.000256,0.000262
B,ka100_req23,16,xxxxxxxxxxxxxxxx0.000003,0.000000,0.000000,0.000265,0.000304
B,ka100_req24,16,xxxxxxxxxxxxxxxx0.000003,0.000000,0.000000,0.000247,0.000309
B,ka100_req25,16,xxxxxxxxxxxxxxxx0.000004,0.000000,0.000000,0.000226,0.000286
B,ka100_req26,16,xxxxxxxxxxxxxxxx0.000003,0.000000,0.000000,0.000238,0.000253
B,ka100_req27,16,xxxxxxxxxxxxxxxx0.000004,0.000000,0.000000,0.000235,0.000240
B,ka100_req28,16,xxxxxxxxxxxxxxxx0.000003,0.000000,0.000000,0.000225,0.000232
B,ka100_req29,16,xxxxxxxxxxxxxxxx0.000003,0.000000,0.000000,0.000211,0.000257
B,ka100_req30,16,xxxxxxxxxxxxxxxx0.000003,0.000000,0.000000,0.000253,0.000266
B,ka100_req31,16,xxxxxxxxxxxxxxxx0.000003,0.000000,0.000000,0.000252,0.000263
B,ka100_req32,16,xxxxxxxxxxxxxxxx0.000004,0.000000,0.000000,0.000260,0.000267
B,ka100_req33,16,xxxxxxxxxxxxxxxx0.000005,0.000000,0.000000,0.000242,0.000285
B,ka100_req34,16,xxxxxxxxxxxxxxxx0.000003,0.000000,0.000000,0.000226,0.000250
B,ka100_req35,16,xxxxxxxxxxxxxxxx0.000004,0.000000,0.000000,0.000250,0.000256
B,ka100_req36,16,xxxxxxxxxxxxxxxx0.000004,0.000000,0.000000,0.000233,0.000240
B,ka100_req37,16,xxxxxxxxxxxxxxxx0.000003,0.000000,0.000000,0.000242,0.000248
B,ka100_req38,16,xxxxxxxxxxxxxxxx0.000004,0.000000,0.000000,0.000231,0.000243
B,ka100_req39,16,xxxxxxxxxxxxxxxx0.000003,0.000000,0.000000,0.000240,0.000247
B,ka100_req40,16,xxxxxxxxxxxxxxxx0.000003,0.000000,0.000000,0.000235,0.000241
B,ka100_req41,16,xxxxxxxxxxxxxxxx0.000004,0.000000,0.000000,0.000229,0.000306
B,ka100_req42,16,xxxxxxxxxxxxxxxx0.000004,0.000000,0.000000,0.000210,0.000245
B,ka100_req43,16,xxxxxxxxxxxxxxxx0.000003,0.000000,0.000000,0.000207,0.000259
B,ka100_req44,16,xxxxxxxxxxxxxxxx0.000003,0.000000,0.000000,0.000241,0.000272
B,ka100_req45,16,xxxxxxxxxxxxxxxx0.000003,0.000000,0.000000,0.000253,0.000260
B,ka100_req46,16,xxxxxxxxxxxxxxxx0.000003,0.000000,0.000000,0.000208,0.000264
B,ka100_req47,16,xxxxxxxxxxxxxxxx0.000003,0.000000,0.000000,0.000244,0.000299
B,ka100_req48,16,xxxxxxxxxxxxxxxx0.000003,0.000000,0.000000,0.000264,0.000272
B,ka100_req49,16,xxxxxxxxxxxxxxxx0.000005,0.000000,0.000000,0.000226,0.000232
B,ka100_req50,16,xxxxxxxxxxxxxxxx0.000003,0.000000,0.000000,0.000210,0.000215
B,ka100_req51,16,xxxxxxxxxxxxxxxx0.000003,0.000000,0.000000,0.000228,0.000235
B,ka100_req52,16,xxxxxxxxxxxxxxxx0.000003,0.000000,0.000000,0.000197,0.000204
B,ka100_req53,16,xxxxxxxxxxxxxxxx0.000003,0.000000,0.000000,0.000235,0.000242
B,ka100_req54,16,xxxxxxxxxxxxxxxx0.000003,0.000000,0.000000,0.000261,0.000268
B,ka100_req55,16,xxxxxxxxxxxxxxxx0.000004,0.000000,0.000000,0.000285,0.000322
B,ka100_req56,16,xxxxxxxxxxxxxxxx0.000003,0.000000,0.000000,0.000205,0.000284
B,ka100_req57,16,xxxxxxxxxxxxxxxx0.000003,0.000000,0.000000,0.000207,0.000212
B,ka100_req58,16,xxxxxxxxxxxxxxxx0.000003,0.000000,0.000000,0.000261,0.000343
B,ka100_req59,16,xxxxxxxxxxxxxxxx0.000003,0.000000,0.000000,0.000310,0.000317
B,ka100_req60,16,xxxxxxxxxxxxxxxx0.000002,0.000000,0.000000,0.000279,0.000287
B,ka100_req61,16,xxxxxxxxxxxxxxxx0.000003,0.000000,0.000000,0.000299,0.000306
B,ka100_req62,16,xxxxxxxxxxxxxxxx0.000003,0.000000,0.000000,0.000250,0.000311
B,ka100_req63,16,xxxxxxxxxxxxxxxx0.000003,0.000000,0.000000,0.000290,0.000318
B,ka100_req64,16,xxxxxxxxxxxxxxxx0.000003,0.000000,0.000000,0.000375,0.000381
B,ka100_req65,16,xxxxxxxxxxxxxxxx0.000003,0.000000,0.000000,0.000345,0.000354
B,ka100_req66,16,xxxxxxxxxxxxxxxx0.000004,0.000000,0.000000,0.000239,0.000245
B,ka100_req67,16,xxxxxxxxxxxxxxxx0.000003,0.000000,0.000000,0.000305,0.000311
B,ka100_req68,16,xxxxxxxxxxxxxxxx0.000002,0.000000,0.000000,0.000251,0.000287
B,ka100_req69,16,xxxxxxxxxxxxxxxx0.000004,0.000000,0.000000,0.000283,0.000290
B,ka100_req70,16,xxxxxxxxxxxxxxxx0.000004,0.000000,0.000000,0.000280,0.000288
B,ka100_req71,16,xxxxxxxxxxxxxxxx0.000003,0.000000,0.000000,0.000230,0.000237
B,ka100_req72,16,xxxxxxxxxxxxxxxx0.000004,0.000000,0.000000,0.000226,0.000233
B,ka100_req73,16,xxxxxxxxxxxxxxxx0.000003,0.000000,0.000000,0.000263,0.000270
B,ka100_req74,16,xxxxxxxxxxxxxxxx0.000003,0.000000,0.000000,0.000263,0.000305
B,ka100_req75,16,xxxxxxxxxxxxxxxx0.000003,0.000000,0.000000,0.000213,0.000281
B,ka100_req76,16,xxxxxxxxxxxxxxxx0.000003,0.000000,0.000000,0.000258,0.000266
B,ka100_req77,16,xxxxxxxxxxxxxxxx0.000003,0.000000,0.000000,0.000223,0.000285
B,ka100_req78,16,xxxxxxxxxxxxxxxx0.000003,0.000000,0.000000,0.000228,0.000233
B,ka100_req79,16,xxxxxxxxxxxxxxxx0.000003,0.000000,0.000000,0.000226,0.000232
B,ka100_req80,16,xxxxxxxxxxxxxxxx0.000003,0.000000,0.000000,0.000285,0.000291
B,ka100_req81,16,xxxxxxxxxxxxxxxx0.000003,0.000000,0.000000,0.000211,0.000272
B,ka100_req82,16,xxxxxxxxxxxxxxxx0.000004,0.000000,0.000000,0.000306,0.000314
B,ka100_req83,16,xxxxxxxxxxxxxxxx0.000003,0.000000,0.000000,0.000229,0.000235
B,ka100_req84,16,xxxxxxxxxxxxxxxx0.000003,0.000000,0.000000,0.000270,0.000276
B,ka100_req85,16,xxxxxxxxxxxxxxxx0.000003,0.000000,0.000000,0.000249,0.000255
B,ka100_req86,16,xxxxxxxxxxxxxxxx0.000003,0.000000,0.000000,0.000253,0.000261
B,ka100_req87,16,xxxxxxxxxxxxxxxx0.000003,0.000000,0.000000,0.000201,0.000234
B,ka100_req88,16,xxxxxxxxxxxxxxxx0.000003,0.000000,0.000000,0.000239,0.000244
B,ka100_req89,16,xxxxxxxxxxxxxxxx0.000004,0.000000,0.000000,0.000261,0.000267
B,ka100_req90,16,xxxxxxxxxxxxxxxx0.000004,0.000000,0.000000,0.000259,0.000266
B,ka100_req91,16,xxxxxxxxxxxxxxxx0.000004,0.000000,0.000000,0.000257,0.000264
B,ka100_req92,16,xxxxxxxxxxxxxxxx0.000003,0.000000,0.000000,0.000225,0.000231
B,ka100_req93,16,xxxxxxxxxxxxxxxx0.000003,0.000000,0.000000,0.000273,0.000280
B,ka100_req94,16,xxxxxxxxxxxxxxxx0.000003,0.000000,0.000000,0.000218,0.000223
B,ka100_req95,16,xxxxxxxxxxxxxxxx0.000003,0.000000,0.000000,0.000243,0.000279
B,ka100_req96,16,xxxxxxxxxxxxxxxx0.000003,0.000000,0.000000,0.000235,0.000243
B,ka100_req97,16,xxxxxxxxxxxxxxxx0.000003,0.000000,0.000000,0.000225,0.000264
B,ka100_req98,16,xxxxxxxxxxxxxxxx0.000004,0.000000,0.000000,0.000230,0.000305
B,ka100_req99,16,xxxxxxxxxxxxxxxx0.000003,0.000000,0.000000,0.000243,0.000251
B,ka100_req100,16,xxxxxxxxxxxxxxxx0.000003,0.000000,0.000000,0.000236,0.000242
B,ka100_req1,17,0.000008,0.000040,0.013883,0.014716,0.014741
B,ka100_req2,17,xxxxxxxxxxxxxxxx0.000006,0.000000,0.000000,0.000218,0.000227
B,ka100_req3,17,xxxxxxxxxxxxxxxx0.000006,0.000000,0.000000,0.000251,0.000258
B,ka100_req4,17,xxxxxxxxxxxxxxxx0.000005,0.000000,0.000000,0.000280,0.000288
B,ka100_req5,17,xxxxxxxxxxxxxxxx0.000006,0.000000,0.000000,0.000268,0.000274
B,ka100_req6,17,xxxxxxxxxxxxxxxx0.000004,0.000000,0.000000,0.000282,0.000291
B,ka100_req7,17,xxxxxxxxxxxxxxxx0.000005,0.000000,0.000000,0.000260,0.000268
B,ka100_req8,17,xxxxxxxxxxxxxxxx0.000004,0.000000,0.000000,0.000278,0.000287
B,ka100_req9,17,xxxxxxxxxxxxxxxx0.000005,0.000000,0.000000,0.000284,0.000293
B,ka100_req10,17,xxxxxxxxxxxxxxxx0.000004,0.000000,0.000000,0.000258,0.000266
B,ka100_req11,17,xxxxxxxxxxxxxxxx0.000003,0.000000,0.000000,0.000270,0.000278
B,ka100_req12,17,xxxxxxxxxxxxxxxx0.000003,0.000000,0.000000,0.000258,0.000268
B,ka100_req13,17,xxxxxxxxxxxxxxxx0.000004,0.000000,0.000000,0.000212,0.000262
B,ka100_req14,17,xxxxxxxxxxxxxxxx0.000004,0.000000,0.000000,0.000272,0.000280
B,ka100_req15,17,xxxxxxxxxxxxxxxx0.000004,0.000000,0.000000,0.000231,0.000291
B,ka100_req16,17,xxxxxxxxxxxxxxxx0.000003,0.000000,0.000000,0.000231,0.000237
B,ka100_req17,17,xxxxxxxxxxxxxxxx0.000003,0.000000,0.000000,0.000268,0.000274
B,ka100_req18,17,xxxxxxxxxxxxxxxx0.000005,0.000000,0.000000,0.000247,0.000254
B,ka100_req19,17,xxxxxxxxxxxxxxxx0.000004,0.000000,0.000000,0.000251,0.000289
B,ka100_req20,17,xxxxxxxxxxxxxxxx0.000004,0.000000,0.000000,0.000235,0.000243
B,ka100_req21,17,xxxxxxxxxxxxxxxx0.000003,0.000000,0.000000,0.000261,0.000268
B,ka100_req22,17,xxxxxxxxxxxxxxxx0.000003,0.000000,0.000000,0.000195,0.000201
B,ka100_req23,17,xxxxxxxxxxxxxxxx0.000003,0.000000,0.000000,0.000208,0.000214
B,ka100_req24,17,xxxxxxxxxxxxxxxx0.000004,0.000000,0.000000,0.000217,0.000280
B,ka100_req25,17,xxxxxxxxxxxxxxxx0.000004,0.000000,0.000000,0.000280,0.000286
B,ka100_req26,17,xxxxxxxxxxxxxxxx0.000004,0.000000,0.000000,0.000256,0.000264
B,ka100_req27,17,xxxxxxxxxxxxxxxx0.000004,0.000000,0.000000,0.000233,0.000241
B,ka100_req28,17,xxxxxxxxxxxxxxxx0.000002,0.000000,0.000000,0.000254,0.000262
B,ka100_req29,17,xxxxxxxxxxxxxxxx0.000004,0.000000,0.000000,0.000223,0.000291
B,ka100_req30,17,xxxxxxxxxxxxxxxx0.000004,0.000000,0.000000,0.000277,0.000285
B,ka100_req31,17,xxxxxxxxxxxxxxxx0.000004,0.000000,0.000000,0.000248,0.000288
B,ka100_req32,17,xxxxxxxxxxxxxxxx0.000003,0.000000,0.000000,0.000220,0.000227
B,ka100_req33,17,xxxxxxxxxxxxxxxx0.000003,0.000000,0.000000,0.000212,0.000218
B,ka100_req34,17,xxxxxxxxxxxxxxxx0.000003,0.000000,0.000000,0.000243,0.000291
B,ka100_req35,17,xxxxxxxxxxxxxxxx0.000004,0.000000,0.000000,0.000217,0.000295
B,ka100_req36,17,xxxxxxxxxxxxxxxx0.000003,0.000000,0.000000,0.000204,0.000255
B,ka100_req37,17,xxxxxxxxxxxxxxxx0.000004,0.000000,0.000000,0.000250,0.000310
B,ka100_req38,17,xxxxxxxxxxxxxxxx0.000003,0.000000,0.000000,0.000246,0.000251
B,ka100_req39,17,xxxxxxxxxxxxxxxx0.000003,0.000000,0.000000,0.000217,0.000223
B,ka100_req40,17,xxxxxxxxxxxxxxxx0.000004,0.000000,0.000000,0.000236,0.000242
B,ka100_req41,17,xxxxxxxxxxxxxxxx0.000004,0.000000,0.000000,0.000237,0.000242
B,ka100_req42,17,xxxxxxxxxxxxxxxx0.000003,0.000000,0.000000,0.000237,0.000244
B,ka100_req43,17,xxxxxxxxxxxxxxxx0.000003,0.000000,0.000000,0.000244,0.000250
B,ka100_req44,17,xxxxxxxxxxxxxxxx0.000004,0.000000,0.000000,0.000223,0.000231
B,ka100_req45,17,xxxxxxxxxxxxxxxx0.000004,0.000000,0.000000,0.000237,0.000261
B,ka100_req46,17,xxxxxxxxxxxxxxxx0.000004,0.000000,0.000000,0.000198,0.000246
B,ka100_req47,17,xxxxxxxxxxxxxxxx0.000003,0.000000,0.000000,0.000199,0.000247
B,ka100_req48,17,xxxxxxxxxxxxxxxx0.000003,0.000000,0.000000,0.000234,0.000240
B,ka100_req49,17,xxxxxxxxxxxxxxxx0.000003,0.000000,0.000000,0.000238,0.000285
B,ka100_req50,17,xxxxxxxxxxxxxxxx0.000003,0.000000,0.000000,0.000247,0.000255
B,ka100_req51,17,xxxxxxxxxxxxxxxx0.000003,0.000000,0.000000,0.000211,0.000218
B,ka100_req52,17,xxxxxxxxxxxxxxxx0.000003,0.000000,0.000000,0.000200,0.000251
B,ka100_req53,17,xxxxxxxxxxxxxxxx0.000003,0.000000,0.000000,0.000184,0.000190
B,ka100_req54,17,xxxxxxxxxxxxxxxx0.000003,0.000000,0.000000,0.000214,0.000221
B,ka100_req55,17,xxxxxxxxxxxxxxxx0.000004,0.000000,0.000000,0.000227,0.000233
B,ka100_req56,17,xxxxxxxxxxxxxxxx0.000003,0.000000,0.000000,0.000188,0.000217
B,ka100_req57,17,xxxxxxxxxxxxxxxx0.000003,0.000000,0.000000,0.000269,0.000277
B,ka100_req58,17,xxxxxxxxxxxxxxxx0.000004,0.000000,0.000000,0.000249,0.000255
B,ka100_req59,17,xxxxxxxxxxxxxxxx0.000003,0.000000,0.000000,0.000233,0.000240
B,ka100_req60,17,xxxxxxxxxxxxxxxx0.000003,0.000000,0.000000,0.000213,0.000220
B,ka100_req61,17,xxxxxxxxxxxxxxxx0.000004,0.000000,0.000000,0.000229,0.000290
B,ka100_req62,17,xxxxxxxxxxxxxxxx0.000003,0.000000,0.000000,0.000226,0.000233
B,ka100_req63,17,xxxxxxxxxxxxxxxx0.000003,0.000000,0.000000,0.000255,0.000261
B,ka100_req64,17,xxxxxxxxxxxxxxxx0.000003,0.000000,0.000000,0.000237,0.000289
B,ka100_req65,17,xxxxxxxxxxxxxxxx0.000004,0.000000,0.000000,0.000269,0.000277
B,ka100_req66,17,xxxxxxxxxxxxxxxx0.000003,0.000000,0.000000,0.000218,0.000259
B,ka100_req67,17,xxxxxxxxxxxxxxxx0.000004,0.000000,0.000000,0.000256,0.000290
B,ka100_req68,17,xxxxxxxxxxxxxxxx0.000003,0.000000,0.000000,0.000210,0.000234
B,ka100_req69,17,xxxxxxxxxxxxxxxx0.000003,0.000000,0.000000,0.000248,0.000255
B,ka100_req70,17,xxxxxxxxxxxxxxxx0.000003,0.000000,0.000000,0.000233,0.000240
B,ka100_req71,17,xxxxxxxxxxxxxxxx0.000004,0.000000,0.000000,0.000222,0.000228
B,ka100_req72,17,xxxxxxxxxxxxxxxx0.000002,0.000000,0.000000,0.000167,0.000229
B,ka100_req73,17,xxxxxxxxxxxxxxxx0.000003,0.000000,0.000000,0.000283,0.000290
B,ka100_req74,17,xxxxxxxxxxxxxxxx0.000003,0.000000,0.000000,0.000237,0.000294
B,ka100_req75,17,xxxxxxxxxxxxxxxx0.000004,0.000000,0.000000,0.000248,0.000255
B,ka100_req76,17,xxxxxxxxxxxxxxxx0.000003,0.000000,0.000000,0.000245,0.000284
B,ka100_req77,17,xxxxxxxxxxxxxxxx0.000004,0.000000,0.000000,0.000232,0.000247
B,ka100_req78,17,xxxxxxxxxxxxxxxx0.000004,0.000000,0.000000,0.000227,0.000233
B,ka100_req79,17,xxxxxxxxxxxxxxxx0.000004,0.000000,0.000000,0.000268,0.000274
B,ka100_req80,17,xxxxxxxxxxxxxxxx0.000004,0.000000,0.000000,0.000208,0.000213
B,ka100_req81,17,xxxxxxxxxxxxxxxx0.000003,0.000000,0.000000,0.000247,0.000288
B,ka100_req82,17,xxxxxxxxxxxxxxxx0.000004,0.000000,0.000000,0.000263,0.000270
B,ka100_req83,17,xxxxxxxxxxxxxxxx0.000004,0.000000,0.000000,0.000246,0.000253
B,ka100_req84,17,xxxxxxxxxxxxxxxx0.000003,0.000000,0.000000,0.000256,0.000294
B,ka100_req85,17,xxxxxxxxxxxxxxxx0.000004,0.000000,0.000000,0.000262,0.000304
B,ka100_req86,17,xxxxxxxxxxxxxxxx0.000003,0.000000,0.000000,0.000252,0.000259
B,ka100_req87,17,xxxxxxxxxxxxxxxx0.000003,0.000000,0.000000,0.000266,0.000274
B,ka100_req88,17,xxxxxxxxxxxxxxxx0.000004,0.000000,0.000000,0.000225,0.000231
B,ka100_req89,17,xxxxxxxxxxxxxxxx0.000003,0.000000,0.000000,0.000229,0.000271
B,ka100_req90,17,xxxxxxxxxxxxxxxx0.000003,0.000000,0.000000,0.000263,0.000271
B,ka100_req91,17,xxxxxxxxxxxxxxxx0.000003,0.000000,0.000000,0.000228,0.000233
B,ka100_req92,17,xxxxxxxxxxxxxxxx0.000003,0.000000,0.000000,0.000254,0.000292
B,ka100_req93,17,xxxxxxxxxxxxxxxx0.000004,0.000000,0.000000,0.000234,0.000283
B,ka100_req94,17,xxxxxxxxxxxxxxxx0.000003,0.000000,0.000000,0.000243,0.000250
B,ka100_req95,17,xxxxxxxxxxxxxxxx0.000004,0.000000,0.000000,0.000289,0.000295
B,ka100_req96,17,xxxxxxxxxxxxxxxx0.000003,0.000000,0.000000,0.000264,0.000277
B,ka100_req97,17,xxxxxxxxxxxxxxxx0.000004,0.000000,0.000000,0.000219,0.000261
B,ka100_req98,17,xxxxxxxxxxxxxxxx0.000003,0.000000,0.000000,0.000244,0.000252
B,ka100_req99,17,xxxxxxxxxxxxxxxx0.000004,0.000000,0.000000,0.000252,0.000259
B,ka100_req100,17,xxxxxxxxxxxxxxxx0.000003,0.000000,0.000000,0.000212,0.000219
B,ka100_req1,18,0.000007,0.000038,0.013752,0.014493,0.014511
B,ka100_req2,18,xxxxxxxxxxxxxxxx0.000006,0.000000,0.000000,0.000255,0.000263
B,ka100_req3,18,xxxxxxxxxxxxxxxx0.000006,0.000000,0.000000,0.000236,0.000248
B,ka100_req4,18,xxxxxxxxxxxxxxxx0.000006,0.000000,0.000000,0.000269,0.000278
B,ka100_req5,18,xxxxxxxxxxxxxxxx0.000006,0.000000,0.000000,0.000265,0.000273
B,ka100_req6,18,xxxxxxxxxxxxxxxx0.000005,0.000000,0.000000,0.000247,0.000256
B,ka100_req7,18,xxxxxxxxxxxxxxxx0.000006,0.000000,0.000000,0.000247,0.000255
B,ka100_req8,18,xxxxxxxxxxxxxxxx0.000003,0.000000,0.000000,0.000250,0.000256
B,ka100_req9,18,xxxxxxxxxxxxxxxx0.000004,0.000000,0.000000,0.000271,0.000279
B,ka100_req10,18,xxxxxxxxxxxxxxxx0.000006,0.000000,0.000000,0.000265,0.000284
B,ka100_req11,18,xxxxxxxxxxxxxxxx0.000003,0.000000,0.000000,0.000216,0.000248
B,ka100_req12,18,xxxxxxxxxxxxxxxx0.000003,0.000000,0.000000,0.000229,0.000237
B,ka100_req13,18,xxxxxxxxxxxxxxxx0.000004,0.000000,0.000000,0.000275,0.000283
B,ka100_req14,18,xxxxxxxxxxxxxxxx0.000003,0.000000,0.000000,0.000264,0.000273
B,ka100_req15,18,xxxxxxxxxxxxxxxx0.000004,0.000000,0.000000,0.000270,0.000275
B,ka100_req16,18,xxxxxxxxxxxxxxxx0.000003,0.000000,0.000000,0.000201,0.000278
B,ka100_req17,18,xxxxxxxxxxxxxxxx0.000003,0.000000,0.000000,0.000260,0.000266
B,ka100_req18,18,xxxxxxxxxxxxxxxx0.000004,0.000000,0.000000,0.000287,0.000294
B,ka100_req19,18,xxxxxxxxxxxxxxxx0.000004,0.000000,0.000000,0.000210,0.000216
B,ka100_req20,18,xxxxxxxxxxxxxxxx0.000003,0.000000,0.000000,0.000176,0.000237
B,ka100_req21,18,xxxxxxxxxxxxxxxx0.000005,0.000000,0.000000,0.000297,0.000305
B,ka100_req22,18,xxxxxxxxxxxxxxxx0.000003,0.000000,0.000000,0.000311,0.000336
B,ka100_req23,18,xxxxxxxxxxxxxxxx0.000004,0.000000,0.000000,0.000237,0.000245
B,ka100_req24,18,xxxxxxxxxxxxxxxx0.000004,0.000000,0.000000,0.000241,0.000247
B,ka100_req25,18,xxxxxxxxxxxxxxxx0.000003,0.000000,0.000000,0.000227,0.000233
B,ka100_req26,18,xxxxxxxxxxxxxxxx0.000003,0.000000,0.000000,0.000248,0.000253
B,ka100_req27,18,xxxxxxxxxxxxxxxx0.000004,0.000000,0.000000,0.000221,0.000272
B,ka100_req28,18,xxxxxxxxxxxxxxxx0.000003,0.000000,0.000000,0.000241,0.000248
B,ka100_req29,18,xxxxxxxxxxxxxxxx0.000004,0.000000,0.000000,0.000252,0.000257
B,ka100_req30,18,xxxxxxxxxxxxxxxx0.000003,0.000000,0.000000,0.000203,0.000215
B,ka100_req31,18,xxxxxxxxxxxxxxxx0.000003,0.000000,0.000000,0.000242,0.000249
B,ka100_req32,18,xxxxxxxxxxxxxxxx0.000003,0.000000,0.000000,0.000216,0.000245
B,ka100_req33,18,xxxxxxxxxxxxxxxx0.000004,0.000000,0.000000,0.000222,0.000251
B,ka100_req34,18,xxxxxxxxxxxxxxxx0.000003,0.000000,0.000000,0.000250,0.000257
B,ka100_req35,18,xxxxxxxxxxxxxxxx0.000003,0.000000,0.000000,0.000247,0.000254
B,ka100_req36,18,xxxxxxxxxxxxxxxx0.000003,0.000000,0.000000,0.000198,0.000232
B,ka100_req37,18,xxxxxxxxxxxxxxxx0.000004,0.000000,0.000000,0.000208,0.000265
B,ka100_req38,18,xxxxxxxxxxxxxxxx0.000004,0.000000,0.000000,0.000216,0.000241
B,ka100_req39,18,xxxxxxxxxxxxxxxx0.000003,0.000000,0.000000,0.000226,0.000232
B,ka100_req40,18,xxxxxxxxxxxxxxxx0.000003,0.000000,0.000000,0.000200,0.000205
B,ka100_req41,18,xxxxxxxxxxxxxxxx0.000003,0.000000,0.000000,0.000219,0.000225
B,ka100_req42,18,xxxxxxxxxxxxxxxx0.000003,0.000000,0.000000,0.000266,0.000273
B,ka100_req43,18,xxxxxxxxxxxxxxxx0.000003,0.000000,0.000000,0.000247,0.000255
B,ka100_req44,18,xxxxxxxxxxxxxxxx0.000003,0.000000,0.000000,0.000227,0.000233
B,ka100_req45,18,xxxxxxxxxxxxxxxx0.000004,0.000000,0.000000,0.000206,0.000258
B,ka100_req46,18,xxxxxxxxxxxxxxxx0.000005,0.000000,0.000000,0.000243,0.000248
B,ka100_req47,18,xxxxxxxxxxxxxxxx0.000003,0.000000,0.000000,0.000217,0.000223
B,ka100_req48,18,xxxxxxxxxxxxxxxx0.000004,0.000000,0.000000,0.000210,0.000269
B,ka100_req49,18,xxxxxxxxxxxxxxxx0.000004,0.000000,0.000000,0.000208,0.000270
B,ka100_req50,18,xxxxxxxxxxxxxxxx0.000003,0.000000,0.000000,0.000294,0.000301
B,ka100_req51,18,xxxxxxxxxxxxxxxx0.000003,0.000000,0.000000,0.000259,0.000265
B,ka100_req52,18,xxxxxxxxxxxxxxxx0.000003,0.000000,0.000000,0.000207,0.000238
B,ka100_req53,18,xxxxxxxxxxxxxxxx0.000004,0.000000,0.000000,0.000193,0.000245
B,ka100_req54,18,xxxxxxxxxxxxxxxx0.000003,0.000000,0.000000,0.000192,0.000198
B,ka100_req55,18,xxxxxxxxxxxxxxxx0.000003,0.000000,0.000000,0.000251,0.000258
B,ka100_req56,18,xxxxxxxxxxxxxxxx0.000003,0.000000,0.000000,0.000297,0.000305
B,ka100_req57,18,xxxxxxxxxxxxxxxx0.000003,0.000000,0.000000,0.000253,0.000260
B,ka100_req58,18,xxxxxxxxxxxxxxxx0.000003,0.000000,0.000000,0.000227,0.000235
B,ka100_req59,18,xxxxxxxxxxxxxxxx0.000003,0.000000,0.000000,0.000232,0.000238
B,ka100_req60,18,xxxxxxxxxxxxxxxx0.000003,0.000000,0.000000,0.000242,0.000249
B,ka100_req61,18,xxxxxxxxxxxxxxxx0.000003,0.000000,0.000000,0.000240,0.000246
B,ka100_req62,18,xxxxxxxxxxxxxxxx0.000003,0.000000,0.000000,0.000291,0.000296
B,ka100_req63,18,xxxxxxxxxxxxxxxx0.000002,0.000000,0.000000,0.000224,0.000231
B,ka100_req64,18,xxxxxxxxxxxxxxxx0.000003,0.000000,0.000000,0.000220,0.000227
B,ka100_req65,18,xxxxxxxxxxxxxxxx0.000003,0.000000,0.000000,0.000207,0.000213
B,ka100_req66,18,xxxxxxxxxxxxxxxx0.000003,0.000000,0.000000,0.000235,0.000242
B,ka100_req67,18,xxxxxxxxxxxxxxxx0.000003,0.000000,0.000000,0.000268,0.000310
B,ka100_req68,18,xxxxxxxxxxxxxxxx0.000003,0.000000,0.000000,0.000223,0.000239
B,ka100_req69,18,xxxxxxxxxxxxxxxx0.000003,0.000000,0.000000,0.000302,0.000308
B,ka100_req70,18,xxxxxxxxxxxxxxxx0.000004,0.000000,0.000000,0.000254,0.000260
B,ka100_req71,18,xxxxxxxxxxxxxxxx0.000003,0.000000,0.000000,0.000220,0.000226
B,ka100_req72,18,xxxxxxxxxxxxxxxx0.000003,0.000000,0.000000,0.000267,0.000368
B,ka100_req73,18,xxxxxxxxxxxxxxxx0.000003,0.000000,0.000000,0.000338,0.000344
B,ka100_req74,18,xxxxxxxxxxxxxxxx0.000004,0.000000,0.000000,0.000255,0.000303
B,ka100_req75,18,xxxxxxxxxxxxxxxx0.000004,0.000000,0.000000,0.000340,0.000346
B,ka100_req76,18,xxxxxxxxxxxxxxxx0.000004,0.000000,0.000000,0.000305,0.000312
B,ka100_req77,18,xxxxxxxxxxxxxxxx0.000005,0.000000,0.000000,0.000296,0.000307
B,ka100_req78,18,xxxxxxxxxxxxxxxx0.000005,0.000000,0.000000,0.000310,0.000343
B,ka100_req79,18,xxxxxxxxxxxxxxxx0.000004,0.000000,0.000000,0.000263,0.000270
B,ka100_req80,18,xxxxxxxxxxxxxxxx0.000004,0.000000,0.000000,0.000277,0.000286
B,ka100_req81,18,xxxxxxxxxxxxxxxx0.000003,0.000000,0.000000,0.000212,0.000219
B,ka100_req82,18,xxxxxxxxxxxxxxxx0.000003,0.000000,0.000000,0.000197,0.000241
B,ka100_req83,18,xxxxxxxxxxxxxxxx0.000003,0.000000,0.000000,0.000225,0.000231
B,ka100_req84,18,xxxxxxxxxxxxxxxx0.000003,0.000000,0.000000,0.000243,0.000250
B,ka100_req85,18,xxxxxxxxxxxxxxxx0.000004,0.000000,0.000000,0.000261,0.000269
B,ka100_req86,18,xxxxxxxxxxxxxxxx0.000003,0.000000,0.000000,0.000231,0.000270
B,ka100_req87,18,xxxxxxxxxxxxxxxx0.000003,0.000000,0.000000,0.000211,0.000280
B,ka100_req88,18,xxxxxxxxxxxxxxxx0.000004,0.000000,0.000000,0.000258,0.000276
B,ka100_req89,18,xxxxxxxxxxxxxxxx0.000003,0.000000,0.000000,0.000298,0.000304
B,ka100_req90,18,xxxxxxxxxxxxxxxx0.000003,0.000000,0.000000,0.000220,0.000228
B,ka100_req91,18,xxxxxxxxxxxxxxxx0.000004,0.000000,0.000000,0.000282,0.000290
B,ka100_req92,18,xxxxxxxxxxxxxxxx0.000004,0.000000,0.000000,0.000267,0.000272
B,ka100_req93,18,xxxxxxxxxxxxxxxx0.000004,0.000000,0.000000,0.000205,0.000227
B,ka100_req94,18,xxxxxxxxxxxxxxxx0.000005,0.000000,0.000000,0.000307,0.000314
B,ka100_req95,18,xxxxxxxxxxxxxxxx0.000003,0.000000,0.000000,0.000267,0.000275
B,ka100_req96,18,xxxxxxxxxxxxxxxx0.000005,0.000000,0.000000,0.000265,0.000271
B,ka100_req97,18,xxxxxxxxxxxxxxxx0.000004,0.000000,0.000000,0.000280,0.000286
B,ka100_req98,18,xxxxxxxxxxxxxxxx0.000003,0.000000,0.000000,0.000242,0.000250
B,ka100_req99,18,xxxxxxxxxxxxxxxx0.000004,0.000000,0.000000,0.000268,0.000275
B,ka100_req100,18,xxxxxxxxxxxxxxxx0.000003,0.000000,0.000000,0.000235,0.000241
B,ka100_req1,19,0.000008,0.000048,0.013926,0.014850,0.014876
B,ka100_req2,19,xxxxxxxxxxxxxxxx0.000007,0.000000,0.000000,0.000257,0.000269
B,ka100_req3,19,xxxxxxxxxxxxxxxx0.000006,0.000000,0.000000,0.000235,0.000245
B,ka100_req4,19,xxxxxxxxxxxxxxxx0.000008,0.000000,0.000000,0.000278,0.000289
B,ka100_req5,19,xxxxxxxxxxxxxxxx0.000007,0.000000,0.000000,0.000260,0.000271
B,ka100_req6,19,xxxxxxxxxxxxxxxx0.000005,0.000000,0.000000,0.000273,0.000281
B,ka100_req7,19,xxxxxxxxxxxxxxxx0.000004,0.000000,0.000000,0.000285,0.000292
B,ka100_req8,19,xxxxxxxxxxxxxxxx0.000006,0.000000,0.000000,0.000287,0.000331
B,ka100_req9,19,xxxxxxxxxxxxxxxx0.000005,0.000000,0.000000,0.000244,0.000250
B,ka100_req10,19,xxxxxxxxxxxxxxxx0.000004,0.000000,0.000000,0.000256,0.000298
B,ka100_req11,19,xxxxxxxxxxxxxxxx0.000004,0.000000,0.000000,0.000212,0.000219
B,ka100_req12,19,xxxxxxxxxxxxxxxx0.000003,0.000000,0.000000,0.000296,0.000306
B,ka100_req13,19,xxxxxxxxxxxxxxxx0.000006,0.000000,0.000000,0.000251,0.000259
B,ka100_req14,19,xxxxxxxxxxxxxxxx0.000003,0.000000,0.000000,0.000237,0.000243
B,ka100_req15,19,xxxxxxxxxxxxxxxx0.000004,0.000000,0.000000,0.000246,0.000253
B,ka100_req16,19,xxxxxxxxxxxxxxxx0.000003,0.000000,0.000000,0.000249,0.000315
B,ka100_req17,19,xxxxxxxxxxxxxxxx0.000003,0.000000,0.000000,0.000240,0.000282
B,ka100_req18,19,xxxxxxxxxxxxxxxx0.000003,0.000000,0.000000,0.000202,0.000250
B,ka100_req19,19,xxxxxxxxxxxxxxxx0.000003,0.000000,0.000000,0.000228,0.000234
B,ka100_req20,19,xxxxxxxxxxxxxxxx0.000003,0.000000,0.000000,0.000246,0.000268
B,ka100_req21,19,xxxxxxxxxxxxxxxx0.000003,0.000000,0.000000,0.000319,0.000327
B,ka100_req22,19,xxxxxxxxxxxxxxxx0.000004,0.000000,0.000000,0.000230,0.000236
B,ka100_req23,19,xxxxxxxxxxxxxxxx0.000004,0.000000,0.000000,0.000240,0.000285
B,ka100_req24,19,xxxxxxxxxxxxxxxx0.000003,0.000000,0.000000,0.000265,0.000272
B,ka100_req25,19,xxxxxxxxxxxxxxxx0.000004,0.000000,0.000000,0.000246,0.000252
B,ka100_req26,19,xxxxxxxxxxxxxxxx0.000004,0.000000,0.000000,0.000265,0.000272
B,ka100_req27,19,xxxxxxxxxxxxxxxx0.000004,0.000000,0.000000,0.000265,0.000277
B,ka100_req28,19,xxxxxxxxxxxxxxxx0.000003,0.000000,0.000000,0.000280,0.000319
B,ka100_req29,19,xxxxxxxxxxxxxxxx0.000004,0.000000,0.000000,0.000220,0.000233
B,ka100_req30,19,xxxxxxxxxxxxxxxx0.000003,0.000000,0.000000,0.000228,0.000239
B,ka100_req31,19,xxxxxxxxxxxxxxxx0.000003,0.000000,0.000000,0.000232,0.000285
B,ka100_req32,19,xxxxxxxxxxxxxxxx0.000003,0.000000,0.000000,0.000196,0.000245
B,ka100_req33,19,xxxxxxxxxxxxxxxx0.000003,0.000000,0.000000,0.000254,0.000294
B,ka100_req34,19,xxxxxxxxxxxxxxxx0.000003,0.000000,0.000000,0.000287,0.000295
B,ka100_req35,19,xxxxxxxxxxxxxxxx0.000004,0.000000,0.000000,0.000250,0.000257
B,ka100_req36,19,xxxxxxxxxxxxxxxx0.000004,0.000000,0.000000,0.000245,0.000252
B,ka100_req37,19,xxxxxxxxxxxxxxxx0.000003,0.000000,0.000000,0.000242,0.000247
B,ka100_req38,19,xxxxxxxxxxxxxxxx0.000003,0.000000,0.000000,0.000273,0.000280
B,ka100_req39,19,xxxxxxxxxxxxxxxx0.000003,0.000000,0.000000,0.000262,0.000369
B,ka100_req40,19,xxxxxxxxxxxxxxxx0.000003,0.000000,0.000000,0.000256,0.000321
B,ka100_req41,19,xxxxxxxxxxxxxxxx0.000003,0.000000,0.000000,0.000345,0.000352
B,ka100_req42,19,xxxxxxxxxxxxxxxx0.000003,0.000000,0.000000,0.000280,0.000286
B,ka100_req43,19,xxxxxxxxxxxxxxxx0.000003,0.000000,0.000000,0.000195,0.000268
B,ka100_req44,19,xxxxxxxxxxxxxxxx0.000006,0.000000,0.000000,0.000294,0.000304
B,ka100_req45,19,xxxxxxxxxxxxxxxx0.000004,0.000000,0.000000,0.000259,0.000265
B,ka100_req46,19,xxxxxxxxxxxxxxxx0.000004,0.000000,0.000000,0.000202,0.000210
B,ka100_req47,19,xxxxxxxxxxxxxxxx0.000003,0.000000,0.000000,0.000226,0.000232
B,ka100_req48,19,xxxxxxxxxxxxxxxx0.000003,0.000000,0.000000,0.000251,0.000258
B,ka100_req49,19,xxxxxxxxxxxxxxxx0.000003,0.000000,0.000000,0.000224,0.000247
B,ka100_req50,19,xxxxxxxxxxxxxxxx0.000004,0.000000,0.000000,0.000223,0.000228
B,ka100_req51,19,xxxxxxxxxxxxxxxx0.000003,0.000000,0.000000,0.000272,0.000279
B,ka100_req52,19,xxxxxxxxxxxxxxxx0.000004,0.000000,0.000000,0.000224,0.000230
B,ka100_req53,19,xxxxxxxxxxxxxxxx0.000002,0.000000,0.000000,0.000224,0.000233
B,ka100_req54,19,xxxxxxxxxxxxxxxx0.000004,0.000000,0.000000,0.000354,0.000360
B,ka100_req55,19,xxxxxxxxxxxxxxxx0.000004,0.000000,0.000000,0.000230,0.000293
B,ka100_req56,19,xxxxxxxxxxxxxxxx0.000003,0.000000,0.000000,0.000262,0.000269
B,ka100_req57,19,xxxxxxxxxxxxxxxx0.000004,0.000000,0.000000,0.000203,0.000240
B,ka100_req58,19,xxxxxxxxxxxxxxxx0.000004,0.000000,0.000000,0.000254,0.000261
B,ka100_req59,19,xxxxxxxxxxxxxxxx0.000003,0.000000,0.000000,0.000237,0.000252
B,ka100_req60,19,xxxxxxxxxxxxxxxx0.000003,0.000000,0.000000,0.000243,0.000281
B,ka100_req61,19,xxxxxxxxxxxxxxxx0.000003,0.000000,0.000000,0.000252,0.000297
B,ka100_req62,19,xxxxxxxxxxxxxxxx0.000004,0.000000,0.000000,0.000254,0.000259
B,ka100_req63,19,xxxxxxxxxxxxxxxx0.000003,0.000000,0.000000,0.000236,0.000241
B,ka100_req64,19,xxxxxxxxxxxxxxxx0.000002,0.000000,0.000000,0.000213,0.000221
B,ka100_req65,19,xxxxxxxxxxxxxxxx0.000003,0.000000,0.000000,0.000218,0.000256
B,ka100_req66,19,xxxxxxxxxxxxxxxx0.000004,0.000000,0.000000,0.000268,0.000275
B,ka100_req67,19,xxxxxxxxxxxxxxxx0.000003,0.000000,0.000000,0.000254,0.000290
B,ka100_req68,19,xxxxxxxxxxxxxxxx0.000003,0.000000,0.000000,0.000216,0.000274
B,ka100_req69,19,xxxxxxxxxxxxxxxx0.000003,0.000000,0.000000,0.000264,0.000272
B,ka100_req70,19,xxxxxxxxxxxxxxxx0.000005,0.000000,0.000000,0.000255,0.000293
B,ka100_req71,19,xxxxxxxxxxxxxxxx0.000004,0.000000,0.000000,0.000283,0.000290
B,ka100_req72,19,xxxxxxxxxxxxxxxx0.000003,0.000000,0.000000,0.000238,0.000271
B,ka100_req73,19,xxxxxxxxxxxxxxxx0.000003,0.000000,0.000000,0.000236,0.000243
B,ka100_req74,19,xxxxxxxxxxxxxxxx0.000003,0.000000,0.000000,0.000253,0.000261
B,ka100_req75,19,xxxxxxxxxxxxxxxx0.000004,0.000000,0.000000,0.000265,0.000271
B,ka100_req76,19,xxxxxxxxxxxxxxxx0.000004,0.000000,0.000000,0.000254,0.000260
B,ka100_req77,19,xxxxxxxxxxxxxxxx0.000003,0.000000,0.000000,0.000241,0.000247
B,ka100_req78,19,xxxxxxxxxxxxxxxx0.000002,0.000000,0.000000,0.000259,0.000267
B,ka100_req79,19,xxxxxxxxxxxxxxxx0.000003,0.000000,0.000000,0.000216,0.000223
B,ka100_req80,19,xxxxxxxxxxxxxxxx0.000003,0.000000,0.000000,0.000244,0.000281
B,ka100_req81,19,xxxxxxxxxxxxxxxx0.000004,0.000000,0.000000,0.000188,0.000241
B,ka100_req82,19,xxxxxxxxxxxxxxxx0.000003,0.000000,0.000000,0.000262,0.000282
B,ka100_req83,19,xxxxxxxxxxxxxxxx0.000003,0.000000,0.000000,0.000251,0.000257
B,ka100_req84,19,xxxxxxxxxxxxxxxx0.000003,0.000000,0.000000,0.000206,0.000215
B,ka100_req85,19,xxxxxxxxxxxxxxxx0.000003,0.000000,0.000000,0.000206,0.000249
B,ka100_req86,19,xxxxxxxxxxxxxxxx0.000003,0.000000,0.000000,0.000230,0.000235
B,ka100_req87,19,xxxxxxxxxxxxxxxx0.000003,0.000000,0.000000,0.000213,0.000220
B,ka100_req88,19,xxxxxxxxxxxxxxxx0.000003,0.000000,0.000000,0.000244,0.000288
B,ka100_req89,19,xxxxxxxxxxxxxxxx0.000004,0.000000,0.000000,0.000217,0.000222
B,ka100_req90,19,xxxxxxxxxxxxxxxx0.000003,0.000000,0.000000,0.000247,0.000252
B,ka100_req91,19,xxxxxxxxxxxxxxxx0.000004,0.000000,0.000000,0.000249,0.000256
B,ka100_req92,19,xxxxxxxxxxxxxxxx0.000003,0.000000,0.000000,0.000256,0.000263
B,ka100_req93,19,xxxxxxxxxxxxxxxx0.000003,0.000000,0.000000,0.000176,0.000227
B,ka100_req94,19,xxxxxxxxxxxxxxxx0.000003,0.000000,0.000000,0.000217,0.000240
B,ka100_req95,19,xxxxxxxxxxxxxxxx0.000003,0.000000,0.000000,0.000204,0.000211
B,ka100_req96,19,xxxxxxxxxxxxxxxx0.000003,0.000000,0.000000,0.000210,0.000270
B,ka100_req97,19,xxxxxxxxxxxxxxxx0.000003,0.000000,0.000000,0.000228,0.000235
B,ka100_req98,19,xxxxxxxxxxxxxxxx0.000004,0.000000,0.000000,0.000274,0.000282
B,ka100_req99,19,xxxxxxxxxxxxxxxx0.000004,0.000000,0.000000,0.000260,0.000267
B,ka100_req100,19,xxxxxxxxxxxxxxxx0.000003,0.000000,0.000000,0.000270,0.000277
B,ka100_req1,20,0.000008,0.000056,0.013832,0.014649,0.014671
B,ka100_req2,20,xxxxxxxxxxxxxxxx0.000006,0.000000,0.000000,0.000242,0.000253
B,ka100_req3,20,xxxxxxxxxxxxxxxx0.000006,0.000000,0.000000,0.000238,0.000246
B,ka100_req4,20,xxxxxxxxxxxxxxxx0.000005,0.000000,0.000000,0.000322,0.000330
B,ka100_req5,20,xxxxxxxxxxxxxxxx0.000006,0.000000,0.000000,0.000297,0.000306
B,ka100_req6,20,xxxxxxxxxxxxxxxx0.000004,0.000000,0.000000,0.000259,0.000269
B,ka100_req7,20,xxxxxxxxxxxxxxxx0.000004,0.000000,0.000000,0.000254,0.000262
B,ka100_req8,20,xxxxxxxxxxxxxxxx0.000005,0.000000,0.000000,0.000274,0.000302
B,ka100_req9,20,xxxxxxxxxxxxxxxx0.000003,0.000000,0.000000,0.000249,0.000294
B,ka100_req10,20,xxxxxxxxxxxxxxxx0.000003,0.000000,0.000000,0.000255,0.000294
B,ka100_req11,20,xxxxxxxxxxxxxxxx0.000003,0.000000,0.000000,0.000230,0.000269
B,ka100_req12,20,xxxxxxxxxxxxxxxx0.000007,0.000000,0.000000,0.000237,0.000274
B,ka100_req13,20,xxxxxxxxxxxxxxxx0.000004,0.000000,0.000000,0.000282,0.000288
B,ka100_req14,20,xxxxxxxxxxxxxxxx0.000005,0.000000,0.000000,0.000288,0.000330
B,ka100_req15,20,xxxxxxxxxxxxxxxx0.000004,0.000000,0.000000,0.000220,0.000236
B,ka100_req16,20,xxxxxxxxxxxxxxxx0.000003,0.000000,0.000000,0.000265,0.000273
B,ka100_req17,20,xxxxxxxxxxxxxxxx0.000004,0.000000,0.000000,0.000232,0.000273
B,ka100_req18,20,xxxxxxxxxxxxxxxx0.000004,0.000000,0.000000,0.000224,0.000270
B,ka100_req19,20,xxxxxxxxxxxxxxxx0.000004,0.000000,0.000000,0.000234,0.000240
B,ka100_req20,20,xxxxxxxxxxxxxxxx0.000003,0.000000,0.000000,0.000251,0.000259
B,ka100_req21,20,xxxxxxxxxxxxxxxx0.000004,0.000000,0.000000,0.000267,0.000274
B,ka100_req22,20,xxxxxxxxxxxxxxxx0.000018,0.000000,0.000000,0.000240,0.000246
B,ka100_req23,20,xxxxxxxxxxxxxxxx0.000004,0.000000,0.000000,0.000243,0.000248
B,ka100_req24,20,xxxxxxxxxxxxxxxx0.000004,0.000000,0.000000,0.000220,0.000261
B,ka100_req25,20,xxxxxxxxxxxxxxxx0.000003,0.000000,0.000000,0.000299,0.000307
B,ka100_req26,20,xxxxxxxxxxxxxxxx0.000004,0.000000,0.000000,0.000249,0.000277
B,ka100_req27,20,xxxxxxxxxxxxxxxx0.000004,0.000000,0.000000,0.000225,0.000232
B,ka100_req28,20,xxxxxxxxxxxxxxxx0.000004,0.000000,0.000000,0.000237,0.000245
B,ka100_req29,20,xxxxxxxxxxxxxxxx0.000004,0.000000,0.000000,0.000212,0.000238
B,ka100_req30,20,xxxxxxxxxxxxxxxx0.000003,0.000000,0.000000,0.000247,0.000256
B,ka100_req31,20,xxxxxxxxxxxxxxxx0.000004,0.000000,0.000000,0.000261,0.000267
B,ka100_req32,20,xxxxxxxxxxxxxxxx0.000005,0.000000,0.000000,0.000218,0.000258
B,ka100_req33,20,xxxxxxxxxxxxxxxx0.000003,0.000000,0.000000,0.000235,0.000246
B,ka100_req34,20,xxxxxxxxxxxxxxxx0.000004,0.000000,0.000000,0.000227,0.000233
B,ka100_req35,20,xxxxxxxxxxxxxxxx0.000004,0.000000,0.000000,0.000246,0.000252
B,ka100_req36,20,xxxxxxxxxxxxxxxx0.000004,0.000000,0.000000,0.000180,0.000194
B,ka100_req37,20,xxxxxxxxxxxxxxxx0.000004,0.000000,0.000000,0.000229,0.000237
B,ka100_req38,20,xxxxxxxxxxxxxxxx0.000003,0.000000,0.000000,0.000258,0.000300
B,ka100_req39,20,xxxxxxxxxxxxxxxx0.000003,0.000000,0.000000,0.000249,0.000255
B,ka100_req40,20,xxxxxxxxxxxxxxxx0.000003,0.000000,0.000000,0.000192,0.000236
B,ka100_req41,20,xxxxxxxxxxxxxxxx0.000003,0.000000,0.000000,0.000231,0.000238
B,ka100_req42,20,xxxxxxxxxxxxxxxx0.000004,0.000000,0.000000,0.000235,0.000263
B,ka100_req43,20,xxxxxxxxxxxxxxxx0.000003,0.000000,0.000000,0.000239,0.000245
B,ka100_req44,20,xxxxxxxxxxxxxxxx0.000003,0.000000,0.000000,0.000248,0.000264
B,ka100_req45,20,xxxxxxxxxxxxxxxx0.000004,0.000000,0.000000,0.000301,0.000308
B,ka100_req46,20,xxxxxxxxxxxxxxxx0.000004,0.000000,0.000000,0.000252,0.000260
B,ka100_req47,20,xxxxxxxxxxxxxxxx0.000003,0.000000,0.000000,0.000231,0.000252
B,ka100_req48,20,xxxxxxxxxxxxxxxx0.000005,0.000000,0.000000,0.000228,0.000238
B,ka100_req49,20,xxxxxxxxxxxxxxxx0.000004,0.000000,0.000000,0.000265,0.000270
B,ka100_req50,20,xxxxxxxxxxxxxxxx0.000003,0.000000,0.000000,0.000269,0.000308
B,ka100_req51,20,xxxxxxxxxxxxxxxx0.000003,0.000000,0.000000,0.000259,0.000266
B,ka100_req52,20,xxxxxxxxxxxxxxxx0.000003,0.000000,0.000000,0.000227,0.000270
B,ka100_req53,20,xxxxxxxxxxxxxxxx0.000004,0.000000,0.000000,0.000235,0.000241
B,ka100_req54,20,xxxxxxxxxxxxxxxx0.000003,0.000000,0.000000,0.000211,0.000253
B,ka100_req55,20,xxxxxxxxxxxxxxxx0.000004,0.000000,0.000000,0.000227,0.000270
B,ka100_req56,20,xxxxxxxxxxxxxxxx0.000004,0.000000,0.000000,0.000270,0.000277
B,ka100_req57,20,xxxxxxxxxxxxxxxx0.000003,0.000000,0.000000,0.000269,0.000277
B,ka100_req58,20,xxxxxxxxxxxxxxxx0.000003,0.000000,0.000000,0.000266,0.000279
B,ka100_req59,20,xxxxxxxxxxxxxxxx0.000003,0.000000,0.000000,0.000239,0.000325
B,ka100_req60,20,xxxxxxxxxxxxxxxx0.000003,0.000000,0.000000,0.000263,0.000269
B,ka100_req61,20,xxxxxxxxxxxxxxxx0.000002,0.000000,0.000000,0.000258,0.000264
B,ka100_req62,20,xxxxxxxxxxxxxxxx0.000002,0.000000,0.000000,0.000206,0.000215
B,ka100_req63,20,xxxxxxxxxxxxxxxx0.000003,0.000000,0.000000,0.000277,0.000284
B,ka100_req64,20,xxxxxxxxxxxxxxxx0.000004,0.000000,0.000000,0.000267,0.000312
B,ka100_req65,20,xxxxxxxxxxxxxxxx0.000003,0.000000,0.000000,0.000275,0.000282
B,ka100_req66,20,xxxxxxxxxxxxxxxx0.000003,0.000000,0.000000,0.000234,0.000288
B,ka100_req67,20,xxxxxxxxxxxxxxxx0.000003,0.000000,0.000000,0.000260,0.000303
B,ka100_req68,20,xxxxxxxxxxxxxxxx0.000003,0.000000,0.000000,0.000239,0.000282
B,ka100_req69,20,xxxxxxxxxxxxxxxx0.000004,0.000000,0.000000,0.000248,0.000253
B,ka100_req70,20,xxxxxxxxxxxxxxxx0.000003,0.000000,0.000000,0.000233,0.000273
B,ka100_req71,20,xxxxxxxxxxxxxxxx0.000004,0.000000,0.000000,0.000316,0.000322
B,ka100_req72,20,xxxxxxxxxxxxxxxx0.000003,0.000000,0.000000,0.000223,0.000229
B,ka100_req73,20,xxxxxxxxxxxxxxxx0.000003,0.000000,0.000000,0.000221,0.000264
B,ka100_req74,20,xxxxxxxxxxxxxxxx0.000003,0.000000,0.000000,0.000209,0.000250
B,ka100_req75,20,xxxxxxxxxxxxxxxx0.000004,0.000000,0.000000,0.000248,0.000290
B,ka100_req76,20,xxxxxxxxxxxxxxxx0.000004,0.000000,0.000000,0.000240,0.000254
B,ka100_req77,20,xxxxxxxxxxxxxxxx0.000003,0.000000,0.000000,0.000211,0.000218
B,ka100_req78,20,xxxxxxxxxxxxxxxx0.000004,0.000000,0.000000,0.000277,0.000334
B,ka100_req79,20,xxxxxxxxxxxxxxxx0.000003,0.000000,0.000000,0.000254,0.000261
B,ka100_req80,20,xxxxxxxxxxxxxxxx0.000004,0.000000,0.000000,0.000206,0.000213
B,ka100_req81,20,xxxxxxxxxxxxxxxx0.000003,0.000000,0.000000,0.000225,0.000268
B,ka100_req82,20,xxxxxxxxxxxxxxxx0.000003,0.000000,0.000000,0.000225,0.000231
B,ka100_req83,20,xxxxxxxxxxxxxxxx0.000003,0.000000,0.000000,0.000215,0.000221
B,ka100_req84,20,xxxxxxxxxxxxxxxx0.000003,0.000000,0.000000,0.000247,0.000286
B,ka100_req85,20,xxxxxxxxxxxxxxxx0.000004,0.000000,0.000000,0.000234,0.000264
B,ka100_req86,20,xxxxxxxxxxxxxxxx0.000003,0.000000,0.000000,0.000262,0.000269
B,ka100_req87,20,xxxxxxxxxxxxxxxx0.000003,0.000000,0.000000,0.000253,0.000261
B,ka100_req88,20,xxxxxxxxxxxxxxxx0.000003,0.000000,0.000000,0.000235,0.000275
B,ka100_req89,20,xxxxxxxxxxxxxxxx0.000003,0.000000,0.000000,0.000232,0.000240
B,ka100_req90,20,xxxxxxxxxxxxxxxx0.000004,0.000000,0.000000,0.000226,0.000231
B,ka100_req91,20,xxxxxxxxxxxxxxxx0.000003,0.000000,0.000000,0.000220,0.000227
B,ka100_req92,20,xxxxxxxxxxxxxxxx0.000003,0.000000,0.000000,0.000188,0.000233
B,ka100_req93,20,xxxxxxxxxxxxxxxx0.000003,0.000000,0.000000,0.000235,0.000261
B,ka100_req94,20,xxxxxxxxxxxxxxxx0.000004,0.000000,0.000000,0.000241,0.000246
B,ka100_req95,20,xxxxxxxxxxxxxxxx0.000003,0.000000,0.000000,0.000252,0.000264
B,ka100_req96,20,xxxxxxxxxxxxxxxx0.000003,0.000000,0.000000,0.000256,0.000271
B,ka100_req97,20,xxxxxxxxxxxxxxxx0.000002,0.000000,0.000000,0.000244,0.000251
B,ka100_req98,20,xxxxxxxxxxxxxxxx0.000003,0.000000,0.000000,0.000229,0.000243
B,ka100_req99,20,xxxxxxxxxxxxxxxx0.000004,0.000000,0.000000,0.000216,0.000221
B,ka100_req100,20,xxxxxxxxxxxxxxxx0.000003,0.000000,0.000000,0.000234,0.000240
B,ka100_req1,21,0.000007,0.000043,0.013583,0.014330,0.014350
B,ka100_req2,21,xxxxxxxxxxxxxxxx0.000006,0.000000,0.000000,0.000234,0.000243
B,ka100_req3,21,xxxxxxxxxxxxxxxx0.000005,0.000000,0.000000,0.000257,0.000264
B,ka100_req4,21,xxxxxxxxxxxxxxxx0.000003,0.000000,0.000000,0.000269,0.000275
B,ka100_req5,21,xxxxxxxxxxxxxxxx0.000003,0.000000,0.000000,0.000254,0.000264
B,ka100_req6,21,xxxxxxxxxxxxxxxx0.000008,0.000000,0.000000,0.000263,0.000269
B,ka100_req7,21,xxxxxxxxxxxxxxxx0.000004,0.000000,0.000000,0.000269,0.000277
B,ka100_req8,21,xxxxxxxxxxxxxxxx0.000004,0.000000,0.000000,0.000271,0.000278
B,ka100_req9,21,xxxxxxxxxxxxxxxx0.000003,0.000000,0.000000,0.000303,0.000312
B,ka100_req10,21,xxxxxxxxxxxxxxxx0.000003,0.000000,0.000000,0.000275,0.000283
B,ka100_req11,21,xxxxxxxxxxxxxxxx0.000004,0.000000,0.000000,0.000289,0.000296
B,ka100_req12,21,xxxxxxxxxxxxxxxx0.000004,0.000000,0.000000,0.000209,0.000277
B,ka100_req13,21,xxxxxxxxxxxxxxxx0.000004,0.000000,0.000000,0.000240,0.000249
B,ka100_req14,21,xxxxxxxxxxxxxxxx0.000007,0.000000,0.000000,0.000261,0.000318
B,ka100_req15,21,xxxxxxxxxxxxxxxx0.000003,0.000000,0.000000,0.000256,0.000265
B,ka100_req16,21,xxxxxxxxxxxxxxxx0.000005,0.000000,0.000000,0.000272,0.000281
B,ka100_req17,21,xxxxxxxxxxxxxxxx0.000003,0.000000,0.000000,0.000277,0.000284
B,ka100_req18,21,xxxxxxxxxxxxxxxx0.000004,0.000000,0.000000,0.000243,0.000317
B,ka100_req19,21,xxxxxxxxxxxxxxxx0.000003,0.000000,0.000000,0.000203,0.000273
B,ka100_req20,21,xxxxxxxxxxxxxxxx0.000003,0.000000,0.000000,0.000277,0.000284
B,ka100_req21,21,xxxxxxxxxxxxxxxx0.000004,0.000000,0.000000,0.000259,0.000264
B,ka100_req22,21,xxxxxxxxxxxxxxxx0.000003,0.000000,0.000000,0.000223,0.000230
B,ka100_req23,21,xxxxxxxxxxxxxxxx0.000004,0.000000,0.000000,0.000273,0.000279
B,ka100_req24,21,xxxxxxxxxxxxxxxx0.000006,0.000000,0.000000,0.000237,0.000243
B,ka100_req25,21,xxxxxxxxxxxxxxxx0.000004,0.000000,0.000000,0.000240,0.000280
B,ka100_req26,21,xxxxxxxxxxxxxxxx0.000004,0.000000,0.000000,0.000263,0.000307
B,ka100_req27,21,xxxxxxxxxxxxxxxx0.000003,0.000000,0.000000,0.000227,0.000233
B,ka100_req28,21,xxxxxxxxxxxxxxxx0.000003,0.000000,0.000000,0.000206,0.000244
B,ka100_req29,21,xxxxxxxxxxxxxxxx0.000004,0.000000,0.000000,0.000234,0.000287
B,ka100_req30,21,xxxxxxxxxxxxxxxx0.000003,0.000000,0.000000,0.000223,0.000265
B,ka100_req31,21,xxxxxxxxxxxxxxxx0.000003,0.000000,0.000000,0.000212,0.000255
B,ka100_req32,21,xxxxxxxxxxxxxxxx0.000004,0.000000,0.000000,0.000291,0.000335
B,ka100_req33,21,xxxxxxxxxxxxxxxx0.000003,0.000000,0.000000,0.000254,0.000260
B,ka100_req34,21,xxxxxxxxxxxxxxxx0.000004,0.000000,0.000000,0.000248,0.000254
B,ka100_req35,21,xxxxxxxxxxxxxxxx0.000004,0.000000,0.000000,0.000267,0.000276
B,ka100_req36,21,xxxxxxxxxxxxxxxx0.000003,0.000000,0.000000,0.000256,0.000262
B,ka100_req37,21,xxxxxxxxxxxxxxxx0.000003,0.000000,0.000000,0.000260,0.000267
B,ka100_req38,21,xxxxxxxxxxxxxxxx0.000004,0.000000,0.000000,0.000271,0.000328
B,ka100_req39,21,xxxxxxxxxxxxxxxx0.000003,0.000000,0.000000,0.000260,0.000267
B,ka100_req40,21,xxxxxxxxxxxxxxxx0.000003,0.000000,0.000000,0.000281,0.000289
B,ka100_req41,21,xxxxxxxxxxxxxxxx0.000002,0.000000,0.000000,0.000277,0.000285
B,ka100_req42,21,xxxxxxxxxxxxxxxx0.000004,0.000000,0.000000,0.000185,0.000270
B,ka100_req43,21,xxxxxxxxxxxxxxxx0.000004,0.000000,0.000000,0.000208,0.000256
B,ka100_req44,21,xxxxxxxxxxxxxxxx0.000004,0.000000,0.000000,0.000206,0.000252
B,ka100_req45,21,xxxxxxxxxxxxxxxx0.000003,0.000000,0.000000,0.000252,0.000308
B,ka100_req46,21,xxxxxxxxxxxxxxxx0.000003,0.000000,0.000000,0.000249,0.000295
B,ka100_req47,21,xxxxxxxxxxxxxxxx0.000003,0.000000,0.000000,0.000245,0.000253
B,ka100_req48,21,xxxxxxxxxxxxxxxx0.000003,0.000000,0.000000,0.000200,0.000240
B,ka100_req49,21,xxxxxxxxxxxxxxxx0.000003,0.000000,0.000000,0.000256,0.000296
B,ka100_req50,21,xxxxxxxxxxxxxxxx0.000003,0.000000,0.000000,0.000204,0.000215
B,ka100_req51,21,xxxxxxxxxxxxxxxx0.000004,0.000000,0.000000,0.000241,0.000284
B,ka100_req52,21,xxxxxxxxxxxxxxxx0.000003,0.000000,0.000000,0.000244,0.000282
B,ka100_req53,21,xxxxxxxxxxxxxxxx0.000004,0.000000,0.000000,0.000242,0.000248
B,ka100_req54,21,xxxxxxxxxxxxxxxx0.000003,0.000000,0.000000,0.000222,0.000261
B,ka100_req55,21,xxxxxxxxxxxxxxxx0.000004,0.000000,0.000000,0.000249,0.000256
B,ka100_req56,21,xxxxxxxxxxxxxxxx0.000004,0.000000,0.000000,0.000210,0.000216
B,ka100_req57,21,xxxxxxxxxxxxxxxx0.000003,0.000000,0.000000,0.000188,0.000193
B,ka100_req58,21,xxxxxxxxxxxxxxxx0.000003,0.000000,0.000000,0.000201,0.000206
B,ka100_req59,21,xxxxxxxxxxxxxxxx0.000004,0.000000,0.000000,0.000269,0.000276
B,ka100_req60,21,xxxxxxxxxxxxxxxx0.000003,0.000000,0.000000,0.000230,0.000236
B,ka100_req61,21,xxxxxxxxxxxxxxxx0.000003,0.000000,0.000000,0.000225,0.000230
B,ka100_req62,21,xxxxxxxxxxxxxxxx0.000004,0.000000,0.000000,0.000191,0.000231
B,ka100_req63,21,xxxxxxxxxxxxxxxx0.000003,0.000000,0.000000,0.000245,0.000251
B,ka100_req64,21,xxxxxxxxxxxxxxxx0.000004,0.000000,0.000000,0.000252,0.000258
B,ka100_req65,21,xxxxxxxxxxxxxxxx0.000003,0.000000,0.000000,0.000262,0.000306
B,ka100_req66,21,xxxxxxxxxxxxxxxx0.000003,0.000000,0.000000,0.000222,0.000229
B,ka100_req67,21,xxxxxxxxxxxxxxxx0.000003,0.000000,0.000000,0.000228,0.000235
B,ka100_req68,21,xxxxxxxxxxxxxxxx0.000004,0.000000,0.000000,0.000234,0.000241
B,ka100_req69,21,xxxxxxxxxxxxxxxx0.000005,0.000000,0.000000,0.000231,0.000279
B,ka100_req70,21,xxxxxxxxxxxxxxxx0.000003,0.000000,0.000000,0.000268,0.000275
B,ka100_req71,21,xxxxxxxxxxxxxxxx0.000003,0.000000,0.000000,0.000244,0.000315
B,ka100_req72,21,xxxxxxxxxxxxxxxx0.000003,0.000000,0.000000,0.000213,0.000221
B,ka100_req73,21,xxxxxxxxxxxxxxxx0.000003,0.000000,0.000000,0.000213,0.000241
B,ka100_req74,21,xxxxxxxxxxxxxxxx0.000003,0.000000,0.000000,0.000195,0.000249
B,ka100_req75,21,xxxxxxxxxxxxxxxx0.000005,0.000000,0.000000,0.000218,0.000231
B,ka100_req76,21,xxxxxxxxxxxxxxxx0.000002,0.000000,0.000000,0.000212,0.000220
B,ka100_req77,21,xxxxxxxxxxxxxxxx0.000004,0.000000,0.000000,0.000276,0.000315
B,ka100_req78,21,xxxxxxxxxxxxxxxx0.000003,0.000000,0.000000,0.000227,0.000233
B,ka100_req79,21,xxxxxxxxxxxxxxxx0.000003,0.000000,0.000000,0.000251,0.000295
B,ka100_req80,21,xxxxxxxxxxxxxxxx0.000003,0.000000,0.000000,0.000236,0.000241
B,ka100_req81,21,xxxxxxxxxxxxxxxx0.000004,0.000000,0.000000,0.000226,0.000267
B,ka100_req82,21,xxxxxxxxxxxxxxxx0.000003,0.000000,0.000000,0.000246,0.000290
B,ka100_req83,21,xxxxxxxxxxxxxxxx0.000003,0.000000,0.000000,0.000230,0.000238
B,ka100_req84,21,xxxxxxxxxxxxxxxx0.000003,0.000000,0.000000,0.000245,0.000250
B,ka100_req85,21,xxxxxxxxxxxxxxxx0.000003,0.000000,0.000000,0.000226,0.000278
B,ka100_req86,21,xxxxxxxxxxxxxxxx0.000004,0.000000,0.000000,0.000245,0.000253
B,ka100_req87,21,xxxxxxxxxxxxxxxx0.000003,0.000000,0.000000,0.000239,0.000276
B,ka100_req88,21,xxxxxxxxxxxxxxxx0.000003,0.000000,0.000000,0.000229,0.000279
B,ka100_req89,21,xxxxxxxxxxxxxxxx0.000004,0.000000,0.000000,0.000253,0.000294
B,ka100_req90,21,xxxxxxxxxxxxxxxx0.000004,0.000000,0.000000,0.000210,0.000236
B,ka100_req91,21,xxxxxxxxxxxxxxxx0.000003,0.000000,0.000000,0.000227,0.000268
B,ka100_req92,21,xxxxxxxxxxxxxxxx0.000003,0.000000,0.000000,0.000217,0.000230
B,ka100_req93,21,xxxxxxxxxxxxxxxx0.000003,0.000000,0.000000,0.000262,0.000301
B,ka100_req94,21,xxxxxxxxxxxxxxxx0.000002,0.000000,0.000000,0.000245,0.000260
B,ka100_req95,21,xxxxxxxxxxxxxxxx0.000003,0.000000,0.000000,0.000246,0.000291
B,ka100_req96,21,xxxxxxxxxxxxxxxx0.000004,0.000000,0.000000,0.000225,0.000270
B,ka100_req97,21,xxxxxxxxxxxxxxxx0.000004,0.000000,0.000000,0.000245,0.000283
B,ka100_req98,21,xxxxxxxxxxxxxxxx0.000004,0.000000,0.000000,0.000232,0.000271
B,ka100_req99,21,xxxxxxxxxxxxxxxx0.000003,0.000000,0.000000,0.000193,0.000249
B,ka100_req100,21,xxxxxxxxxxxxxxxx0.000004,0.000000,0.000000,0.000235,0.000268
B,ka100_req1,22,0.000007,0.000042,0.013796,0.014623,0.014644
B,ka100_req2,22,xxxxxxxxxxxxxxxx0.000006,0.000000,0.000000,0.000241,0.000251
B,ka100_req3,22,xxxxxxxxxxxxxxxx0.000006,0.000000,0.000000,0.000233,0.000240
B,ka100_req4,22,xxxxxxxxxxxxxxxx0.000004,0.000000,0.000000,0.000312,0.000321
B,ka100_req5,22,xxxxxxxxxxxxxxxx0.000005,0.000000,0.000000,0.000257,0.000266
B,ka100_req6,22,xxxxxxxxxxxxxxxx0.000005,0.000000,0.000000,0.000269,0.000276
B,ka100_req7,22,xxxxxxxxxxxxxxxx0.000004,0.000000,0.000000,0.000277,0.000286
B,ka100_req8,22,xxxxxxxxxxxxxxxx0.000005,0.000000,0.000000,0.000289,0.000297
B,ka100_req9,22,xxxxxxxxxxxxxxxx0.000003,0.000000,0.000000,0.000250,0.000292
B,ka100_req10,22,xxxxxxxxxxxxxxxx0.000005,0.000000,0.000000,0.000240,0.000278
B,ka100_req11,22,xxxxxxxxxxxxxxxx0.000003,0.000000,0.000000,0.000216,0.000274
B,ka100_req12,22,xxxxxxxxxxxxxxxx0.000004,0.000000,0.000000,0.000278,0.000286
B,ka100_req13,22,xxxxxxxxxxxxxxxx0.000003,0.000000,0.000000,0.000278,0.000285
B,ka100_req14,22,xxxxxxxxxxxxxxxx0.000003,0.000000,0.000000,0.000282,0.000326
B,ka100_req15,22,xxxxxxxxxxxxxxxx0.000003,0.000000,0.000000,0.000257,0.000266
B,ka100_req16,22,xxxxxxxxxxxxxxxx0.000004,0.000000,0.000000,0.000224,0.000230
B,ka100_req17,22,xxxxxxxxxxxxxxxx0.000003,0.000000,0.000000,0.000230,0.000269
B,ka100_req18,22,xxxxxxxxxxxxxxxx0.000003,0.000000,0.000000,0.000250,0.000258
B,ka100_req19,22,xxxxxxxxxxxxxxxx0.000003,0.000000,0.000000,0.000314,0.000322
B,ka100_req20,22,xxxxxxxxxxxxxxxx0.000004,0.000000,0.000000,0.000291,0.000299
B,ka100_req21,22,xxxxxxxxxxxxxxxx0.000004,0.000000,0.000000,0.000265,0.000271
B,ka100_req22,22,xxxxxxxxxxxxxxxx0.000004,0.000000,0.000000,0.000221,0.000248
B,ka100_req23,22,xxxxxxxxxxxxxxxx0.000003,0.000000,0.000000,0.000238,0.000286
B,ka100_req24,22,xxxxxxxxxxxxxxxx0.000003,0.000000,0.000000,0.000231,0.000275
B,ka100_req25,22,xxxxxxxxxxxxxxxx0.000004,0.000000,0.000000,0.000201,0.000250
B,ka100_req26,22,xxxxxxxxxxxxxxxx0.000003,0.000000,0.000000,0.000232,0.000239
B,ka100_req27,22,xxxxxxxxxxxxxxxx0.000003,0.000000,0.000000,0.000204,0.000209
B,ka100_req28,22,xxxxxxxxxxxxxxxx0.000003,0.000000,0.000000,0.000256,0.000262
B,ka100_req29,22,xxxxxxxxxxxxxxxx0.000003,0.000000,0.000000,0.000254,0.000262
B,ka100_req30,22,xxxxxxxxxxxxxxxx0.000003,0.000000,0.000000,0.000206,0.000212
B,ka100_req31,22,xxxxxxxxxxxxxxxx0.000003,0.000000,0.000000,0.000247,0.000252
B,ka100_req32,22,xxxxxxxxxxxxxxxx0.000003,0.000000,0.000000,0.000276,0.000282
B,ka100_req33,22,xxxxxxxxxxxxxxxx0.000003,0.000000,0.000000,0.000244,0.000285
B,ka100_req34,22,xxxxxxxxxxxxxxxx0.000004,0.000000,0.000000,0.000270,0.000275
B,ka100_req35,22,xxxxxxxxxxxxxxxx0.000003,0.000000,0.000000,0.000230,0.000236
B,ka100_req36,22,xxxxxxxxxxxxxxxx0.000003,0.000000,0.000000,0.000215,0.000239
B,ka100_req37,22,xxxxxxxxxxxxxxxx0.000003,0.000000,0.000000,0.000207,0.000266
B,ka100_req38,22,xxxxxxxxxxxxxxxx0.000003,0.000000,0.000000,0.000256,0.000302
B,ka100_req39,22,xxxxxxxxxxxxxxxx0.000003,0.000000,0.000000,0.000225,0.000230
B,ka100_req40,22,xxxxxxxxxxxxxxxx0.000003,0.000000,0.000000,0.000221,0.000226
B,ka100_req41,22,xxxxxxxxxxxxxxxx0.000004,0.000000,0.000000,0.000258,0.000264
B,ka100_req42,22,xxxxxxxxxxxxxxxx0.000004,0.000000,0.000000,0.000225,0.000262
B,ka100_req43,22,xxxxxxxxxxxxxxxx0.000004,0.000000,0.000000,0.000264,0.000271
B,ka100_req44,22,xxxxxxxxxxxxxxxx0.000003,0.000000,0.000000,0.000271,0.000283
B,ka100_req45,22,xxxxxxxxxxxxxxxx0.000003,0.000000,0.000000,0.000319,0.000325
B,ka100_req46,22,xxxxxxxxxxxxxxxx0.000003,0.000000,0.000000,0.000252,0.000300
B,ka100_req47,22,xxxxxxxxxxxxxxxx0.000004,0.000000,0.000000,0.000288,0.000330
B,ka100_req48,22,xxxxxxxxxxxxxxxx0.000003,0.000000,0.000000,0.000240,0.000248
B,ka100_req49,22,xxxxxxxxxxxxxxxx0.000004,0.000000,0.000000,0.000220,0.000226
B,ka100_req50,22,xxxxxxxxxxxxxxxx0.000004,0.000000,0.000000,0.000247,0.000253
B,ka100_req51,22,xxxxxxxxxxxxxxxx0.000004,0.000000,0.000000,0.000253,0.000258
B,ka100_req52,22,xxxxxxxxxxxxxxxx0.000004,0.000000,0.000000,0.000188,0.000250
B,ka100_req53,22,xxxxxxxxxxxxxxxx0.000004,0.000000,0.000000,0.000212,0.000254
B,ka100_req54,22,xxxxxxxxxxxxxxxx0.000003,0.000000,0.000000,0.000222,0.000261
B,ka100_req55,22,xxxxxxxxxxxxxxxx0.000004,0.000000,0.000000,0.000263,0.000270
B,ka100_req56,22,xxxxxxxxxxxxxxxx0.000003,0.000000,0.000000,0.000230,0.000246
B,ka100_req57,22,xxxxxxxxxxxxxxxx0.000003,0.000000,0.000000,0.000247,0.000277
B,ka100_req58,22,xxxxxxxxxxxxxxxx0.000004,0.000000,0.000000,0.000236,0.000245
B,ka100_req59,22,xxxxxxxxxxxxxxxx0.000004,0.000000,0.000000,0.000268,0.000274
B,ka100_req60,22,xxxxxxxxxxxxxxxx0.000002,0.000000,0.000000,0.000182,0.000189
B,ka100_req61,22,xxxxxxxxxxxxxxxx0.000003,0.000000,0.000000,0.000225,0.000232
B,ka100_req62,22,xxxxxxxxxxxxxxxx0.000003,0.000000,0.000000,0.000212,0.000229
B,ka100_req63,22,xxxxxxxxxxxxxxxx0.000004,0.000000,0.000000,0.000192,0.000250
B,ka100_req64,22,xxxxxxxxxxxxxxxx0.000004,0.000000,0.000000,0.000233,0.000261
B,ka100_req65,22,xxxxxxxxxxxxxxxx0.000004,0.000000,0.000000,0.000207,0.000230
B,ka100_req66,22,xxxxxxxxxxxxxxxx0.000003,0.000000,0.000000,0.000194,0.000230
B,ka100_req67,22,xxxxxxxxxxxxxxxx0.000004,0.000000,0.000000,0.000260,0.000266
B,ka100_req68,22,xxxxxxxxxxxxxxxx0.000004,0.000000,0.000000,0.000221,0.000267
B,ka100_req69,22,xxxxxxxxxxxxxxxx0.000003,0.000000,0.000000,0.000253,0.000259
B,ka100_req70,22,xxxxxxxxxxxxxxxx0.000003,0.000000,0.000000,0.000202,0.000289
B,ka100_req71,22,xxxxxxxxxxxxxxxx0.000003,0.000000,0.000000,0.000210,0.000247
B,ka100_req72,22,xxxxxxxxxxxxxxxx0.000003,0.000000,0.000000,0.000264,0.000294
B,ka100_req73,22,xxxxxxxxxxxxxxxx0.000003,0.000000,0.000000,0.000250,0.000257
B,ka100_req74,22,xxxxxxxxxxxxxxxx0.000003,0.000000,0.000000,0.000201,0.000265
B,ka100_req75,22,xxxxxxxxxxxxxxxx0.000003,0.000000,0.000000,0.000197,0.000272
B,ka100_req76,22,xxxxxxxxxxxxxxxx0.000003,0.000000,0.000000,0.000226,0.000232
B,ka100_req77,22,xxxxxxxxxxxxxxxx0.000003,0.000000,0.000000,0.000207,0.000266
B,ka100_req78,22,xxxxxxxxxxxxxxxx0.000003,0.000000,0.000000,0.000271,0.000278
B,ka100_req79,22,xxxxxxxxxxxxxxxx0.000003,0.000000,0.000000,0.000259,0.000265
B,ka100_req80,22,xxxxxxxxxxxxxxxx0.000004,0.000000,0.000000,0.000205,0.000211
B,ka100_req81,22,xxxxxxxxxxxxxxxx0.000004,0.000000,0.000000,0.000272,0.000280
B,ka100_req82,22,xxxxxxxxxxxxxxxx0.000004,0.000000,0.000000,0.000232,0.000238
B,ka100_req83,22,xxxxxxxxxxxxxxxx0.000004,0.000000,0.000000,0.000217,0.000222
B,ka100_req84,22,xxxxxxxxxxxxxxxx0.000003,0.000000,0.000000,0.000275,0.000282
B,ka100_req85,22,xxxxxxxxxxxxxxxx0.000003,0.000000,0.000000,0.000229,0.000258
B,ka100_req86,22,xxxxxxxxxxxxxxxx0.000003,0.000000,0.000000,0.000270,0.000277
B,ka100_req87,22,xxxxxxxxxxxxxxxx0.000003,0.000000,0.000000,0.000238,0.000245
B,ka100_req88,22,xxxxxxxxxxxxxxxx0.000002,0.000000,0.000000,0.000226,0.000273
B,ka100_req89,22,xxxxxxxxxxxxxxxx0.000004,0.000000,0.000000,0.000200,0.000214
B,ka100_req90,22,xxxxxxxxxxxxxxxx0.000003,0.000000,0.000000,0.000219,0.000261
B,ka100_req91,22,xxxxxxxxxxxxxxxx0.000004,0.000000,0.000000,0.000235,0.000241
B,ka100_req92,22,xxxxxxxxxxxxxxxx0.000004,0.000000,0.000000,0.000252,0.000257
B,ka100_req93,22,xxxxxxxxxxxxxxxx0.000002,0.000000,0.000000,0.000240,0.000247
B,ka100_req94,22,xxxxxxxxxxxxxxxx0.000003,0.000000,0.000000,0.000204,0.000211
B,ka100_req95,22,xxxxxxxxxxxxxxxx0.000002,0.000000,0.000000,0.000229,0.000235
B,ka100_req96,22,xxxxxxxxxxxxxxxx0.000003,0.000000,0.000000,0.000229,0.000261
B,ka100_req97,22,xxxxxxxxxxxxxxxx0.000004,0.000000,0.000000,0.000229,0.000283
B,ka100_req98,22,xxxxxxxxxxxxxxxx0.000002,0.000000,0.000000,0.000227,0.000266
B,ka100_req99,22,xxxxxxxxxxxxxxxx0.000003,0.000000,0.000000,0.000171,0.000187
B,ka100_req100,22,xxxxxxxxxxxxxxxx0.000002,0.000000,0.000000,0.000284,0.000293
B,ka100_req1,23,0.000007,0.000044,0.014028,0.014835,0.014858
B,ka100_req2,23,xxxxxxxxxxxxxxxx0.000007,0.000000,0.000000,0.000244,0.000256
B,ka100_req3,23,xxxxxxxxxxxxxxxx0.000006,0.000000,0.000000,0.000232,0.000240
B,ka100_req4,23,xxxxxxxxxxxxxxxx0.000006,0.000000,0.000000,0.000334,0.000343
B,ka100_req5,23,xxxxxxxxxxxxxxxx0.000006,0.000000,0.000000,0.000264,0.000271
B,ka100_req6,23,xxxxxxxxxxxxxxxx0.000004,0.000000,0.000000,0.000253,0.000261
B,ka100_req7,23,xxxxxxxxxxxxxxxx0.000004,0.000000,0.000000,0.000251,0.000300
B,ka100_req8,23,xxxxxxxxxxxxxxxx0.000004,0.000000,0.000000,0.000231,0.000249
B,ka100_req9,23,xxxxxxxxxxxxxxxx0.000008,0.000000,0.000000,0.000263,0.000271
B,ka100_req10,23,xxxxxxxxxxxxxxxx0.000005,0.000000,0.000000,0.000243,0.000285
B,ka100_req11,23,xxxxxxxxxxxxxxxx0.000003,0.000000,0.000000,0.000259,0.000301
B,ka100_req12,23,xxxxxxxxxxxxxxxx0.000005,0.000000,0.000000,0.000229,0.000236
B,ka100_req13,23,xxxxxxxxxxxxxxxx0.000004,0.000000,0.000000,0.000232,0.000239
B,ka100_req14,23,xxxxxxxxxxxxxxxx0.000004,0.000000,0.000000,0.000242,0.000249
B,ka100_req15,23,xxxxxxxxxxxxxxxx0.000004,0.000000,0.000000,0.000268,0.000276
B,ka100_req16,23,xxxxxxxxxxxxxxxx0.000004,0.000000,0.000000,0.000227,0.000272
B,ka100_req17,23,xxxxxxxxxxxxxxxx0.000005,0.000000,0.000000,0.000196,0.000207
B,ka100_req18,23,xxxxxxxxxxxxxxxx0.000003,0.000000,0.000000,0.000386,0.000394
B,ka100_req19,23,xxxxxxxxxxxxxxxx0.000003,0.000000,0.000000,0.000259,0.000267
B,ka100_req20,23,xxxxxxxxxxxxxxxx0.000003,0.000000,0.000000,0.000249,0.000256
B,ka100_req21,23,xxxxxxxxxxxxxxxx0.000003,0.000000,0.000000,0.000229,0.000235
B,ka100_req22,23,xxxxxxxxxxxxxxxx0.000003,0.000000,0.000000,0.000226,0.000257
B,ka100_req23,23,xxxxxxxxxxxxxxxx0.000003,0.000000,0.000000,0.000238,0.000245
B,ka100_req24,23,xxxxxxxxxxxxxxxx0.000004,0.000000,0.000000,0.000238,0.000245
B,ka100_req25,23,xxxxxxxxxxxxxxxx0.000003,0.000000,0.000000,0.000253,0.000260
B,ka100_req26,23,xxxxxxxxxxxxxxxx0.000003,0.000000,0.000000,0.000267,0.000276
B,ka100_req27,23,xxxxxxxxxxxxxxxx0.000004,0.000000,0.000000,0.000224,0.000259
B,ka100_req28,23,xxxxxxxxxxxxxxxx0.000004,0.000000,0.000000,0.000256,0.000284
B,ka100_req29,23,xxxxxxxxxxxxxxxx0.000004,0.000000,0.000000,0.000251,0.000305
B,ka100_req30,23,xxxxxxxxxxxxxxxx0.000003,0.000000,0.000000,0.000221,0.000264
B,ka100_req31,23,xxxxxxxxxxxxxxxx0.000003,0.000000,0.000000,0.000286,0.000303
B,ka100_req32,23,xxxxxxxxxxxxxxxx0.000004,0.000000,0.000000,0.000272,0.000279
B,ka100_req33,23,xxxxxxxxxxxxxxxx0.000004,0.000000,0.000000,0.000246,0.000254
B,ka100_req34,23,xxxxxxxxxxxxxxxx0.000003,0.000000,0.000000,0.000201,0.000206
B,ka100_req35,23,xxxxxxxxxxxxxxxx0.000002,0.000000,0.000000,0.000221,0.000228
B,ka100_req36,23,xxxxxxxxxxxxxxxx0.000003,0.000000,0.000000,0.000236,0.000244
B,ka100_req37,23,xxxxxxxxxxxxxxxx0.000003,0.000000,0.000000,0.000240,0.000282
B,ka100_req38,23,xxxxxxxxxxxxxxxx0.000004,0.000000,0.000000,0.000208,0.000238
B,ka100_req39,23,xxxxxxxxxxxxxxxx0.000003,0.000000,0.000000,0.000261,0.000267
B,ka100_req40,23,xxxxxxxxxxxxxxxx0.000003,0.000000,0.000000,0.000234,0.000264
B,ka100_req41,23,xxxxxxxxxxxxxxxx0.000004,0.000000,0.000000,0.000245,0.000252
B,ka100_req42,23,xxxxxxxxxxxxxxxx0.000003,0.000000,0.000000,0.000299,0.000306
B,ka100_req43,23,xxxxxxxxxxxxxxxx0.000005,0.000000,0.000000,0.000183,0.000195
B,ka100_req44,23,xxxxxxxxxxxxxxxx0.000004,0.000000,0.000000,0.000240,0.000247
B,ka100_req45,23,xxxxxxxxxxxxxxxx0.000004,0.000000,0.000000,0.000220,0.000250
B,ka100_req46,23,xxxxxxxxxxxxxxxx0.000003,0.000000,0.000000,0.000247,0.000253
B,ka100_req47,23,xxxxxxxxxxxxxxxx0.000003,0.000000,0.000000,0.000254,0.000301
B,ka100_req48,23,xxxxxxxxxxxxxxxx0.000003,0.000000,0.000000,0.000276,0.000284
B,ka100_req49,23,xxxxxxxxxxxxxxxx0.000004,0.000000,0.000000,0.000192,0.000218
B,ka100_req50,23,xxxxxxxxxxxxxxxx0.000003,0.000000,0.000000,0.000265,0.000271
B,ka100_req51,23,xxxxxxxxxxxxxxxx0.000004,0.000000,0.000000,0.000285,0.000291
B,ka100_req52,23,xxxxxxxxxxxxxxxx0.000004,0.000000,0.000000,0.000229,0.000267
B,ka100_req53,23,xxxxxxxxxxxxxxxx0.000003,0.000000,0.000000,0.000205,0.000257
B,ka100_req54,23,xxxxxxxxxxxxxxxx0.000003,0.000000,0.000000,0.000244,0.000282
B,ka100_req55,23,xxxxxxxxxxxxxxxx0.000003,0.000000,0.000000,0.000205,0.000242
B,ka100_req56,23,xxxxxxxxxxxxxxxx0.000004,0.000000,0.000000,0.000245,0.000250
B,ka100_req57,23,xxxxxxxxxxxxxxxx0.000004,0.000000,0.000000,0.000242,0.000247
B,ka100_req58,23,xxxxxxxxxxxxxxxx0.000004,0.000000,0.000000,0.000273,0.000280
B,ka100_req59,23,xxxxxxxxxxxxxxxx0.000003,0.000000,0.000000,0.000212,0.000250
B,ka100_req60,23,xxxxxxxxxxxxxxxx0.000004,0.000000,0.000000,0.000221,0.000263
B,ka100_req61,23,xxxxxxxxxxxxxxxx0.000003,0.000000,0.000000,0.000248,0.000295
B,ka100_req62,23,xxxxxxxxxxxxxxxx0.000003,0.000000,0.000000,0.000247,0.000254
B,ka100_req63,23,xxxxxxxxxxxxxxxx0.000003,0.000000,0.000000,0.000295,0.000302
B,ka100_req64,23,xxxxxxxxxxxxxxxx0.000003,0.000000,0.000000,0.000225,0.000239
B,ka100_req65,23,xxxxxxxxxxxxxxxx0.000003,0.000000,0.000000,0.000253,0.000296
B,ka100_req66,23,xxxxxxxxxxxxxxxx0.000003,0.000000,0.000000,0.000226,0.000232
B,ka100_req67,23,xxxxxxxxxxxxxxxx0.000003,0.000000,0.000000,0.000217,0.000259
B,ka100_req68,23,xxxxxxxxxxxxxxxx0.000003,0.000000,0.000000,0.000258,0.000263
B,ka100_req69,23,xxxxxxxxxxxxxxxx0.000003,0.000000,0.000000,0.000242,0.000249
B,ka100_req70,23,xxxxxxxxxxxxxxxx0.000004,0.000000,0.000000,0.000218,0.000258
B,ka100_req71,23,xxxxxxxxxxxxxxxx0.000004,0.000000,0.000000,0.000253,0.000269
B,ka100_req72,23,xxxxxxxxxxxxxxxx0.000005,0.000000,0.000000,0.000274,0.000279
B,ka100_req73,23,xxxxxxxxxxxxxxxx0.000004,0.000000,0.000000,0.000276,0.000317
B,ka100_req74,23,xxxxxxxxxxxxxxxx0.000004,0.000000,0.000000,0.000291,0.000299
B,ka100_req75,23,xxxxxxxxxxxxxxxx0.000003,0.000000,0.000000,0.000269,0.000277
B,ka100_req76,23,xxxxxxxxxxxxxxxx0.000003,0.000000,0.000000,0.000244,0.000251
B,ka100_req77,23,xxxxxxxxxxxxxxxx0.000003,0.000000,0.000000,0.000260,0.000266
B,ka100_req78,23,xxxxxxxxxxxxxxxx0.000003,0.000000,0.000000,0.000262,0.000327
B,ka100_req79,23,xxxxxxxxxxxxxxxx0.000003,0.000000,0.000000,0.000233,0.000240
B,ka100_req80,23,xxxxxxxxxxxxxxxx0.000003,0.000000,0.000000,0.000228,0.000269
B,ka100_req81,23,xxxxxxxxxxxxxxxx0.000003,0.000000,0.000000,0.000231,0.000243
B,ka100_req82,23,xxxxxxxxxxxxxxxx0.000004,0.000000,0.000000,0.000240,0.000277
B,ka100_req83,23,xxxxxxxxxxxxxxxx0.000004,0.000000,0.000000,0.000267,0.000274
B,ka100_req84,23,xxxxxxxxxxxxxxxx0.000003,0.000000,0.000000,0.000233,0.000240
B,ka100_req85,23,xxxxxxxxxxxxxxxx0.000004,0.000000,0.000000,0.000249,0.000256
B,ka100_req86,23,xxxxxxxxxxxxxxxx0.000003,0.000000,0.000000,0.000255,0.000288
B,ka100_req87,23,xxxxxxxxxxxxxxxx0.000003,0.000000,0.000000,0.000226,0.000269
B,ka100_req88,23,xxxxxxxxxxxxxxxx0.000004,0.000000,0.000000,0.000253,0.000293
B,ka100_req89,23,xxxxxxxxxxxxxxxx0.000004,0.000000,0.000000,0.000244,0.000285
B,ka100_req90,23,xxxxxxxxxxxxxxxx0.000004,0.000000,0.000000,0.000222,0.000260
B,ka100_req91,23,xxxxxxxxxxxxxxxx0.000002,0.000000,0.000000,0.000220,0.000254
B,ka100_req92,23,xxxxxxxxxxxxxxxx0.000003,0.000000,0.000000,0.000234,0.000276
B,ka100_req93,23,xxxxxxxxxxxxxxxx0.000003,0.000000,0.000000,0.000251,0.000266
B,ka100_req94,23,xxxxxxxxxxxxxxxx0.000004,0.000000,0.000000,0.000225,0.000257
B,ka100_req95,23,xxxxxxxxxxxxxxxx0.000003,0.000000,0.000000,0.000277,0.000284
B,ka100_req96,23,xxxxxxxxxxxxxxxx0.000003,0.000000,0.000000,0.000278,0.000283
B,ka100_req97,23,xxxxxxxxxxxxxxxx0.000002,0.000000,0.000000,0.000276,0.000283
B,ka100_req98,23,xxxxxxxxxxxxxxxx0.000003,0.000000,0.000000,0.000224,0.000236
B,ka100_req99,23,xxxxxxxxxxxxxxxx0.000003,0.000000,0.000000,0.000210,0.000215
B,ka100_req100,23,xxxxxxxxxxxxxxxx0.000004,0.000000,0.000000,0.000200,0.000206
B,ka100_req1,24,0.000008,0.000041,0.013747,0.014534,0.014553
B,ka100_req2,24,xxxxxxxxxxxxxxxx0.000006,0.000000,0.000000,0.000265,0.000272
B,ka100_req3,24,xxxxxxxxxxxxxxxx0.000003,0.000000,0.000000,0.000250,0.000260
B,ka100_req4,24,xxxxxxxxxxxxxxxx0.000006,0.000000,0.000000,0.000296,0.000309
B,ka100_req5,24,xxxxxxxxxxxxxxxx0.000016,0.000000,0.000000,0.000293,0.000302
B,ka100_req6,24,xxxxxxxxxxxxxxxx0.000005,0.000000,0.000000,0.000246,0.000255
B,ka100_req7,24,xxxxxxxxxxxxxxxx0.000006,0.000000,0.000000,0.000255,0.000263
B,ka100_req8,24,xxxxxxxxxxxxxxxx0.000004,0.000000,0.000000,0.000247,0.000274
B,ka100_req9,24,xxxxxxxxxxxxxxxx0.000003,0.000000,0.000000,0.000271,0.000278
B,ka100_req10,24,xxxxxxxxxxxxxxxx0.000004,0.000000,0.000000,0.000243,0.000284
B,ka100_req11,24,xxxxxxxxxxxxxxxx0.000004,0.000000,0.000000,0.000257,0.000264
B,ka100_req12,24,xxxxxxxxxxxxxxxx0.000004,0.000000,0.000000,0.000277,0.000282
B,ka100_req13,24,xxxxxxxxxxxxxxxx0.000004,0.000000,0.000000,0.000268,0.000276
B,ka100_req14,24,xxxxxxxxxxxxxxxx0.000003,0.000000,0.000000,0.000267,0.000275
B,ka100_req15,24,xxxxxxxxxxxxxxxx0.000003,0.000000,0.000000,0.000255,0.000264
B,ka100_req16,24,xxxxxxxxxxxxxxxx0.000004,0.000000,0.000000,0.000262,0.000268
B,ka100_req17,24,xxxxxxxxxxxxxxxx0.000005,0.000000,0.000000,0.000253,0.000340
B,ka100_req18,24,xxxxxxxxxxxxxxxx0.000004,0.000000,0.000000,0.000229,0.000284
B,ka100_req19,24,xxxxxxxxxxxxxxxx0.000004,0.000000,0.000000,0.000197,0.000268
B,ka100_req20,24,xxxxxxxxxxxxxxxx0.000004,0.000000,0.000000,0.000255,0.000262
B,ka100_req21,24,xxxxxxxxxxxxxxxx0.000004,0.000000,0.000000,0.000229,0.000271
B,ka100_req22,24,xxxxxxxxxxxxxxxx0.000003,0.000000,0.000000,0.000247,0.000254
B,ka100_req23,24,xxxxxxxxxxxxxxxx0.000004,0.000000,0.000000,0.000195,0.000209
B,ka100_req24,24,xxxxxxxxxxxxxxxx0.000003,0.000000,0.000000,0.000240,0.000246
B,ka100_req25,24,xxxxxxxxxxxxxxxx0.000004,0.000000,0.000000,0.000239,0.000246
B,ka100_req26,24,xxxxxxxxxxxxxxxx0.000004,0.000000,0.000000,0.000223,0.000282
B,ka100_req27,24,xxxxxxxxxxxxxxxx0.000003,0.000000,0.000000,0.000213,0.000249
B,ka100_req28,24,xxxxxxxxxxxxxxxx0.000004,0.000000,0.000000,0.000258,0.000265
B,ka100_req29,24,xxxxxxxxxxxxxxxx0.000004,0.000000,0.000000,0.000220,0.000226
B,ka100_req30,24,xxxxxxxxxxxxxxxx0.000003,0.000000,0.000000,0.000211,0.000216
B,ka100_req31,24,xxxxxxxxxxxxxxxx0.000003,0.000000,0.000000,0.000174,0.000215
B,ka100_req32,24,xxxxxxxxxxxxxxxx0.000004,0.000000,0.000000,0.000210,0.000256
B,ka100_req33,24,xxxxxxxxxxxxxxxx0.000003,0.000000,0.000000,0.000220,0.000227
B,ka100_req34,24,xxxxxxxxxxxxxxxx0.000003,0.000000,0.000000,0.000248,0.000297
B,ka100_req35,24,xxxxxxxxxxxxxxxx0.000004,0.000000,0.000000,0.000218,0.000224
B,ka100_req36,24,xxxxxxxxxxxxxxxx0.000003,0.000000,0.000000,0.000282,0.000288
B,ka100_req37,24,xxxxxxxxxxxxxxxx0.000004,0.000000,0.000000,0.000226,0.000232
B,ka100_req38,24,xxxxxxxxxxxxxxxx0.000003,0.000000,0.000000,0.000223,0.000230
B,ka100_req39,24,xxxxxxxxxxxxxxxx0.000004,0.000000,0.000000,0.000236,0.000243
B,ka100_req40,24,xxxxxxxxxxxxxxxx0.000003,0.000000,0.000000,0.000244,0.000251
B,ka100_req41,24,xxxxxxxxxxxxxxxx0.000003,0.000000,0.000000,0.000210,0.000215
B,ka100_req42,24,xxxxxxxxxxxxxxxx0.000003,0.000000,0.000000,0.000244,0.000251
B,ka100_req43,24,xxxxxxxxxxxxxxxx0.000004,0.000000,0.000000,0.000267,0.000273
B,ka100_req44,24,xxxxxxxxxxxxxxxx0.000004,0.000000,0.000000,0.000223,0.000258
B,ka100_req45,24,xxxxxxxxxxxxxxxx0.000003,0.000000,0.000000,0.000231,0.000280
B,ka100_req46,24,xxxxxxxxxxxxxxxx0.000003,0.000000,0.000000,0.000166,0.000171
B,ka100_req47,24,xxxxxxxxxxxxxxxx0.000003,0.000000,0.000000,0.000227,0.000267
B,ka100_req48,24,xxxxxxxxxxxxxxxx0.000003,0.000000,0.000000,0.000281,0.000289
B,ka100_req49,24,xxxxxxxxxxxxxxxx0.000003,0.000000,0.000000,0.000254,0.000259
B,ka100_req50,24,xxxxxxxxxxxxxxxx0.000003,0.000000,0.000000,0.000220,0.000226
B,ka100_req51,24,xxxxxxxxxxxxxxxx0.000003,0.000000,0.000000,0.000212,0.000218
B,ka100_req52,24,xxxxxxxxxxxxxxxx0.000003,0.000000,0.000000,0.000271,0.000307
B,ka100_req53,24,xxxxxxxxxxxxxxxx0.000003,0.000000,0.000000,0.000234,0.000240
B,ka100_req54,24,xxxxxxxxxxxxxxxx0.000003,0.000000,0.000000,0.000241,0.000248
B,ka100_req55,24,xxxxxxxxxxxxxxxx0.000004,0.000000,0.000000,0.000237,0.000273
B,ka100_req56,24,xxxxxxxxxxxxxxxx0.000004,0.000000,0.000000,0.000231,0.000261
B,ka100_req57,24,xxxxxxxxxxxxxxxx0.000004,0.000000,0.000000,0.000245,0.000251
B,ka100_req58,24,xxxxxxxxxxxxxxxx0.000004,0.000000,0.000000,0.000199,0.000205
B,ka100_req59,24,xxxxxxxxxxxxxxxx0.000003,0.000000,0.000000,0.000225,0.000275
B,ka100_req60,24,xxxxxxxxxxxxxxxx0.000004,0.000000,0.000000,0.000197,0.000204
B,ka100_req61,24,xxxxxxxxxxxxxxxx0.000003,0.000000,0.000000,0.000196,0.000255
B,ka100_req62,24,xxxxxxxxxxxxxxxx0.000004,0.000000,0.000000,0.000281,0.000287
B,ka100_req63,24,xxxxxxxxxxxxxxxx0.000003,0.000000,0.000000,0.000225,0.000233
B,ka100_req64,24,xxxxxxxxxxxxxxxx0.000003,0.000000,0.000000,0.000194,0.000200
B,ka100_req65,24,xxxxxxxxxxxxxxxx0.000004,0.000000,0.000000,0.000200,0.000277
B,ka100_req66,24,xxxxxxxxxxxxxxxx0.000003,0.000000,0.000000,0.000242,0.000248
B,ka100_req67,24,xxxxxxxxxxxxxxxx0.000003,0.000000,0.000000,0.000240,0.000246
B,ka100_req68,24,xxxxxxxxxxxxxxxx0.000002,0.000000,0.000000,0.000281,0.000288
B,ka100_req69,24,xxxxxxxxxxxxxxxx0.000004,0.000000,0.000000,0.000259,0.000266
B,ka100_req70,24,xxxxxxxxxxxxxxxx0.000004,0.000000,0.000000,0.000225,0.000231
B,ka100_req71,24,xxxxxxxxxxxxxxxx0.000003,0.000000,0.000000,0.000266,0.000273
B,ka100_req72,24,xxxxxxxxxxxxxxxx0.000003,0.000000,0.000000,0.000219,0.000224
B,ka100_req73,24,xxxxxxxxxxxxxxxx0.000003,0.000000,0.000000,0.000198,0.000226
B,ka100_req74,24,xxxxxxxxxxxxxxxx0.000003,0.000000,0.000000,0.000255,0.000262
B,ka100_req75,24,xxxxxxxxxxxxxxxx0.000003,0.000000,0.000000,0.000199,0.000255
B,ka100_req76,24,xxxxxxxxxxxxxxxx0.000003,0.000000,0.000000,0.000261,0.000268
B,ka100_req77,24,xxxxxxxxxxxxxxxx0.000004,0.000000,0.000000,0.000246,0.000253
B,ka100_req78,24,xxxxxxxxxxxxxxxx0.000004,0.000000,0.000000,0.000231,0.000271
B,ka100_req79,24,xxxxxxxxxxxxxxxx0.000004,0.000000,0.000000,0.000245,0.000251
B,ka100_req80,24,xxxxxxxxxxxxxxxx0.000004,0.000000,0.000000,0.000248,0.000275
B,ka100_req81,24,xxxxxxxxxxxxxxxx0.000003,0.000000,0.000000,0.000228,0.000235
B,ka100_req82,24,xxxxxxxxxxxxxxxx0.000003,0.000000,0.000000,0.000239,0.000246
B,ka100_req83,24,xxxxxxxxxxxxxxxx0.000004,0.000000,0.000000,0.000276,0.000283
B,ka100_req84,24,xxxxxxxxxxxxxxxx0.000003,0.000000,0.000000,0.000276,0.000283
B,ka100_req85,24,xxxxxxxxxxxxxxxx0.000003,0.000000,0.000000,0.000244,0.000252
B,ka100_req86,24,xxxxxxxxxxxxxxxx0.000003,0.000000,0.000000,0.000261,0.000269
B,ka100_req87,24,xxxxxxxxxxxxxxxx0.000004,0.000000,0.000000,0.000237,0.000301
B,ka100_req88,24,xxxxxxxxxxxxxxxx0.000003,0.000000,0.000000,0.000222,0.000228
B,ka100_req89,24,xxxxxxxxxxxxxxxx0.000003,0.000000,0.000000,0.000241,0.000246
B,ka100_req90,24,xxxxxxxxxxxxxxxx0.000003,0.000000,0.000000,0.000239,0.000245
B,ka100_req91,24,xxxxxxxxxxxxxxxx0.000004,0.000000,0.000000,0.000269,0.000275
B,ka100_req92,24,xxxxxxxxxxxxxxxx0.000004,0.000000,0.000000,0.000248,0.000253
B,ka100_req93,24,xxxxxxxxxxxxxxxx0.000003,0.000000,0.000000,0.000248,0.000254
B,ka100_req94,24,xxxxxxxxxxxxxxxx0.000004,0.000000,0.000000,0.000213,0.000235
B,ka100_req95,24,xxxxxxxxxxxxxxxx0.000003,0.000000,0.000000,0.000232,0.000276
B,ka100_req96,24,xxxxxxxxxxxxxxxx0.000003,0.000000,0.000000,0.000203,0.000209
B,ka100_req97,24,xxxxxxxxxxxxxxxx0.000003,0.000000,0.000000,0.000234,0.000243
B,ka100_req98,24,xxxxxxxxxxxxxxxx0.000004,0.000000,0.000000,0.000224,0.000230
B,ka100_req99,24,xxxxxxxxxxxxxxxx0.000003,0.000000,0.000000,0.000267,0.000274
B,ka100_req100,24,xxxxxxxxxxxxxxxx0.000004,0.000000,0.000000,0.000257,0.000264
B,ka100_req1,25,0.000007,0.000039,0.013760,0.014501,0.014520
B,ka100_req2,25,xxxxxxxxxxxxxxxx0.000006,0.000000,0.000000,0.000267,0.000276
B,ka100_req3,25,xxxxxxxxxxxxxxxx0.000006,0.000000,0.000000,0.000252,0.000262
B,ka100_req4,25,xxxxxxxxxxxxxxxx0.000005,0.000000,0.000000,0.000274,0.000283
B,ka100_req5,25,xxxxxxxxxxxxxxxx0.000006,0.000000,0.000000,0.000268,0.000275
B,ka100_req6,25,xxxxxxxxxxxxxxxx0.000004,0.000000,0.000000,0.000249,0.000256
B,ka100_req7,25,xxxxxxxxxxxxxxxx0.000004,0.000000,0.000000,0.000229,0.000238
B,ka100_req8,25,xxxxxxxxxxxxxxxx0.000004,0.000000,0.000000,0.000272,0.000285
B,ka100_req9,25,xxxxxxxxxxxxxxxx0.000006,0.000000,0.000000,0.000248,0.000312
B,ka100_req10,25,xxxxxxxxxxxxxxxx0.000003,0.000000,0.000000,0.000243,0.000284
B,ka100_req11,25,xxxxxxxxxxxxxxxx0.000005,0.000000,0.000000,0.000275,0.000282
B,ka100_req12,25,xxxxxxxxxxxxxxxx0.000003,0.000000,0.000000,0.000233,0.000275
B,ka100_req13,25,xxxxxxxxxxxxxxxx0.000004,0.000000,0.000000,0.000260,0.000265
B,ka100_req14,25,xxxxxxxxxxxxxxxx0.000004,0.000000,0.000000,0.000264,0.000273
B,ka100_req15,25,xxxxxxxxxxxxxxxx0.000005,0.000000,0.000000,0.000313,0.000319
B,ka100_req16,25,xxxxxxxxxxxxxxxx0.000004,0.000000,0.000000,0.000311,0.000318
B,ka100_req17,25,xxxxxxxxxxxxxxxx0.000003,0.000000,0.000000,0.000303,0.000310
B,ka100_req18,25,xxxxxxxxxxxxxxxx0.000003,0.000000,0.000000,0.000234,0.000241
B,ka100_req19,25,xxxxxxxxxxxxxxxx0.000003,0.000000,0.000000,0.000233,0.000240
B,ka100_req20,25,xxxxxxxxxxxxxxxx0.000004,0.000000,0.000000,0.000254,0.000278
B,ka100_req21,25,xxxxxxxxxxxxxxxx0.000004,0.000000,0.000000,0.000275,0.000283
B,ka100_req22,25,xxxxxxxxxxxxxxxx0.000004,0.000000,0.000000,0.000258,0.000266
B,ka100_req23,25,xxxxxxxxxxxxxxxx0.000003,0.000000,0.000000,0.000188,0.000227
B,ka100_req24,25,xxxxxxxxxxxxxxxx0.000003,0.000000,0.000000,0.000224,0.000229
B,ka100_req25,25,xxxxxxxxxxxxxxxx0.000004,0.000000,0.000000,0.000204,0.000275
B,ka100_req26,25,xxxxxxxxxxxxxxxx0.000004,0.000000,0.000000,0.000246,0.000252
B,ka100_req27,25,xxxxxxxxxxxxxxxx0.000003,0.000000,0.000000,0.000282,0.000290
B,ka100_req28,25,xxxxxxxxxxxxxxxx0.000003,0.000000,0.000000,0.000256,0.000265
B,ka100_req29,25,xxxxxxxxxxxxxxxx0.000004,0.000000,0.000000,0.000251,0.000299
B,ka100_req30,25,xxxxxxxxxxxxxxxx0.000004,0.000000,0.000000,0.000219,0.000256
B,ka100_req31,25,xxxxxxxxxxxxxxxx0.000003,0.000000,0.000000,0.000272,0.000311
B,ka100_req32,25,xxxxxxxxxxxxxxxx0.000003,0.000000,0.000000,0.000243,0.000260
B,ka100_req33,25,xxxxxxxxxxxxxxxx0.000003,0.000000,0.000000,0.000253,0.000260
B,ka100_req34,25,xxxxxxxxxxxxxxxx0.000003,0.000000,0.000000,0.000211,0.000220
B,ka100_req35,25,xxxxxxxxxxxxxxxx0.000004,0.000000,0.000000,0.000233,0.000271
B,ka100_req36,25,xxxxxxxxxxxxxxxx0.000004,0.000000,0.000000,0.000258,0.000265
B,ka100_req37,25,xxxxxxxxxxxxxxxx0.000004,0.000000,0.000000,0.000232,0.000237
B,ka100_req38,25,xxxxxxxxxxxxxxxx0.000004,0.000000,0.000000,0.000252,0.000259
B,ka100_req39,25,xxxxxxxxxxxxxxxx0.000004,0.000000,0.000000,0.000247,0.000254
B,ka100_req40,25,xxxxxxxxxxxxxxxx0.000004,0.000000,0.000000,0.000279,0.000286
B,ka100_req41,25,xxxxxxxxxxxxxxxx0.000003,0.000000,0.000000,0.000226,0.000259
B,ka100_req42,25,xxxxxxxxxxxxxxxx0.000004,0.000000,0.000000,0.000255,0.000294
B,ka100_req43,25,xxxxxxxxxxxxxxxx0.000004,0.000000,0.000000,0.000249,0.000289
B,ka100_req44,25,xxxxxxxxxxxxxxxx0.000004,0.000000,0.000000,0.000266,0.000273
B,ka100_req45,25,xxxxxxxxxxxxxxxx0.000003,0.000000,0.000000,0.000229,0.000245
B,ka100_req46,25,xxxxxxxxxxxxxxxx0.000003,0.000000,0.000000,0.000242,0.000276
B,ka100_req47,25,xxxxxxxxxxxxxxxx0.000003,0.000000,0.000000,0.000230,0.000267
B,ka100_req48,25,xxxxxxxxxxxxxxxx0.000003,0.000000,0.000000,0.000247,0.000260
B,ka100_req49,25,xxxxxxxxxxxxxxxx0.000004,0.000000,0.000000,0.000255,0.000261
B,ka100_req50,25,xxxxxxxxxxxxxxxx0.000003,0.000000,0.000000,0.000261,0.000268
B,ka100_req51,25,xxxxxxxxxxxxxxxx0.000003,0.000000,0.000000,0.000252,0.000258
B,ka100_req52,25,xxxxxxxxxxxxxxxx0.000003,0.000000,0.000000,0.000254,0.000260
B,ka100_req53,25,xxxxxxxxxxxxxxxx0.000002,0.000000,0.000000,0.000184,0.000214
B,ka100_req54,25,xxxxxxxxxxxxxxxx0.000002,0.000000,0.000000,0.000233,0.000240
B,ka100_req55,25,xxxxxxxxxxxxxxxx0.000004,0.000000,0.000000,0.000239,0.000244
B,ka100_req56,25,xxxxxxxxxxxxxxxx0.000003,0.000000,0.000000,0.000208,0.000235
B,ka100_req57,25,xxxxxxxxxxxxxxxx0.000003,0.000000,0.000000,0.000194,0.000279
B,ka100_req58,25,xxxxxxxxxxxxxxxx0.000003,0.000000,0.000000,0.000275,0.000282
B,ka100_req59,25,xxxxxxxxxxxxxxxx0.000004,0.000000,0.000000,0.000246,0.000254
B,ka100_req60,25,xxxxxxxxxxxxxxxx0.000004,0.000000,0.000000,0.000247,0.000253
B,ka100_req61,25,xxxxxxxxxxxxxxxx0.000003,0.000000,0.000000,0.000276,0.000282
B,ka100_req62,25,xxxxxxxxxxxxxxxx0.000003,0.000000,0.000000,0.000245,0.000286
B,ka100_req63,25,xxxxxxxxxxxxxxxx0.000004,0.000000,0.000000,0.000252,0.000258
B,ka100_req64,25,xxxxxxxxxxxxxxxx0.000003,0.000000,0.000000,0.000248,0.000276
B,ka100_req65,25,xxxxxxxxxxxxxxxx0.000003,0.000000,0.000000,0.000228,0.000234
B,ka100_req66,25,xxxxxxxxxxxxxxxx0.000003,0.000000,0.000000,0.000268,0.000274
B,ka100_req67,25,xxxxxxxxxxxxxxxx0.000003,0.000000,0.000000,0.000263,0.000270
B,ka100_req68,25,xxxxxxxxxxxxxxxx0.000004,0.000000,0.000000,0.000237,0.000244
B,ka100_req69,25,xxxxxxxxxxxxxxxx0.000003,0.000000,0.000000,0.000230,0.000237
B,ka100_req70,25,xxxxxxxxxxxxxxxx0.000003,0.000000,0.000000,0.000273,0.000281
B,ka100_req71,25,xxxxxxxxxxxxxxxx0.000004,0.000000,0.000000,0.000236,0.000266
B,ka100_req72,25,xxxxxxxxxxxxxxxx0.000003,0.000000,0.000000,0.000269,0.000312
B,ka100_req73,25,xxxxxxxxxxxxxxxx0.000003,0.000000,0.000000,0.000239,0.000275
B,ka100_req74,25,xxxxxxxxxxxxxxxx0.000004,0.000000,0.000000,0.000221,0.000226
B,ka100_req75,25,xxxxxxxxxxxxxxxx0.000004,0.000000,0.000000,0.000208,0.000244
B,ka100_req76,25,xxxxxxxxxxxxxxxx0.000003,0.000000,0.000000,0.000264,0.000272
B,ka100_req77,25,xxxxxxxxxxxxxxxx0.000003,0.000000,0.000000,0.000264,0.000271
B,ka100_req78,25,xxxxxxxxxxxxxxxx0.000003,0.000000,0.000000,0.000187,0.000230
B,ka100_req79,25,xxxxxxxxxxxxxxxx0.000010,0.000000,0.000000,0.000230,0.000237
B,ka100_req80,25,xxxxxxxxxxxxxxxx0.000003,0.000000,0.000000,0.000229,0.000235
B,ka100_req81,25,xxxxxxxxxxxxxxxx0.000003,0.000000,0.000000,0.000239,0.000246
B,ka100_req82,25,xxxxxxxxxxxxxxxx0.000003,0.000000,0.000000,0.000201,0.000245
B,ka100_req83,25,xxxxxxxxxxxxxxxx0.000003,0.000000,0.000000,0.000233,0.000239
B,ka100_req84,25,xxxxxxxxxxxxxxxx0.000002,0.000000,0.000000,0.000202,0.000264
B,ka100_req85,25,xxxxxxxxxxxxxxxx0.000004,0.000000,0.000000,0.000205,0.000211
B,ka100_req86,25,xxxxxxxxxxxxxxxx0.000003,0.000000,0.000000,0.000266,0.000273
B,ka100_req87,25,xxxxxxxxxxxxxxxx0.000003,0.000000,0.000000,0.000219,0.000227
B,ka100_req88,25,xxxxxxxxxxxxxxxx0.000004,0.000000,0.000000,0.000224,0.000264
B,ka100_req89,25,xxxxxxxxxxxxxxxx0.000004,0.000000,0.000000,0.000218,0.000252
B,ka100_req90,25,xxxxxxxxxxxxxxxx0.000004,0.000000,0.000000,0.000224,0.000230
B,ka100_req91,25,xxxxxxxxxxxxxxxx0.000003,0.000000,0.000000,0.000239,0.000275
B,ka100_req92,25,xxxxxxxxxxxxxxxx0.000003,0.000000,0.000000,0.000216,0.000281
B,ka100_req93,25,xxxxxxxxxxxxxxxx0.000004,0.000000,0.000000,0.000242,0.000249
B,ka100_req94,25,xxxxxxxxxxxxxxxx0.000004,0.000000,0.000000,0.000250,0.000293
B,ka100_req95,25,xxxxxxxxxxxxxxxx0.000004,0.000000,0.000000,0.000164,0.000169
B,ka100_req96,25,xxxxxxxxxxxxxxxx0.000003,0.000000,0.000000,0.000244,0.000278
B,ka100_req97,25,xxxxxxxxxxxxxxxx0.000003,0.000000,0.000000,0.000231,0.000236
B,ka100_req98,25,xxxxxxxxxxxxxxxx0.000003,0.000000,0.000000,0.000251,0.000258
B,ka100_req99,25,xxxxxxxxxxxxxxxx0.000003,0.000000,0.000000,0.000271,0.000277
B,ka100_req100,25,xxxxxxxxxxxxxxxx0.000003,0.000000,0.000000,0.000229,0.000235
B,ka100_req1,26,0.000010,0.000050,0.013981,0.014760,0.014782
B,ka100_req2,26,xxxxxxxxxxxxxxxx0.000006,0.000000,0.000000,0.000232,0.000240
B,ka100_req3,26,xxxxxxxxxxxxxxxx0.000004,0.000000,0.000000,0.000238,0.000247
B,ka100_req4,26,xxxxxxxxxxxxxxxx0.000006,0.000000,0.000000,0.000294,0.000301
B,ka100_req5,26,xxxxxxxxxxxxxxxx0.000004,0.000000,0.000000,0.000261,0.000268
B,ka100_req6,26,xxxxxxxxxxxxxxxx0.000003,0.000000,0.000000,0.000247,0.000254
B,ka100_req7,26,xxxxxxxxxxxxxxxx0.000004,0.000000,0.000000,0.000284,0.000293
B,ka100_req8,26,xxxxxxxxxxxxxxxx0.000006,0.000000,0.000000,0.000210,0.000218
B,ka100_req9,26,xxxxxxxxxxxxxxxx0.000004,0.000000,0.000000,0.000253,0.000289
B,ka100_req10,26,xxxxxxxxxxxxxxxx0.000004,0.000000,0.000000,0.000249,0.000255
B,ka100_req11,26,xxxxxxxxxxxxxxxx0.000003,0.000000,0.000000,0.000208,0.000250
B,ka100_req12,26,xxxxxxxxxxxxxxxx0.000003,0.000000,0.000000,0.000263,0.000285
B,ka100_req13,26,xxxxxxxxxxxxxxxx0.000006,0.000000,0.000000,0.000239,0.000246
B,ka100_req14,26,xxxxxxxxxxxxxxxx0.000004,0.000000,0.000000,0.000240,0.000247
B,ka100_req15,26,xxxxxxxxxxxxxxxx0.000004,0.000000,0.000000,0.000226,0.000232
B,ka100_req16,26,xxxxxxxxxxxxxxxx0.000003,0.000000,0.000000,0.000240,0.000284
B,ka100_req17,26,xxxxxxxxxxxxxxxx0.000004,0.000000,0.000000,0.000275,0.000281
B,ka100_req18,26,xxxxxxxxxxxxxxxx0.000004,0.000000,0.000000,0.000250,0.000280
B,ka100_req19,26,xxxxxxxxxxxxxxxx0.000004,0.000000,0.000000,0.000240,0.000255
B,ka100_req20,26,xxxxxxxxxxxxxxxx0.000004,0.000000,0.000000,0.000252,0.000266
B,ka100_req21,26,xxxxxxxxxxxxxxxx0.000004,0.000000,0.000000,0.000281,0.000289
B,ka100_req22,26,xxxxxxxxxxxxxxxx0.000003,0.000000,0.000000,0.000264,0.000272
B,ka100_req23,26,xxxxxxxxxxxxxxxx0.000004,0.000000,0.000000,0.000223,0.000228
B,ka100_req24,26,xxxxxxxxxxxxxxxx0.000003,0.000000,0.000000,0.000207,0.000245
B,ka100_req25,26,xxxxxxxxxxxxxxxx0.000004,0.000000,0.000000,0.000215,0.000221
B,ka100_req26,26,xxxxxxxxxxxxxxxx0.000004,0.000000,0.000000,0.000203,0.000225
B,ka100_req27,26,xxxxxxxxxxxxxxxx0.000003,0.000000,0.000000,0.000238,0.000278
B,ka100_req28,26,xxxxxxxxxxxxxxxx0.000002,0.000000,0.000000,0.000226,0.000232
B,ka100_req29,26,xxxxxxxxxxxxxxxx0.000003,0.000000,0.000000,0.000247,0.000285
B,ka100_req30,26,xxxxxxxxxxxxxxxx0.000003,0.000000,0.000000,0.000242,0.000249
B,ka100_req31,26,xxxxxxxxxxxxxxxx0.000003,0.000000,0.000000,0.000227,0.000268
B,ka100_req32,26,xxxxxxxxxxxxxxxx0.000004,0.000000,0.000000,0.000292,0.000299
B,ka100_req33,26,xxxxxxxxxxxxxxxx0.000003,0.000000,0.000000,0.000200,0.000254
B,ka100_req34,26,xxxxxxxxxxxxxxxx0.000002,0.000000,0.000000,0.000213,0.000233
B,ka100_req35,26,xxxxxxxxxxxxxxxx0.000004,0.000000,0.000000,0.000198,0.000253
B,ka100_req36,26,xxxxxxxxxxxxxxxx0.000003,0.000000,0.000000,0.000252,0.000297
B,ka100_req37,26,xxxxxxxxxxxxxxxx0.000003,0.000000,0.000000,0.000246,0.000287
B,ka100_req38,26,xxxxxxxxxxxxxxxx0.000004,0.000000,0.000000,0.000213,0.000254
B,ka100_req39,26,xxxxxxxxxxxxxxxx0.000003,0.000000,0.000000,0.000236,0.000307
B,ka100_req40,26,xxxxxxxxxxxxxxxx0.000004,0.000000,0.000000,0.000224,0.000277
B,ka100_req41,26,xxxxxxxxxxxxxxxx0.000003,0.000000,0.000000,0.000231,0.000239
B,ka100_req42,26,xxxxxxxxxxxxxxxx0.000004,0.000000,0.000000,0.000274,0.000297
B,ka100_req43,26,xxxxxxxxxxxxxxxx0.000003,0.000000,0.000000,0.000245,0.000251
B,ka100_req44,26,xxxxxxxxxxxxxxxx0.000003,0.000000,0.000000,0.000235,0.000280
B,ka100_req45,26,xxxxxxxxxxxxxxxx0.000004,0.000000,0.000000,0.000235,0.000274
B,ka100_req46,26,xxxxxxxxxxxxxxxx0.000003,0.000000,0.000000,0.000200,0.000255
B,ka100_req47,26,xxxxxxxxxxxxxxxx0.000003,0.000000,0.000000,0.000273,0.000280
B,ka100_req48,26,xxxxxxxxxxxxxxxx0.000004,0.000000,0.000000,0.000220,0.000275
B,ka100_req49,26,xxxxxxxxxxxxxxxx0.000004,0.000000,0.000000,0.000273,0.000280
B,ka100_req50,26,xxxxxxxxxxxxxxxx0.000003,0.000000,0.000000,0.000219,0.000227
B,ka100_req51,26,xxxxxxxxxxxxxxxx0.000003,0.000000,0.000000,0.000252,0.000260
B,ka100_req52,26,xxxxxxxxxxxxxxxx0.000003,0.000000,0.000000,0.000209,0.000215
B,ka100_req53,26,xxxxxxxxxxxxxxxx0.000003,0.000000,0.000000,0.000194,0.000208
B,ka100_req54,26,xxxxxxxxxxxxxxxx0.000003,0.000000,0.000000,0.000247,0.000253
B,ka100_req55,26,xxxxxxxxxxxxxxxx0.000003,0.000000,0.000000,0.000227,0.000233
B,ka100_req56,26,xxxxxxxxxxxxxxxx0.000003,0.000000,0.000000,0.000238,0.000245
B,ka100_req57,26,xxxxxxxxxxxxxxxx0.000003,0.000000,0.000000,0.000239,0.000246
B,ka100_req58,26,xxxxxxxxxxxxxxxx0.000003,0.000000,0.000000,0.000225,0.000232
B,ka100_req59,26,xxxxxxxxxxxxxxxx0.000003,0.000000,0.000000,0.000203,0.000255
B,ka100_req60,26,xxxxxxxxxxxxxxxx0.000003,0.000000,0.000000,0.000252,0.000298
B,ka100_req61,26,xxxxxxxxxxxxxxxx0.000004,0.000000,0.000000,0.000255,0.000268
B,ka100_req62,26,xxxxxxxxxxxxxxxx0.000003,0.000000,0.000000,0.000247,0.000256
B,ka100_req63,26,xxxxxxxxxxxxxxxx0.000003,0.000000,0.000000,0.000233,0.000265
B,ka100_req64,26,xxxxxxxxxxxxxxxx0.000004,0.000000,0.000000,0.000271,0.000279
B,ka100_req65,26,xxxxxxxxxxxxxxxx0.000003,0.000000,0.000000,0.000286,0.000292
B,ka100_req66,26,xxxxxxxxxxxxxxxx0.000003,0.000000,0.000000,0.000238,0.000245
B,ka100_req67,26,xxxxxxxxxxxxxxxx0.000004,0.000000,0.000000,0.000254,0.000260
B,ka100_req68,26,xxxxxxxxxxxxxxxx0.000003,0.000000,0.000000,0.000226,0.000234
B,ka100_req69,26,xxxxxxxxxxxxxxxx0.000003,0.000000,0.000000,0.000280,0.000289
B,ka100_req70,26,xxxxxxxxxxxxxxxx0.000003,0.000000,0.000000,0.000247,0.000253
B,ka100_req71,26,xxxxxxxxxxxxxxxx0.000003,0.000000,0.000000,0.000204,0.000228
B,ka100_req72,26,xxxxxxxxxxxxxxxx0.000003,0.000000,0.000000,0.000226,0.000277
B,ka100_req73,26,xxxxxxxxxxxxxxxx0.000003,0.000000,0.000000,0.000237,0.000278
B,ka100_req74,26,xxxxxxxxxxxxxxxx0.000003,0.000000,0.000000,0.000303,0.000311
B,ka100_req75,26,xxxxxxxxxxxxxxxx0.000003,0.000000,0.000000,0.000264,0.000270
B,ka100_req76,26,xxxxxxxxxxxxxxxx0.000004,0.000000,0.000000,0.000200,0.000256
B,ka100_req77,26,xxxxxxxxxxxxxxxx0.000003,0.000000,0.000000,0.000213,0.000220
B,ka100_req78,26,xxxxxxxxxxxxxxxx0.000020,0.000000,0.000000,0.000260,0.000266
B,ka100_req79,26,xxxxxxxxxxxxxxxx0.000003,0.000000,0.000000,0.000213,0.000250
B,ka100_req80,26,xxxxxxxxxxxxxxxx0.000003,0.000000,0.000000,0.000228,0.000234
B,ka100_req81,26,xxxxxxxxxxxxxxxx0.000003,0.000000,0.000000,0.000213,0.000219
B,ka100_req82,26,xxxxxxxxxxxxxxxx0.000003,0.000000,0.000000,0.000228,0.000277
B,ka100_req83,26,xxxxxxxxxxxxxxxx0.000003,0.000000,0.000000,0.000238,0.000243
B,ka100_req84,26,xxxxxxxxxxxxxxxx0.000004,0.000000,0.000000,0.000212,0.000260
B,ka100_req85,26,xxxxxxxxxxxxxxxx0.000003,0.000000,0.000000,0.000245,0.000252
B,ka100_req86,26,xxxxxxxxxxxxxxxx0.000003,0.000000,0.000000,0.000218,0.000225
B,ka100_req87,26,xxxxxxxxxxxxxxxx0.000003,0.000000,0.000000,0.000220,0.000260
B,ka100_req88,26,xxxxxxxxxxxxxxxx0.000003,0.000000,0.000000,0.000223,0.000230
B,ka100_req89,26,xxxxxxxxxxxxxxxx0.000003,0.000000,0.000000,0.000226,0.000260
B,ka100_req90,26,xxxxxxxxxxxxxxxx0.000003,0.000000,0.000000,0.000220,0.000260
B,ka100_req91,26,xxxxxxxxxxxxxxxx0.000003,0.000000,0.000000,0.000235,0.000241
B,ka100_req92,26,xxxxxxxxxxxxxxxx0.000003,0.000000,0.000000,0.000244,0.000251
B,ka100_req93,26,xxxxxxxxxxxxxxxx0.000003,0.000000,0.000000,0.000197,0.000232
B,ka100_req94,26,xxxxxxxxxxxxxxxx0.000003,0.000000,0.000000,0.000188,0.000258
B,ka100_req95,26,xxxxxxxxxxxxxxxx0.000004,0.000000,0.000000,0.000225,0.000231
B,ka100_req96,26,xxxxxxxxxxxxxxxx0.000003,0.000000,0.000000,0.000225,0.000231
B,ka100_req97,26,xxxxxxxxxxxxxxxx0.000004,0.000000,0.000000,0.000252,0.000259
B,ka100_req98,26,xxxxxxxxxxxxxxxx0.000004,0.000000,0.000000,0.000236,0.000241
B,ka100_req99,26,xxxxxxxxxxxxxxxx0.000003,0.000000,0.000000,0.000195,0.000201
B,ka100_req100,26,xxxxxxxxxxxxxxxx0.000004,0.000000,0.000000,0.000199,0.000276
B,ka100_req1,27,0.000007,0.000040,0.014118,0.015069,0.015096
B,ka100_req2,27,xxxxxxxxxxxxxxxx0.000008,0.000000,0.000000,0.000278,0.000288
B,ka100_req3,27,xxxxxxxxxxxxxxxx0.000006,0.000000,0.000000,0.000312,0.000321
B,ka100_req4,27,xxxxxxxxxxxxxxxx0.000004,0.000000,0.000000,0.000294,0.000304
B,ka100_req5,27,xxxxxxxxxxxxxxxx0.000005,0.000000,0.000000,0.000280,0.000292
B,ka100_req6,27,xxxxxxxxxxxxxxxx0.000006,0.000000,0.000000,0.000309,0.000317
B,ka100_req7,27,xxxxxxxxxxxxxxxx0.000004,0.000000,0.000000,0.000297,0.000305
B,ka100_req8,27,xxxxxxxxxxxxxxxx0.000003,0.000000,0.000000,0.000255,0.000270
B,ka100_req9,27,xxxxxxxxxxxxxxxx0.000004,0.000000,0.000000,0.000270,0.000278
B,ka100_req10,27,xxxxxxxxxxxxxxxx0.000004,0.000000,0.000000,0.000278,0.000297
B,ka100_req11,27,xxxxxxxxxxxxxxxx0.000005,0.000000,0.000000,0.000267,0.000275
B,ka100_req12,27,xxxxxxxxxxxxxxxx0.000004,0.000000,0.000000,0.000231,0.000237
B,ka100_req13,27,xxxxxxxxxxxxxxxx0.000003,0.000000,0.000000,0.000242,0.000281
B,ka100_req14,27,xxxxxxxxxxxxxxxx0.000004,0.000000,0.000000,0.000291,0.000300
B,ka100_req15,27,xxxxxxxxxxxxxxxx0.000006,0.000000,0.000000,0.000219,0.000232
B,ka100_req16,27,xxxxxxxxxxxxxxxx0.000004,0.000000,0.000000,0.000241,0.000283
B,ka100_req17,27,xxxxxxxxxxxxxxxx0.000003,0.000000,0.000000,0.000224,0.000279
B,ka100_req18,27,xxxxxxxxxxxxxxxx0.000003,0.000000,0.000000,0.000245,0.000252
B,ka100_req19,27,xxxxxxxxxxxxxxxx0.000004,0.000000,0.000000,0.000255,0.000263
B,ka100_req20,27,xxxxxxxxxxxxxxxx0.000003,0.000000,0.000000,0.000267,0.000275
B,ka100_req21,27,xxxxxxxxxxxxxxxx0.000003,0.000000,0.000000,0.000226,0.000234
B,ka100_req22,27,xxxxxxxxxxxxxxxx0.000003,0.000000,0.000000,0.000216,0.000256
B,ka100_req23,27,xxxxxxxxxxxxxxxx0.000004,0.000000,0.000000,0.000226,0.000270
B,ka100_req24,27,xxxxxxxxxxxxxxxx0.000004,0.000000,0.000000,0.000233,0.000238
B,ka100_req25,27,xxxxxxxxxxxxxxxx0.000003,0.000000,0.000000,0.000233,0.000262
B,ka100_req26,27,xxxxxxxxxxxxxxxx0.000004,0.000000,0.000000,0.000223,0.000234
B,ka100_req27,27,xxxxxxxxxxxxxxxx0.000003,0.000000,0.000000,0.000238,0.000281
B,ka100_req28,27,xxxxxxxxxxxxxxxx0.000004,0.000000,0.000000,0.000262,0.000268
B,ka100_req29,27,xxxxxxxxxxxxxxxx0.000003,0.000000,0.000000,0.000209,0.000216
B,ka100_req30,27,xxxxxxxxxxxxxxxx0.000004,0.000000,0.000000,0.000212,0.000283
B,ka100_req31,27,xxxxxxxxxxxxxxxx0.000004,0.000000,0.000000,0.000236,0.000242
B,ka100_req32,27,xxxxxxxxxxxxxxxx0.000003,0.000000,0.000000,0.000222,0.000228
B,ka100_req33,27,xxxxxxxxxxxxxxxx0.000003,0.000000,0.000000,0.000193,0.000258
B,ka100_req34,27,xxxxxxxxxxxxxxxx0.000003,0.000000,0.000000,0.000246,0.000251
B,ka100_req35,27,xxxxxxxxxxxxxxxx0.000004,0.000000,0.000000,0.000271,0.000277
B,ka100_req36,27,xxxxxxxxxxxxxxxx0.000003,0.000000,0.000000,0.000246,0.000255
B,ka100_req37,27,xxxxxxxxxxxxxxxx0.000005,0.000000,0.000000,0.000215,0.000246
B,ka100_req38,27,xxxxxxxxxxxxxxxx0.000003,0.000000,0.000000,0.000251,0.000295
B,ka100_req39,27,xxxxxxxxxxxxxxxx0.000003,0.000000,0.000000,0.000303,0.000311
B,ka100_req40,27,xxxxxxxxxxxxxxxx0.000003,0.000000,0.000000,0.000264,0.000273
B,ka100_req41,27,xxxxxxxxxxxxxxxx0.000003,0.000000,0.000000,0.000232,0.000246
B,ka100_req42,27,xxxxxxxxxxxxxxxx0.000003,0.000000,0.000000,0.000243,0.000248
B,ka100_req43,27,xxxxxxxxxxxxxxxx0.000004,0.000000,0.000000,0.000289,0.000294
B,ka100_req44,27,xxxxxxxxxxxxxxxx0.000003,0.000000,0.000000,0.000278,0.000285
B,ka100_req45,27,xxxxxxxxxxxxxxxx0.000003,0.000000,0.000000,0.000272,0.000277
B,ka100_req46,27,xxxxxxxxxxxxxxxx0.000003,0.000000,0.000000,0.000194,0.000237
B,ka100_req47,27,xxxxxxxxxxxxxxxx0.000003,0.000000,0.000000,0.000453,0.000462
B,ka100_req48,27,xxxxxxxxxxxxxxxx0.000006,0.000000,0.000000,0.000342,0.000349
B,ka100_req49,27,xxxxxxxxxxxxxxxx0.000004,0.000000,0.000000,0.000271,0.000278
B,ka100_req50,27,xxxxxxxxxxxxxxxx0.000003,0.000000,0.000000,0.000329,0.000337
B,ka100_req51,27,xxxxxxxxxxxxxxxx0.000003,0.000000,0.000000,0.000297,0.000306
B,ka100_req52,27,xxxxxxxxxxxxxxxx0.000012,0.000000,0.000000,0.000325,0.000331
B,ka100_req53,27,xxxxxxxxxxxxxxxx0.000003,0.000000,0.000000,0.000454,0.000461
B,ka100_req54,27,xxxxxxxxxxxxxxxx0.000003,0.000000,0.000000,0.000505,0.000517
B,ka100_req55,27,xxxxxxxxxxxxxxxx0.000004,0.000000,0.000000,0.000298,0.000363
B,ka100_req56,27,xxxxxxxxxxxxxxxx0.000004,0.000000,0.000000,0.000259,0.000274
B,ka100_req57,27,xxxxxxxxxxxxxxxx0.000004,0.000000,0.000000,0.000221,0.000249
B,ka100_req58,27,xxxxxxxxxxxxxxxx0.000003,0.000000,0.000000,0.000244,0.000251
B,ka100_req59,27,xxxxxxxxxxxxxxxx0.000003,0.000000,0.000000,0.000303,0.000309
B,ka100_req60,27,xxxxxxxxxxxxxxxx0.000004,0.000000,0.000000,0.000239,0.000245
B,ka100_req61,27,xxxxxxxxxxxxxxxx0.000003,0.000000,0.000000,0.000266,0.000273
B,ka100_req62,27,xxxxxxxxxxxxxxxx0.000004,0.000000,0.000000,0.000433,0.000441
B,ka100_req63,27,xxxxxxxxxxxxxxxx0.000004,0.000000,0.000000,0.000296,0.000305
B,ka100_req64,27,xxxxxxxxxxxxxxxx0.000006,0.000000,0.000000,0.000353,0.000361
B,ka100_req65,27,xxxxxxxxxxxxxxxx0.000005,0.000000,0.000000,0.000291,0.000299
B,ka100_req66,27,xxxxxxxxxxxxxxxx0.000006,0.000000,0.000000,0.000260,0.000267
B,ka100_req67,27,xxxxxxxxxxxxxxxx0.000003,0.000000,0.000000,0.000266,0.000274
B,ka100_req68,27,xxxxxxxxxxxxxxxx0.000004,0.000000,0.000000,0.000307,0.000316
B,ka100_req69,27,xxxxxxxxxxxxxxxx0.000005,0.000000,0.000000,0.000304,0.000312
B,ka100_req70,27,xxxxxxxxxxxxxxxx0.000004,0.000000,0.000000,0.000280,0.000288
B,ka100_req71,27,xxxxxxxxxxxxxxxx0.000004,0.000000,0.000000,0.000318,0.000377
B,ka100_req72,27,xxxxxxxxxxxxxxxx0.000003,0.000000,0.000000,0.000311,0.000318
B,ka100_req73,27,xxxxxxxxxxxxxxxx0.000004,0.000000,0.000000,0.000193,0.000249
B,ka100_req74,27,xxxxxxxxxxxxxxxx0.000004,0.000000,0.000000,0.000207,0.000213
B,ka100_req75,27,xxxxxxxxxxxxxxxx0.000003,0.000000,0.000000,0.000242,0.000250
B,ka100_req76,27,xxxxxxxxxxxxxxxx0.000004,0.000000,0.000000,0.000235,0.000288
B,ka100_req77,27,xxxxxxxxxxxxxxxx0.000003,0.000000,0.000000,0.000226,0.000235
B,ka100_req78,27,xxxxxxxxxxxxxxxx0.000004,0.000000,0.000000,0.000241,0.000264
B,ka100_req79,27,xxxxxxxxxxxxxxxx0.000004,0.000000,0.000000,0.000276,0.000284
B,ka100_req80,27,xxxxxxxxxxxxxxxx0.000004,0.000000,0.000000,0.000218,0.000253
B,ka100_req81,27,xxxxxxxxxxxxxxxx0.000004,0.000000,0.000000,0.000241,0.000249
B,ka100_req82,27,xxxxxxxxxxxxxxxx0.000003,0.000000,0.000000,0.000277,0.000317
B,ka100_req83,27,xxxxxxxxxxxxxxxx0.000004,0.000000,0.000000,0.000249,0.000255
B,ka100_req84,27,xxxxxxxxxxxxxxxx0.000003,0.000000,0.000000,0.000213,0.000219
B,ka100_req85,27,xxxxxxxxxxxxxxxx0.000003,0.000000,0.000000,0.000261,0.000267
B,ka100_req86,27,xxxxxxxxxxxxxxxx0.000003,0.000000,0.000000,0.000245,0.000252
B,ka100_req87,27,xxxxxxxxxxxxxxxx0.000004,0.000000,0.000000,0.000252,0.000259
B,ka100_req88,27,xxxxxxxxxxxxxxxx0.000004,0.000000,0.000000,0.000247,0.000253
B,ka100_req89,27,xxxxxxxxxxxxxxxx0.000003,0.000000,0.000000,0.000276,0.000283
B,ka100_req90,27,xxxxxxxxxxxxxxxx0.000003,0.000000,0.000000,0.000261,0.000307
B,ka100_req91,27,xxxxxxxxxxxxxxxx0.000005,0.000000,0.000000,0.000253,0.000259
B,ka100_req92,27,xxxxxxxxxxxxxxxx0.000003,0.000000,0.000000,0.000282,0.000288
B,ka100_req93,27,xxxxxxxxxxxxxxxx0.000004,0.000000,0.000000,0.000245,0.000254
B,ka100_req94,27,xxxxxxxxxxxxxxxx0.000004,0.000000,0.000000,0.000227,0.000233
B,ka100_req95,27,xxxxxxxxxxxxxxxx0.000003,0.000000,0.000000,0.000210,0.000216
B,ka100_req96,27,xxxxxxxxxxxxxxxx0.000003,0.000000,0.000000,0.000239,0.000283
B,ka100_req97,27,xxxxxxxxxxxxxxxx0.000003,0.000000,0.000000,0.000296,0.000304
B,ka100_req98,27,xxxxxxxxxxxxxxxx0.000004,0.000000,0.000000,0.000229,0.000270
B,ka100_req99,27,xxxxxxxxxxxxxxxx0.000002,0.000000,0.000000,0.000188,0.000195
B,ka100_req100,27,xxxxxxxxxxxxxxxx0.000003,0.000000,0.000000,0.000247,0.000256
B,ka100_req1,28,0.000008,0.000044,0.013995,0.014955,0.014982
B,ka100_req2,28,xxxxxxxxxxxxxxxx0.000007,0.000000,0.000000,0.000249,0.000256
B,ka100_req3,28,xxxxxxxxxxxxxxxx0.000004,0.000000,0.000000,0.000268,0.000278
B,ka100_req4,28,xxxxxxxxxxxxxxxx0.000007,0.000000,0.000000,0.000267,0.000273
B,ka100_req5,28,xxxxxxxxxxxxxxxx0.000004,0.000000,0.000000,0.000263,0.000274
B,ka100_req6,28,xxxxxxxxxxxxxxxx0.000007,0.000000,0.000000,0.000279,0.000286
B,ka100_req7,28,xxxxxxxxxxxxxxxx0.000004,0.000000,0.000000,0.000264,0.000270
B,ka100_req8,28,xxxxxxxxxxxxxxxx0.000005,0.000000,0.000000,0.000255,0.000267
B,ka100_req9,28,xxxxxxxxxxxxxxxx0.000006,0.000000,0.000000,0.000257,0.000264
B,ka100_req10,28,xxxxxxxxxxxxxxxx0.000003,0.000000,0.000000,0.000230,0.000293
B,ka100_req11,28,xxxxxxxxxxxxxxxx0.000003,0.000000,0.000000,0.000233,0.000270
B,ka100_req12,28,xxxxxxxxxxxxxxxx0.000005,0.000000,0.000000,0.000270,0.000278
B,ka100_req13,28,xxxxxxxxxxxxxxxx0.000004,0.000000,0.000000,0.000235,0.000242
B,ka100_req14,28,xxxxxxxxxxxxxxxx0.000003,0.000000,0.000000,0.000234,0.000240
B,ka100_req15,28,xxxxxxxxxxxxxxxx0.000003,0.000000,0.000000,0.000182,0.000227
B,ka100_req16,28,xxxxxxxxxxxxxxxx0.000004,0.000000,0.000000,0.000282,0.000288
B,ka100_req17,28,xxxxxxxxxxxxxxxx0.000004,0.000000,0.000000,0.000275,0.000283
B,ka100_req18,28,xxxxxxxxxxxxxxxx0.000004,0.000000,0.000000,0.000276,0.000283
B,ka100_req19,28,xxxxxxxxxxxxxxxx0.000004,0.000000,0.000000,0.000261,0.000269
B,ka100_req20,28,xxxxxxxxxxxxxxxx0.000004,0.000000,0.000000,0.000340,0.000347
B,ka100_req21,28,xxxxxxxxxxxxxxxx0.000003,0.000000,0.000000,0.000277,0.000283
B,ka100_req22,28,xxxxxxxxxxxxxxxx0.000004,0.000000,0.000000,0.000299,0.000307
B,ka100_req23,28,xxxxxxxxxxxxxxxx0.000003,0.000000,0.000000,0.000189,0.000242
B,ka100_req24,28,xxxxxxxxxxxxxxxx0.000003,0.000000,0.000000,0.000275,0.000283
B,ka100_req25,28,xxxxxxxxxxxxxxxx0.000004,0.000000,0.000000,0.000270,0.000276
B,ka100_req26,28,xxxxxxxxxxxxxxxx0.000004,0.000000,0.000000,0.000219,0.000259
B,ka100_req27,28,xxxxxxxxxxxxxxxx0.000005,0.000000,0.000000,0.000232,0.000239
B,ka100_req28,28,xxxxxxxxxxxxxxxx0.000003,0.000000,0.000000,0.000280,0.000288
B,ka100_req29,28,xxxxxxxxxxxxxxxx0.000004,0.000000,0.000000,0.000217,0.000249
B,ka100_req30,28,xxxxxxxxxxxxxxxx0.000004,0.000000,0.000000,0.000277,0.000285
B,ka100_req31,28,xxxxxxxxxxxxxxxx0.000003,0.000000,0.000000,0.000252,0.000257
B,ka100_req32,28,xxxxxxxxxxxxxxxx0.000003,0.000000,0.000000,0.000206,0.000212
B,ka100_req33,28,xxxxxxxxxxxxxxxx0.000003,0.000000,0.000000,0.000274,0.000315
B,ka100_req34,28,xxxxxxxxxxxxxxxx0.000003,0.000000,0.000000,0.000253,0.000307
B,ka100_req35,28,xxxxxxxxxxxxxxxx0.000004,0.000000,0.000000,0.000213,0.000250
B,ka100_req36,28,xxxxxxxxxxxxxxxx0.000003,0.000000,0.000000,0.000288,0.000296
B,ka100_req37,28,xxxxxxxxxxxxxxxx0.000003,0.000000,0.000000,0.000263,0.000270
B,ka100_req38,28,xxxxxxxxxxxxxxxx0.000003,0.000000,0.000000,0.000249,0.000285
B,ka100_req39,28,xxxxxxxxxxxxxxxx0.000003,0.000000,0.000000,0.000233,0.000239
B,ka100_req40,28,xxxxxxxxxxxxxxxx0.000003,0.000000,0.000000,0.000260,0.000268
B,ka100_req41,28,xxxxxxxxxxxxxxxx0.000003,0.000000,0.000000,0.000240,0.000246
B,ka100_req42,28,xxxxxxxxxxxxxxxx0.000004,0.000000,0.000000,0.000286,0.000294
B,ka100_req43,28,xxxxxxxxxxxxxxxx0.000003,0.000000,0.000000,0.000210,0.000217
B,ka100_req44,28,xxxxxxxxxxxxxxxx0.000003,0.000000,0.000000,0.000201,0.000208
B,ka100_req45,28,xxxxxxxxxxxxxxxx0.000003,0.000000,0.000000,0.000271,0.000276
B,ka100_req46,28,xxxxxxxxxxxxxxxx0.000003,0.000000,0.000000,0.000222,0.000228
B,ka100_req47,28,xxxxxxxxxxxxxxxx0.000003,0.000000,0.000000,0.000237,0.000243
B,ka100_req48,28,xxxxxxxxxxxxxxxx0.000003,0.000000,0.000000,0.000245,0.000250
B,ka100_req49,28,xxxxxxxxxxxxxxxx0.000003,0.000000,0.000000,0.000242,0.000247
B,ka100_req50,28,xxxxxxxxxxxxxxxx0.000003,0.000000,0.000000,0.000237,0.000280
B,ka100_req51,28,xxxxxxxxxxxxxxxx0.000004,0.000000,0.000000,0.000238,0.000289
B,ka100_req52,28,xxxxxxxxxxxxxxxx0.000003,0.000000,0.000000,0.000247,0.000252
B,ka100_req53,28,xxxxxxxxxxxxxxxx0.000003,0.000000,0.000000,0.000227,0.000256
B,ka100_req54,28,xxxxxxxxxxxxxxxx0.000003,0.000000,0.000000,0.000217,0.000229
B,ka100_req55,28,xxxxxxxxxxxxxxxx0.000003,0.000000,0.000000,0.000229,0.000241
B,ka100_req56,28,xxxxxxxxxxxxxxxx0.000003,0.000000,0.000000,0.000258,0.000263
B,ka100_req57,28,xxxxxxxxxxxxxxxx0.000003,0.000000,0.000000,0.000237,0.000244
B,ka100_req58,28,xxxxxxxxxxxxxxxx0.000004,0.000000,0.000000,0.000256,0.000289
B,ka100_req59,28,xxxxxxxxxxxxxxxx0.000003,0.000000,0.000000,0.000260,0.000267
B,ka100_req60,28,xxxxxxxxxxxxxxxx0.000003,0.000000,0.000000,0.000211,0.000260
B,ka100_req61,28,xxxxxxxxxxxxxxxx0.000004,0.000000,0.000000,0.000215,0.000220
B,ka100_req62,28,xxxxxxxxxxxxxxxx0.000003,0.000000,0.000000,0.000232,0.000238
B,ka100_req63,28,xxxxxxxxxxxxxxxx0.000003,0.000000,0.000000,0.000200,0.000207
B,ka100_req64,28,xxxxxxxxxxxxxxxx0.000004,0.000000,0.000000,0.000264,0.000287
B,ka100_req65,28,xxxxxxxxxxxxxxxx0.000004,0.000000,0.000000,0.000234,0.000284
B,ka100_req66,28,xxxxxxxxxxxxxxxx0.000003,0.000000,0.000000,0.000266,0.000273
B,ka100_req67,28,xxxxxxxxxxxxxxxx0.000003,0.000000,0.000000,0.000228,0.000237
B,ka100_req68,28,xxxxxxxxxxxxxxxx0.000004,0.000000,0.000000,0.000263,0.000269
B,ka100_req69,28,xxxxxxxxxxxxxxxx0.000003,0.000000,0.000000,0.000195,0.000230
B,ka100_req70,28,xxxxxxxxxxxxxxxx0.000004,0.000000,0.000000,0.000244,0.000285
B,ka100_req71,28,xxxxxxxxxxxxxxxx0.000004,0.000000,0.000000,0.000251,0.000256
B,ka100_req72,28,xxxxxxxxxxxxxxxx0.000003,0.000000,0.000000,0.000233,0.000269
B,ka100_req73,28,xxxxxxxxxxxxxxxx0.000004,0.000000,0.000000,0.000253,0.000260
B,ka100_req74,28,xxxxxxxxxxxxxxxx0.000003,0.000000,0.000000,0.000292,0.000301
B,ka100_req75,28,xxxxxxxxxxxxxxxx0.000004,0.000000,0.000000,0.000229,0.000234
B,ka100_req76,28,xxxxxxxxxxxxxxxx0.000003,0.000000,0.000000,0.000204,0.000233
B,ka100_req77,28,xxxxxxxxxxxxxxxx0.000003,0.000000,0.000000,0.000245,0.000253
B,ka100_req78,28,xxxxxxxxxxxxxxxx0.000003,0.000000,0.000000,0.000230,0.000236
B,ka100_req79,28,xxxxxxxxxxxxxxxx0.000003,0.000000,0.000000,0.000207,0.000212
B,ka100_req80,28,xxxxxxxxxxxxxxxx0.000003,0.000000,0.000000,0.000212,0.000218
B,ka100_req81,28,xxxxxxxxxxxxxxxx0.000003,0.000000,0.000000,0.000235,0.000244
B,ka100_req82,28,xxxxxxxxxxxxxxxx0.000004,0.000000,0.000000,0.000255,0.000262
B,ka100_req83,28,xxxxxxxxxxxxxxxx0.000004,0.000000,0.000000,0.000229,0.000235
B,ka100_req84,28,xxxxxxxxxxxxxxxx0.000003,0.000000,0.000000,0.000243,0.000249
B,ka100_req85,28,xxxxxxxxxxxxxxxx0.000003,0.000000,0.000000,0.000212,0.000258
B,ka100_req86,28,xxxxxxxxxxxxxxxx0.000003,0.000000,0.000000,0.000270,0.000278
B,ka100_req87,28,xxxxxxxxxxxxxxxx0.000004,0.000000,0.000000,0.000279,0.000286
B,ka100_req88,28,xxxxxxxxxxxxxxxx0.000004,0.000000,0.000000,0.000232,0.000272
B,ka100_req89,28,xxxxxxxxxxxxxxxx0.000004,0.000000,0.000000,0.000242,0.000292
B,ka100_req90,28,xxxxxxxxxxxxxxxx0.000004,0.000000,0.000000,0.000276,0.000281
B,ka100_req91,28,xxxxxxxxxxxxxxxx0.000003,0.000000,0.000000,0.000243,0.000250
B,ka100_req92,28,xxxxxxxxxxxxxxxx0.000004,0.000000,0.000000,0.000233,0.000240
B,ka100_req93,28,xxxxxxxxxxxxxxxx0.000004,0.000000,0.000000,0.000228,0.000270
B,ka100_req94,28,xxxxxxxxxxxxxxxx0.000003,0.000000,0.000000,0.000224,0.000231
B,ka100_req95,28,xxxxxxxxxxxxxxxx0.000003,0.000000,0.000000,0.000231,0.000238
B,ka100_req96,28,xxxxxxxxxxxxxxxx0.000003,0.000000,0.000000,0.000226,0.000263
B,ka100_req97,28,xxxxxxxxxxxxxxxx0.000004,0.000000,0.000000,0.000254,0.000298
B,ka100_req98,28,xxxxxxxxxxxxxxxx0.000003,0.000000,0.000000,0.000279,0.000286
B,ka100_req99,28,xxxxxxxxxxxxxxxx0.000004,0.000000,0.000000,0.000228,0.000259
B,ka100_req100,28,xxxxxxxxxxxxxxxx0.000003,0.000000,0.000000,0.000230,0.000236
B,ka100_req1,29,0.000011,0.000048,0.013596,0.014389,0.014412
B,ka100_req2,29,xxxxxxxxxxxxxxxx0.000007,0.000000,0.000000,0.000236,0.000244
B,ka100_req3,29,xxxxxxxxxxxxxxxx0.000005,0.000000,0.000000,0.000283,0.000294
B,ka100_req4,29,xxxxxxxxxxxxxxxx0.000005,0.000000,0.000000,0.000286,0.000292
B,ka100_req5,29,xxxxxxxxxxxxxxxx0.000004,0.000000,0.000000,0.000268,0.000277
B,ka100_req6,29,xxxxxxxxxxxxxxxx0.000005,0.000000,0.000000,0.000269,0.000276
B,ka100_req7,29,xxxxxxxxxxxxxxxx0.000003,0.000000,0.000000,0.000312,0.000320
B,ka100_req8,29,xxxxxxxxxxxxxxxx0.000005,0.000000,0.000000,0.000244,0.000282
B,ka100_req9,29,xxxxxxxxxxxxxxxx0.000004,0.000000,0.000000,0.000272,0.000277
B,ka100_req10,29,xxxxxxxxxxxxxxxx0.000004,0.000000,0.000000,0.000254,0.000287
B,ka100_req11,29,xxxxxxxxxxxxxxxx0.000003,0.000000,0.000000,0.000305,0.000313
B,ka100_req12,29,xxxxxxxxxxxxxxxx0.000004,0.000000,0.000000,0.000300,0.000312
B,ka100_req13,29,xxxxxxxxxxxxxxxx0.000003,0.000000,0.000000,0.000296,0.000302
B,ka100_req14,29,xxxxxxxxxxxxxxxx0.000003,0.000000,0.000000,0.000246,0.000286
B,ka100_req15,29,xxxxxxxxxxxxxxxx0.000003,0.000000,0.000000,0.000269,0.000276
B,ka100_req16,29,xxxxxxxxxxxxxxxx0.000005,0.000000,0.000000,0.000266,0.000273
B,ka100_req17,29,xxxxxxxxxxxxxxxx0.000005,0.000000,0.000000,0.000235,0.000274
B,ka100_req18,29,xxxxxxxxxxxxxxxx0.000004,0.000000,0.000000,0.000257,0.000265
B,ka100_req19,29,xxxxxxxxxxxxxxxx0.000005,0.000000,0.000000,0.000261,0.000268
B,ka100_req20,29,xxxxxxxxxxxxxxxx0.000003,0.000000,0.000000,0.000252,0.000259
B,ka100_req21,29,xxxxxxxxxxxxxxxx0.000004,0.000000,0.000000,0.000273,0.000280
B,ka100_req22,29,xxxxxxxxxxxxxxxx0.000003,0.000000,0.000000,0.000253,0.000261
B,ka100_req23,29,xxxxxxxxxxxxxxxx0.000003,0.000000,0.000000,0.000262,0.000269
B,ka100_req24,29,xxxxxxxxxxxxxxxx0.000004,0.000000,0.000000,0.000250,0.000258
B,ka100_req25,29,xxxxxxxxxxxxxxxx0.000003,0.000000,0.000000,0.000267,0.000273
B,ka100_req26,29,xxxxxxxxxxxxxxxx0.000003,0.000000,0.000000,0.000289,0.000296
B,ka100_req27,29,xxxxxxxxxxxxxxxx0.000004,0.000000,0.000000,0.000272,0.000280
B,ka100_req28,29,xxxxxxxxxxxxxxxx0.000003,0.000000,0.000000,0.000232,0.000276
B,ka100_req29,29,xxxxxxxxxxxxxxxx0.000003,0.000000,0.000000,0.000231,0.000271
B,ka100_req30,29,xxxxxxxxxxxxxxxx0.000004,0.000000,0.000000,0.000258,0.000265
B,ka100_req31,29,xxxxxxxxxxxxxxxx0.000003,0.000000,0.000000,0.000205,0.000212
B,ka100_req32,29,xxxxxxxxxxxxxxxx0.000003,0.000000,0.000000,0.000207,0.000247
B,ka100_req33,29,xxxxxxxxxxxxxxxx0.000004,0.000000,0.000000,0.000217,0.000223
B,ka100_req34,29,xxxxxxxxxxxxxxxx0.000003,0.000000,0.000000,0.000266,0.000273
B,ka100_req35,29,xxxxxxxxxxxxxxxx0.000003,0.000000,0.000000,0.000246,0.000252
B,ka100_req36,29,xxxxxxxxxxxxxxxx0.000003,0.000000,0.000000,0.000283,0.000290
B,ka100_req37,29,xxxxxxxxxxxxxxxx0.000004,0.000000,0.000000,0.000249,0.000255
B,ka100_req38,29,xxxxxxxxxxxxxxxx0.000003,0.000000,0.000000,0.000219,0.000277
B,ka100_req39,29,xxxxxxxxxxxxxxxx0.000004,0.000000,0.000000,0.000252,0.000286
B,ka100_req40,29,xxxxxxxxxxxxxxxx0.000005,0.000000,0.000000,0.000263,0.000270
B,ka100_req41,29,xxxxxxxxxxxxxxxx0.000003,0.000000,0.000000,0.000238,0.000277
B,ka100_req42,29,xxxxxxxxxxxxxxxx0.000003,0.000000,0.000000,0.000269,0.000276
B,ka100_req43,29,xxxxxxxxxxxxxxxx0.000003,0.000000,0.000000,0.000254,0.000260
B,ka100_req44,29,xxxxxxxxxxxxxxxx0.000004,0.000000,0.000000,0.000240,0.000251
B,ka100_req45,29,xxxxxxxxxxxxxxxx0.000003,0.000000,0.000000,0.000231,0.000237
B,ka100_req46,29,xxxxxxxxxxxxxxxx0.000004,0.000000,0.000000,0.000223,0.000276
B,ka100_req47,29,xxxxxxxxxxxxxxxx0.000004,0.000000,0.000000,0.000262,0.000269
B,ka100_req48,29,xxxxxxxxxxxxxxxx0.000003,0.000000,0.000000,0.000205,0.000271
B,ka100_req49,29,xxxxxxxxxxxxxxxx0.000003,0.000000,0.000000,0.000250,0.000257
B,ka100_req50,29,xxxxxxxxxxxxxxxx0.000003,0.000000,0.000000,0.000234,0.000256
B,ka100_req51,29,xxxxxxxxxxxxxxxx0.000003,0.000000,0.000000,0.000235,0.000240
B,ka100_req52,29,xxxxxxxxxxxxxxxx0.000003,0.000000,0.000000,0.000248,0.000255
B,ka100_req53,29,xxxxxxxxxxxxxxxx0.000003,0.000000,0.000000,0.000208,0.000237
B,ka100_req54,29,xxxxxxxxxxxxxxxx0.000003,0.000000,0.000000,0.000234,0.000241
B,ka100_req55,29,xxxxxxxxxxxxxxxx0.000003,0.000000,0.000000,0.000239,0.000251
B,ka100_req56,29,xxxxxxxxxxxxxxxx0.000003,0.000000,0.000000,0.000203,0.000256
B,ka100_req57,29,xxxxxxxxxxxxxxxx0.000004,0.000000,0.000000,0.000262,0.000286
B,ka100_req58,29,xxxxxxxxxxxxxxxx0.000004,0.000000,0.000000,0.000193,0.000198
B,ka100_req59,29,xxxxxxxxxxxxxxxx0.000003,0.000000,0.000000,0.000246,0.000311
B,ka100_req60,29,xxxxxxxxxxxxxxxx0.000003,0.000000,0.000000,0.000235,0.000240
B,ka100_req61,29,xxxxxxxxxxxxxxxx0.000003,0.000000,0.000000,0.000233,0.000253
B,ka100_req62,29,xxxxxxxxxxxxxxxx0.000003,0.000000,0.000000,0.000365,0.000372
B,ka100_req63,29,xxxxxxxxxxxxxxxx0.000003,0.000000,0.000000,0.000281,0.000288
B,ka100_req64,29,xxxxxxxxxxxxxxxx0.000004,0.000000,0.000000,0.000246,0.000253
B,ka100_req65,29,xxxxxxxxxxxxxxxx0.000003,0.000000,0.000000,0.000236,0.000242
B,ka100_req66,29,xxxxxxxxxxxxxxxx0.000003,0.000000,0.000000,0.000199,0.000244
B,ka100_req67,29,xxxxxxxxxxxxxxxx0.000005,0.000000,0.000000,0.000245,0.000252
B,ka100_req68,29,xxxxxxxxxxxxxxxx0.000004,0.000000,0.000000,0.000299,0.000305
B,ka100_req69,29,xxxxxxxxxxxxxxxx0.000003,0.000000,0.000000,0.000212,0.000223
B,ka100_req70,29,xxxxxxxxxxxxxxxx0.000003,0.000000,0.000000,0.000237,0.000250
B,ka100_req71,29,xxxxxxxxxxxxxxxx0.000004,0.000000,0.000000,0.000247,0.000253
B,ka100_req72,29,xxxxxxxxxxxxxxxx0.000004,0.000000,0.000000,0.000246,0.000290
B,ka100_req73,29,xxxxxxxxxxxxxxxx0.000004,0.000000,0.000000,0.000273,0.000279
B,ka100_req74,29,xxxxxxxxxxxxxxxx0.000004,0.000000,0.000000,0.000251,0.000259
B,ka100_req75,29,xxxxxxxxxxxxxxxx0.000003,0.000000,0.000000,0.000262,0.000304
B,ka100_req76,29,xxxxxxxxxxxxxxxx0.000003,0.000000,0.000000,0.000230,0.000268
B,ka100_req77,29,xxxxxxxxxxxxxxxx0.000003,0.000000,0.000000,0.000255,0.000262
B,ka100_req78,29,xxxxxxxxxxxxxxxx0.000004,0.000000,0.000000,0.000226,0.000264
B,ka100_req79,29,xxxxxxxxxxxxxxxx0.000004,0.000000,0.000000,0.000210,0.000276
B,ka100_req80,29,xxxxxxxxxxxxxxxx0.000003,0.000000,0.000000,0.000261,0.000269
B,ka100_req81,29,xxxxxxxxxxxxxxxx0.000003,0.000000,0.000000,0.000253,0.000261
B,ka100_req82,29,xxxxxxxxxxxxxxxx0.000003,0.000000,0.000000,0.000265,0.000271
B,ka100_req83,29,xxxxxxxxxxxxxxxx0.000004,0.000000,0.000000,0.000259,0.000265
B,ka100_req84,29,xxxxxxxxxxxxxxxx0.000003,0.000000,0.000000,0.000219,0.000264
B,ka100_req85,29,xxxxxxxxxxxxxxxx0.000004,0.000000,0.000000,0.000223,0.000282
B,ka100_req86,29,xxxxxxxxxxxxxxxx0.000004,0.000000,0.000000,0.000241,0.000280
B,ka100_req87,29,xxxxxxxxxxxxxxxx0.000004,0.000000,0.000000,0.000259,0.000265
B,ka100_req88,29,xxxxxxxxxxxxxxxx0.000004,0.000000,0.000000,0.000233,0.000257
B,ka100_req89,29,xxxxxxxxxxxxxxxx0.000004,0.000000,0.000000,0.000223,0.000229
B,ka100_req90,29,xxxxxxxxxxxxxxxx0.000004,0.000000,0.000000,0.000239,0.000246
B,ka100_req91,29,xxxxxxxxxxxxxxxx0.000004,0.000000,0.000000,0.000225,0.000257
B,ka100_req92,29,xxxxxxxxxxxxxxxx0.000003,0.000000,0.000000,0.000223,0.000267
B,ka100_req93,29,xxxxxxxxxxxxxxxx0.000003,0.000000,0.000000,0.000305,0.000311
B,ka100_req94,29,xxxxxxxxxxxxxxxx0.000003,0.000000,0.000000,0.000246,0.000253
B,ka100_req95,29,xxxxxxxxxxxxxxxx0.000003,0.000000,0.000000,0.000270,0.000307
B,ka100_req96,29,xxxxxxxxxxxxxxxx0.000003,0.000000,0.000000,0.000242,0.000250
B,ka100_req97,29,xxxxxxxxxxxxxxxx0.000004,0.000000,0.000000,0.000234,0.000267
B,ka100_req98,29,xxxxxxxxxxxxxxxx0.000003,0.000000,0.000000,0.000229,0.000274
B,ka100_req99,29,xxxxxxxxxxxxxxxx0.000005,0.000000,0.000000,0.000266,0.000272
B,ka100_req100,29,xxxxxxxxxxxxxxxx0.000003,0.000000,0.000000,0.000272,0.000280
B,ka100_req1,30,0.000008,0.000041,0.014031,0.014859,0.014881
B,ka100_req2,30,xxxxxxxxxxxxxxxx0.000006,0.000000,0.000000,0.000243,0.000250
B,ka100_req3,30,xxxxxxxxxxxxxxxx0.000004,0.000000,0.000000,0.000259,0.000270
B,ka100_req4,30,xxxxxxxxxxxxxxxx0.000008,0.000000,0.000000,0.000237,0.000245
B,ka100_req5,30,xxxxxxxxxxxxxxxx0.000005,0.000000,0.000000,0.000229,0.000238
B,ka100_req6,30,xxxxxxxxxxxxxxxx0.000008,0.000000,0.000000,0.000259,0.000266
B,ka100_req7,30,xxxxxxxxxxxxxxxx0.000003,0.000000,0.000000,0.000251,0.000258
B,ka100_req8,30,xxxxxxxxxxxxxxxx0.000004,0.000000,0.000000,0.000257,0.000311
B,ka100_req9,30,xxxxxxxxxxxxxxxx0.000003,0.000000,0.000000,0.000293,0.000299
B,ka100_req10,30,xxxxxxxxxxxxxxxx0.000003,0.000000,0.000000,0.000253,0.000263
B,ka100_req11,30,xxxxxxxxxxxxxxxx0.000005,0.000000,0.000000,0.000336,0.000343
B,ka100_req12,30,xxxxxxxxxxxxxxxx0.000003,0.000000,0.000000,0.000286,0.000297
B,ka100_req13,30,xxxxxxxxxxxxxxxx0.000007,0.000000,0.000000,0.000245,0.000298
B,ka100_req14,30,xxxxxxxxxxxxxxxx0.000005,0.000000,0.000000,0.000290,0.000298
B,ka100_req15,30,xxxxxxxxxxxxxxxx0.000004,0.000000,0.000000,0.000240,0.000247
B,ka100_req16,30,xxxxxxxxxxxxxxxx0.000003,0.000000,0.000000,0.000236,0.000265
B,ka100_req17,30,xxxxxxxxxxxxxxxx0.000004,0.000000,0.000000,0.000255,0.000299
B,ka100_req18,30,xxxxxxxxxxxxxxxx0.000003,0.000000,0.000000,0.000233,0.000241
B,ka100_req19,30,xxxxxxxxxxxxxxxx0.000004,0.000000,0.000000,0.000266,0.000273
B,ka100_req20,30,xxxxxxxxxxxxxxxx0.000004,0.000000,0.000000,0.000266,0.000309
B,ka100_req21,30,xxxxxxxxxxxxxxxx0.000003,0.000000,0.000000,0.000298,0.000304
B,ka100_req22,30,xxxxxxxxxxxxxxxx0.000003,0.000000,0.000000,0.000264,0.000270
B,ka100_req23,30,xxxxxxxxxxxxxxxx0.000003,0.000000,0.000000,0.000271,0.000278
B,ka100_req24,30,xxxxxxxxxxxxxxxx0.000004,0.000000,0.000000,0.000226,0.000231
B,ka100_req25,30,xxxxxxxxxxxxxxxx0.000004,0.000000,0.000000,0.000258,0.000287
B,ka100_req26,30,xxxxxxxxxxxxxxxx0.000004,0.000000,0.000000,0.000230,0.000236
B,ka100_req27,30,xxxxxxxxxxxxxxxx0.000004,0.000000,0.000000,0.000280,0.000287
B,ka100_req28,30,xxxxxxxxxxxxxxxx0.000003,0.000000,0.000000,0.000237,0.000282
B,ka100_req29,30,xxxxxxxxxxxxxxxx0.000003,0.000000,0.000000,0.000240,0.000246
B,ka100_req30,30,xxxxxxxxxxxxxxxx0.000003,0.000000,0.000000,0.000237,0.000252
B,ka100_req31,30,xxxxxxxxxxxxxxxx0.000004,0.000000,0.000000,0.000237,0.000242
B,ka100_req32,30,xxxxxxxxxxxxxxxx0.000003,0.000000,0.000000,0.000225,0.000231
B,ka100_req33,30,xxxxxxxxxxxxxxxx0.000003,0.000000,0.000000,0.000216,0.000256
B,ka100_req34,30,xxxxxxxxxxxxxxxx0.000004,0.000000,0.000000,0.000252,0.000258
B,ka100_req35,30,xxxxxxxxxxxxxxxx0.000003,0.000000,0.000000,0.000218,0.000229
B,ka100_req36,30,xxxxxxxxxxxxxxxx0.000003,0.000000,0.000000,0.000259,0.000266
B,ka100_req37,30,xxxxxxxxxxxxxxxx0.000004,0.000000,0.000000,0.000241,0.000283
B,ka100_req38,30,xxxxxxxxxxxxxxxx0.000004,0.000000,0.000000,0.000252,0.000264
B,ka100_req39,30,xxxxxxxxxxxxxxxx0.000003,0.000000,0.000000,0.000241,0.000247
B,ka100_req40,30,xxxxxxxxxxxxxxxx0.000003,0.000000,0.000000,0.000250,0.000259
B,ka100_req41,30,xxxxxxxxxxxxxxxx0.000004,0.000000,0.000000,0.000213,0.000219
B,ka100_req42,30,xxxxxxxxxxxxxxxx0.000003,0.000000,0.000000,0.000214,0.000243
B,ka100_req43,30,xxxxxxxxxxxxxxxx0.000003,0.000000,0.000000,0.000242,0.000249
B,ka100_req44,30,xxxxxxxxxxxxxxxx0.000004,0.000000,0.000000,0.000251,0.000258
B,ka100_req45,30,xxxxxxxxxxxxxxxx0.000004,0.000000,0.000000,0.000241,0.000246
B,ka100_req46,30,xxxxxxxxxxxxxxxx0.000003,0.000000,0.000000,0.000270,0.000313
B,ka100_req47,30,xxxxxxxxxxxxxxxx0.000005,0.000000,0.000000,0.000255,0.000262
B,ka100_req48,30,xxxxxxxxxxxxxxxx0.000003,0.000000,0.000000,0.000255,0.000262
B,ka100_req49,30,xxxxxxxxxxxxxxxx0.000004,0.000000,0.000000,0.000296,0.000301
B,ka100_req50,30,xxxxxxxxxxxxxxxx0.000003,0.000000,0.000000,0.000239,0.000250
B,ka100_req51,30,xxxxxxxxxxxxxxxx0.000003,0.000000,0.000000,0.000260,0.000303
B,ka100_req52,30,xxxxxxxxxxxxxxxx0.000003,0.000000,0.000000,0.000206,0.000247
B,ka100_req53,30,xxxxxxxxxxxxxxxx0.000004,0.000000,0.000000,0.000236,0.000284
B,ka100_req54,30,xxxxxxxxxxxxxxxx0.000003,0.000000,0.000000,0.000294,0.000334
B,ka100_req55,30,xxxxxxxxxxxxxxxx0.000004,0.000000,0.000000,0.000245,0.000273
B,ka100_req56,30,xxxxxxxxxxxxxxxx0.000003,0.000000,0.000000,0.000229,0.000236
B,ka100_req57,30,xxxxxxxxxxxxxxxx0.000004,0.000000,0.000000,0.000298,0.000303
B,ka100_req58,30,xxxxxxxxxxxxxxxx0.000003,0.000000,0.000000,0.000209,0.000270
B,ka100_req59,30,xxxxxxxxxxxxxxxx0.000004,0.000000,0.000000,0.000257,0.000263
B,ka100_req60,30,xxxxxxxxxxxxxxxx0.000003,0.000000,0.000000,0.000297,0.000305
B,ka100_req61,30,xxxxxxxxxxxxxxxx0.000003,0.000000,0.000000,0.000202,0.000208
B,ka100_req62,30,xxxxxxxxxxxxxxxx0.000003,0.000000,0.000000,0.000250,0.000291
B,ka100_req63,30,xxxxxxxxxxxxxxxx0.000003,0.000000,0.000000,0.000213,0.000266
B,ka100_req64,30,xxxxxxxxxxxxxxxx0.000003,0.000000,0.000000,0.000266,0.000271
B,ka100_req65,30,xxxxxxxxxxxxxxxx0.000004,0.000000,0.000000,0.000202,0.000207
B,ka100_req66,30,xxxxxxxxxxxxxxxx0.000003,0.000000,0.000000,0.000203,0.000209
B,ka100_req67,30,xxxxxxxxxxxxxxxx0.000003,0.000000,0.000000,0.000221,0.000226
B,ka100_req68,30,xxxxxxxxxxxxxxxx0.000003,0.000000,0.000000,0.000287,0.000294
B,ka100_req69,30,xxxxxxxxxxxxxxxx0.000003,0.000000,0.000000,0.000243,0.000251
B,ka100_req70,30,xxxxxxxxxxxxxxxx0.000004,0.000000,0.000000,0.000211,0.000218
B,ka100_req71,30,xxxxxxxxxxxxxxxx0.000003,0.000000,0.000000,0.000240,0.000247
B,ka100_req72,30,xxxxxxxxxxxxxxxx0.000003,0.000000,0.000000,0.000199,0.000217
B,ka100_req73,30,xxxxxxxxxxxxxxxx0.000003,0.000000,0.000000,0.000242,0.000248
B,ka100_req74,30,xxxxxxxxxxxxxxxx0.000003,0.000000,0.000000,0.000264,0.000271
B,ka100_req75,30,xxxxxxxxxxxxxxxx0.000003,0.000000,0.000000,0.000256,0.000263
B,ka100_req76,30,xxxxxxxxxxxxxxxx0.000003,0.000000,0.000000,0.000242,0.000249
B,ka100_req77,30,xxxxxxxxxxxxxxxx0.000003,0.000000,0.000000,0.000199,0.000234
B,ka100_req78,30,xxxxxxxxxxxxxxxx0.000003,0.000000,0.000000,0.000215,0.000238
B,ka100_req79,30,xxxxxxxxxxxxxxxx0.000004,0.000000,0.000000,0.000222,0.000251
B,ka100_req80,30,xxxxxxxxxxxxxxxx0.000003,0.000000,0.000000,0.000251,0.000256
B,ka100_req81,30,xxxxxxxxxxxxxxxx0.000003,0.000000,0.000000,0.000338,0.000344
B,ka100_req82,30,xxxxxxxxxxxxxxxx0.000003,0.000000,0.000000,0.000222,0.000228
B,ka100_req83,30,xxxxxxxxxxxxxxxx0.000004,0.000000,0.000000,0.000221,0.000272
B,ka100_req84,30,xxxxxxxxxxxxxxxx0.000003,0.000000,0.000000,0.000197,0.000203
B,ka100_req85,30,xxxxxxxxxxxxxxxx0.000003,0.000000,0.000000,0.000286,0.000294
B,ka100_req86,30,xxxxxxxxxxxxxxxx0.000003,0.000000,0.000000,0.000266,0.000273
B,ka100_req87,30,xxxxxxxxxxxxxxxx0.000004,0.000000,0.000000,0.000218,0.000231
B,ka100_req88,30,xxxxxxxxxxxxxxxx0.000003,0.000000,0.000000,0.000234,0.000283
B,ka100_req89,30,xxxxxxxxxxxxxxxx0.000004,0.000000,0.000000,0.000235,0.000240
B,ka100_req90,30,xxxxxxxxxxxxxxxx0.000002,0.000000,0.000000,0.000242,0.000249
B,ka100_req91,30,xxxxxxxxxxxxxxxx0.000003,0.000000,0.000000,0.000264,0.000270
B,ka100_req92,30,xxxxxxxxxxxxxxxx0.000003,0.000000,0.000000,0.000254,0.000261
B,ka100_req93,30,xxxxxxxxxxxxxxxx0.000003,0.000000,0.000000,0.000286,0.000293
B,ka100_req94,30,xxxxxxxxxxxxxxxx0.000004,0.000000,0.000000,0.000230,0.000235
B,ka100_req95,30,xxxxxxxxxxxxxxxx0.000003,0.000000,0.000000,0.000243,0.000249
B,ka100_req96,30,xxxxxxxxxxxxxxxx0.000003,0.000000,0.000000,0.000256,0.000294
B,ka100_req97,30,xxxxxxxxxxxxxxxx0.000004,0.000000,0.000000,0.000253,0.000258
B,ka100_req98,30,xxxxxxxxxxxxxxxx0.000004,0.000000,0.000000,0.000285,0.000291
B,ka100_req99,30,xxxxxxxxxxxxxxxx0.000005,0.000000,0.000000,0.000254,0.000261
B,ka100_req100,30,xxxxxxxxxxxxxxxx0.000003,0.000000,0.000000,0.000230,0.000238
