C,resp_1k,1,0.000019,0.000111,0.019576,0.021136,0.061516
C,resp_1k,2,0.000013,0.000057,0.018333,0.019794,0.061058
C,resp_1k,3,0.000013,0.000058,0.019183,0.021062,0.064591
C,resp_1k,4,0.000013,0.000059,0.019477,0.021395,0.065312
C,resp_1k,5,0.000013,0.000069,0.019623,0.021598,0.061982
C,resp_1k,6,0.000012,0.000053,0.017972,0.019857,0.063045
C,resp_1k,7,0.000011,0.000064,0.018387,0.019786,0.063857
C,resp_1k,8,0.000012,0.000054,0.019248,0.020901,0.064974
C,resp_1k,9,0.000014,0.000074,0.020322,0.022380,0.064203
C,resp_1k,10,0.000015,0.000082,0.020079,0.021856,0.062377
C,resp_1k,11,0.000015,0.000065,0.019430,0.021038,0.061722
C,resp_1k,12,0.000014,0.000072,0.019365,0.021361,0.062366
C,resp_1k,13,0.000014,0.000063,0.019215,0.021088,0.061719
C,resp_1k,14,0.000011,0.000056,0.019055,0.020766,0.061943
C,resp_1k,15,0.000012,0.000047,0.019103,0.020925,0.062658
C,resp_1k,16,0.000013,0.000047,0.019132,0.020786,0.064740
C,resp_1k,17,0.000013,0.000056,0.019438,0.021313,0.064223
C,resp_1k,18,0.000013,0.000050,0.019164,0.020857,0.061815
C,resp_1k,19,0.000012,0.000050,0.019438,0.021048,0.064659
C,resp_1k,20,0.000012,0.000064,0.019728,0.020965,0.065351
C,resp_1k,21,0.000012,0.000046,0.019792,0.021498,0.064047
C,resp_1k,22,0.000012,0.000045,0.019417,0.021060,0.064746
C,resp_1k,23,0.000013,0.000045,0.019841,0.021160,0.062049
C,resp_1k,24,0.000012,0.000051,0.019670,0.021876,0.064890
C,resp_1k,25,0.000011,0.000047,0.019416,0.021038,0.064749
C,resp_1k,26,0.000015,0.000071,0.019954,0.021743,0.062120
C,resp_1k,27,0.000012,0.000084,0.017322,0.062281,0.062326
C,resp_1k,28,0.000010,0.000053,0.016163,0.060944,0.060977
C,resp_1k,29,0.000010,0.000048,0.016861,0.018218,0.059292
C,resp_1k,30,0.000012,0.000053,0.017390,0.018839,0.061799
C,req_1k,1,0.000018,0.000160,0.018184,0.019951,0.063979
C,req_1k,2,0.000012,0.000060,0.019078,0.021175,0.064525
C,req_1k,3,0.000013,0.000055,0.019322,0.021105,0.062549
C,req_1k,4,0.000013,0.000064,0.019227,0.021290,0.062346
C,req_1k,5,0.000011,0.000045,0.019026,0.020712,0.062026
C,req_1k,6,0.000013,0.000048,0.018635,0.020344,0.064605
C,req_1k,7,0.000012,0.000046,0.019147,0.020474,0.064816
C,req_1k,8,0.000012,0.000045,0.019812,0.021440,0.064988
C,req_1k,9,0.000012,0.000045,0.019612,0.020726,0.063046
C,req_1k,10,0.000012,0.000049,0.019822,0.021607,0.064698
C,req_1k,11,0.000012,0.000044,0.019649,0.021345,0.063703
C,req_1k,12,0.000012,0.000046,0.019725,0.021497,0.065694
C,req_1k,13,0.000013,0.000044,0.019893,0.021554,0.065019
C,req_1k,14,0.000013,0.000081,0.021735,0.065034,0.065088
C,req_1k,15,0.000015,0.000076,0.019500,0.021402,0.063048
C,req_1k,16,0.000013,0.000060,0.019323,0.021092,0.062231
C,req_1k,17,0.000012,0.000058,0.019239,0.020861,0.065187
C,req_1k,18,0.000012,0.000051,0.019691,0.021160,0.062749
C,req_1k,19,0.000012,0.000054,0.019145,0.020890,0.063329
C,req_1k,20,0.000014,0.000065,0.019649,0.021498,0.063810
C,req_1k,21,0.000012,0.000054,0.019656,0.021929,0.064192
C,req_1k,22,0.000012,0.000045,0.019874,0.021615,0.065778
C,req_1k,23,0.000013,0.000076,0.020886,0.023006,0.066392
C,req_1k,24,0.000012,0.000047,0.020372,0.021995,0.065900
C,req_1k,25,0.000015,0.005145,0.037329,0.078683,0.078727
C,req_1k,26,0.000014,0.000118,0.024897,0.066033,0.066073
C,req_1k,27,0.000010,0.000062,0.017570,0.019420,0.060727
C,req_1k,28,0.000010,0.000069,0.020552,0.022156,0.062574
C,req_1k,29,0.000012,0.000089,0.017623,0.058400,0.058435
C,req_1k,30,0.000017,0.000081,0.017321,0.018814,0.060679
C,resp_100k,1,0.000010,0.000069,0.017568,0.019217,0.019989
C,resp_100k,2,0.000010,0.000091,0.016522,0.018581,0.019077
C,resp_100k,3,0.000010,0.000062,0.016828,0.018444,0.019212
C,resp_100k,4,0.000010,0.000077,0.016799,0.018485,0.019212
C,resp_100k,5,0.000010,0.000060,0.016442,0.018163,0.018536
C,resp_100k,6,0.000012,0.000053,0.014478,0.015884,0.016502
C,resp_100k,7,0.000012,0.000054,0.015205,0.016642,0.017224
C,resp_100k,8,0.000010,0.000061,0.016313,0.018756,0.019378
C,resp_100k,9,0.000010,0.000068,0.022693,0.024509,0.025111
C,resp_100k,10,0.000010,0.000070,0.017586,0.019514,0.020103
C,resp_100k,11,0.000010,0.000064,0.014704,0.016431,0.016964
C,resp_100k,12,0.000008,0.000046,0.014781,0.016730,0.017236
C,resp_100k,13,0.000009,0.000042,0.013507,0.015134,0.015705
C,resp_100k,14,0.000007,0.000034,0.013421,0.015259,0.015826
C,resp_100k,15,0.000007,0.000032,0.014268,0.015789,0.018655
C,resp_100k,16,0.000009,0.000062,0.013741,0.015379,0.015934
C,resp_100k,17,0.000007,0.000043,0.013596,0.015362,0.015817
C,resp_100k,18,0.000007,0.000036,0.013736,0.015568,0.016161
C,resp_100k,19,0.000008,0.000040,0.013361,0.014813,0.015311
C,resp_100k,20,0.000007,0.000029,0.013243,0.014874,0.015350
C,resp_100k,21,0.000009,0.000042,0.013275,0.014836,0.015309
C,resp_100k,22,0.000008,0.000039,0.013403,0.014896,0.015320
C,resp_100k,23,0.000007,0.000034,0.013227,0.014416,0.014871
C,resp_100k,24,0.000007,0.000029,0.013289,0.014878,0.015340
C,resp_100k,25,0.000007,0.000028,0.013200,0.014757,0.015229
C,resp_100k,26,0.000007,0.000026,0.013304,0.014846,0.015354
C,resp_100k,27,0.000007,0.000031,0.013103,0.014292,0.014782
C,resp_100k,28,0.000007,0.000029,0.013194,0.014964,0.015336
C,resp_100k,29,0.000008,0.000029,0.013134,0.014531,0.015006
C,resp_100k,30,0.000007,0.000029,0.013320,0.014708,0.015150
C,req_100k,1,0.000007,0.000029,0.013514,0.013549,0.060303
C,req_100k,2,0.000010,0.000036,0.015625,0.015653,0.058745
C,req_100k,3,0.000009,0.000038,0.016891,0.016934,0.063201
C,req_100k,4,0.000012,0.000060,0.018720,0.018757,0.062290
C,req_100k,5,0.000013,0.000066,0.019701,0.019736,0.063092
C,req_100k,6,0.000012,0.000060,0.018796,0.018826,0.061760
C,req_100k,7,0.000013,0.000058,0.019389,0.019426,0.065953
C,req_100k,8,0.000012,0.000066,0.019526,0.019558,0.062105
C,req_100k,9,0.000012,0.000049,0.019509,0.019543,0.065592
C,req_100k,10,0.000013,0.000050,0.019572,0.019603,0.064682
C,req_100k,11,0.000013,0.000053,0.019634,0.019668,0.066386
C,req_100k,12,0.000012,0.000049,0.019766,0.019799,0.066443
C,req_100k,13,0.000013,0.000053,0.020355,0.020386,0.062871
C,req_100k,14,0.000012,0.000048,0.019345,0.019376,0.065176
C,req_100k,15,0.000012,0.000050,0.020052,0.020083,0.065950
C,req_100k,16,0.000012,0.000057,0.019355,0.019387,0.062449
C,req_100k,17,0.000013,0.000058,0.017711,0.017749,0.063328
C,req_100k,18,0.000014,0.000057,0.018375,0.018407,0.064758
C,req_100k,19,0.000012,0.000046,0.018690,0.018722,0.064808
C,req_100k,20,0.000016,0.000075,0.019389,0.019424,0.065609
C,req_100k,21,0.000013,0.000063,0.019493,0.019525,0.065605
C,req_100k,22,0.000013,0.000055,0.020501,0.020535,0.063543
C,req_100k,23,0.000013,0.000050,0.018976,0.019008,0.063611
C,req_100k,24,0.000013,0.000051,0.019367,0.019398,0.062149
C,req_100k,25,0.000012,0.000052,0.019584,0.019615,0.062109
C,req_100k,26,0.000013,0.000064,0.019383,0.019421,0.066280
C,req_100k,27,0.000014,0.000057,0.019195,0.019241,0.065354
C,req_100k,28,0.000012,0.000058,0.019686,0.019720,0.065065
C,req_100k,29,0.000012,0.000049,0.019815,0.019848,0.066351
C,req_100k,30,0.000012,0.000043,0.019666,0.019697,0.061638
C,resp_1024k,1,0.000013,0.000050,0.019525,0.020948,0.026200
C,resp_1024k,2,0.000010,0.000042,0.015832,0.017138,0.021591
C,resp_1024k,3,0.000010,0.000044,0.014453,0.015816,0.020357
C,resp_1024k,4,0.000008,0.000036,0.013668,0.015186,0.019496
C,resp_1024k,5,0.000009,0.000040,0.013291,0.014979,0.019286
C,resp_1024k,6,0.000008,0.000037,0.013283,0.014664,0.018909
C,resp_1024k,7,0.000008,0.000032,0.013449,0.015082,0.019457
C,resp_1024k,8,0.000011,0.000041,0.013439,0.015026,0.019101
C,resp_1024k,9,0.000008,0.000036,0.013213,0.014944,0.019227
C,resp_1024k,10,0.000008,0.000032,0.013203,0.014861,0.019106
C,resp_1024k,11,0.000008,0.000032,0.013330,0.015055,0.019266
C,resp_1024k,12,0.000008,0.000035,0.013294,0.015042,0.019178
C,resp_1024k,13,0.000008,0.000030,0.013491,0.015100,0.019051
C,resp_1024k,14,0.000007,0.000036,0.013157,0.014817,0.018910
C,resp_1024k,15,0.000008,0.000033,0.013173,0.014667,0.018783
C,resp_1024k,16,0.000007,0.000033,0.013216,0.014877,0.018996
C,resp_1024k,17,0.000008,0.000031,0.013439,0.015137,0.019550
C,resp_1024k,18,0.000007,0.000031,0.013274,0.014946,0.019202
C,resp_1024k,19,0.000007,0.000029,0.013271,0.015037,0.019436
C,resp_1024k,20,0.000008,0.000033,0.013704,0.014992,0.019210
C,resp_1024k,21,0.000008,0.000037,0.013547,0.014736,0.018976
C,resp_1024k,22,0.000009,0.000035,0.013265,0.014573,0.018629
C,resp_1024k,23,0.000008,0.000032,0.013385,0.015146,0.019446
C,resp_1024k,24,0.000008,0.000031,0.013297,0.015062,0.019254
C,resp_1024k,25,0.000008,0.000034,0.013279,0.015248,0.019462
C,resp_1024k,26,0.000007,0.000035,0.013348,0.014775,0.019089
C,resp_1024k,27,0.000008,0.000031,0.013416,0.014983,0.019302
C,resp_1024k,28,0.000007,0.000036,0.013412,0.015330,0.019480
C,resp_1024k,29,0.000007,0.000031,0.013344,0.014967,0.019084
C,resp_1024k,30,0.000008,0.000033,0.013242,0.014800,0.019134
C,req_1024k,1,0.000008,0.000036,0.013502,0.013530,0.060970
C,req_1024k,2,0.000009,0.000040,0.015423,0.015452,0.062528
C,req_1024k,3,0.000011,0.000047,0.016866,0.016907,0.063929
C,req_1024k,4,0.000011,0.000043,0.017623,0.017658,0.064455
C,req_1024k,5,0.000011,0.000053,0.017800,0.017831,0.064050
C,req_1024k,6,0.000011,0.000046,0.018102,0.018132,0.065541
C,req_1024k,7,0.000013,0.000058,0.018425,0.018459,0.065327
C,req_1024k,8,0.000013,0.000060,0.018783,0.018821,0.065609
C,req_1024k,9,0.000014,0.000066,0.018548,0.018582,0.065094
C,req_1024k,10,0.000012,0.000060,0.018542,0.018575,0.065218
C,req_1024k,11,0.000012,0.000050,0.018249,0.018282,0.064659
C,req_1024k,12,0.000013,0.000054,0.018374,0.018405,0.065646
C,req_1024k,13,0.000012,0.000063,0.018197,0.018228,0.064956
C,req_1024k,14,0.000011,0.000050,0.018421,0.018452,0.066410
C,req_1024k,15,0.000011,0.000048,0.017794,0.017825,0.064060
C,req_1024k,16,0.000011,0.000045,0.017708,0.017739,0.063722
C,req_1024k,17,0.000012,0.000053,0.018219,0.018250,0.065367
C,req_1024k,18,0.000012,0.000046,0.018303,0.018338,0.065003
C,req_1024k,19,0.000012,0.000051,0.018074,0.018105,0.063747
C,req_1024k,20,0.000011,0.000047,0.018070,0.018101,0.065231
C,req_1024k,21,0.000011,0.000045,0.018517,0.018549,0.066082
C,req_1024k,22,0.000012,0.000050,0.018831,0.018864,0.064676
C,req_1024k,23,0.000011,0.000051,0.018427,0.018458,0.065470
C,req_1024k,24,0.000012,0.000048,0.018453,0.018486,0.063898
C,req_1024k,25,0.000012,0.000048,0.018290,0.018331,0.064759
C,req_1024k,26,0.000011,0.000046,0.017949,0.017979,0.063734
C,req_1024k,27,0.000011,0.000060,0.018047,0.018078,0.066559
C,req_1024k,28,0.000012,0.000059,0.018417,0.018449,0.065470
C,req_1024k,29,0.000013,0.000054,0.018462,0.018493,0.065538
C,req_1024k,30,0.000014,0.000060,0.018553,0.018584,0.064656
C,resp_10240k,1,0.000012,0.000047,0.018658,0.020438,0.064773
C,resp_10240k,2,0.000008,0.000042,0.013551,0.015399,0.060935
C,resp_10240k,3,0.000008,0.000038,0.013490,0.015367,0.057194
C,resp_10240k,4,0.000008,0.000040,0.013383,0.015216,0.063249
C,resp_10240k,5,0.000010,0.000047,0.014014,0.015382,0.059210
C,resp_10240k,6,0.000009,0.000044,0.014007,0.015386,0.057824
C,resp_10240k,7,0.000009,0.000044,0.013462,0.015628,0.059183
C,resp_10240k,8,0.000010,0.000042,0.013656,0.015408,0.058853
C,resp_10240k,9,0.000009,0.000039,0.013483,0.015107,0.065467
C,resp_10240k,10,0.000009,0.000043,0.013789,0.015478,0.059352
C,resp_10240k,11,0.000009,0.000043,0.013559,0.015131,0.060818
C,resp_10240k,12,0.000008,0.000044,0.014015,0.015806,0.058197
C,resp_10240k,13,0.000009,0.000043,0.013759,0.015102,0.059293
C,resp_10240k,14,0.000009,0.000043,0.013494,0.015095,0.056702
C,resp_10240k,15,0.000009,0.000044,0.014189,0.015637,0.058789
C,resp_10240k,16,0.000009,0.000043,0.013701,0.015183,0.063374
C,resp_10240k,17,0.000009,0.000042,0.013391,0.015236,0.057134
C,resp_10240k,18,0.000009,0.000039,0.013686,0.015290,0.059971
C,resp_10240k,19,0.000009,0.000039,0.013528,0.015308,0.056694
C,resp_10240k,20,0.000009,0.000041,0.013493,0.015293,0.058517
C,resp_10240k,21,0.000009,0.000042,0.014717,0.016322,0.057470
C,resp_10240k,22,0.000009,0.000043,0.013676,0.015388,0.058894
C,resp_10240k,23,0.000010,0.000042,0.013552,0.015168,0.056539
C,resp_10240k,24,0.000009,0.000042,0.013838,0.015680,0.060657
C,resp_10240k,25,0.000009,0.000041,0.013773,0.015309,0.058833
C,resp_10240k,26,0.000009,0.000055,0.013365,0.014706,0.056307
C,resp_10240k,27,0.000009,0.000044,0.013649,0.015354,0.059898
C,resp_10240k,28,0.000020,0.000051,0.013446,0.015169,0.056290
C,resp_10240k,29,0.000009,0.000044,0.013376,0.015138,0.059214
C,resp_10240k,30,0.000009,0.000061,0.013483,0.015108,0.059183
C,req_10240k,1,0.000010,0.000064,0.013812,0.013847,0.095504
C,req_10240k,2,0.000011,0.000071,0.015426,0.015454,0.091532
C,req_10240k,3,0.000012,0.000066,0.015828,0.015858,0.090000
C,req_10240k,4,0.000011,0.000065,0.015357,0.015387,0.091293
C,req_10240k,5,0.000012,0.000072,0.015984,0.016019,0.092651
C,req_10240k,6,0.000011,0.000064,0.015294,0.015324,0.088688
C,req_10240k,7,0.000012,0.000066,0.015601,0.015631,0.090432
C,req_10240k,8,0.000011,0.000061,0.015415,0.015445,0.090745
C,req_10240k,9,0.000011,0.000065,0.015471,0.015501,0.089659
C,req_10240k,10,0.000011,0.000066,0.015444,0.015473,0.095861
C,req_10240k,11,0.000012,0.000078,0.015211,0.015229,0.089839
C,req_10240k,12,0.000011,0.000065,0.015588,0.015619,0.096626
C,req_10240k,13,0.000011,0.000067,0.015725,0.015751,0.090757
C,req_10240k,14,0.000012,0.000072,0.015543,0.015574,0.087663
C,req_10240k,15,0.000012,0.000061,0.015208,0.015238,0.091616
C,req_10240k,16,0.000010,0.000066,0.015569,0.015599,0.088255
C,req_10240k,17,0.000011,0.000079,0.015473,0.015502,0.090079
C,req_10240k,18,0.000010,0.000068,0.015494,0.015525,0.087829
C,req_10240k,19,0.000011,0.000064,0.015389,0.015420,0.089355
C,req_10240k,20,0.000011,0.000068,0.015671,0.015702,0.087780
C,req_10240k,21,0.000011,0.000064,0.015324,0.015354,0.089148
C,req_10240k,22,0.000011,0.000062,0.015667,0.015699,0.094741
C,req_10240k,23,0.000012,0.000068,0.015152,0.015190,0.088195
C,req_10240k,24,0.000011,0.000063,0.015395,0.015426,0.089668
C,req_10240k,25,0.000011,0.000063,0.015558,0.015591,0.090028
C,req_10240k,26,0.000010,0.000063,0.015341,0.015370,0.093327
C,req_10240k,27,0.000011,0.000065,0.015487,0.015516,0.094649
C,req_10240k,28,0.000011,0.000069,0.015546,0.015576,0.088190
C,req_10240k,29,0.000011,0.000066,0.015432,0.015462,0.093290
C,req_10240k,30,0.000011,0.000066,0.015647,0.015677,0.090044
C,ka1_req1,1,0.000010,0.000045,0.015512,0.016957,0.058420
C,ka1_req1,2,0.000010,0.000043,0.016751,0.018438,0.059151
C,ka1_req1,3,0.000011,0.000047,0.017351,0.018748,0.061953
C,ka1_req1,4,0.000012,0.000051,0.018779,0.020669,0.063271
C,ka1_req1,5,0.000024,0.000059,0.019119,0.020800,0.063125
C,ka1_req1,6,0.000013,0.000066,0.019076,0.020801,0.065142
C,ka1_req1,7,0.000013,0.000050,0.019695,0.021397,0.062221
C,ka1_req1,8,0.000012,0.000044,0.019924,0.021622,0.063283
C,ka1_req1,9,0.000014,0.000052,0.019572,0.021386,0.063893
C,ka1_req1,10,0.000013,0.000051,0.019356,0.021206,0.062879
C,ka1_req1,11,0.000014,0.000076,0.019897,0.065095,0.065140
C,ka1_req1,12,0.000009,0.000055,0.015032,0.016716,0.057757
C,ka1_req1,13,0.000010,0.000056,0.014729,0.016128,0.056661
C,ka1_req1,14,0.000009,0.000055,0.014604,0.015931,0.056823
C,ka1_req1,15,0.000009,0.000052,0.014425,0.015792,0.056932
C,ka1_req1,16,0.000014,0.000072,0.019460,0.021276,0.065641
C,ka1_req1,17,0.000015,0.000069,0.020290,0.021975,0.065695
C,ka1_req1,18,0.000015,0.000066,0.020565,0.022209,0.065232
C,ka1_req1,19,0.000013,0.000055,0.019827,0.021401,0.065232
C,ka1_req1,20,0.000012,0.000045,0.019441,0.021235,0.064849
C,ka1_req1,21,0.000012,0.000057,0.019427,0.021372,0.064238
C,ka1_req1,22,0.000013,0.000046,0.019661,0.020960,0.062347
C,ka1_req1,23,0.000012,0.000049,0.019470,0.021190,0.062610
C,ka1_req1,24,0.000012,0.000053,0.018049,0.019780,0.060800
C,ka1_req1,25,0.000011,0.000041,0.018701,0.020335,0.060876
C,ka1_req1,26,0.000012,0.000046,0.018865,0.020519,0.064945
C,ka1_req1,27,0.000012,0.000048,0.019552,0.021413,0.062309
C,ka1_req1,28,0.000012,0.000043,0.019524,0.021340,0.062382
C,ka1_req1,29,0.000014,0.000069,0.020564,0.022391,0.063608
C,ka1_req1,30,0.000012,0.000058,0.019434,0.021094,0.064070
C,ka10_req1,1,0.000013,0.000046,0.019388,0.021129,0.064703
C,ka10_req2,1,xxxxxxxxxxxxxxxx0.000010,0.000000,0.000000,0.000809,0.041741
C,ka10_req3,1,xxxxxxxxxxxxxxxx0.000022,0.000000,0.000000,0.001137,0.042047
C,ka10_req4,1,xxxxxxxxxxxxxxxx0.000016,0.000000,0.000000,0.001316,0.045937
C,ka10_req5,1,xxxxxxxxxxxxxxxx0.000021,0.000000,0.000000,0.002664,0.043364
C,ka10_req6,1,xxxxxxxxxxxxxxxx0.000022,0.000000,0.000000,0.003273,0.044372
C,ka10_req7,1,xxxxxxxxxxxxxxxx0.000023,0.000000,0.000000,0.002435,0.043961
C,ka10_req8,1,xxxxxxxxxxxxxxxx0.000023,0.000000,0.000000,0.002444,0.043877
C,ka10_req9,1,xxxxxxxxxxxxxxxx0.000025,0.000000,0.000000,0.002806,0.043441
C,ka10_req10,1,xxxxxxxxxxxxxxxx0.000020,0.000000,0.000000,0.002864,0.044221
C,ka10_req1,2,0.000028,0.000209,0.028698,0.074309,0.074364
C,ka10_req2,2,xxxxxxxxxxxxxxxx0.000019,0.000000,0.000000,0.001339,0.043197
C,ka10_req3,2,xxxxxxxxxxxxxxxx0.000022,0.000000,0.000000,0.002264,0.044020
C,ka10_req4,2,xxxxxxxxxxxxxxxx0.000074,0.000000,0.000000,0.003001,0.046350
C,ka10_req5,2,xxxxxxxxxxxxxxxx0.000032,0.000000,0.000000,0.004143,0.045023
C,ka10_req6,2,xxxxxxxxxxxxxxxx0.000038,0.000000,0.000000,0.003263,0.044627
C,ka10_req7,2,xxxxxxxxxxxxxxxx0.000038,0.000000,0.000000,0.003522,0.044819
C,ka10_req8,2,xxxxxxxxxxxxxxxx0.000030,0.000000,0.000000,0.002944,0.043468
C,ka10_req9,2,xxxxxxxxxxxxxxxx0.000025,0.000000,0.000000,0.002778,0.043911
C,ka10_req10,2,xxxxxxxxxxxxxxxx0.000033,0.000000,0.000000,0.002914,0.044175
C,ka10_req1,3,0.000024,0.000154,0.030015,0.032561,0.075806
C,ka10_req2,3,xxxxxxxxxxxxxxxx0.000017,0.000000,0.000000,0.001405,0.043962
C,ka10_req3,3,xxxxxxxxxxxxxxxx0.000021,0.000000,0.000000,0.002446,0.044289
C,ka10_req4,3,xxxxxxxxxxxxxxxx0.000041,0.000000,0.000000,0.002909,0.043754
C,ka10_req5,3,xxxxxxxxxxxxxxxx0.000036,0.000000,0.000000,0.003266,0.044998
C,ka10_req6,3,xxxxxxxxxxxxxxxx0.000041,0.000000,0.000000,0.003453,0.044223
C,ka10_req7,3,xxxxxxxxxxxxxxxx0.000043,0.000000,0.000000,0.003474,0.044647
C,ka10_req8,3,xxxxxxxxxxxxxxxx0.000039,0.000000,0.000000,0.003258,0.045041
C,ka10_req9,3,xxxxxxxxxxxxxxxx0.000037,0.000000,0.000000,0.003415,0.044594
C,ka10_req10,3,xxxxxxxxxxxxxxxx0.000030,0.000000,0.000000,0.003127,0.043649
C,ka10_req1,4,0.000029,0.000151,0.030597,0.032677,0.073915
C,ka10_req2,4,xxxxxxxxxxxxxxxx0.000013,0.000000,0.000000,0.001316,0.042173
C,ka10_req3,4,xxxxxxxxxxxxxxxx0.000026,0.000000,0.000000,0.002784,0.043591
C,ka10_req4,4,xxxxxxxxxxxxxxxx0.000040,0.000000,0.000000,0.003477,0.044625
C,ka10_req5,4,xxxxxxxxxxxxxxxx0.000038,0.000000,0.000000,0.003705,0.044834
C,ka10_req6,4,xxxxxxxxxxxxxxxx0.000037,0.000000,0.000000,0.003059,0.043666
C,ka10_req7,4,xxxxxxxxxxxxxxxx0.000037,0.000000,0.000000,0.003100,0.045624
C,ka10_req8,4,xxxxxxxxxxxxxxxx0.000037,0.000000,0.000000,0.002909,0.044317
C,ka10_req9,4,xxxxxxxxxxxxxxxx0.000036,0.000000,0.000000,0.003570,0.044699
C,ka10_req10,4,xxxxxxxxxxxxxxxx0.000048,0.000000,0.000000,0.006772,0.047603
C,ka10_req1,5,0.000027,0.000146,0.030515,0.032968,0.074137
C,ka10_req2,5,xxxxxxxxxxxxxxxx0.000018,0.000000,0.000000,0.001175,0.041630
C,ka10_req3,5,xxxxxxxxxxxxxxxx0.000019,0.000000,0.000000,0.002177,0.043038
C,ka10_req4,5,xxxxxxxxxxxxxxxx0.000033,0.000000,0.000000,0.003163,0.044087
C,ka10_req5,5,xxxxxxxxxxxxxxxx0.000034,0.000000,0.000000,0.002860,0.043414
C,ka10_req6,5,xxxxxxxxxxxxxxxx0.000040,0.000000,0.000000,0.003133,0.043732
C,ka10_req7,5,xxxxxxxxxxxxxxxx0.000034,0.000000,0.000000,0.003124,0.044094
C,ka10_req8,5,xxxxxxxxxxxxxxxx0.000097,0.000000,0.000000,0.002947,0.043235
C,ka10_req9,5,xxxxxxxxxxxxxxxx0.000034,0.000000,0.000000,0.003182,0.044660
C,ka10_req10,5,xxxxxxxxxxxxxxxx0.000034,0.000000,0.000000,0.003331,0.044056
C,ka10_req1,6,0.000025,0.000160,0.030189,0.032456,0.075675
C,ka10_req2,6,xxxxxxxxxxxxxxxx0.000016,0.000000,0.000000,0.001144,0.045541
C,ka10_req3,6,xxxxxxxxxxxxxxxx0.000024,0.000000,0.000000,0.002694,0.043384
C,ka10_req4,6,xxxxxxxxxxxxxxxx0.000034,0.000000,0.000000,0.002860,0.044664
C,ka10_req5,6,xxxxxxxxxxxxxxxx0.000020,0.000000,0.000000,0.003172,0.044108
C,ka10_req6,6,xxxxxxxxxxxxxxxx0.000022,0.000000,0.000000,0.002514,0.044216
C,ka10_req7,6,xxxxxxxxxxxxxxxx0.000026,0.000000,0.000000,0.003349,0.044783
C,ka10_req8,6,xxxxxxxxxxxxxxxx0.000036,0.000000,0.000000,0.003085,0.044634
C,ka10_req9,6,xxxxxxxxxxxxxxxx0.000034,0.000000,0.000000,0.003257,0.044593
C,ka10_req10,6,xxxxxxxxxxxxxxxx0.000078,0.000000,0.000000,0.003217,0.044779
C,ka10_req1,7,0.000025,0.000153,0.031213,0.033699,0.075581
C,ka10_req2,7,xxxxxxxxxxxxxxxx0.000017,0.000000,0.000000,0.001297,0.046031
C,ka10_req3,7,xxxxxxxxxxxxxxxx0.000021,0.000000,0.000000,0.002373,0.043084
C,ka10_req4,7,xxxxxxxxxxxxxxxx0.000037,0.000000,0.000000,0.003501,0.045161
C,ka10_req5,7,xxxxxxxxxxxxxxxx0.000028,0.000000,0.000000,0.002710,0.045987
C,ka10_req6,7,xxxxxxxxxxxxxxxx0.000032,0.000000,0.000000,0.003384,0.044225
C,ka10_req7,7,xxxxxxxxxxxxxxxx0.000035,0.000000,0.000000,0.003036,0.043816
C,ka10_req8,7,xxxxxxxxxxxxxxxx0.000036,0.000000,0.000000,0.003210,0.043298
C,ka10_req9,7,xxxxxxxxxxxxxxxx0.000026,0.000000,0.000000,0.002440,0.042958
C,ka10_req10,7,xxxxxxxxxxxxxxxx0.000033,0.000000,0.000000,0.003111,0.043921
C,ka10_req1,8,0.000024,0.000166,0.030874,0.033264,0.076768
C,ka10_req2,8,xxxxxxxxxxxxxxxx0.000018,0.000000,0.000000,0.001359,0.042058
C,ka10_req3,8,xxxxxxxxxxxxxxxx0.000013,0.000000,0.000000,0.000879,0.041906
C,ka10_req4,8,xxxxxxxxxxxxxxxx0.000012,0.000000,0.000000,0.000887,0.041808
C,ka10_req5,8,xxxxxxxxxxxxxxxx0.000009,0.000000,0.000000,0.000963,0.042366
C,ka10_req6,8,xxxxxxxxxxxxxxxx0.000015,0.000000,0.000000,0.001257,0.042812
C,ka10_req7,8,xxxxxxxxxxxxxxxx0.000020,0.000000,0.000000,0.002460,0.043949
C,ka10_req8,8,xxxxxxxxxxxxxxxx0.000041,0.000000,0.000000,0.003187,0.045625
C,ka10_req9,8,xxxxxxxxxxxxxxxx0.000040,0.000000,0.000000,0.003106,0.044265
C,ka10_req10,8,xxxxxxxxxxxxxxxx0.000023,0.000000,0.000000,0.002626,0.043365
C,ka10_req1,9,0.000022,0.000160,0.032195,0.073675,0.073734
C,ka10_req2,9,xxxxxxxxxxxxxxxx0.000015,0.000000,0.000000,0.001199,0.042727
C,ka10_req3,9,xxxxxxxxxxxxxxxx0.000014,0.000000,0.000000,0.002355,0.043023
C,ka10_req4,9,xxxxxxxxxxxxxxxx0.000037,0.000000,0.000000,0.003713,0.044614
C,ka10_req5,9,xxxxxxxxxxxxxxxx0.000040,0.000000,0.000000,0.003522,0.045157
C,ka10_req6,9,xxxxxxxxxxxxxxxx0.000029,0.000000,0.000000,0.003055,0.044459
C,ka10_req7,9,xxxxxxxxxxxxxxxx0.000029,0.000000,0.000000,0.002760,0.044572
C,ka10_req8,9,xxxxxxxxxxxxxxxx0.000038,0.000000,0.000000,0.003640,0.044709
C,ka10_req9,9,xxxxxxxxxxxxxxxx0.000038,0.000000,0.000000,0.003696,0.045239
C,ka10_req10,9,xxxxxxxxxxxxxxxx0.000034,0.000000,0.000000,0.003340,0.044681
C,ka10_req1,10,0.000023,0.000197,0.030863,0.033136,0.076577
C,ka10_req2,10,xxxxxxxxxxxxxxxx0.000021,0.000000,0.000000,0.001348,0.046060
C,ka10_req3,10,xxxxxxxxxxxxxxxx0.000029,0.000000,0.000000,0.002453,0.043077
C,ka10_req4,10,xxxxxxxxxxxxxxxx0.000013,0.000000,0.000000,0.001687,0.045150
C,ka10_req5,10,xxxxxxxxxxxxxxxx0.000041,0.000000,0.000000,0.002394,0.046015
C,ka10_req6,10,xxxxxxxxxxxxxxxx0.000033,0.000000,0.000000,0.003021,0.044373
C,ka10_req7,10,xxxxxxxxxxxxxxxx0.000037,0.000000,0.000000,0.003562,0.044485
C,ka10_req8,10,xxxxxxxxxxxxxxxx0.000038,0.000000,0.000000,0.003890,0.044963
C,ka10_req9,10,xxxxxxxxxxxxxxxx0.000035,0.000000,0.000000,0.003471,0.046269
C,ka10_req10,10,xxxxxxxxxxxxxxxx0.000038,0.000000,0.000000,0.003396,0.044504
C,ka10_req1,11,0.000025,0.000178,0.030193,0.032699,0.074598
C,ka10_req2,11,xxxxxxxxxxxxxxxx0.000014,0.000000,0.000000,0.001287,0.045963
C,ka10_req3,11,xxxxxxxxxxxxxxxx0.000025,0.000000,0.000000,0.002560,0.043923
C,ka10_req4,11,xxxxxxxxxxxxxxxx0.000028,0.000000,0.000000,0.003040,0.043667
C,ka10_req5,11,xxxxxxxxxxxxxxxx0.000027,0.000000,0.000000,0.003211,0.043904
C,ka10_req6,11,xxxxxxxxxxxxxxxx0.000027,0.000000,0.000000,0.003469,0.045480
C,ka10_req7,11,xxxxxxxxxxxxxxxx0.000034,0.000000,0.000000,0.003539,0.045403
C,ka10_req8,11,xxxxxxxxxxxxxxxx0.000032,0.000000,0.000000,0.002849,0.043801
C,ka10_req9,11,xxxxxxxxxxxxxxxx0.000037,0.000000,0.000000,0.005736,0.046205
C,ka10_req10,11,xxxxxxxxxxxxxxxx0.000043,0.000000,0.000000,0.003518,0.044615
C,ka10_req1,12,0.000023,0.000186,0.030166,0.032803,0.073847
C,ka10_req2,12,xxxxxxxxxxxxxxxx0.000015,0.000000,0.000000,0.001298,0.044002
C,ka10_req3,12,xxxxxxxxxxxxxxxx0.000024,0.000000,0.000000,0.002655,0.043762
C,ka10_req4,12,xxxxxxxxxxxxxxxx0.000025,0.000000,0.000000,0.002612,0.043675
C,ka10_req5,12,xxxxxxxxxxxxxxxx0.000011,0.000000,0.000000,0.000886,0.044917
C,ka10_req6,12,xxxxxxxxxxxxxxxx0.000010,0.000000,0.000000,0.000880,0.045799
C,ka10_req7,12,xxxxxxxxxxxxxxxx0.000011,0.000000,0.000000,0.001034,0.043329
C,ka10_req8,12,xxxxxxxxxxxxxxxx0.000017,0.000000,0.000000,0.001420,0.045656
C,ka10_req9,12,xxxxxxxxxxxxxxxx0.000027,0.000000,0.000000,0.002689,0.044196
C,ka10_req10,12,xxxxxxxxxxxxxxxx0.000028,0.000000,0.000000,0.003549,0.044761
C,ka10_req1,13,0.000024,0.000167,0.031028,0.033403,0.076767
C,ka10_req2,13,xxxxxxxxxxxxxxxx0.000018,0.000000,0.000000,0.001405,0.042262
C,ka10_req3,13,xxxxxxxxxxxxxxxx0.000020,0.000000,0.000000,0.001786,0.042949
C,ka10_req4,13,xxxxxxxxxxxxxxxx0.000021,0.000000,0.000000,0.002133,0.042794
C,ka10_req5,13,xxxxxxxxxxxxxxxx0.000051,0.000000,0.000000,0.002363,0.043809
C,ka10_req6,13,xxxxxxxxxxxxxxxx0.000044,0.000000,0.000000,0.003182,0.044090
C,ka10_req7,13,xxxxxxxxxxxxxxxx0.000055,0.000000,0.000000,0.003432,0.044158
C,ka10_req8,13,xxxxxxxxxxxxxxxx0.000025,0.000000,0.000000,0.002802,0.044125
C,ka10_req9,13,xxxxxxxxxxxxxxxx0.000036,0.000000,0.000000,0.003731,0.045454
C,ka10_req10,13,xxxxxxxxxxxxxxxx0.000023,0.000000,0.000000,0.003475,0.045835
C,ka10_req1,14,0.000024,0.000163,0.030667,0.076452,0.076505
C,ka10_req2,14,xxxxxxxxxxxxxxxx0.000018,0.000000,0.000000,0.001380,0.042132
C,ka10_req3,14,xxxxxxxxxxxxxxxx0.000022,0.000000,0.000000,0.002179,0.044378
C,ka10_req4,14,xxxxxxxxxxxxxxxx0.000043,0.000000,0.000000,0.002880,0.044582
C,ka10_req5,14,xxxxxxxxxxxxxxxx0.000039,0.000000,0.000000,0.003662,0.051641
C,ka10_req6,14,xxxxxxxxxxxxxxxx0.000028,0.000000,0.000000,0.004978,0.046135
C,ka10_req7,14,xxxxxxxxxxxxxxxx0.000032,0.000000,0.000000,0.003295,0.045725
C,ka10_req8,14,xxxxxxxxxxxxxxxx0.000036,0.000000,0.000000,0.003163,0.044178
C,ka10_req9,14,xxxxxxxxxxxxxxxx0.000038,0.000000,0.000000,0.003990,0.044371
C,ka10_req10,14,xxxxxxxxxxxxxxxx0.000037,0.000000,0.000000,0.003298,0.043648
C,ka10_req1,15,0.000025,0.000154,0.030625,0.033058,0.075797
C,ka10_req2,15,xxxxxxxxxxxxxxxx0.000019,0.000000,0.000000,0.001451,0.045989
C,ka10_req3,15,xxxxxxxxxxxxxxxx0.000022,0.000000,0.000000,0.002340,0.043198
C,ka10_req4,15,xxxxxxxxxxxxxxxx0.000034,0.000000,0.000000,0.002883,0.043850
C,ka10_req5,15,xxxxxxxxxxxxxxxx0.000036,0.000000,0.000000,0.002939,0.043534
C,ka10_req6,15,xxxxxxxxxxxxxxxx0.000038,0.000000,0.000000,0.003130,0.044685
C,ka10_req7,15,xxxxxxxxxxxxxxxx0.000036,0.000000,0.000000,0.003738,0.045036
C,ka10_req8,15,xxxxxxxxxxxxxxxx0.000031,0.000000,0.000000,0.003518,0.044799
C,ka10_req9,15,xxxxxxxxxxxxxxxx0.000037,0.000000,0.000000,0.003670,0.044754
C,ka10_req10,15,xxxxxxxxxxxxxxxx0.000053,0.000000,0.000000,0.003354,0.045063
C,ka10_req1,16,0.000025,0.000175,0.024439,0.065539,0.065581
C,ka10_req2,16,xxxxxxxxxxxxxxxx0.000009,0.000000,0.000000,0.000983,0.042033
C,ka10_req3,16,xxxxxxxxxxxxxxxx0.000018,0.000000,0.000000,0.001685,0.042950
C,ka10_req4,16,xxxxxxxxxxxxxxxx0.000030,0.000000,0.000000,0.002269,0.043025
C,ka10_req5,16,xxxxxxxxxxxxxxxx0.000029,0.000000,0.000000,0.002068,0.042595
C,ka10_req6,16,xxxxxxxxxxxxxxxx0.000028,0.000000,0.000000,0.003263,0.044394
C,ka10_req7,16,xxxxxxxxxxxxxxxx0.000034,0.000000,0.000000,0.003034,0.044533
C,ka10_req8,16,xxxxxxxxxxxxxxxx0.000047,0.000000,0.000000,0.004234,0.045577
C,ka10_req9,16,xxxxxxxxxxxxxxxx0.000024,0.000000,0.000000,0.002668,0.043559
C,ka10_req10,16,xxxxxxxxxxxxxxxx0.000036,0.000000,0.000000,0.003498,0.044699
C,ka10_req1,17,0.000024,0.000195,0.032108,0.077319,0.077374
C,ka10_req2,17,xxxxxxxxxxxxxxxx0.000017,0.000000,0.000000,0.001648,0.045126
C,ka10_req3,17,xxxxxxxxxxxxxxxx0.000019,0.000000,0.000000,0.002257,0.043277
C,ka10_req4,17,xxxxxxxxxxxxxxxx0.000036,0.000000,0.000000,0.003545,0.044862
C,ka10_req5,17,xxxxxxxxxxxxxxxx0.000039,0.000000,0.000000,0.003057,0.044815
C,ka10_req6,17,xxxxxxxxxxxxxxxx0.000032,0.000000,0.000000,0.002560,0.042997
C,ka10_req7,17,xxxxxxxxxxxxxxxx0.000034,0.000000,0.000000,0.003165,0.045829
C,ka10_req8,17,xxxxxxxxxxxxxxxx0.000054,0.000000,0.000000,0.004069,0.045078
C,ka10_req9,17,xxxxxxxxxxxxxxxx0.000038,0.000000,0.000000,0.003402,0.045044
C,ka10_req10,17,xxxxxxxxxxxxxxxx0.000037,0.000000,0.000000,0.003531,0.044395
C,ka10_req1,18,0.000027,0.000159,0.030373,0.033014,0.074695
C,ka10_req2,18,xxxxxxxxxxxxxxxx0.000019,0.000000,0.000000,0.001500,0.045722
C,ka10_req3,18,xxxxxxxxxxxxxxxx0.000020,0.000000,0.000000,0.002193,0.043393
C,ka10_req4,18,xxxxxxxxxxxxxxxx0.000038,0.000000,0.000000,0.003461,0.044517
C,ka10_req5,18,xxxxxxxxxxxxxxxx0.000033,0.000000,0.000000,0.003188,0.043764
C,ka10_req6,18,xxxxxxxxxxxxxxxx0.000015,0.000000,0.000000,0.001991,0.045562
C,ka10_req7,18,xxxxxxxxxxxxxxxx0.000012,0.000000,0.000000,0.000885,0.042096
C,ka10_req8,18,xxxxxxxxxxxxxxxx0.000008,0.000000,0.000000,0.000935,0.043786
C,ka10_req9,18,xxxxxxxxxxxxxxxx0.000011,0.000000,0.000000,0.001204,0.046088
C,ka10_req10,18,xxxxxxxxxxxxxxxx0.000021,0.000000,0.000000,0.002762,0.044080
C,ka10_req1,19,0.000022,0.000131,0.028114,0.030076,0.073576
C,ka10_req2,19,xxxxxxxxxxxxxxxx0.000015,0.000000,0.000000,0.001118,0.046154
C,ka10_req3,19,xxxxxxxxxxxxxxxx0.000024,0.000000,0.000000,0.002453,0.043057
C,ka10_req4,19,xxxxxxxxxxxxxxxx0.000036,0.000000,0.000000,0.003083,0.043606
C,ka10_req5,19,xxxxxxxxxxxxxxxx0.000033,0.000000,0.000000,0.002834,0.043582
C,ka10_req6,19,xxxxxxxxxxxxxxxx0.000035,0.000000,0.000000,0.002819,0.043718
C,ka10_req7,19,xxxxxxxxxxxxxxxx0.000036,0.000000,0.000000,0.002890,0.043806
C,ka10_req8,19,xxxxxxxxxxxxxxxx0.000032,0.000000,0.000000,0.002773,0.044894
C,ka10_req9,19,xxxxxxxxxxxxxxxx0.000028,0.000000,0.000000,0.004180,0.045047
C,ka10_req10,19,xxxxxxxxxxxxxxxx0.000036,0.000000,0.000000,0.003122,0.045521
C,ka10_req1,20,0.000027,0.000170,0.031463,0.033793,0.074591
C,ka10_req2,20,xxxxxxxxxxxxxxxx0.000014,0.000000,0.000000,0.001167,0.042851
C,ka10_req3,20,xxxxxxxxxxxxxxxx0.000021,0.000000,0.000000,0.002017,0.043843
C,ka10_req4,20,xxxxxxxxxxxxxxxx0.000047,0.000000,0.000000,0.004680,0.046913
C,ka10_req5,20,xxxxxxxxxxxxxxxx0.000037,0.000000,0.000000,0.003247,0.043825
C,ka10_req6,20,xxxxxxxxxxxxxxxx0.000037,0.000000,0.000000,0.003409,0.044465
C,ka10_req7,20,xxxxxxxxxxxxxxxx0.000025,0.000000,0.000000,0.002176,0.042794
C,ka10_req8,20,xxxxxxxxxxxxxxxx0.000030,0.000000,0.000000,0.002954,0.044987
C,ka10_req9,20,xxxxxxxxxxxxxxxx0.000034,0.000000,0.000000,0.003511,0.044907
C,ka10_req10,20,xxxxxxxxxxxxxxxx0.000036,0.000000,0.000000,0.003044,0.043589
C,ka10_req1,21,0.000026,0.000157,0.030408,0.032499,0.073545
C,ka10_req2,21,xxxxxxxxxxxxxxxx0.000014,0.000000,0.000000,0.001198,0.045672
C,ka10_req3,21,xxxxxxxxxxxxxxxx0.000021,0.000000,0.000000,0.002297,0.043056
C,ka10_req4,21,xxxxxxxxxxxxxxxx0.000027,0.000000,0.000000,0.002834,0.043752
C,ka10_req5,21,xxxxxxxxxxxxxxxx0.000038,0.000000,0.000000,0.003093,0.043907
C,ka10_req6,21,xxxxxxxxxxxxxxxx0.000026,0.000000,0.000000,0.002999,0.043587
C,ka10_req7,21,xxxxxxxxxxxxxxxx0.000014,0.000000,0.000000,0.002235,0.042962
C,ka10_req8,21,xxxxxxxxxxxxxxxx0.000029,0.000000,0.000000,0.003020,0.044903
C,ka10_req9,21,xxxxxxxxxxxxxxxx0.000067,0.000000,0.000000,0.003077,0.044426
C,ka10_req10,21,xxxxxxxxxxxxxxxx0.000039,0.000000,0.000000,0.003908,0.045272
C,ka10_req1,22,0.000027,0.000197,0.031541,0.075164,0.075248
C,ka10_req2,22,xxxxxxxxxxxxxxxx0.000019,0.000000,0.000000,0.001703,0.042731
C,ka10_req3,22,xxxxxxxxxxxxxxxx0.000022,0.000000,0.000000,0.002858,0.043920
C,ka10_req4,22,xxxxxxxxxxxxxxxx0.000023,0.000000,0.000000,0.002533,0.043596
C,ka10_req5,22,xxxxxxxxxxxxxxxx0.000029,0.000000,0.000000,0.003758,0.044973
C,ka10_req6,22,xxxxxxxxxxxxxxxx0.000021,0.000000,0.000000,0.002493,0.043976
C,ka10_req7,22,xxxxxxxxxxxxxxxx0.000030,0.000000,0.000000,0.003512,0.045386
C,ka10_req8,22,xxxxxxxxxxxxxxxx0.000021,0.000000,0.000000,0.002286,0.043036
C,ka10_req9,22,xxxxxxxxxxxxxxxx0.000021,0.000000,0.000000,0.002475,0.043744
C,ka10_req10,22,xxxxxxxxxxxxxxxx0.000026,0.000000,0.000000,0.003175,0.043710
C,ka10_req1,23,0.000042,0.000182,0.032139,0.077755,0.077844
C,ka10_req2,23,xxxxxxxxxxxxxxxx0.000041,0.000000,0.000000,0.001900,0.042228
C,ka10_req3,23,xxxxxxxxxxxxxxxx0.000018,0.000000,0.000000,0.001641,0.042033
C,ka10_req4,23,xxxxxxxxxxxxxxxx0.000026,0.000000,0.000000,0.003139,0.043930
C,ka10_req5,23,xxxxxxxxxxxxxxxx0.000025,0.000000,0.000000,0.003376,0.044013
C,ka10_req6,23,xxxxxxxxxxxxxxxx0.000081,0.000000,0.000000,0.003219,0.044572
C,ka10_req7,23,xxxxxxxxxxxxxxxx0.000039,0.000000,0.000000,0.003849,0.044682
C,ka10_req8,23,xxxxxxxxxxxxxxxx0.000032,0.000000,0.000000,0.002970,0.044359
C,ka10_req9,23,xxxxxxxxxxxxxxxx0.000027,0.000000,0.000000,0.003583,0.044651
C,ka10_req10,23,xxxxxxxxxxxxxxxx0.000023,0.000000,0.000000,0.004240,0.046016
C,ka10_req1,24,0.000021,0.000188,0.029035,0.074619,0.074676
C,ka10_req2,24,xxxxxxxxxxxxxxxx0.000015,0.000000,0.000000,0.001419,0.042134
C,ka10_req3,24,xxxxxxxxxxxxxxxx0.000017,0.000000,0.000000,0.002283,0.045713
C,ka10_req4,24,xxxxxxxxxxxxxxxx0.000027,0.000000,0.000000,0.003083,0.043808
C,ka10_req5,24,xxxxxxxxxxxxxxxx0.000028,0.000000,0.000000,0.002791,0.043881
C,ka10_req6,24,xxxxxxxxxxxxxxxx0.000029,0.000000,0.000000,0.003232,0.044169
C,ka10_req7,24,xxxxxxxxxxxxxxxx0.000036,0.000000,0.000000,0.003643,0.044669
C,ka10_req8,24,xxxxxxxxxxxxxxxx0.000028,0.000000,0.000000,0.003082,0.044568
C,ka10_req9,24,xxxxxxxxxxxxxxxx0.000025,0.000000,0.000000,0.003877,0.044290
C,ka10_req10,24,xxxxxxxxxxxxxxxx0.000036,0.000000,0.000000,0.004236,0.044749
C,ka10_req1,25,0.000021,0.000150,0.031255,0.033734,0.077139
C,ka10_req2,25,xxxxxxxxxxxxxxxx0.000015,0.000000,0.000000,0.001251,0.044019
C,ka10_req3,25,xxxxxxxxxxxxxxxx0.000024,0.000000,0.000000,0.002570,0.042985
C,ka10_req4,25,xxxxxxxxxxxxxxxx0.000038,0.000000,0.000000,0.003141,0.044173
C,ka10_req5,25,xxxxxxxxxxxxxxxx0.000040,0.000000,0.000000,0.003665,0.044312
C,ka10_req6,25,xxxxxxxxxxxxxxxx0.000040,0.000000,0.000000,0.003793,0.044695
C,ka10_req7,25,xxxxxxxxxxxxxxxx0.000040,0.000000,0.000000,0.003368,0.044897
C,ka10_req8,25,xxxxxxxxxxxxxxxx0.000041,0.000000,0.000000,0.003134,0.043584
C,ka10_req9,25,xxxxxxxxxxxxxxxx0.000014,0.000000,0.000000,0.002666,0.044296
C,ka10_req10,25,xxxxxxxxxxxxxxxx0.000031,0.000000,0.000000,0.003803,0.045394
C,ka10_req1,26,0.000023,0.000218,0.031133,0.033724,0.076002
C,ka10_req2,26,xxxxxxxxxxxxxxxx0.000018,0.000000,0.000000,0.001603,0.045522
C,ka10_req3,26,xxxxxxxxxxxxxxxx0.000020,0.000000,0.000000,0.002418,0.043265
C,ka10_req4,26,xxxxxxxxxxxxxxxx0.000084,0.000000,0.000000,0.003520,0.045661
C,ka10_req5,26,xxxxxxxxxxxxxxxx0.000036,0.000000,0.000000,0.003088,0.043753
C,ka10_req6,26,xxxxxxxxxxxxxxxx0.000036,0.000000,0.000000,0.003182,0.043487
C,ka10_req7,26,xxxxxxxxxxxxxxxx0.000028,0.000000,0.000000,0.003199,0.043793
C,ka10_req8,26,xxxxxxxxxxxxxxxx0.000041,0.000000,0.000000,0.003178,0.043904
C,ka10_req9,26,xxxxxxxxxxxxxxxx0.000038,0.000000,0.000000,0.003525,0.044575
C,ka10_req10,26,xxxxxxxxxxxxxxxx0.000025,0.000000,0.000000,0.003076,0.043970
C,ka10_req1,27,0.000024,0.000227,0.032224,0.035084,0.075381
C,ka10_req2,27,xxxxxxxxxxxxxxxx0.000018,0.000000,0.000000,0.001291,0.045985
C,ka10_req3,27,xxxxxxxxxxxxxxxx0.000020,0.000000,0.000000,0.002149,0.042852
C,ka10_req4,27,xxxxxxxxxxxxxxxx0.000028,0.000000,0.000000,0.003062,0.044535
C,ka10_req5,27,xxxxxxxxxxxxxxxx0.000036,0.000000,0.000000,0.003091,0.044324
C,ka10_req6,27,xxxxxxxxxxxxxxxx0.000027,0.000000,0.000000,0.002642,0.043651
C,ka10_req7,27,xxxxxxxxxxxxxxxx0.000021,0.000000,0.000000,0.002464,0.042922
C,ka10_req8,27,xxxxxxxxxxxxxxxx0.000036,0.000000,0.000000,0.003415,0.045327
C,ka10_req9,27,xxxxxxxxxxxxxxxx0.000043,0.000000,0.000000,0.003490,0.046058
C,ka10_req10,27,xxxxxxxxxxxxxxxx0.000035,0.000000,0.000000,0.003359,0.045897
C,ka10_req1,28,0.000022,0.000199,0.031243,0.033812,0.077293
C,ka10_req2,28,xxxxxxxxxxxxxxxx0.000017,0.000000,0.000000,0.001390,0.042047
C,ka10_req3,28,xxxxxxxxxxxxxxxx0.000025,0.000000,0.000000,0.003069,0.043924
C,ka10_req4,28,xxxxxxxxxxxxxxxx0.000035,0.000000,0.000000,0.002870,0.044006
C,ka10_req5,28,xxxxxxxxxxxxxxxx0.000077,0.000000,0.000000,0.003734,0.044707
C,ka10_req6,28,xxxxxxxxxxxxxxxx0.000041,0.000000,0.000000,0.004355,0.046197
C,ka10_req7,28,xxxxxxxxxxxxxxxx0.000026,0.000000,0.000000,0.002736,0.044035
C,ka10_req8,28,xxxxxxxxxxxxxxxx0.000015,0.000000,0.000000,0.001755,0.042687
C,ka10_req9,28,xxxxxxxxxxxxxxxx0.000012,0.000000,0.000000,0.001342,0.043013
C,ka10_req10,28,xxxxxxxxxxxxxxxx0.000013,0.000000,0.000000,0.001042,0.043151
C,ka10_req1,29,0.000015,0.000075,0.022675,0.024200,0.068169
C,ka10_req2,29,xxxxxxxxxxxxxxxx0.000013,0.000000,0.000000,0.000946,0.045886
C,ka10_req3,29,xxxxxxxxxxxxxxxx0.000014,0.000000,0.000000,0.001371,0.043422
C,ka10_req4,29,xxxxxxxxxxxxxxxx0.000026,0.000000,0.000000,0.003051,0.043594
C,ka10_req5,29,xxxxxxxxxxxxxxxx0.000037,0.000000,0.000000,0.003270,0.044201
C,ka10_req6,29,xxxxxxxxxxxxxxxx0.000074,0.000000,0.000000,0.002961,0.043434
C,ka10_req7,29,xxxxxxxxxxxxxxxx0.000036,0.000000,0.000000,0.003677,0.045473
C,ka10_req8,29,xxxxxxxxxxxxxxxx0.000038,0.000000,0.000000,0.003451,0.044105
C,ka10_req9,29,xxxxxxxxxxxxxxxx0.000031,0.000000,0.000000,0.003162,0.043692
C,ka10_req10,29,xxxxxxxxxxxxxxxx0.000034,0.000000,0.000000,0.003436,0.043882
C,ka10_req1,30,0.000028,0.000175,0.031450,0.077548,0.077609
C,ka10_req2,30,xxxxxxxxxxxxxxxx0.000019,0.000000,0.000000,0.001690,0.041821
C,ka10_req3,30,xxxxxxxxxxxxxxxx0.000021,0.000000,0.000000,0.001548,0.042126
C,ka10_req4,30,xxxxxxxxxxxxxxxx0.000025,0.000000,0.000000,0.002661,0.043824
C,ka10_req5,30,xxxxxxxxxxxxxxxx0.000035,0.000000,0.000000,0.003580,0.043698
C,ka10_req6,30,xxxxxxxxxxxxxxxx0.000035,0.000000,0.000000,0.003531,0.044323
C,ka10_req7,30,xxxxxxxxxxxxxxxx0.000042,0.000000,0.000000,0.003064,0.044254
C,ka10_req8,30,xxxxxxxxxxxxxxxx0.000035,0.000000,0.000000,0.003051,0.043729
C,ka10_req9,30,xxxxxxxxxxxxxxxx0.000035,0.000000,0.000000,0.003174,0.043784
C,ka10_req10,30,xxxxxxxxxxxxxxxx0.000021,0.000000,0.000000,0.001896,0.043111
C,ka100_req1,1,0.000017,0.000091,0.016191,0.017549,0.057960
C,ka100_req2,1,xxxxxxxxxxxxxxxx0.000010,0.000000,0.000000,0.000914,0.042881
C,ka100_req3,1,xxxxxxxxxxxxxxxx0.000018,0.000000,0.000000,0.001487,0.042961
C,ka100_req4,1,xxxxxxxxxxxxxxxx0.000029,0.000000,0.000000,0.001922,0.044036
C,ka100_req5,1,xxxxxxxxxxxxxxxx0.000028,0.000000,0.000000,0.003223,0.044332
C,ka100_req6,1,xxxxxxxxxxxxxxxx0.000045,0.000000,0.000000,0.003122,0.044419
C,ka100_req7,1,xxxxxxxxxxxxxxxx0.000043,0.000000,0.000000,0.003590,0.044914
C,ka100_req8,1,xxxxxxxxxxxxxxxx0.000033,0.000000,0.000000,0.003421,0.044241
C,ka100_req9,1,xxxxxxxxxxxxxxxx0.000034,0.000000,0.000000,0.002893,0.043982
C,ka100_req10,1,xxxxxxxxxxxxxxxx0.000026,0.000000,0.000000,0.003400,0.045489
C,ka100_req11,1,xxxxxxxxxxxxxxxx0.000034,0.000000,0.000000,0.003257,0.043972
C,ka100_req12,1,xxxxxxxxxxxxxxxx0.000036,0.000000,0.000000,0.002960,0.043824
C,ka100_req13,1,xxxxxxxxxxxxxxxx0.000038,0.000000,0.000000,0.003687,0.044680
C,ka100_req14,1,xxxxxxxxxxxxxxxx0.000034,0.000000,0.000000,0.003446,0.044663
C,ka100_req15,1,xxxxxxxxxxxxxxxx0.000033,0.000000,0.000000,0.003382,0.044370
C,ka100_req16,1,xxxxxxxxxxxxxxxx0.000036,0.000000,0.000000,0.003428,0.045879
C,ka100_req17,1,xxxxxxxxxxxxxxxx0.000032,0.000000,0.000000,0.002962,0.044070
C,ka100_req18,1,xxxxxxxxxxxxxxxx0.000034,0.000000,0.000000,0.002827,0.044309
C,ka100_req19,1,xxxxxxxxxxxxxxxx0.000035,0.000000,0.000000,0.003370,0.044486
C,ka100_req20,1,xxxxxxxxxxxxxxxx0.000061,0.000000,0.000000,0.003389,0.044370
C,ka100_req21,1,xxxxxxxxxxxxxxxx0.000033,0.000000,0.000000,0.003418,0.043804
C,ka100_req22,1,xxxxxxxxxxxxxxxx0.000026,0.000000,0.000000,0.003835,0.044643
C,ka100_req23,1,xxxxxxxxxxxxxxxx0.000011,0.000000,0.000000,0.001087,0.043143
C,ka100_req24,1,xxxxxxxxxxxxxxxx0.000009,0.000000,0.000000,0.001132,0.041623
C,ka100_req25,1,xxxxxxxxxxxxxxxx0.000009,0.000000,0.000000,0.000925,0.045947
C,ka100_req26,1,xxxxxxxxxxxxxxxx0.000015,0.000000,0.000000,0.001319,0.046088
C,ka100_req27,1,xxxxxxxxxxxxxxxx0.000023,0.000000,0.000000,0.002360,0.043329
C,ka100_req28,1,xxxxxxxxxxxxxxxx0.000040,0.000000,0.000000,0.004165,0.046616
C,ka100_req29,1,xxxxxxxxxxxxxxxx0.000039,0.000000,0.000000,0.003719,0.044244
C,ka100_req30,1,xxxxxxxxxxxxxxxx0.000037,0.000000,0.000000,0.003178,0.043864
C,ka100_req31,1,xxxxxxxxxxxxxxxx0.000035,0.000000,0.000000,0.002943,0.045019
C,ka100_req32,1,xxxxxxxxxxxxxxxx0.000031,0.000000,0.000000,0.003100,0.044212
C,ka100_req33,1,xxxxxxxxxxxxxxxx0.000031,0.000000,0.000000,0.002941,0.044756
C,ka100_req34,1,xxxxxxxxxxxxxxxx0.000033,0.000000,0.000000,0.002993,0.044499
C,ka100_req35,1,xxxxxxxxxxxxxxxx0.000027,0.000000,0.000000,0.002626,0.043285
C,ka100_req36,1,xxxxxxxxxxxxxxxx0.000031,0.000000,0.000000,0.003309,0.044372
C,ka100_req37,1,xxxxxxxxxxxxxxxx0.000035,0.000000,0.000000,0.003028,0.044042
C,ka100_req38,1,xxxxxxxxxxxxxxxx0.000033,0.000000,0.000000,0.002875,0.044116
C,ka100_req39,1,xxxxxxxxxxxxxxxx0.000026,0.000000,0.000000,0.003305,0.044770
C,ka100_req40,1,xxxxxxxxxxxxxxxx0.000029,0.000000,0.000000,0.003939,0.044841
C,ka100_req41,1,xxxxxxxxxxxxxxxx0.000034,0.000000,0.000000,0.003426,0.044546
C,ka100_req42,1,xxxxxxxxxxxxxxxx0.000030,0.000000,0.000000,0.002808,0.043841
C,ka100_req43,1,xxxxxxxxxxxxxxxx0.000037,0.000000,0.000000,0.003809,0.045476
C,ka100_req44,1,xxxxxxxxxxxxxxxx0.000041,0.000000,0.000000,0.003810,0.044869
C,ka100_req45,1,xxxxxxxxxxxxxxxx0.000037,0.000000,0.000000,0.003440,0.044291
C,ka100_req46,1,xxxxxxxxxxxxxxxx0.000038,0.000000,0.000000,0.003262,0.044171
C,ka100_req47,1,xxxxxxxxxxxxxxxx0.000027,0.000000,0.000000,0.002934,0.044085
C,ka100_req48,1,xxxxxxxxxxxxxxxx0.000037,0.000000,0.000000,0.003279,0.044825
C,ka100_req49,1,xxxxxxxxxxxxxxxx0.000036,0.000000,0.000000,0.003417,0.044580
C,ka100_req50,1,xxxxxxxxxxxxxxxx0.000035,0.000000,0.000000,0.003702,0.045136
C,ka100_req51,1,xxxxxxxxxxxxxxxx0.000034,0.000000,0.000000,0.003164,0.044273
C,ka100_req52,1,xxxxxxxxxxxxxxxx0.000024,0.000000,0.000000,0.002802,0.045358
C,ka100_req53,1,xxxxxxxxxxxxxxxx0.000035,0.000000,0.000000,0.002953,0.044313
C,ka100_req54,1,xxxxxxxxxxxxxxxx0.000036,0.000000,0.000000,0.003204,0.044721
C,ka100_req55,1,xxxxxxxxxxxxxxxx0.000061,0.000000,0.000000,0.003282,0.044850
C,ka100_req56,1,xxxxxxxxxxxxxxxx0.000033,0.000000,0.000000,0.002782,0.043276
C,ka100_req57,1,xxxxxxxxxxxxxxxx0.000034,0.000000,0.000000,0.003314,0.044107
C,ka100_req58,1,xxxxxxxxxxxxxxxx0.000033,0.000000,0.000000,0.002888,0.044333
C,ka100_req59,1,xxxxxxxxxxxxxxxx0.000037,0.000000,0.000000,0.004188,0.045038
C,ka100_req60,1,xxxxxxxxxxxxxxxx0.000034,0.000000,0.000000,0.003289,0.043631
C,ka100_req61,1,xxxxxxxxxxxxxxxx0.000037,0.000000,0.000000,0.002982,0.043701
C,ka100_req62,1,xxxxxxxxxxxxxxxx0.000031,0.000000,0.000000,0.003187,0.043700
C,ka100_req63,1,xxxxxxxxxxxxxxxx0.000034,0.000000,0.000000,0.002915,0.044115
C,ka100_req64,1,xxxxxxxxxxxxxxxx0.000032,0.000000,0.000000,0.003036,0.043749
C,ka100_req65,1,xxxxxxxxxxxxxxxx0.000037,0.000000,0.000000,0.003625,0.044920
C,ka100_req66,1,xxxxxxxxxxxxxxxx0.000037,0.000000,0.000000,0.003035,0.045192
C,ka100_req67,1,xxxxxxxxxxxxxxxx0.000030,0.000000,0.000000,0.003435,0.044068
C,ka100_req68,1,xxxxxxxxxxxxxxxx0.000026,0.000000,0.000000,0.002839,0.043510
C,ka100_req69,1,xxxxxxxxxxxxxxxx0.000036,0.000000,0.000000,0.003588,0.044998
C,ka100_req70,1,xxxxxxxxxxxxxxxx0.000040,0.000000,0.000000,0.002863,0.043736
C,ka100_req71,1,xxxxxxxxxxxxxxxx0.000037,0.000000,0.000000,0.003694,0.044870
C,ka100_req72,1,xxxxxxxxxxxxxxxx0.000035,0.000000,0.000000,0.003709,0.044494
C,ka100_req73,1,xxxxxxxxxxxxxxxx0.000035,0.000000,0.000000,0.003621,0.044913
C,ka100_req74,1,xxxxxxxxxxxxxxxx0.000034,0.000000,0.000000,0.003582,0.044507
C,ka100_req75,1,xxxxxxxxxxxxxxxx0.000034,0.000000,0.000000,0.002875,0.043999
C,ka100_req76,1,xxxxxxxxxxxxxxxx0.000034,0.000000,0.000000,0.003330,0.044024
C,ka100_req77,1,xxxxxxxxxxxxxxxx0.000033,0.000000,0.000000,0.003119,0.043489
C,ka100_req78,1,xxxxxxxxxxxxxxxx0.000034,0.000000,0.000000,0.003232,0.043778
C,ka100_req79,1,xxxxxxxxxxxxxxxx0.000033,0.000000,0.000000,0.003170,0.044809
C,ka100_req80,1,xxxxxxxxxxxxxxxx0.000033,0.000000,0.000000,0.002885,0.044274
C,ka100_req81,1,xxxxxxxxxxxxxxxx0.000038,0.000000,0.000000,0.003290,0.044232
C,ka100_req82,1,xxxxxxxxxxxxxxxx0.000034,0.000000,0.000000,0.003511,0.044546
C,ka100_req83,1,xxxxxxxxxxxxxxxx0.000026,0.000000,0.000000,0.002826,0.043834
C,ka100_req84,1,xxxxxxxxxxxxxxxx0.000027,0.000000,0.000000,0.003682,0.044936
C,ka100_req85,1,xxxxxxxxxxxxxxxx0.000035,0.000000,0.000000,0.003737,0.045348
C,ka100_req86,1,xxxxxxxxxxxxxxxx0.000034,0.000000,0.000000,0.003554,0.044568
C,ka100_req87,1,xxxxxxxxxxxxxxxx0.000035,0.000000,0.000000,0.003345,0.044373
C,ka100_req88,1,xxxxxxxxxxxxxxxx0.000030,0.000000,0.000000,0.002928,0.043991
C,ka100_req89,1,xxxxxxxxxxxxxxxx0.000035,0.000000,0.000000,0.003552,0.046264
C,ka100_req90,1,xxxxxxxxxxxxxxxx0.000044,0.000000,0.000000,0.003215,0.043890
C,ka100_req91,1,xxxxxxxxxxxxxxxx0.000036,0.000000,0.000000,0.003547,0.044882
C,ka100_req92,1,xxxxxxxxxxxxxxxx0.000033,0.000000,0.000000,0.003234,0.044171
C,ka100_req93,1,xxxxxxxxxxxxxxxx0.000038,0.000000,0.000000,0.003242,0.044446
C,ka100_req94,1,xxxxxxxxxxxxxxxx0.000034,0.000000,0.000000,0.003084,0.043603
C,ka100_req95,1,xxxxxxxxxxxxxxxx0.000035,0.000000,0.000000,0.003322,0.043770
C,ka100_req96,1,xxxxxxxxxxxxxxxx0.000033,0.000000,0.000000,0.003420,0.044244
C,ka100_req97,1,xxxxxxxxxxxxxxxx0.000049,0.000000,0.000000,0.003122,0.044137
C,ka100_req98,1,xxxxxxxxxxxxxxxx0.000031,0.000000,0.000000,0.003211,0.044007
C,ka100_req99,1,xxxxxxxxxxxxxxxx0.000032,0.000000,0.000000,0.003015,0.043532
C,ka100_req100,1,xxxxxxxxxxxxxxxx0.000030,0.000000,0.000000,0.002960,0.044922
C,ka100_req1,2,0.000025,0.000143,0.030724,0.033352,0.075021
C,ka100_req2,2,xxxxxxxxxxxxxxxx0.000019,0.000000,0.000000,0.001298,0.046003
C,ka100_req3,2,xxxxxxxxxxxxxxxx0.000025,0.000000,0.000000,0.002600,0.045184
C,ka100_req4,2,xxxxxxxxxxxxxxxx0.000036,0.000000,0.000000,0.003282,0.044042
C,ka100_req5,2,xxxxxxxxxxxxxxxx0.000040,0.000000,0.000000,0.003156,0.044109
C,ka100_req6,2,xxxxxxxxxxxxxxxx0.000031,0.000000,0.000000,0.002862,0.045458
C,ka100_req7,2,xxxxxxxxxxxxxxxx0.000032,0.000000,0.000000,0.003298,0.044047
C,ka100_req8,2,xxxxxxxxxxxxxxxx0.000032,0.000000,0.000000,0.002838,0.044040
C,ka100_req9,2,xxxxxxxxxxxxxxxx0.000037,0.000000,0.000000,0.003487,0.045036
C,ka100_req10,2,xxxxxxxxxxxxxxxx0.000071,0.000000,0.000000,0.003061,0.043409
C,ka100_req11,2,xxxxxxxxxxxxxxxx0.000026,0.000000,0.000000,0.002600,0.043822
C,ka100_req12,2,xxxxxxxxxxxxxxxx0.000023,0.000000,0.000000,0.002636,0.043991
C,ka100_req13,2,xxxxxxxxxxxxxxxx0.000033,0.000000,0.000000,0.003636,0.045613
C,ka100_req14,2,xxxxxxxxxxxxxxxx0.000035,0.000000,0.000000,0.003154,0.043929
C,ka100_req15,2,xxxxxxxxxxxxxxxx0.000035,0.000000,0.000000,0.003662,0.044335
C,ka100_req16,2,xxxxxxxxxxxxxxxx0.000032,0.000000,0.000000,0.002702,0.043955
C,ka100_req17,2,xxxxxxxxxxxxxxxx0.000029,0.000000,0.000000,0.003494,0.043671
C,ka100_req18,2,xxxxxxxxxxxxxxxx0.000033,0.000000,0.000000,0.003321,0.044212
C,ka100_req19,2,xxxxxxxxxxxxxxxx0.000032,0.000000,0.000000,0.002890,0.043596
C,ka100_req20,2,xxxxxxxxxxxxxxxx0.000031,0.000000,0.000000,0.002900,0.043824
C,ka100_req21,2,xxxxxxxxxxxxxxxx0.000027,0.000000,0.000000,0.002886,0.043755
C,ka100_req22,2,xxxxxxxxxxxxxxxx0.000033,0.000000,0.000000,0.003017,0.043877
C,ka100_req23,2,xxxxxxxxxxxxxxxx0.000032,0.000000,0.000000,0.002726,0.044715
C,ka100_req24,2,xxxxxxxxxxxxxxxx0.000029,0.000000,0.000000,0.002964,0.043894
C,ka100_req25,2,xxxxxxxxxxxxxxxx0.000035,0.000000,0.000000,0.003020,0.044191
C,ka100_req26,2,xxxxxxxxxxxxxxxx0.000026,0.000000,0.000000,0.003095,0.044304
C,ka100_req27,2,xxxxxxxxxxxxxxxx0.000024,0.000000,0.000000,0.002866,0.044158
C,ka100_req28,2,xxxxxxxxxxxxxxxx0.000035,0.000000,0.000000,0.003546,0.044657
C,ka100_req29,2,xxxxxxxxxxxxxxxx0.000037,0.000000,0.000000,0.003568,0.044261
C,ka100_req30,2,xxxxxxxxxxxxxxxx0.000034,0.000000,0.000000,0.002749,0.044052
C,ka100_req31,2,xxxxxxxxxxxxxxxx0.000035,0.000000,0.000000,0.003543,0.044474
C,ka100_req32,2,xxxxxxxxxxxxxxxx0.000030,0.000000,0.000000,0.002547,0.043950
C,ka100_req33,2,xxxxxxxxxxxxxxxx0.000014,0.000000,0.000000,0.002408,0.043233
C,ka100_req34,2,xxxxxxxxxxxxxxxx0.000021,0.000000,0.000000,0.002751,0.045798
C,ka100_req35,2,xxxxxxxxxxxxxxxx0.000036,0.000000,0.000000,0.003094,0.044414
C,ka100_req36,2,xxxxxxxxxxxxxxxx0.000027,0.000000,0.000000,0.003301,0.045657
C,ka100_req37,2,xxxxxxxxxxxxxxxx0.000029,0.000000,0.000000,0.003192,0.043880
C,ka100_req38,2,xxxxxxxxxxxxxxxx0.000033,0.000000,0.000000,0.003157,0.044168
C,ka100_req39,2,xxxxxxxxxxxxxxxx0.000034,0.000000,0.000000,0.003252,0.044291
C,ka100_req40,2,xxxxxxxxxxxxxxxx0.000034,0.000000,0.000000,0.003501,0.044803
C,ka100_req41,2,xxxxxxxxxxxxxxxx0.000034,0.000000,0.000000,0.003311,0.043958
C,ka100_req42,2,xxxxxxxxxxxxxxxx0.000029,0.000000,0.000000,0.002858,0.043499
C,ka100_req43,2,xxxxxxxxxxxxxxxx0.000034,0.000000,0.000000,0.003243,0.043640
C,ka100_req44,2,xxxxxxxxxxxxxxxx0.000031,0.000000,0.000000,0.003003,0.043884
C,ka100_req45,2,xxxxxxxxxxxxxxxx0.000028,0.000000,0.000000,0.003648,0.044912
C,ka100_req46,2,xxxxxxxxxxxxxxxx0.000035,0.000000,0.000000,0.003501,0.044475
C,ka100_req47,2,xxxxxxxxxxxxxxxx0.000037,0.000000,0.000000,0.004158,0.045223
C,ka100_req48,2,xxxxxxxxxxxxxxxx0.000033,0.000000,0.000000,0.003262,0.043817
C,ka100_req49,2,xxxxxxxxxxxxxxxx0.000038,0.000000,0.000000,0.003441,0.044652
C,ka100_req50,2,xxxxxxxxxxxxxxxx0.000035,0.000000,0.000000,0.003166,0.043486
C,ka100_req51,2,xxxxxxxxxxxxxxxx0.000034,0.000000,0.000000,0.002874,0.044392
C,ka100_req52,2,xxxxxxxxxxxxxxxx0.000032,0.000000,0.000000,0.003031,0.044363
C,ka100_req53,2,xxxxxxxxxxxxxxxx0.000034,0.000000,0.000000,0.003233,0.043852
C,ka100_req54,2,xxxxxxxxxxxxxxxx0.000035,0.000000,0.000000,0.003355,0.044879
C,ka100_req55,2,xxxxxxxxxxxxxxxx0.000035,0.000000,0.000000,0.003666,0.044545
C,ka100_req56,2,xxxxxxxxxxxxxxxx0.000033,0.000000,0.000000,0.003005,0.043973
C,ka100_req57,2,xxxxxxxxxxxxxxxx0.000021,0.000000,0.000000,0.002488,0.043856
C,ka100_req58,2,xxxxxxxxxxxxxxxx0.000034,0.000000,0.000000,0.003839,0.044531
C,ka100_req59,2,xxxxxxxxxxxxxxxx0.000037,0.000000,0.000000,0.003841,0.045550
C,ka100_req60,2,xxxxxxxxxxxxxxxx0.000035,0.000000,0.000000,0.003555,0.044108
C,ka100_req61,2,xxxxxxxxxxxxxxxx0.000034,0.000000,0.000000,0.003105,0.044024
C,ka100_req62,2,xxxxxxxxxxxxxxxx0.000026,0.000000,0.000000,0.003075,0.044316
C,ka100_req63,2,xxxxxxxxxxxxxxxx0.000025,0.000000,0.000000,0.003242,0.044286
C,ka100_req64,2,xxxxxxxxxxxxxxxx0.000034,0.000000,0.000000,0.003010,0.044346
C,ka100_req65,2,xxxxxxxxxxxxxxxx0.000035,0.000000,0.000000,0.003139,0.044506
C,ka100_req66,2,xxxxxxxxxxxxxxxx0.000039,0.000000,0.000000,0.003920,0.045156
C,ka100_req67,2,xxxxxxxxxxxxxxxx0.000037,0.000000,0.000000,0.003047,0.045366
C,ka100_req68,2,xxxxxxxxxxxxxxxx0.000034,0.000000,0.000000,0.003378,0.043648
C,ka100_req69,2,xxxxxxxxxxxxxxxx0.000043,0.000000,0.000000,0.003580,0.044744
C,ka100_req70,2,xxxxxxxxxxxxxxxx0.000039,0.000000,0.000000,0.003308,0.043631
C,ka100_req71,2,xxxxxxxxxxxxxxxx0.000020,0.000000,0.000000,0.003851,0.044682
C,ka100_req72,2,xxxxxxxxxxxxxxxx0.000016,0.000000,0.000000,0.002593,0.042983
C,ka100_req73,2,xxxxxxxxxxxxxxxx0.000039,0.000000,0.000000,0.002944,0.043712
C,ka100_req74,2,xxxxxxxxxxxxxxxx0.000030,0.000000,0.000000,0.002891,0.044508
C,ka100_req75,2,xxxxxxxxxxxxxxxx0.000036,0.000000,0.000000,0.003512,0.044424
C,ka100_req76,2,xxxxxxxxxxxxxxxx0.000035,0.000000,0.000000,0.002912,0.044506
C,ka100_req77,2,xxxxxxxxxxxxxxxx0.000048,0.000000,0.000000,0.002771,0.043883
C,ka100_req78,2,xxxxxxxxxxxxxxxx0.000024,0.000000,0.000000,0.002968,0.043546
C,ka100_req79,2,xxxxxxxxxxxxxxxx0.000035,0.000000,0.000000,0.003045,0.044224
C,ka100_req80,2,xxxxxxxxxxxxxxxx0.000034,0.000000,0.000000,0.003190,0.045114
C,ka100_req81,2,xxxxxxxxxxxxxxxx0.000025,0.000000,0.000000,0.003010,0.044350
C,ka100_req82,2,xxxxxxxxxxxxxxxx0.000021,0.000000,0.000000,0.003018,0.043659
C,ka100_req83,2,xxxxxxxxxxxxxxxx0.000035,0.000000,0.000000,0.003641,0.044703
C,ka100_req84,2,xxxxxxxxxxxxxxxx0.000037,0.000000,0.000000,0.002944,0.043694
C,ka100_req85,2,xxxxxxxxxxxxxxxx0.000037,0.000000,0.000000,0.003144,0.044679
C,ka100_req86,2,xxxxxxxxxxxxxxxx0.000025,0.000000,0.000000,0.003445,0.043890
C,ka100_req87,2,xxxxxxxxxxxxxxxx0.000040,0.000000,0.000000,0.003462,0.044661
C,ka100_req88,2,xxxxxxxxxxxxxxxx0.000034,0.000000,0.000000,0.003100,0.043857
C,ka100_req89,2,xxxxxxxxxxxxxxxx0.000036,0.000000,0.000000,0.003898,0.045530
C,ka100_req90,2,xxxxxxxxxxxxxxxx0.000021,0.000000,0.000000,0.003057,0.044031
C,ka100_req91,2,xxxxxxxxxxxxxxxx0.000036,0.000000,0.000000,0.003333,0.043655
C,ka100_req92,2,xxxxxxxxxxxxxxxx0.000031,0.000000,0.000000,0.003319,0.044015
C,ka100_req93,2,xxxxxxxxxxxxxxxx0.000032,0.000000,0.000000,0.005257,0.045915
C,ka100_req94,2,xxxxxxxxxxxxxxxx0.000022,0.000000,0.000000,0.002596,0.045925
C,ka100_req95,2,xxxxxxxxxxxxxxxx0.000024,0.000000,0.000000,0.002629,0.043329
C,ka100_req96,2,xxxxxxxxxxxxxxxx0.000023,0.000000,0.000000,0.003005,0.045355
C,ka100_req97,2,xxxxxxxxxxxxxxxx0.000036,0.000000,0.000000,0.003293,0.049428
C,ka100_req98,2,xxxxxxxxxxxxxxxx0.000026,0.000000,0.000000,0.007256,0.047853
C,ka100_req99,2,xxxxxxxxxxxxxxxx0.000022,0.000000,0.000000,0.002635,0.043385
C,ka100_req100,2,xxxxxxxxxxxxxxxx0.000013,0.000000,0.000000,0.001048,0.041790
C,ka100_req1,3,0.000012,0.000051,0.017441,0.018879,0.060887
C,ka100_req2,3,xxxxxxxxxxxxxxxx0.000010,0.000000,0.000000,0.001072,0.042353
C,ka100_req3,3,xxxxxxxxxxxxxxxx0.000012,0.000000,0.000000,0.001129,0.041851
C,ka100_req4,3,xxxxxxxxxxxxxxxx0.000011,0.000000,0.000000,0.001465,0.041657
C,ka100_req5,3,xxxxxxxxxxxxxxxx0.000020,0.000000,0.000000,0.002407,0.044243
C,ka100_req6,3,xxxxxxxxxxxxxxxx0.000035,0.000000,0.000000,0.002706,0.043977
C,ka100_req7,3,xxxxxxxxxxxxxxxx0.000032,0.000000,0.000000,0.003603,0.044804
C,ka100_req8,3,xxxxxxxxxxxxxxxx0.000061,0.000000,0.000000,0.003364,0.044671
C,ka100_req9,3,xxxxxxxxxxxxxxxx0.000022,0.000000,0.000000,0.003222,0.044064
C,ka100_req10,3,xxxxxxxxxxxxxxxx0.000037,0.000000,0.000000,0.002972,0.044291
C,ka100_req11,3,xxxxxxxxxxxxxxxx0.000026,0.000000,0.000000,0.002819,0.044554
C,ka100_req12,3,xxxxxxxxxxxxxxxx0.000025,0.000000,0.000000,0.002656,0.044007
C,ka100_req13,3,xxxxxxxxxxxxxxxx0.000029,0.000000,0.000000,0.002707,0.044148
C,ka100_req14,3,xxxxxxxxxxxxxxxx0.000034,0.000000,0.000000,0.003928,0.044236
C,ka100_req15,3,xxxxxxxxxxxxxxxx0.000039,0.000000,0.000000,0.003427,0.043832
C,ka100_req16,3,xxxxxxxxxxxxxxxx0.000024,0.000000,0.000000,0.004302,0.045299
C,ka100_req17,3,xxxxxxxxxxxxxxxx0.000026,0.000000,0.000000,0.002520,0.044994
C,ka100_req18,3,xxxxxxxxxxxxxxxx0.000032,0.000000,0.000000,0.003422,0.044170
C,ka100_req19,3,xxxxxxxxxxxxxxxx0.000029,0.000000,0.000000,0.002934,0.044049
C,ka100_req20,3,xxxxxxxxxxxxxxxx0.000037,0.000000,0.000000,0.003132,0.044381
C,ka100_req21,3,xxxxxxxxxxxxxxxx0.000033,0.000000,0.000000,0.002819,0.043914
C,ka100_req22,3,xxxxxxxxxxxxxxxx0.000033,0.000000,0.000000,0.003741,0.045292
C,ka100_req23,3,xxxxxxxxxxxxxxxx0.000023,0.000000,0.000000,0.002179,0.043146
C,ka100_req24,3,xxxxxxxxxxxxxxxx0.000032,0.000000,0.000000,0.002874,0.043702
C,ka100_req25,3,xxxxxxxxxxxxxxxx0.000018,0.000000,0.000000,0.002766,0.044661
C,ka100_req26,3,xxxxxxxxxxxxxxxx0.000036,0.000000,0.000000,0.003627,0.044039
C,ka100_req27,3,xxxxxxxxxxxxxxxx0.000038,0.000000,0.000000,0.003214,0.044456
C,ka100_req28,3,xxxxxxxxxxxxxxxx0.000022,0.000000,0.000000,0.003058,0.044477
C,ka100_req29,3,xxxxxxxxxxxxxxxx0.000035,0.000000,0.000000,0.003526,0.044498
C,ka100_req30,3,xxxxxxxxxxxxxxxx0.000036,0.000000,0.000000,0.003655,0.044574
C,ka100_req31,3,xxxxxxxxxxxxxxxx0.000027,0.000000,0.000000,0.002855,0.043839
C,ka100_req32,3,xxxxxxxxxxxxxxxx0.000023,0.000000,0.000000,0.003045,0.044344
C,ka100_req33,3,xxxxxxxxxxxxxxxx0.000035,0.000000,0.000000,0.003342,0.044475
C,ka100_req34,3,xxxxxxxxxxxxxxxx0.000067,0.000000,0.000000,0.003380,0.044538
C,ka100_req35,3,xxxxxxxxxxxxxxxx0.000034,0.000000,0.000000,0.003545,0.044564
C,ka100_req36,3,xxxxxxxxxxxxxxxx0.000028,0.000000,0.000000,0.003037,0.044068
C,ka100_req37,3,xxxxxxxxxxxxxxxx0.000033,0.000000,0.000000,0.003509,0.044527
C,ka100_req38,3,xxxxxxxxxxxxxxxx0.000032,0.000000,0.000000,0.004355,0.045590
C,ka100_req39,3,xxxxxxxxxxxxxxxx0.000035,0.000000,0.000000,0.003597,0.046055
C,ka100_req40,3,xxxxxxxxxxxxxxxx0.000034,0.000000,0.000000,0.003463,0.045520
C,ka100_req41,3,xxxxxxxxxxxxxxxx0.000037,0.000000,0.000000,0.003699,0.045012
C,ka100_req42,3,xxxxxxxxxxxxxxxx0.000030,0.000000,0.000000,0.003480,0.044728
C,ka100_req43,3,xxxxxxxxxxxxxxxx0.000038,0.000000,0.000000,0.003460,0.044759
C,ka100_req44,3,xxxxxxxxxxxxxxxx0.000032,0.000000,0.000000,0.003547,0.046104
C,ka100_req45,3,xxxxxxxxxxxxxxxx0.000014,0.000000,0.000000,0.003740,0.044298
C,ka100_req46,3,xxxxxxxxxxxxxxxx0.000010,0.000000,0.000000,0.000994,0.042029
C,ka100_req47,3,xxxxxxxxxxxxxxxx0.000009,0.000000,0.000000,0.000977,0.043683
C,ka100_req48,3,xxxxxxxxxxxxxxxx0.000008,0.000000,0.000000,0.001147,0.042180
C,ka100_req49,3,xxxxxxxxxxxxxxxx0.000023,0.000000,0.000000,0.002558,0.043083
C,ka100_req50,3,xxxxxxxxxxxxxxxx0.000034,0.000000,0.000000,0.003658,0.044658
C,ka100_req51,3,xxxxxxxxxxxxxxxx0.000037,0.000000,0.000000,0.004344,0.045052
C,ka100_req52,3,xxxxxxxxxxxxxxxx0.000051,0.000000,0.000000,0.003638,0.045536
C,ka100_req53,3,xxxxxxxxxxxxxxxx0.000023,0.000000,0.000000,0.003169,0.044036
C,ka100_req54,3,xxxxxxxxxxxxxxxx0.000040,0.000000,0.000000,0.003970,0.044281
C,ka100_req55,3,xxxxxxxxxxxxxxxx0.000028,0.000000,0.000000,0.002964,0.044136
C,ka100_req56,3,xxxxxxxxxxxxxxxx0.000024,0.000000,0.000000,0.003152,0.043949
C,ka100_req57,3,xxxxxxxxxxxxxxxx0.000040,0.000000,0.000000,0.004668,0.045186
C,ka100_req58,3,xxxxxxxxxxxxxxxx0.000025,0.000000,0.000000,0.002740,0.045609
C,ka100_req59,3,xxxxxxxxxxxxxxxx0.000016,0.000000,0.000000,0.001664,0.045639
C,ka100_req60,3,xxxxxxxxxxxxxxxx0.000030,0.000000,0.000000,0.002248,0.043504
C,ka100_req61,3,xxxxxxxxxxxxxxxx0.000029,0.000000,0.000000,0.002489,0.043389
C,ka100_req62,3,xxxxxxxxxxxxxxxx0.000015,0.000000,0.000000,0.002288,0.043008
C,ka100_req63,3,xxxxxxxxxxxxxxxx0.000021,0.000000,0.000000,0.002183,0.042994
C,ka100_req64,3,xxxxxxxxxxxxxxxx0.000028,0.000000,0.000000,0.002869,0.044146
C,ka100_req65,3,xxxxxxxxxxxxxxxx0.000036,0.000000,0.000000,0.003786,0.044613
C,ka100_req66,3,xxxxxxxxxxxxxxxx0.000033,0.000000,0.000000,0.004627,0.045499
C,ka100_req67,3,xxxxxxxxxxxxxxxx0.000028,0.000000,0.000000,0.002683,0.043669
C,ka100_req68,3,xxxxxxxxxxxxxxxx0.000034,0.000000,0.000000,0.003280,0.044314
C,ka100_req69,3,xxxxxxxxxxxxxxxx0.000039,0.000000,0.000000,0.004742,0.045442
C,ka100_req70,3,xxxxxxxxxxxxxxxx0.000041,0.000000,0.000000,0.003606,0.044763
C,ka100_req71,3,xxxxxxxxxxxxxxxx0.000027,0.000000,0.000000,0.003252,0.044089
C,ka100_req72,3,xxxxxxxxxxxxxxxx0.000040,0.000000,0.000000,0.002378,0.043160
C,ka100_req73,3,xxxxxxxxxxxxxxxx0.000023,0.000000,0.000000,0.002559,0.043974
C,ka100_req74,3,xxxxxxxxxxxxxxxx0.000029,0.000000,0.000000,0.003320,0.044152
C,ka100_req75,3,xxxxxxxxxxxxxxxx0.000030,0.000000,0.000000,0.004823,0.045426
C,ka100_req76,3,xxxxxxxxxxxxxxxx0.000034,0.000000,0.000000,0.003386,0.045451
C,ka100_req77,3,xxxxxxxxxxxxxxxx0.000038,0.000000,0.000000,0.003570,0.044995
C,ka100_req78,3,xxxxxxxxxxxxxxxx0.000042,0.000000,0.000000,0.003324,0.044660
C,ka100_req79,3,xxxxxxxxxxxxxxxx0.000037,0.000000,0.000000,0.003610,0.044559
C,ka100_req80,3,xxxxxxxxxxxxxxxx0.000044,0.000000,0.000000,0.003746,0.044657
C,ka100_req81,3,xxxxxxxxxxxxxxxx0.000029,0.000000,0.000000,0.002837,0.043977
C,ka100_req82,3,xxxxxxxxxxxxxxxx0.000038,0.000000,0.000000,0.003510,0.044880
C,ka100_req83,3,xxxxxxxxxxxxxxxx0.000030,0.000000,0.000000,0.003303,0.044687
C,ka100_req84,3,xxxxxxxxxxxxxxxx0.000027,0.000000,0.000000,0.003347,0.043874
C,ka100_req85,3,xxxxxxxxxxxxxxxx0.000032,0.000000,0.000000,0.003226,0.043979
C,ka100_req86,3,xxxxxxxxxxxxxxxx0.000024,0.000000,0.000000,0.002858,0.046296
C,ka100_req87,3,xxxxxxxxxxxxxxxx0.000029,0.000000,0.000000,0.002881,0.044246
C,ka100_req88,3,xxxxxxxxxxxxxxxx0.000036,0.000000,0.000000,0.003279,0.044201
C,ka100_req89,3,xxxxxxxxxxxxxxxx0.000040,0.000000,0.000000,0.003703,0.044764
C,ka100_req90,3,xxxxxxxxxxxxxxxx0.000033,0.000000,0.000000,0.003671,0.045423
C,ka100_req91,3,xxxxxxxxxxxxxxxx0.000036,0.000000,0.000000,0.003715,0.044382
C,ka100_req92,3,xxxxxxxxxxxxxxxx0.000034,0.000000,0.000000,0.005510,0.046624
C,ka100_req93,3,xxxxxxxxxxxxxxxx0.000039,0.000000,0.000000,0.003168,0.043864
C,ka100_req94,3,xxxxxxxxxxxxxxxx0.000036,0.000000,0.000000,0.003375,0.044570
C,ka100_req95,3,xxxxxxxxxxxxxxxx0.000037,0.000000,0.000000,0.003194,0.044110
C,ka100_req96,3,xxxxxxxxxxxxxxxx0.000025,0.000000,0.000000,0.003319,0.044568
C,ka100_req97,3,xxxxxxxxxxxxxxxx0.000037,0.000000,0.000000,0.003129,0.043741
C,ka100_req98,3,xxxxxxxxxxxxxxxx0.000039,0.000000,0.000000,0.003915,0.044803
C,ka100_req99,3,xxxxxxxxxxxxxxxx0.000029,0.000000,0.000000,0.002578,0.044063
C,ka100_req100,3,xxxxxxxxxxxxxxxx0.000036,0.000000,0.000000,0.003118,0.044558
C,ka100_req1,4,0.000028,0.000240,0.030961,0.033123,0.074159
C,ka100_req2,4,xxxxxxxxxxxxxxxx0.000017,0.000000,0.000000,0.001401,0.045034
C,ka100_req3,4,xxxxxxxxxxxxxxxx0.000038,0.000000,0.000000,0.003597,0.044021
C,ka100_req4,4,xxxxxxxxxxxxxxxx0.000041,0.000000,0.000000,0.003598,0.044981
C,ka100_req5,4,xxxxxxxxxxxxxxxx0.000039,0.000000,0.000000,0.003675,0.044641
C,ka100_req6,4,xxxxxxxxxxxxxxxx0.000052,0.000000,0.000000,0.004300,0.045528
C,ka100_req7,4,xxxxxxxxxxxxxxxx0.000037,0.000000,0.000000,0.003662,0.044603
C,ka100_req8,4,xxxxxxxxxxxxxxxx0.000036,0.000000,0.000000,0.003002,0.044197
C,ka100_req9,4,xxxxxxxxxxxxxxxx0.000037,0.000000,0.000000,0.003673,0.044299
C,ka100_req10,4,xxxxxxxxxxxxxxxx0.000035,0.000000,0.000000,0.003312,0.044294
C,ka100_req11,4,xxxxxxxxxxxxxxxx0.000038,0.000000,0.000000,0.002839,0.044905
C,ka100_req12,4,xxxxxxxxxxxxxxxx0.000030,0.000000,0.000000,0.003204,0.044267
C,ka100_req13,4,xxxxxxxxxxxxxxxx0.000037,0.000000,0.000000,0.003692,0.044869
C,ka100_req14,4,xxxxxxxxxxxxxxxx0.000067,0.000000,0.000000,0.003534,0.044442
C,ka100_req15,4,xxxxxxxxxxxxxxxx0.000024,0.000000,0.000000,0.003095,0.043785
C,ka100_req16,4,xxxxxxxxxxxxxxxx0.000035,0.000000,0.000000,0.003994,0.044903
C,ka100_req17,4,xxxxxxxxxxxxxxxx0.000040,0.000000,0.000000,0.003288,0.043586
C,ka100_req18,4,xxxxxxxxxxxxxxxx0.000038,0.000000,0.000000,0.003619,0.044875
C,ka100_req19,4,xxxxxxxxxxxxxxxx0.000037,0.000000,0.000000,0.003159,0.043871
C,ka100_req20,4,xxxxxxxxxxxxxxxx0.000030,0.000000,0.000000,0.003245,0.043604
C,ka100_req21,4,xxxxxxxxxxxxxxxx0.000037,0.000000,0.000000,0.002859,0.045745
C,ka100_req22,4,xxxxxxxxxxxxxxxx0.000054,0.000000,0.000000,0.004217,0.045127
C,ka100_req23,4,xxxxxxxxxxxxxxxx0.000041,0.000000,0.000000,0.003386,0.044309
C,ka100_req24,4,xxxxxxxxxxxxxxxx0.000036,0.000000,0.000000,0.003783,0.045408
C,ka100_req25,4,xxxxxxxxxxxxxxxx0.000033,0.000000,0.000000,0.003704,0.044873
C,ka100_req26,4,xxxxxxxxxxxxxxxx0.000038,0.000000,0.000000,0.004921,0.046076
C,ka100_req27,4,xxxxxxxxxxxxxxxx0.000041,0.000000,0.000000,0.003454,0.044494
C,ka100_req28,4,xxxxxxxxxxxxxxxx0.000035,0.000000,0.000000,0.003606,0.045086
C,ka100_req29,4,xxxxxxxxxxxxxxxx0.000038,0.000000,0.000000,0.003376,0.044817
C,ka100_req30,4,xxxxxxxxxxxxxxxx0.000034,0.000000,0.000000,0.003604,0.044334
C,ka100_req31,4,xxxxxxxxxxxxxxxx0.000034,0.000000,0.000000,0.003692,0.045121
C,ka100_req32,4,xxxxxxxxxxxxxxxx0.000036,0.000000,0.000000,0.003375,0.044189
C,ka100_req33,4,xxxxxxxxxxxxxxxx0.000025,0.000000,0.000000,0.002780,0.043917
C,ka100_req34,4,xxxxxxxxxxxxxxxx0.000025,0.000000,0.000000,0.003035,0.043927
C,ka100_req35,4,xxxxxxxxxxxxxxxx0.000027,0.000000,0.000000,0.002830,0.043707
C,ka100_req36,4,xxxxxxxxxxxxxxxx0.000031,0.000000,0.000000,0.002885,0.043937
C,ka100_req37,4,xxxxxxxxxxxxxxxx0.000028,0.000000,0.000000,0.002482,0.043487
C,ka100_req38,4,xxxxxxxxxxxxxxxx0.000055,0.000000,0.000000,0.002371,0.042855
C,ka100_req39,4,xxxxxxxxxxxxxxxx0.000028,0.000000,0.000000,0.002403,0.043145
C,ka100_req40,4,xxxxxxxxxxxxxxxx0.000030,0.000000,0.000000,0.002693,0.043918
C,ka100_req41,4,xxxxxxxxxxxxxxxx0.000060,0.000000,0.000000,0.003085,0.043485
C,ka100_req42,4,xxxxxxxxxxxxxxxx0.000034,0.000000,0.000000,0.003023,0.043677
C,ka100_req43,4,xxxxxxxxxxxxxxxx0.000036,0.000000,0.000000,0.003547,0.044741
C,ka100_req44,4,xxxxxxxxxxxxxxxx0.000033,0.000000,0.000000,0.003174,0.044317
C,ka100_req45,4,xxxxxxxxxxxxxxxx0.000034,0.000000,0.000000,0.003354,0.044574
C,ka100_req46,4,xxxxxxxxxxxxxxxx0.000034,0.000000,0.000000,0.003107,0.043810
C,ka100_req47,4,xxxxxxxxxxxxxxxx0.000034,0.000000,0.000000,0.003083,0.045196
C,ka100_req48,4,xxxxxxxxxxxxxxxx0.000036,0.000000,0.000000,0.003174,0.045209
C,ka100_req49,4,xxxxxxxxxxxxxxxx0.000033,0.000000,0.000000,0.003376,0.044611
C,ka100_req50,4,xxxxxxxxxxxxxxxx0.000034,0.000000,0.000000,0.003667,0.045352
C,ka100_req51,4,xxxxxxxxxxxxxxxx0.000026,0.000000,0.000000,0.002527,0.043073
C,ka100_req52,4,xxxxxxxxxxxxxxxx0.000022,0.000000,0.000000,0.002709,0.044229
C,ka100_req53,4,xxxxxxxxxxxxxxxx0.000039,0.000000,0.000000,0.003169,0.044399
C,ka100_req54,4,xxxxxxxxxxxxxxxx0.000024,0.000000,0.000000,0.002796,0.045284
C,ka100_req55,4,xxxxxxxxxxxxxxxx0.000036,0.000000,0.000000,0.003468,0.044031
C,ka100_req56,4,xxxxxxxxxxxxxxxx0.000029,0.000000,0.000000,0.003345,0.044180
C,ka100_req57,4,xxxxxxxxxxxxxxxx0.000039,0.000000,0.000000,0.003695,0.045012
C,ka100_req58,4,xxxxxxxxxxxxxxxx0.000036,0.000000,0.000000,0.003567,0.044794
C,ka100_req59,4,xxxxxxxxxxxxxxxx0.000031,0.000000,0.000000,0.003539,0.044210
C,ka100_req60,4,xxxxxxxxxxxxxxxx0.000026,0.000000,0.000000,0.003377,0.043967
C,ka100_req61,4,xxxxxxxxxxxxxxxx0.000068,0.000000,0.000000,0.003389,0.045259
C,ka100_req62,4,xxxxxxxxxxxxxxxx0.000027,0.000000,0.000000,0.003196,0.045797
C,ka100_req63,4,xxxxxxxxxxxxxxxx0.000034,0.000000,0.000000,0.003392,0.044462
C,ka100_req64,4,xxxxxxxxxxxxxxxx0.000039,0.000000,0.000000,0.003185,0.046021
C,ka100_req65,4,xxxxxxxxxxxxxxxx0.000033,0.000000,0.000000,0.002720,0.043843
C,ka100_req66,4,xxxxxxxxxxxxxxxx0.000032,0.000000,0.000000,0.003027,0.045521
C,ka100_req67,4,xxxxxxxxxxxxxxxx0.000031,0.000000,0.000000,0.003443,0.044133
C,ka100_req68,4,xxxxxxxxxxxxxxxx0.000034,0.000000,0.000000,0.003345,0.043674
C,ka100_req69,4,xxxxxxxxxxxxxxxx0.000036,0.000000,0.000000,0.003501,0.045016
C,ka100_req70,4,xxxxxxxxxxxxxxxx0.000033,0.000000,0.000000,0.003115,0.045624
C,ka100_req71,4,xxxxxxxxxxxxxxxx0.000037,0.000000,0.000000,0.003519,0.044742
C,ka100_req72,4,xxxxxxxxxxxxxxxx0.000040,0.000000,0.000000,0.003146,0.044674
C,ka100_req73,4,xxxxxxxxxxxxxxxx0.000035,0.000000,0.000000,0.004004,0.045777
C,ka100_req74,4,xxxxxxxxxxxxxxxx0.000034,0.000000,0.000000,0.003513,0.044753
C,ka100_req75,4,xxxxxxxxxxxxxxxx0.000036,0.000000,0.000000,0.003258,0.044438
C,ka100_req76,4,xxxxxxxxxxxxxxxx0.000029,0.000000,0.000000,0.002944,0.044094
C,ka100_req77,4,xxxxxxxxxxxxxxxx0.000037,0.000000,0.000000,0.004061,0.044979
C,ka100_req78,4,xxxxxxxxxxxxxxxx0.000022,0.000000,0.000000,0.002457,0.046194
C,ka100_req79,4,xxxxxxxxxxxxxxxx0.000026,0.000000,0.000000,0.003362,0.044360
C,ka100_req80,4,xxxxxxxxxxxxxxxx0.000036,0.000000,0.000000,0.003334,0.044667
C,ka100_req81,4,xxxxxxxxxxxxxxxx0.000039,0.000000,0.000000,0.003554,0.044839
C,ka100_req82,4,xxxxxxxxxxxxxxxx0.000068,0.000000,0.000000,0.003431,0.045194
C,ka100_req83,4,xxxxxxxxxxxxxxxx0.000039,0.000000,0.000000,0.003465,0.044085
C,ka100_req84,4,xxxxxxxxxxxxxxxx0.000034,0.000000,0.000000,0.003142,0.044099
C,ka100_req85,4,xxxxxxxxxxxxxxxx0.000024,0.000000,0.000000,0.002852,0.043587
C,ka100_req86,4,xxxxxxxxxxxxxxxx0.000037,0.000000,0.000000,0.003516,0.044559
C,ka100_req87,4,xxxxxxxxxxxxxxxx0.000030,0.000000,0.000000,0.003622,0.044903
C,ka100_req88,4,xxxxxxxxxxxxxxxx0.000037,0.000000,0.000000,0.003501,0.044834
C,ka100_req89,4,xxxxxxxxxxxxxxxx0.000041,0.000000,0.000000,0.003363,0.046072
C,ka100_req90,4,xxxxxxxxxxxxxxxx0.000013,0.000000,0.000000,0.001482,0.045019
C,ka100_req91,4,xxxxxxxxxxxxxxxx0.000036,0.000000,0.000000,0.002974,0.043860
C,ka100_req92,4,xxxxxxxxxxxxxxxx0.000036,0.000000,0.000000,0.003151,0.043701
C,ka100_req93,4,xxxxxxxxxxxxxxxx0.000035,0.000000,0.000000,0.003402,0.044619
C,ka100_req94,4,xxxxxxxxxxxxxxxx0.000020,0.000000,0.000000,0.002804,0.044006
C,ka100_req95,4,xxxxxxxxxxxxxxxx0.000035,0.000000,0.000000,0.003394,0.043914
C,ka100_req96,4,xxxxxxxxxxxxxxxx0.000035,0.000000,0.000000,0.003215,0.043712
C,ka100_req97,4,xxxxxxxxxxxxxxxx0.000030,0.000000,0.000000,0.003563,0.045026
C,ka100_req98,4,xxxxxxxxxxxxxxxx0.000018,0.000000,0.000000,0.002656,0.043639
C,ka100_req99,4,xxxxxxxxxxxxxxxx0.000034,0.000000,0.000000,0.003177,0.043976
C,ka100_req100,4,xxxxxxxxxxxxxxxx0.000035,0.000000,0.000000,0.003206,0.044425
C,ka100_req1,5,0.000021,0.000145,0.028313,0.030097,0.072875
C,ka100_req2,5,xxxxxxxxxxxxxxxx0.000016,0.000000,0.000000,0.001252,0.045307
C,ka100_req3,5,xxxxxxxxxxxxxxxx0.000022,0.000000,0.000000,0.002282,0.043022
C,ka100_req4,5,xxxxxxxxxxxxxxxx0.000035,0.000000,0.000000,0.003418,0.043631
C,ka100_req5,5,xxxxxxxxxxxxxxxx0.000037,0.000000,0.000000,0.003305,0.044113
C,ka100_req6,5,xxxxxxxxxxxxxxxx0.000037,0.000000,0.000000,0.003338,0.044356
C,ka100_req7,5,xxxxxxxxxxxxxxxx0.000034,0.000000,0.000000,0.002798,0.044005
C,ka100_req8,5,xxxxxxxxxxxxxxxx0.000035,0.000000,0.000000,0.003462,0.044144
C,ka100_req9,5,xxxxxxxxxxxxxxxx0.000070,0.000000,0.000000,0.003694,0.044425
C,ka100_req10,5,xxxxxxxxxxxxxxxx0.000037,0.000000,0.000000,0.003327,0.044075
C,ka100_req11,5,xxxxxxxxxxxxxxxx0.000040,0.000000,0.000000,0.003588,0.044502
C,ka100_req12,5,xxxxxxxxxxxxxxxx0.000035,0.000000,0.000000,0.003723,0.044731
C,ka100_req13,5,xxxxxxxxxxxxxxxx0.000037,0.000000,0.000000,0.003516,0.044748
C,ka100_req14,5,xxxxxxxxxxxxxxxx0.000024,0.000000,0.000000,0.002632,0.044146
C,ka100_req15,5,xxxxxxxxxxxxxxxx0.000035,0.000000,0.000000,0.003794,0.044805
C,ka100_req16,5,xxxxxxxxxxxxxxxx0.000037,0.000000,0.000000,0.003371,0.044401
C,ka100_req17,5,xxxxxxxxxxxxxxxx0.000035,0.000000,0.000000,0.003617,0.044416
C,ka100_req18,5,xxxxxxxxxxxxxxxx0.000033,0.000000,0.000000,0.003451,0.044110
C,ka100_req19,5,xxxxxxxxxxxxxxxx0.000033,0.000000,0.000000,0.003320,0.045039
C,ka100_req20,5,xxxxxxxxxxxxxxxx0.000037,0.000000,0.000000,0.003164,0.044981
C,ka100_req21,5,xxxxxxxxxxxxxxxx0.000026,0.000000,0.000000,0.002814,0.043826
C,ka100_req22,5,xxxxxxxxxxxxxxxx0.000014,0.000000,0.000000,0.001194,0.041899
C,ka100_req23,5,xxxxxxxxxxxxxxxx0.000016,0.000000,0.000000,0.000983,0.041916
C,ka100_req24,5,xxxxxxxxxxxxxxxx0.000013,0.000000,0.000000,0.001257,0.042012
C,ka100_req25,5,xxxxxxxxxxxxxxxx0.000014,0.000000,0.000000,0.002138,0.043746
C,ka100_req26,5,xxxxxxxxxxxxxxxx0.000028,0.000000,0.000000,0.003370,0.044262
C,ka100_req27,5,xxxxxxxxxxxxxxxx0.000036,0.000000,0.000000,0.002954,0.044274
C,ka100_req28,5,xxxxxxxxxxxxxxxx0.000035,0.000000,0.000000,0.003555,0.044245
C,ka100_req29,5,xxxxxxxxxxxxxxxx0.000036,0.000000,0.000000,0.003811,0.044512
C,ka100_req30,5,xxxxxxxxxxxxxxxx0.000035,0.000000,0.000000,0.003433,0.043873
C,ka100_req31,5,xxxxxxxxxxxxxxxx0.000037,0.000000,0.000000,0.003474,0.044648
C,ka100_req32,5,xxxxxxxxxxxxxxxx0.000026,0.000000,0.000000,0.003409,0.044431
C,ka100_req33,5,xxxxxxxxxxxxxxxx0.000033,0.000000,0.000000,0.003637,0.044567
C,ka100_req34,5,xxxxxxxxxxxxxxxx0.000035,0.000000,0.000000,0.003591,0.044520
C,ka100_req35,5,xxxxxxxxxxxxxxxx0.000032,0.000000,0.000000,0.003297,0.044586
C,ka100_req36,5,xxxxxxxxxxxxxxxx0.000036,0.000000,0.000000,0.004577,0.045679
C,ka100_req37,5,xxxxxxxxxxxxxxxx0.000025,0.000000,0.000000,0.002985,0.044613
C,ka100_req38,5,xxxxxxxxxxxxxxxx0.000041,0.000000,0.000000,0.002667,0.045809
C,ka100_req39,5,xxxxxxxxxxxxxxxx0.000039,0.000000,0.000000,0.003007,0.043753
C,ka100_req40,5,xxxxxxxxxxxxxxxx0.000014,0.000000,0.000000,0.005089,0.046674
C,ka100_req41,5,xxxxxxxxxxxxxxxx0.000036,0.000000,0.000000,0.002941,0.044185
C,ka100_req42,5,xxxxxxxxxxxxxxxx0.000099,0.000000,0.000000,0.003030,0.043367
C,ka100_req43,5,xxxxxxxxxxxxxxxx0.000034,0.000000,0.000000,0.002701,0.043977
C,ka100_req44,5,xxxxxxxxxxxxxxxx0.000034,0.000000,0.000000,0.003512,0.045191
C,ka100_req45,5,xxxxxxxxxxxxxxxx0.000020,0.000000,0.000000,0.001941,0.043217
C,ka100_req46,5,xxxxxxxxxxxxxxxx0.000020,0.000000,0.000000,0.002548,0.042852
C,ka100_req47,5,xxxxxxxxxxxxxxxx0.000037,0.000000,0.000000,0.003311,0.043925
C,ka100_req48,5,xxxxxxxxxxxxxxxx0.000036,0.000000,0.000000,0.003774,0.044502
C,ka100_req49,5,xxxxxxxxxxxxxxxx0.000035,0.000000,0.000000,0.003226,0.043616
C,ka100_req50,5,xxxxxxxxxxxxxxxx0.000028,0.000000,0.000000,0.003134,0.044135
C,ka100_req51,5,xxxxxxxxxxxxxxxx0.000036,0.000000,0.000000,0.003453,0.044545
C,ka100_req52,5,xxxxxxxxxxxxxxxx0.000033,0.000000,0.000000,0.003014,0.043937
C,ka100_req53,5,xxxxxxxxxxxxxxxx0.000033,0.000000,0.000000,0.003346,0.043935
C,ka100_req54,5,xxxxxxxxxxxxxxxx0.000034,0.000000,0.000000,0.003460,0.044429
C,ka100_req55,5,xxxxxxxxxxxxxxxx0.000036,0.000000,0.000000,0.003462,0.044341
C,ka100_req56,5,xxxxxxxxxxxxxxxx0.000032,0.000000,0.000000,0.003009,0.044135
C,ka100_req57,5,xxxxxxxxxxxxxxxx0.000035,0.000000,0.000000,0.002913,0.043807
C,ka100_req58,5,xxxxxxxxxxxxxxxx0.000035,0.000000,0.000000,0.003048,0.043901
C,ka100_req59,5,xxxxxxxxxxxxxxxx0.000044,0.000000,0.000000,0.003888,0.044652
C,ka100_req60,5,xxxxxxxxxxxxxxxx0.000035,0.000000,0.000000,0.003343,0.043914
C,ka100_req61,5,xxxxxxxxxxxxxxxx0.000035,0.000000,0.000000,0.004008,0.044492
C,ka100_req62,5,xxxxxxxxxxxxxxxx0.000033,0.000000,0.000000,0.003411,0.043956
C,ka100_req63,5,xxxxxxxxxxxxxxxx0.000035,0.000000,0.000000,0.003451,0.044622
C,ka100_req64,5,xxxxxxxxxxxxxxxx0.000031,0.000000,0.000000,0.003133,0.043826
C,ka100_req65,5,xxxxxxxxxxxxxxxx0.000033,0.000000,0.000000,0.003134,0.043862
C,ka100_req66,5,xxxxxxxxxxxxxxxx0.000033,0.000000,0.000000,0.003046,0.044022
C,ka100_req67,5,xxxxxxxxxxxxxxxx0.000028,0.000000,0.000000,0.003338,0.045683
C,ka100_req68,5,xxxxxxxxxxxxxxxx0.000009,0.000000,0.000000,0.000973,0.045517
C,ka100_req69,5,xxxxxxxxxxxxxxxx0.000010,0.000000,0.000000,0.000895,0.045586
C,ka100_req70,5,xxxxxxxxxxxxxxxx0.000012,0.000000,0.000000,0.001086,0.044294
C,ka100_req71,5,xxxxxxxxxxxxxxxx0.000016,0.000000,0.000000,0.001752,0.045956
C,ka100_req72,5,xxxxxxxxxxxxxxxx0.000022,0.000000,0.000000,0.002601,0.043380
C,ka100_req73,5,xxxxxxxxxxxxxxxx0.000036,0.000000,0.000000,0.003274,0.044225
C,ka100_req74,5,xxxxxxxxxxxxxxxx0.000035,0.000000,0.000000,0.003525,0.044798
C,ka100_req75,5,xxxxxxxxxxxxxxxx0.000035,0.000000,0.000000,0.003735,0.044667
C,ka100_req76,5,xxxxxxxxxxxxxxxx0.000030,0.000000,0.000000,0.003466,0.045215
C,ka100_req77,5,xxxxxxxxxxxxxxxx0.000061,0.000000,0.000000,0.003182,0.044366
C,ka100_req78,5,xxxxxxxxxxxxxxxx0.000037,0.000000,0.000000,0.003041,0.045254
C,ka100_req79,5,xxxxxxxxxxxxxxxx0.000037,0.000000,0.000000,0.003531,0.044359
C,ka100_req80,5,xxxxxxxxxxxxxxxx0.000027,0.000000,0.000000,0.002953,0.043865
C,ka100_req81,5,xxxxxxxxxxxxxxxx0.000034,0.000000,0.000000,0.003043,0.043912
C,ka100_req82,5,xxxxxxxxxxxxxxxx0.000036,0.000000,0.000000,0.004035,0.044427
C,ka100_req83,5,xxxxxxxxxxxxxxxx0.000033,0.000000,0.000000,0.003020,0.043698
C,ka100_req84,5,xxxxxxxxxxxxxxxx0.000030,0.000000,0.000000,0.002973,0.044269
C,ka100_req85,5,xxxxxxxxxxxxxxxx0.000035,0.000000,0.000000,0.004332,0.045440
C,ka100_req86,5,xxxxxxxxxxxxxxxx0.000036,0.000000,0.000000,0.003069,0.044859
C,ka100_req87,5,xxxxxxxxxxxxxxxx0.000040,0.000000,0.000000,0.003824,0.044313
C,ka100_req88,5,xxxxxxxxxxxxxxxx0.000023,0.000000,0.000000,0.002495,0.042721
C,ka100_req89,5,xxxxxxxxxxxxxxxx0.000024,0.000000,0.000000,0.002601,0.042899
C,ka100_req90,5,xxxxxxxxxxxxxxxx0.000032,0.000000,0.000000,0.003139,0.043865
C,ka100_req91,5,xxxxxxxxxxxxxxxx0.000040,0.000000,0.000000,0.003139,0.043837
C,ka100_req92,5,xxxxxxxxxxxxxxxx0.000031,0.000000,0.000000,0.003527,0.044625
C,ka100_req93,5,xxxxxxxxxxxxxxxx0.000027,0.000000,0.000000,0.003281,0.044524
C,ka100_req94,5,xxxxxxxxxxxxxxxx0.000036,0.000000,0.000000,0.004451,0.045240
C,ka100_req95,5,xxxxxxxxxxxxxxxx0.000032,0.000000,0.000000,0.003293,0.044709
C,ka100_req96,5,xxxxxxxxxxxxxxxx0.000034,0.000000,0.000000,0.003370,0.044862
C,ka100_req97,5,xxxxxxxxxxxxxxxx0.000051,0.000000,0.000000,0.003222,0.044035
C,ka100_req98,5,xxxxxxxxxxxxxxxx0.000035,0.000000,0.000000,0.003714,0.044835
C,ka100_req99,5,xxxxxxxxxxxxxxxx0.000036,0.000000,0.000000,0.003598,0.045627
C,ka100_req100,5,xxxxxxxxxxxxxxxx0.000033,0.000000,0.000000,0.003066,0.043528
C,ka100_req1,6,0.000023,0.000170,0.031128,0.077007,0.077062
C,ka100_req2,6,xxxxxxxxxxxxxxxx0.000016,0.000000,0.000000,0.001685,0.041998
C,ka100_req3,6,xxxxxxxxxxxxxxxx0.000022,0.000000,0.000000,0.002332,0.043065
C,ka100_req4,6,xxxxxxxxxxxxxxxx0.000041,0.000000,0.000000,0.003661,0.044645
C,ka100_req5,6,xxxxxxxxxxxxxxxx0.000044,0.000000,0.000000,0.003461,0.043866
C,ka100_req6,6,xxxxxxxxxxxxxxxx0.000039,0.000000,0.000000,0.003522,0.044608
C,ka100_req7,6,xxxxxxxxxxxxxxxx0.000036,0.000000,0.000000,0.002872,0.044221
C,ka100_req8,6,xxxxxxxxxxxxxxxx0.000037,0.000000,0.000000,0.003303,0.044437
C,ka100_req9,6,xxxxxxxxxxxxxxxx0.000036,0.000000,0.000000,0.003309,0.044076
C,ka100_req10,6,xxxxxxxxxxxxxxxx0.000033,0.000000,0.000000,0.003431,0.044391
C,ka100_req11,6,xxxxxxxxxxxxxxxx0.000036,0.000000,0.000000,0.003228,0.044167
C,ka100_req12,6,xxxxxxxxxxxxxxxx0.000033,0.000000,0.000000,0.003115,0.044291
C,ka100_req13,6,xxxxxxxxxxxxxxxx0.000036,0.000000,0.000000,0.003193,0.043917
C,ka100_req14,6,xxxxxxxxxxxxxxxx0.000027,0.000000,0.000000,0.002824,0.043498
C,ka100_req15,6,xxxxxxxxxxxxxxxx0.000027,0.000000,0.000000,0.003254,0.043950
C,ka100_req16,6,xxxxxxxxxxxxxxxx0.000037,0.000000,0.000000,0.003263,0.044327
C,ka100_req17,6,xxxxxxxxxxxxxxxx0.000024,0.000000,0.000000,0.003111,0.044270
C,ka100_req18,6,xxxxxxxxxxxxxxxx0.000024,0.000000,0.000000,0.003203,0.044121
C,ka100_req19,6,xxxxxxxxxxxxxxxx0.000037,0.000000,0.000000,0.003815,0.044459
C,ka100_req20,6,xxxxxxxxxxxxxxxx0.000038,0.000000,0.000000,0.003386,0.044724
C,ka100_req21,6,xxxxxxxxxxxxxxxx0.000038,0.000000,0.000000,0.003638,0.044536
C,ka100_req22,6,xxxxxxxxxxxxxxxx0.000021,0.000000,0.000000,0.002808,0.043969
C,ka100_req23,6,xxxxxxxxxxxxxxxx0.000037,0.000000,0.000000,0.003473,0.044425
C,ka100_req24,6,xxxxxxxxxxxxxxxx0.000030,0.000000,0.000000,0.003365,0.044022
C,ka100_req25,6,xxxxxxxxxxxxxxxx0.000036,0.000000,0.000000,0.003416,0.043760
C,ka100_req26,6,xxxxxxxxxxxxxxxx0.000037,0.000000,0.000000,0.003805,0.044781
C,ka100_req27,6,xxxxxxxxxxxxxxxx0.000036,0.000000,0.000000,0.002986,0.043766
C,ka100_req28,6,xxxxxxxxxxxxxxxx0.000032,0.000000,0.000000,0.003713,0.045542
C,ka100_req29,6,xxxxxxxxxxxxxxxx0.000037,0.000000,0.000000,0.003150,0.044425
C,ka100_req30,6,xxxxxxxxxxxxxxxx0.000034,0.000000,0.000000,0.003048,0.044244
C,ka100_req31,6,xxxxxxxxxxxxxxxx0.000023,0.000000,0.000000,0.003226,0.044088
C,ka100_req32,6,xxxxxxxxxxxxxxxx0.000032,0.000000,0.000000,0.003562,0.044406
C,ka100_req33,6,xxxxxxxxxxxxxxxx0.000015,0.000000,0.000000,0.001878,0.042957
C,ka100_req34,6,xxxxxxxxxxxxxxxx0.000019,0.000000,0.000000,0.002214,0.042803
C,ka100_req35,6,xxxxxxxxxxxxxxxx0.000037,0.000000,0.000000,0.003700,0.044848
C,ka100_req36,6,xxxxxxxxxxxxxxxx0.000027,0.000000,0.000000,0.003182,0.044956
C,ka100_req37,6,xxxxxxxxxxxxxxxx0.000100,0.000000,0.000000,0.003442,0.045155
C,ka100_req38,6,xxxxxxxxxxxxxxxx0.000031,0.000000,0.000000,0.003173,0.044134
C,ka100_req39,6,xxxxxxxxxxxxxxxx0.000038,0.000000,0.000000,0.002826,0.043721
C,ka100_req40,6,xxxxxxxxxxxxxxxx0.000031,0.000000,0.000000,0.003042,0.044062
C,ka100_req41,6,xxxxxxxxxxxxxxxx0.000036,0.000000,0.000000,0.003705,0.044703
C,ka100_req42,6,xxxxxxxxxxxxxxxx0.000072,0.000000,0.000000,0.003029,0.043823
C,ka100_req43,6,xxxxxxxxxxxxxxxx0.000034,0.000000,0.000000,0.003001,0.043574
C,ka100_req44,6,xxxxxxxxxxxxxxxx0.000031,0.000000,0.000000,0.003358,0.044554
C,ka100_req45,6,xxxxxxxxxxxxxxxx0.000023,0.000000,0.000000,0.003068,0.043777
C,ka100_req46,6,xxxxxxxxxxxxxxxx0.000039,0.000000,0.000000,0.002877,0.045730
C,ka100_req47,6,xxxxxxxxxxxxxxxx0.000039,0.000000,0.000000,0.006971,0.047867
C,ka100_req48,6,xxxxxxxxxxxxxxxx0.000038,0.000000,0.000000,0.003554,0.044357
C,ka100_req49,6,xxxxxxxxxxxxxxxx0.000016,0.000000,0.000000,0.001788,0.045710
C,ka100_req50,6,xxxxxxxxxxxxxxxx0.000016,0.000000,0.000000,0.002191,0.043271
C,ka100_req51,6,xxxxxxxxxxxxxxxx0.000036,0.000000,0.000000,0.003250,0.043896
C,ka100_req52,6,xxxxxxxxxxxxxxxx0.000033,0.000000,0.000000,0.003907,0.044494
C,ka100_req53,6,xxxxxxxxxxxxxxxx0.000033,0.000000,0.000000,0.003173,0.043866
C,ka100_req54,6,xxxxxxxxxxxxxxxx0.000034,0.000000,0.000000,0.003608,0.044883
C,ka100_req55,6,xxxxxxxxxxxxxxxx0.000033,0.000000,0.000000,0.003292,0.044182
C,ka100_req56,6,xxxxxxxxxxxxxxxx0.000025,0.000000,0.000000,0.002215,0.044098
C,ka100_req57,6,xxxxxxxxxxxxxxxx0.000023,0.000000,0.000000,0.002527,0.043137
C,ka100_req58,6,xxxxxxxxxxxxxxxx0.000037,0.000000,0.000000,0.003121,0.043615
C,ka100_req59,6,xxxxxxxxxxxxxxxx0.000030,0.000000,0.000000,0.003135,0.043715
C,ka100_req60,6,xxxxxxxxxxxxxxxx0.000034,0.000000,0.000000,0.003488,0.043675
C,ka100_req61,6,xxxxxxxxxxxxxxxx0.000037,0.000000,0.000000,0.003348,0.044462
C,ka100_req62,6,xxxxxxxxxxxxxxxx0.000046,0.000000,0.000000,0.003261,0.045989
C,ka100_req63,6,xxxxxxxxxxxxxxxx0.000035,0.000000,0.000000,0.004049,0.044833
C,ka100_req64,6,xxxxxxxxxxxxxxxx0.000037,0.000000,0.000000,0.003301,0.043900
C,ka100_req65,6,xxxxxxxxxxxxxxxx0.000019,0.000000,0.000000,0.002644,0.044110
C,ka100_req66,6,xxxxxxxxxxxxxxxx0.000034,0.000000,0.000000,0.002844,0.043435
C,ka100_req67,6,xxxxxxxxxxxxxxxx0.000041,0.000000,0.000000,0.003044,0.044220
C,ka100_req68,6,xxxxxxxxxxxxxxxx0.000026,0.000000,0.000000,0.003259,0.044205
C,ka100_req69,6,xxxxxxxxxxxxxxxx0.000034,0.000000,0.000000,0.003362,0.043782
C,ka100_req70,6,xxxxxxxxxxxxxxxx0.000024,0.000000,0.000000,0.003177,0.043797
C,ka100_req71,6,xxxxxxxxxxxxxxxx0.000029,0.000000,0.000000,0.002828,0.044024
C,ka100_req72,6,xxxxxxxxxxxxxxxx0.000026,0.000000,0.000000,0.002965,0.043989
C,ka100_req73,6,xxxxxxxxxxxxxxxx0.000044,0.000000,0.000000,0.002655,0.043305
C,ka100_req74,6,xxxxxxxxxxxxxxxx0.000030,0.000000,0.000000,0.003168,0.044082
C,ka100_req75,6,xxxxxxxxxxxxxxxx0.000023,0.000000,0.000000,0.003173,0.043864
C,ka100_req76,6,xxxxxxxxxxxxxxxx0.000042,0.000000,0.000000,0.003615,0.044554
C,ka100_req77,6,xxxxxxxxxxxxxxxx0.000036,0.000000,0.000000,0.003255,0.043517
C,ka100_req78,6,xxxxxxxxxxxxxxxx0.000037,0.000000,0.000000,0.003011,0.044466
C,ka100_req79,6,xxxxxxxxxxxxxxxx0.000037,0.000000,0.000000,0.003319,0.044356
C,ka100_req80,6,xxxxxxxxxxxxxxxx0.000025,0.000000,0.000000,0.003141,0.044033
C,ka100_req81,6,xxxxxxxxxxxxxxxx0.000035,0.000000,0.000000,0.003066,0.044366
C,ka100_req82,6,xxxxxxxxxxxxxxxx0.000036,0.000000,0.000000,0.003082,0.044194
C,ka100_req83,6,xxxxxxxxxxxxxxxx0.000026,0.000000,0.000000,0.002662,0.044668
C,ka100_req84,6,xxxxxxxxxxxxxxxx0.000063,0.000000,0.000000,0.003059,0.045089
C,ka100_req85,6,xxxxxxxxxxxxxxxx0.000030,0.000000,0.000000,0.003852,0.045037
C,ka100_req86,6,xxxxxxxxxxxxxxxx0.000025,0.000000,0.000000,0.002940,0.044419
C,ka100_req87,6,xxxxxxxxxxxxxxxx0.000035,0.000000,0.000000,0.003512,0.044625
C,ka100_req88,6,xxxxxxxxxxxxxxxx0.000034,0.000000,0.000000,0.003443,0.044180
C,ka100_req89,6,xxxxxxxxxxxxxxxx0.000033,0.000000,0.000000,0.003052,0.045737
C,ka100_req90,6,xxxxxxxxxxxxxxxx0.000034,0.000000,0.000000,0.003055,0.043917
C,ka100_req91,6,xxxxxxxxxxxxxxxx0.000035,0.000000,0.000000,0.003191,0.044361
C,ka100_req92,6,xxxxxxxxxxxxxxxx0.000036,0.000000,0.000000,0.003613,0.044220
C,ka100_req93,6,xxxxxxxxxxxxxxxx0.000037,0.000000,0.000000,0.003463,0.044714
C,ka100_req94,6,xxxxxxxxxxxxxxxx0.000034,0.000000,0.000000,0.003333,0.044150
C,ka100_req95,6,xxxxxxxxxxxxxxxx0.000036,0.000000,0.000000,0.003274,0.044980
C,ka100_req96,6,xxxxxxxxxxxxxxxx0.000037,0.000000,0.000000,0.003458,0.044502
C,ka100_req97,6,xxxxxxxxxxxxxxxx0.000035,0.000000,0.000000,0.003517,0.044545
C,ka100_req98,6,xxxxxxxxxxxxxxxx0.000077,0.000000,0.000000,0.002974,0.045139
C,ka100_req99,6,xxxxxxxxxxxxxxxx0.000037,0.000000,0.000000,0.002722,0.044090
C,ka100_req100,6,xxxxxxxxxxxxxxxx0.000033,0.000000,0.000000,0.004001,0.044651
C,ka100_req1,7,0.000030,0.000165,0.031041,0.033772,0.076702
C,ka100_req2,7,xxxxxxxxxxxxxxxx0.000017,0.000000,0.000000,0.001543,0.045989
C,ka100_req3,7,xxxxxxxxxxxxxxxx0.000028,0.000000,0.000000,0.002593,0.043561
C,ka100_req4,7,xxxxxxxxxxxxxxxx0.000027,0.000000,0.000000,0.003631,0.044634
C,ka100_req5,7,xxxxxxxxxxxxxxxx0.000034,0.000000,0.000000,0.003224,0.044867
C,ka100_req6,7,xxxxxxxxxxxxxxxx0.000042,0.000000,0.000000,0.003314,0.044228
C,ka100_req7,7,xxxxxxxxxxxxxxxx0.000036,0.000000,0.000000,0.003357,0.044476
C,ka100_req8,7,xxxxxxxxxxxxxxxx0.000035,0.000000,0.000000,0.002849,0.045960
C,ka100_req9,7,xxxxxxxxxxxxxxxx0.000034,0.000000,0.000000,0.003705,0.044603
C,ka100_req10,7,xxxxxxxxxxxxxxxx0.000036,0.000000,0.000000,0.003287,0.044125
C,ka100_req11,7,xxxxxxxxxxxxxxxx0.000036,0.000000,0.000000,0.003561,0.045200
C,ka100_req12,7,xxxxxxxxxxxxxxxx0.000036,0.000000,0.000000,0.003392,0.046093
C,ka100_req13,7,xxxxxxxxxxxxxxxx0.000038,0.000000,0.000000,0.003831,0.044676
C,ka100_req14,7,xxxxxxxxxxxxxxxx0.000033,0.000000,0.000000,0.003333,0.044433
C,ka100_req15,7,xxxxxxxxxxxxxxxx0.000027,0.000000,0.000000,0.004832,0.046095
C,ka100_req16,7,xxxxxxxxxxxxxxxx0.000030,0.000000,0.000000,0.002922,0.043870
C,ka100_req17,7,xxxxxxxxxxxxxxxx0.000025,0.000000,0.000000,0.003206,0.043941
C,ka100_req18,7,xxxxxxxxxxxxxxxx0.000024,0.000000,0.000000,0.002809,0.044084
C,ka100_req19,7,xxxxxxxxxxxxxxxx0.000036,0.000000,0.000000,0.003177,0.044454
C,ka100_req20,7,xxxxxxxxxxxxxxxx0.000020,0.000000,0.000000,0.002785,0.044004
C,ka100_req21,7,xxxxxxxxxxxxxxxx0.000034,0.000000,0.000000,0.003212,0.044429
C,ka100_req22,7,xxxxxxxxxxxxxxxx0.000020,0.000000,0.000000,0.001654,0.042894
C,ka100_req23,7,xxxxxxxxxxxxxxxx0.000031,0.000000,0.000000,0.003033,0.043820
C,ka100_req24,7,xxxxxxxxxxxxxxxx0.000022,0.000000,0.000000,0.003074,0.043659
C,ka100_req25,7,xxxxxxxxxxxxxxxx0.000019,0.000000,0.000000,0.002747,0.044600
C,ka100_req26,7,xxxxxxxxxxxxxxxx0.000034,0.000000,0.000000,0.003382,0.044529
C,ka100_req27,7,xxxxxxxxxxxxxxxx0.000035,0.000000,0.000000,0.004031,0.044387
C,ka100_req28,7,xxxxxxxxxxxxxxxx0.000036,0.000000,0.000000,0.003119,0.043596
C,ka100_req29,7,xxxxxxxxxxxxxxxx0.000029,0.000000,0.000000,0.003014,0.044232
C,ka100_req30,7,xxxxxxxxxxxxxxxx0.000046,0.000000,0.000000,0.003655,0.044795
C,ka100_req31,7,xxxxxxxxxxxxxxxx0.000027,0.000000,0.000000,0.003193,0.044102
C,ka100_req32,7,xxxxxxxxxxxxxxxx0.000035,0.000000,0.000000,0.003034,0.045789
C,ka100_req33,7,xxxxxxxxxxxxxxxx0.000022,0.000000,0.000000,0.003337,0.043853
C,ka100_req34,7,xxxxxxxxxxxxxxxx0.000019,0.000000,0.000000,0.002507,0.042859
C,ka100_req35,7,xxxxxxxxxxxxxxxx0.000037,0.000000,0.000000,0.003422,0.043728
C,ka100_req36,7,xxxxxxxxxxxxxxxx0.000028,0.000000,0.000000,0.003304,0.043792
C,ka100_req37,7,xxxxxxxxxxxxxxxx0.000026,0.000000,0.000000,0.003285,0.043798
C,ka100_req38,7,xxxxxxxxxxxxxxxx0.000034,0.000000,0.000000,0.003033,0.044705
C,ka100_req39,7,xxxxxxxxxxxxxxxx0.000039,0.000000,0.000000,0.003406,0.043685
C,ka100_req40,7,xxxxxxxxxxxxxxxx0.000035,0.000000,0.000000,0.003382,0.043608
C,ka100_req41,7,xxxxxxxxxxxxxxxx0.000021,0.000000,0.000000,0.003402,0.044125
C,ka100_req42,7,xxxxxxxxxxxxxxxx0.000033,0.000000,0.000000,0.003674,0.045263
C,ka100_req43,7,xxxxxxxxxxxxxxxx0.000021,0.000000,0.000000,0.001981,0.043032
C,ka100_req44,7,xxxxxxxxxxxxxxxx0.000012,0.000000,0.000000,0.001146,0.042911
C,ka100_req45,7,xxxxxxxxxxxxxxxx0.000011,0.000000,0.000000,0.000943,0.042236
C,ka100_req46,7,xxxxxxxxxxxxxxxx0.000012,0.000000,0.000000,0.001122,0.042469
C,ka100_req47,7,xxxxxxxxxxxxxxxx0.000024,0.000000,0.000000,0.001214,0.045820
C,ka100_req48,7,xxxxxxxxxxxxxxxx0.000031,0.000000,0.000000,0.002338,0.043794
C,ka100_req49,7,xxxxxxxxxxxxxxxx0.000047,0.000000,0.000000,0.003095,0.043557
C,ka100_req50,7,xxxxxxxxxxxxxxxx0.000034,0.000000,0.000000,0.003691,0.045310
C,ka100_req51,7,xxxxxxxxxxxxxxxx0.000037,0.000000,0.000000,0.003940,0.045249
C,ka100_req52,7,xxxxxxxxxxxxxxxx0.000034,0.000000,0.000000,0.003782,0.044986
C,ka100_req53,7,xxxxxxxxxxxxxxxx0.000025,0.000000,0.000000,0.003147,0.044390
C,ka100_req54,7,xxxxxxxxxxxxxxxx0.000034,0.000000,0.000000,0.003113,0.043822
C,ka100_req55,7,xxxxxxxxxxxxxxxx0.000034,0.000000,0.000000,0.003569,0.044059
C,ka100_req56,7,xxxxxxxxxxxxxxxx0.000036,0.000000,0.000000,0.003627,0.044782
C,ka100_req57,7,xxxxxxxxxxxxxxxx0.000030,0.000000,0.000000,0.002791,0.045302
C,ka100_req58,7,xxxxxxxxxxxxxxxx0.000036,0.000000,0.000000,0.003313,0.045756
C,ka100_req59,7,xxxxxxxxxxxxxxxx0.000029,0.000000,0.000000,0.003186,0.044309
C,ka100_req60,7,xxxxxxxxxxxxxxxx0.000032,0.000000,0.000000,0.003706,0.044966
C,ka100_req61,7,xxxxxxxxxxxxxxxx0.000039,0.000000,0.000000,0.003639,0.044194
C,ka100_req62,7,xxxxxxxxxxxxxxxx0.000025,0.000000,0.000000,0.003434,0.044647
C,ka100_req63,7,xxxxxxxxxxxxxxxx0.000038,0.000000,0.000000,0.003622,0.044558
C,ka100_req64,7,xxxxxxxxxxxxxxxx0.000024,0.000000,0.000000,0.002411,0.043325
C,ka100_req65,7,xxxxxxxxxxxxxxxx0.000037,0.000000,0.000000,0.003406,0.046136
C,ka100_req66,7,xxxxxxxxxxxxxxxx0.000042,0.000000,0.000000,0.003503,0.044165
C,ka100_req67,7,xxxxxxxxxxxxxxxx0.000021,0.000000,0.000000,0.001856,0.042601
C,ka100_req68,7,xxxxxxxxxxxxxxxx0.000024,0.000000,0.000000,0.002662,0.043847
C,ka100_req69,7,xxxxxxxxxxxxxxxx0.000026,0.000000,0.000000,0.002831,0.044405
C,ka100_req70,7,xxxxxxxxxxxxxxxx0.000025,0.000000,0.000000,0.003097,0.044078
C,ka100_req71,7,xxxxxxxxxxxxxxxx0.000029,0.000000,0.000000,0.003410,0.044357
C,ka100_req72,7,xxxxxxxxxxxxxxxx0.000036,0.000000,0.000000,0.003197,0.044200
C,ka100_req73,7,xxxxxxxxxxxxxxxx0.000032,0.000000,0.000000,0.003387,0.043626
C,ka100_req74,7,xxxxxxxxxxxxxxxx0.000033,0.000000,0.000000,0.003036,0.045699
C,ka100_req75,7,xxxxxxxxxxxxxxxx0.000034,0.000000,0.000000,0.003078,0.043901
C,ka100_req76,7,xxxxxxxxxxxxxxxx0.000036,0.000000,0.000000,0.003182,0.043766
C,ka100_req77,7,xxxxxxxxxxxxxxxx0.000033,0.000000,0.000000,0.003437,0.043760
C,ka100_req78,7,xxxxxxxxxxxxxxxx0.000037,0.000000,0.000000,0.003718,0.044890
C,ka100_req79,7,xxxxxxxxxxxxxxxx0.000038,0.000000,0.000000,0.003589,0.045483
C,ka100_req80,7,xxxxxxxxxxxxxxxx0.000038,0.000000,0.000000,0.003478,0.045807
C,ka100_req81,7,xxxxxxxxxxxxxxxx0.000027,0.000000,0.000000,0.002922,0.044869
C,ka100_req82,7,xxxxxxxxxxxxxxxx0.000029,0.000000,0.000000,0.002854,0.045029
C,ka100_req83,7,xxxxxxxxxxxxxxxx0.000078,0.000000,0.000000,0.003538,0.045123
C,ka100_req84,7,xxxxxxxxxxxxxxxx0.000024,0.000000,0.000000,0.003078,0.044113
C,ka100_req85,7,xxxxxxxxxxxxxxxx0.000038,0.000000,0.000000,0.004319,0.045783
C,ka100_req86,7,xxxxxxxxxxxxxxxx0.000035,0.000000,0.000000,0.003265,0.044381
C,ka100_req87,7,xxxxxxxxxxxxxxxx0.000034,0.000000,0.000000,0.003702,0.043979
C,ka100_req88,7,xxxxxxxxxxxxxxxx0.000021,0.000000,0.000000,0.003086,0.043892
C,ka100_req89,7,xxxxxxxxxxxxxxxx0.000036,0.000000,0.000000,0.003178,0.043823
C,ka100_req90,7,xxxxxxxxxxxxxxxx0.000013,0.000000,0.000000,0.001691,0.042621
C,ka100_req91,7,xxxxxxxxxxxxxxxx0.000009,0.000000,0.000000,0.000937,0.045635
C,ka100_req92,7,xxxxxxxxxxxxxxxx0.000012,0.000000,0.000000,0.000892,0.044297
C,ka100_req93,7,xxxxxxxxxxxxxxxx0.000011,0.000000,0.000000,0.001153,0.045962
C,ka100_req94,7,xxxxxxxxxxxxxxxx0.000024,0.000000,0.000000,0.002340,0.042924
C,ka100_req95,7,xxxxxxxxxxxxxxxx0.000037,0.000000,0.000000,0.003030,0.043650
C,ka100_req96,7,xxxxxxxxxxxxxxxx0.000035,0.000000,0.000000,0.003313,0.043970
C,ka100_req97,7,xxxxxxxxxxxxxxxx0.000036,0.000000,0.000000,0.002953,0.043645
C,ka100_req98,7,xxxxxxxxxxxxxxxx0.000036,0.000000,0.000000,0.003308,0.044376
C,ka100_req99,7,xxxxxxxxxxxxxxxx0.000031,0.000000,0.000000,0.002867,0.043489
C,ka100_req100,7,xxxxxxxxxxxxxxxx0.000030,0.000000,0.000000,0.003240,0.044146
C,ka100_req1,8,0.000024,0.000232,0.030860,0.033021,0.074217
C,ka100_req2,8,xxxxxxxxxxxxxxxx0.000013,0.000000,0.000000,0.001255,0.045785
C,ka100_req3,8,xxxxxxxxxxxxxxxx0.000025,0.000000,0.000000,0.002628,0.044176
C,ka100_req4,8,xxxxxxxxxxxxxxxx0.000037,0.000000,0.000000,0.003125,0.043412
C,ka100_req5,8,xxxxxxxxxxxxxxxx0.000047,0.000000,0.000000,0.003083,0.043930
C,ka100_req6,8,xxxxxxxxxxxxxxxx0.000031,0.000000,0.000000,0.002830,0.044852
C,ka100_req7,8,xxxxxxxxxxxxxxxx0.000037,0.000000,0.000000,0.003113,0.043327
C,ka100_req8,8,xxxxxxxxxxxxxxxx0.000025,0.000000,0.000000,0.002837,0.044129
C,ka100_req9,8,xxxxxxxxxxxxxxxx0.000034,0.000000,0.000000,0.003857,0.044725
C,ka100_req10,8,xxxxxxxxxxxxxxxx0.000036,0.000000,0.000000,0.003092,0.043812
C,ka100_req11,8,xxxxxxxxxxxxxxxx0.000033,0.000000,0.000000,0.003457,0.044922
C,ka100_req12,8,xxxxxxxxxxxxxxxx0.000063,0.000000,0.000000,0.003486,0.045050
C,ka100_req13,8,xxxxxxxxxxxxxxxx0.000035,0.000000,0.000000,0.003177,0.044510
C,ka100_req14,8,xxxxxxxxxxxxxxxx0.000035,0.000000,0.000000,0.003317,0.044381
C,ka100_req15,8,xxxxxxxxxxxxxxxx0.000036,0.000000,0.000000,0.003521,0.044472
C,ka100_req16,8,xxxxxxxxxxxxxxxx0.000036,0.000000,0.000000,0.003195,0.045285
C,ka100_req17,8,xxxxxxxxxxxxxxxx0.000035,0.000000,0.000000,0.003108,0.044248
C,ka100_req18,8,xxxxxxxxxxxxxxxx0.000029,0.000000,0.000000,0.003153,0.043890
C,ka100_req19,8,xxxxxxxxxxxxxxxx0.000036,0.000000,0.000000,0.003034,0.043772
C,ka100_req20,8,xxxxxxxxxxxxxxxx0.000031,0.000000,0.000000,0.003029,0.043975
C,ka100_req21,8,xxxxxxxxxxxxxxxx0.000036,0.000000,0.000000,0.003398,0.044520
C,ka100_req22,8,xxxxxxxxxxxxxxxx0.000035,0.000000,0.000000,0.003590,0.044877
C,ka100_req23,8,xxxxxxxxxxxxxxxx0.000034,0.000000,0.000000,0.002800,0.043566
C,ka100_req24,8,xxxxxxxxxxxxxxxx0.000032,0.000000,0.000000,0.002668,0.043922
C,ka100_req25,8,xxxxxxxxxxxxxxxx0.000022,0.000000,0.000000,0.002566,0.044450
C,ka100_req26,8,xxxxxxxxxxxxxxxx0.000037,0.000000,0.000000,0.002993,0.044170
C,ka100_req27,8,xxxxxxxxxxxxxxxx0.000034,0.000000,0.000000,0.003037,0.043848
C,ka100_req28,8,xxxxxxxxxxxxxxxx0.000032,0.000000,0.000000,0.003184,0.043888
C,ka100_req29,8,xxxxxxxxxxxxxxxx0.000033,0.000000,0.000000,0.002693,0.044470
C,ka100_req30,8,xxxxxxxxxxxxxxxx0.000033,0.000000,0.000000,0.002596,0.043833
C,ka100_req31,8,xxxxxxxxxxxxxxxx0.000034,0.000000,0.000000,0.003480,0.044053
C,ka100_req32,8,xxxxxxxxxxxxxxxx0.000031,0.000000,0.000000,0.002728,0.043438
C,ka100_req33,8,xxxxxxxxxxxxxxxx0.000032,0.000000,0.000000,0.003106,0.044477
C,ka100_req34,8,xxxxxxxxxxxxxxxx0.000034,0.000000,0.000000,0.002941,0.044144
C,ka100_req35,8,xxxxxxxxxxxxxxxx0.000030,0.000000,0.000000,0.002870,0.044243
C,ka100_req36,8,xxxxxxxxxxxxxxxx0.000045,0.000000,0.000000,0.002938,0.043501
C,ka100_req37,8,xxxxxxxxxxxxxxxx0.000046,0.000000,0.000000,0.003202,0.044150
C,ka100_req38,8,xxxxxxxxxxxxxxxx0.000031,0.000000,0.000000,0.003049,0.044424
C,ka100_req39,8,xxxxxxxxxxxxxxxx0.000037,0.000000,0.000000,0.003049,0.043586
C,ka100_req40,8,xxxxxxxxxxxxxxxx0.000033,0.000000,0.000000,0.003265,0.044315
C,ka100_req41,8,xxxxxxxxxxxxxxxx0.000032,0.000000,0.000000,0.002952,0.044198
C,ka100_req42,8,xxxxxxxxxxxxxxxx0.000033,0.000000,0.000000,0.002880,0.043547
C,ka100_req43,8,xxxxxxxxxxxxxxxx0.000034,0.000000,0.000000,0.003324,0.043992
C,ka100_req44,8,xxxxxxxxxxxxxxxx0.000034,0.000000,0.000000,0.003405,0.043722
C,ka100_req45,8,xxxxxxxxxxxxxxxx0.000034,0.000000,0.000000,0.003300,0.043774
C,ka100_req46,8,xxxxxxxxxxxxxxxx0.000037,0.000000,0.000000,0.003980,0.045184
C,ka100_req47,8,xxxxxxxxxxxxxxxx0.000051,0.000000,0.000000,0.003496,0.045012
C,ka100_req48,8,xxxxxxxxxxxxxxxx0.000031,0.000000,0.000000,0.003195,0.044240
C,ka100_req49,8,xxxxxxxxxxxxxxxx0.000091,0.000000,0.000000,0.003526,0.044814
C,ka100_req50,8,xxxxxxxxxxxxxxxx0.000029,0.000000,0.000000,0.003361,0.044183
C,ka100_req51,8,xxxxxxxxxxxxxxxx0.000038,0.000000,0.000000,0.003657,0.044579
C,ka100_req52,8,xxxxxxxxxxxxxxxx0.000034,0.000000,0.000000,0.003260,0.044427
C,ka100_req53,8,xxxxxxxxxxxxxxxx0.000034,0.000000,0.000000,0.003067,0.044319
C,ka100_req54,8,xxxxxxxxxxxxxxxx0.000035,0.000000,0.000000,0.003505,0.044170
C,ka100_req55,8,xxxxxxxxxxxxxxxx0.000034,0.000000,0.000000,0.003279,0.044263
C,ka100_req56,8,xxxxxxxxxxxxxxxx0.000045,0.000000,0.000000,0.003268,0.044460
C,ka100_req57,8,xxxxxxxxxxxxxxxx0.000027,0.000000,0.000000,0.003039,0.043735
C,ka100_req58,8,xxxxxxxxxxxxxxxx0.000031,0.000000,0.000000,0.003440,0.043649
C,ka100_req59,8,xxxxxxxxxxxxxxxx0.000021,0.000000,0.000000,0.002434,0.043129
C,ka100_req60,8,xxxxxxxxxxxxxxxx0.000033,0.000000,0.000000,0.003311,0.044534
C,ka100_req61,8,xxxxxxxxxxxxxxxx0.000061,0.000000,0.000000,0.002768,0.044965
C,ka100_req62,8,xxxxxxxxxxxxxxxx0.000039,0.000000,0.000000,0.003352,0.044427
C,ka100_req63,8,xxxxxxxxxxxxxxxx0.000035,0.000000,0.000000,0.003727,0.044725
C,ka100_req64,8,xxxxxxxxxxxxxxxx0.000020,0.000000,0.000000,0.003166,0.045296
C,ka100_req65,8,xxxxxxxxxxxxxxxx0.000045,0.000000,0.000000,0.003813,0.044728
C,ka100_req66,8,xxxxxxxxxxxxxxxx0.000071,0.000000,0.000000,0.003736,0.045071
C,ka100_req67,8,xxxxxxxxxxxxxxxx0.000037,0.000000,0.000000,0.003202,0.044023
C,ka100_req68,8,xxxxxxxxxxxxxxxx0.000035,0.000000,0.000000,0.003312,0.044173
C,ka100_req69,8,xxxxxxxxxxxxxxxx0.000070,0.000000,0.000000,0.003754,0.045156
C,ka100_req70,8,xxxxxxxxxxxxxxxx0.000034,0.000000,0.000000,0.002956,0.044575
C,ka100_req71,8,xxxxxxxxxxxxxxxx0.000037,0.000000,0.000000,0.003771,0.044358
C,ka100_req72,8,xxxxxxxxxxxxxxxx0.000033,0.000000,0.000000,0.003543,0.044619
C,ka100_req73,8,xxxxxxxxxxxxxxxx0.000038,0.000000,0.000000,0.003720,0.044675
C,ka100_req74,8,xxxxxxxxxxxxxxxx0.000036,0.000000,0.000000,0.003507,0.044741
C,ka100_req75,8,xxxxxxxxxxxxxxxx0.000035,0.000000,0.000000,0.003641,0.044920
C,ka100_req76,8,xxxxxxxxxxxxxxxx0.000033,0.000000,0.000000,0.003526,0.044687
C,ka100_req77,8,xxxxxxxxxxxxxxxx0.000034,0.000000,0.000000,0.004010,0.044767
C,ka100_req78,8,xxxxxxxxxxxxxxxx0.000026,0.000000,0.000000,0.002695,0.045509
C,ka100_req79,8,xxxxxxxxxxxxxxxx0.000023,0.000000,0.000000,0.002440,0.043446
C,ka100_req80,8,xxxxxxxxxxxxxxxx0.000034,0.000000,0.000000,0.003601,0.044470
C,ka100_req81,8,xxxxxxxxxxxxxxxx0.000036,0.000000,0.000000,0.004057,0.044955
C,ka100_req82,8,xxxxxxxxxxxxxxxx0.000072,0.000000,0.000000,0.003427,0.044374
C,ka100_req83,8,xxxxxxxxxxxxxxxx0.000038,0.000000,0.000000,0.003600,0.045008
C,ka100_req84,8,xxxxxxxxxxxxxxxx0.000035,0.000000,0.000000,0.003238,0.044107
C,ka100_req85,8,xxxxxxxxxxxxxxxx0.000035,0.000000,0.000000,0.003321,0.044053
C,ka100_req86,8,xxxxxxxxxxxxxxxx0.000030,0.000000,0.000000,0.002846,0.044212
C,ka100_req87,8,xxxxxxxxxxxxxxxx0.000034,0.000000,0.000000,0.002936,0.043444
C,ka100_req88,8,xxxxxxxxxxxxxxxx0.000030,0.000000,0.000000,0.003106,0.043825
C,ka100_req89,8,xxxxxxxxxxxxxxxx0.000035,0.000000,0.000000,0.003611,0.044752
C,ka100_req90,8,xxxxxxxxxxxxxxxx0.000032,0.000000,0.000000,0.003414,0.044294
C,ka100_req91,8,xxxxxxxxxxxxxxxx0.000031,0.000000,0.000000,0.002755,0.043648
C,ka100_req92,8,xxxxxxxxxxxxxxxx0.000035,0.000000,0.000000,0.002909,0.044119
C,ka100_req93,8,xxxxxxxxxxxxxxxx0.000037,0.000000,0.000000,0.003172,0.044215
C,ka100_req94,8,xxxxxxxxxxxxxxxx0.000032,0.000000,0.000000,0.003302,0.044187
C,ka100_req95,8,xxxxxxxxxxxxxxxx0.000035,0.000000,0.000000,0.003224,0.046034
C,ka100_req96,8,xxxxxxxxxxxxxxxx0.000033,0.000000,0.000000,0.002885,0.044011
C,ka100_req97,8,xxxxxxxxxxxxxxxx0.000033,0.000000,0.000000,0.003190,0.043504
C,ka100_req98,8,xxxxxxxxxxxxxxxx0.000036,0.000000,0.000000,0.003344,0.043799
C,ka100_req99,8,xxxxxxxxxxxxxxxx0.000038,0.000000,0.000000,0.002701,0.043701
C,ka100_req100,8,xxxxxxxxxxxxxxxx0.000031,0.000000,0.000000,0.003306,0.044263
C,ka100_req1,9,0.000020,0.000155,0.028345,0.030744,0.071831
C,ka100_req2,9,xxxxxxxxxxxxxxxx0.000016,0.000000,0.000000,0.001265,0.042050
C,ka100_req3,9,xxxxxxxxxxxxxxxx0.000022,0.000000,0.000000,0.001991,0.045276
C,ka100_req4,9,xxxxxxxxxxxxxxxx0.000026,0.000000,0.000000,0.002583,0.044819
C,ka100_req5,9,xxxxxxxxxxxxxxxx0.000042,0.000000,0.000000,0.003081,0.044269
C,ka100_req6,9,xxxxxxxxxxxxxxxx0.000025,0.000000,0.000000,0.003154,0.044923
C,ka100_req7,9,xxxxxxxxxxxxxxxx0.000037,0.000000,0.000000,0.003426,0.044726
C,ka100_req8,9,xxxxxxxxxxxxxxxx0.000033,0.000000,0.000000,0.002897,0.043753
C,ka100_req9,9,xxxxxxxxxxxxxxxx0.000033,0.000000,0.000000,0.003104,0.044044
C,ka100_req10,9,xxxxxxxxxxxxxxxx0.000030,0.000000,0.000000,0.003222,0.044506
C,ka100_req11,9,xxxxxxxxxxxxxxxx0.000034,0.000000,0.000000,0.003645,0.044727
C,ka100_req12,9,xxxxxxxxxxxxxxxx0.000032,0.000000,0.000000,0.003313,0.043990
C,ka100_req13,9,xxxxxxxxxxxxxxxx0.000031,0.000000,0.000000,0.002719,0.043666
C,ka100_req14,9,xxxxxxxxxxxxxxxx0.000021,0.000000,0.000000,0.002506,0.043223
C,ka100_req15,9,xxxxxxxxxxxxxxxx0.000036,0.000000,0.000000,0.003123,0.045593
C,ka100_req16,9,xxxxxxxxxxxxxxxx0.000075,0.000000,0.000000,0.003317,0.044470
C,ka100_req17,9,xxxxxxxxxxxxxxxx0.000035,0.000000,0.000000,0.003385,0.043920
C,ka100_req18,9,xxxxxxxxxxxxxxxx0.000032,0.000000,0.000000,0.003087,0.043948
C,ka100_req19,9,xxxxxxxxxxxxxxxx0.000038,0.000000,0.000000,0.003432,0.044293
C,ka100_req20,9,xxxxxxxxxxxxxxxx0.000036,0.000000,0.000000,0.003048,0.043877
C,ka100_req21,9,xxxxxxxxxxxxxxxx0.000032,0.000000,0.000000,0.003365,0.043734
C,ka100_req22,9,xxxxxxxxxxxxxxxx0.000031,0.000000,0.000000,0.003208,0.043928
C,ka100_req23,9,xxxxxxxxxxxxxxxx0.000034,0.000000,0.000000,0.003250,0.043658
C,ka100_req24,9,xxxxxxxxxxxxxxxx0.000032,0.000000,0.000000,0.003340,0.045625
C,ka100_req25,9,xxxxxxxxxxxxxxxx0.000037,0.000000,0.000000,0.003737,0.045029
C,ka100_req26,9,xxxxxxxxxxxxxxxx0.000036,0.000000,0.000000,0.003539,0.044828
C,ka100_req27,9,xxxxxxxxxxxxxxxx0.000035,0.000000,0.000000,0.003504,0.045360
C,ka100_req28,9,xxxxxxxxxxxxxxxx0.000035,0.000000,0.000000,0.003241,0.044154
C,ka100_req29,9,xxxxxxxxxxxxxxxx0.000033,0.000000,0.000000,0.003090,0.043453
C,ka100_req30,9,xxxxxxxxxxxxxxxx0.000033,0.000000,0.000000,0.003956,0.045064
C,ka100_req31,9,xxxxxxxxxxxxxxxx0.000036,0.000000,0.000000,0.003379,0.043996
C,ka100_req32,9,xxxxxxxxxxxxxxxx0.000032,0.000000,0.000000,0.002704,0.043727
C,ka100_req33,9,xxxxxxxxxxxxxxxx0.000029,0.000000,0.000000,0.003010,0.043876
C,ka100_req34,9,xxxxxxxxxxxxxxxx0.000033,0.000000,0.000000,0.002939,0.043471
C,ka100_req35,9,xxxxxxxxxxxxxxxx0.000034,0.000000,0.000000,0.003101,0.044543
C,ka100_req36,9,xxxxxxxxxxxxxxxx0.000033,0.000000,0.000000,0.003465,0.044369
C,ka100_req37,9,xxxxxxxxxxxxxxxx0.000037,0.000000,0.000000,0.003471,0.044335
C,ka100_req38,9,xxxxxxxxxxxxxxxx0.000035,0.000000,0.000000,0.003071,0.044131
C,ka100_req39,9,xxxxxxxxxxxxxxxx0.000060,0.000000,0.000000,0.003081,0.043327
C,ka100_req40,9,xxxxxxxxxxxxxxxx0.000032,0.000000,0.000000,0.003091,0.043953
C,ka100_req41,9,xxxxxxxxxxxxxxxx0.000032,0.000000,0.000000,0.003002,0.043702
C,ka100_req42,9,xxxxxxxxxxxxxxxx0.000034,0.000000,0.000000,0.003328,0.043846
C,ka100_req43,9,xxxxxxxxxxxxxxxx0.000022,0.000000,0.000000,0.002566,0.043790
C,ka100_req44,9,xxxxxxxxxxxxxxxx0.000034,0.000000,0.000000,0.002900,0.044014
C,ka100_req45,9,xxxxxxxxxxxxxxxx0.000022,0.000000,0.000000,0.003286,0.044664
C,ka100_req46,9,xxxxxxxxxxxxxxxx0.000033,0.000000,0.000000,0.003282,0.043873
C,ka100_req47,9,xxxxxxxxxxxxxxxx0.000034,0.000000,0.000000,0.002851,0.044924
C,ka100_req48,9,xxxxxxxxxxxxxxxx0.000036,0.000000,0.000000,0.004207,0.045372
C,ka100_req49,9,xxxxxxxxxxxxxxxx0.000038,0.000000,0.000000,0.003730,0.044638
C,ka100_req50,9,xxxxxxxxxxxxxxxx0.000033,0.000000,0.000000,0.003211,0.044067
C,ka100_req51,9,xxxxxxxxxxxxxxxx0.000035,0.000000,0.000000,0.002987,0.043617
C,ka100_req52,9,xxxxxxxxxxxxxxxx0.000031,0.000000,0.000000,0.003360,0.043693
C,ka100_req53,9,xxxxxxxxxxxxxxxx0.000034,0.000000,0.000000,0.003065,0.043590
C,ka100_req54,9,xxxxxxxxxxxxxxxx0.000033,0.000000,0.000000,0.002806,0.043920
C,ka100_req55,9,xxxxxxxxxxxxxxxx0.000031,0.000000,0.000000,0.003109,0.043871
C,ka100_req56,9,xxxxxxxxxxxxxxxx0.000032,0.000000,0.000000,0.003151,0.043832
C,ka100_req57,9,xxxxxxxxxxxxxxxx0.000032,0.000000,0.000000,0.003060,0.044140
C,ka100_req58,9,xxxxxxxxxxxxxxxx0.000069,0.000000,0.000000,0.003097,0.044968
C,ka100_req59,9,xxxxxxxxxxxxxxxx0.000019,0.000000,0.000000,0.002852,0.043762
C,ka100_req60,9,xxxxxxxxxxxxxxxx0.000035,0.000000,0.000000,0.003552,0.046365
C,ka100_req61,9,xxxxxxxxxxxxxxxx0.000035,0.000000,0.000000,0.003018,0.044313
C,ka100_req62,9,xxxxxxxxxxxxxxxx0.000036,0.000000,0.000000,0.003353,0.044151
C,ka100_req63,9,xxxxxxxxxxxxxxxx0.000036,0.000000,0.000000,0.003235,0.044185
C,ka100_req64,9,xxxxxxxxxxxxxxxx0.000036,0.000000,0.000000,0.003105,0.044375
C,ka100_req65,9,xxxxxxxxxxxxxxxx0.000036,0.000000,0.000000,0.002846,0.044023
C,ka100_req66,9,xxxxxxxxxxxxxxxx0.000036,0.000000,0.000000,0.002948,0.043006
C,ka100_req67,9,xxxxxxxxxxxxxxxx0.000013,0.000000,0.000000,0.001263,0.041955
C,ka100_req68,9,xxxxxxxxxxxxxxxx0.000011,0.000000,0.000000,0.000900,0.044111
C,ka100_req69,9,xxxxxxxxxxxxxxxx0.000013,0.000000,0.000000,0.001023,0.042111
C,ka100_req70,9,xxxxxxxxxxxxxxxx0.000013,0.000000,0.000000,0.001498,0.042296
C,ka100_req71,9,xxxxxxxxxxxxxxxx0.000046,0.000000,0.000000,0.002469,0.043448
C,ka100_req72,9,xxxxxxxxxxxxxxxx0.000036,0.000000,0.000000,0.002956,0.044279
C,ka100_req73,9,xxxxxxxxxxxxxxxx0.000035,0.000000,0.000000,0.002931,0.044116
C,ka100_req74,9,xxxxxxxxxxxxxxxx0.000034,0.000000,0.000000,0.003860,0.045408
C,ka100_req75,9,xxxxxxxxxxxxxxxx0.000035,0.000000,0.000000,0.003267,0.044117
C,ka100_req76,9,xxxxxxxxxxxxxxxx0.000032,0.000000,0.000000,0.002723,0.044360
C,ka100_req77,9,xxxxxxxxxxxxxxxx0.000033,0.000000,0.000000,0.002912,0.043947
C,ka100_req78,9,xxxxxxxxxxxxxxxx0.000032,0.000000,0.000000,0.003160,0.043954
C,ka100_req79,9,xxxxxxxxxxxxxxxx0.000032,0.000000,0.000000,0.003462,0.043749
C,ka100_req80,9,xxxxxxxxxxxxxxxx0.000020,0.000000,0.000000,0.002008,0.043182
C,ka100_req81,9,xxxxxxxxxxxxxxxx0.000014,0.000000,0.000000,0.001439,0.045515
C,ka100_req82,9,xxxxxxxxxxxxxxxx0.000016,0.000000,0.000000,0.001515,0.042050
C,ka100_req83,9,xxxxxxxxxxxxxxxx0.000025,0.000000,0.000000,0.002812,0.044173
C,ka100_req84,9,xxxxxxxxxxxxxxxx0.000064,0.000000,0.000000,0.003555,0.044704
C,ka100_req85,9,xxxxxxxxxxxxxxxx0.000034,0.000000,0.000000,0.003051,0.043653
C,ka100_req86,9,xxxxxxxxxxxxxxxx0.000043,0.000000,0.000000,0.003168,0.044522
C,ka100_req87,9,xxxxxxxxxxxxxxxx0.000038,0.000000,0.000000,0.003119,0.045782
C,ka100_req88,9,xxxxxxxxxxxxxxxx0.000073,0.000000,0.000000,0.002743,0.043653
C,ka100_req89,9,xxxxxxxxxxxxxxxx0.000034,0.000000,0.000000,0.003596,0.044286
C,ka100_req90,9,xxxxxxxxxxxxxxxx0.000020,0.000000,0.000000,0.001879,0.045384
C,ka100_req91,9,xxxxxxxxxxxxxxxx0.000025,0.000000,0.000000,0.002528,0.044244
C,ka100_req92,9,xxxxxxxxxxxxxxxx0.000037,0.000000,0.000000,0.003113,0.045550
C,ka100_req93,9,xxxxxxxxxxxxxxxx0.000037,0.000000,0.000000,0.002651,0.044257
C,ka100_req94,9,xxxxxxxxxxxxxxxx0.000030,0.000000,0.000000,0.003018,0.044017
C,ka100_req95,9,xxxxxxxxxxxxxxxx0.000036,0.000000,0.000000,0.003321,0.044618
C,ka100_req96,9,xxxxxxxxxxxxxxxx0.000039,0.000000,0.000000,0.003885,0.044786
C,ka100_req97,9,xxxxxxxxxxxxxxxx0.000038,0.000000,0.000000,0.003327,0.044480
C,ka100_req98,9,xxxxxxxxxxxxxxxx0.000031,0.000000,0.000000,0.003313,0.044238
C,ka100_req99,9,xxxxxxxxxxxxxxxx0.000034,0.000000,0.000000,0.002898,0.043682
C,ka100_req100,9,xxxxxxxxxxxxxxxx0.000076,0.000000,0.000000,0.003067,0.043691
C,ka100_req1,10,0.000022,0.000149,0.030923,0.033506,0.075077
C,ka100_req2,10,xxxxxxxxxxxxxxxx0.000018,0.000000,0.000000,0.001225,0.046267
C,ka100_req3,10,xxxxxxxxxxxxxxxx0.000023,0.000000,0.000000,0.002602,0.043077
C,ka100_req4,10,xxxxxxxxxxxxxxxx0.000039,0.000000,0.000000,0.003606,0.044896
C,ka100_req5,10,xxxxxxxxxxxxxxxx0.000037,0.000000,0.000000,0.003415,0.044730
C,ka100_req6,10,xxxxxxxxxxxxxxxx0.000036,0.000000,0.000000,0.003215,0.044099
C,ka100_req7,10,xxxxxxxxxxxxxxxx0.000035,0.000000,0.000000,0.003243,0.046073
C,ka100_req8,10,xxxxxxxxxxxxxxxx0.000034,0.000000,0.000000,0.003072,0.043903
C,ka100_req9,10,xxxxxxxxxxxxxxxx0.000036,0.000000,0.000000,0.005370,0.045813
C,ka100_req10,10,xxxxxxxxxxxxxxxx0.000035,0.000000,0.000000,0.003090,0.043691
C,ka100_req11,10,xxxxxxxxxxxxxxxx0.000036,0.000000,0.000000,0.002895,0.044283
C,ka100_req12,10,xxxxxxxxxxxxxxxx0.000018,0.000000,0.000000,0.001605,0.045263
C,ka100_req13,10,xxxxxxxxxxxxxxxx0.000017,0.000000,0.000000,0.001532,0.045809
C,ka100_req14,10,xxxxxxxxxxxxxxxx0.000012,0.000000,0.000000,0.000933,0.043862
C,ka100_req15,10,xxxxxxxxxxxxxxxx0.000014,0.000000,0.000000,0.001058,0.042569
C,ka100_req16,10,xxxxxxxxxxxxxxxx0.000012,0.000000,0.000000,0.001387,0.042499
C,ka100_req17,10,xxxxxxxxxxxxxxxx0.000024,0.000000,0.000000,0.002559,0.042797
C,ka100_req18,10,xxxxxxxxxxxxxxxx0.000035,0.000000,0.000000,0.003013,0.043734
C,ka100_req19,10,xxxxxxxxxxxxxxxx0.000035,0.000000,0.000000,0.002875,0.043928
C,ka100_req20,10,xxxxxxxxxxxxxxxx0.000035,0.000000,0.000000,0.003471,0.044281
C,ka100_req21,10,xxxxxxxxxxxxxxxx0.000036,0.000000,0.000000,0.003557,0.044232
C,ka100_req22,10,xxxxxxxxxxxxxxxx0.000033,0.000000,0.000000,0.003223,0.043666
C,ka100_req23,10,xxxxxxxxxxxxxxxx0.000034,0.000000,0.000000,0.002991,0.043783
C,ka100_req24,10,xxxxxxxxxxxxxxxx0.000023,0.000000,0.000000,0.003434,0.044421
C,ka100_req25,10,xxxxxxxxxxxxxxxx0.000033,0.000000,0.000000,0.003101,0.044167
C,ka100_req26,10,xxxxxxxxxxxxxxxx0.000031,0.000000,0.000000,0.003272,0.044496
C,ka100_req27,10,xxxxxxxxxxxxxxxx0.000037,0.000000,0.000000,0.003586,0.044950
C,ka100_req28,10,xxxxxxxxxxxxxxxx0.000034,0.000000,0.000000,0.003765,0.044037
C,ka100_req29,10,xxxxxxxxxxxxxxxx0.000034,0.000000,0.000000,0.003582,0.044835
C,ka100_req30,10,xxxxxxxxxxxxxxxx0.000034,0.000000,0.000000,0.003455,0.045681
C,ka100_req31,10,xxxxxxxxxxxxxxxx0.000028,0.000000,0.000000,0.003053,0.043649
C,ka100_req32,10,xxxxxxxxxxxxxxxx0.000033,0.000000,0.000000,0.003112,0.043672
C,ka100_req33,10,xxxxxxxxxxxxxxxx0.000036,0.000000,0.000000,0.003332,0.043817
C,ka100_req34,10,xxxxxxxxxxxxxxxx0.000035,0.000000,0.000000,0.003797,0.044922
C,ka100_req35,10,xxxxxxxxxxxxxxxx0.000036,0.000000,0.000000,0.003699,0.044953
C,ka100_req36,10,xxxxxxxxxxxxxxxx0.000035,0.000000,0.000000,0.003043,0.044396
C,ka100_req37,10,xxxxxxxxxxxxxxxx0.000027,0.000000,0.000000,0.003622,0.045159
C,ka100_req38,10,xxxxxxxxxxxxxxxx0.000065,0.000000,0.000000,0.003154,0.044370
C,ka100_req39,10,xxxxxxxxxxxxxxxx0.000025,0.000000,0.000000,0.003041,0.044142
C,ka100_req40,10,xxxxxxxxxxxxxxxx0.000034,0.000000,0.000000,0.003043,0.043586
C,ka100_req41,10,xxxxxxxxxxxxxxxx0.000047,0.000000,0.000000,0.003151,0.044666
C,ka100_req42,10,xxxxxxxxxxxxxxxx0.000034,0.000000,0.000000,0.003988,0.044787
C,ka100_req43,10,xxxxxxxxxxxxxxxx0.000034,0.000000,0.000000,0.003267,0.043479
C,ka100_req44,10,xxxxxxxxxxxxxxxx0.000026,0.000000,0.000000,0.002854,0.043895
C,ka100_req45,10,xxxxxxxxxxxxxxxx0.000033,0.000000,0.000000,0.002788,0.043687
C,ka100_req46,10,xxxxxxxxxxxxxxxx0.000034,0.000000,0.000000,0.003131,0.043876
C,ka100_req47,10,xxxxxxxxxxxxxxxx0.000033,0.000000,0.000000,0.003175,0.044028
C,ka100_req48,10,xxxxxxxxxxxxxxxx0.000030,0.000000,0.000000,0.002961,0.044906
C,ka100_req49,10,xxxxxxxxxxxxxxxx0.000036,0.000000,0.000000,0.003287,0.044512
C,ka100_req50,10,xxxxxxxxxxxxxxxx0.000035,0.000000,0.000000,0.003173,0.043964
C,ka100_req51,10,xxxxxxxxxxxxxxxx0.000037,0.000000,0.000000,0.002939,0.043251
C,ka100_req52,10,xxxxxxxxxxxxxxxx0.000033,0.000000,0.000000,0.003364,0.045769
C,ka100_req53,10,xxxxxxxxxxxxxxxx0.000034,0.000000,0.000000,0.003376,0.043750
C,ka100_req54,10,xxxxxxxxxxxxxxxx0.000032,0.000000,0.000000,0.003871,0.045523
C,ka100_req55,10,xxxxxxxxxxxxxxxx0.000037,0.000000,0.000000,0.003126,0.045919
C,ka100_req56,10,xxxxxxxxxxxxxxxx0.000026,0.000000,0.000000,0.003317,0.043902
C,ka100_req57,10,xxxxxxxxxxxxxxxx0.000034,0.000000,0.000000,0.003283,0.044447
C,ka100_req58,10,xxxxxxxxxxxxxxxx0.000034,0.000000,0.000000,0.003158,0.044221
C,ka100_req59,10,xxxxxxxxxxxxxxxx0.000032,0.000000,0.000000,0.003212,0.044041
C,ka100_req60,10,xxxxxxxxxxxxxxxx0.000066,0.000000,0.000000,0.003240,0.044564
C,ka100_req61,10,xxxxxxxxxxxxxxxx0.000036,0.000000,0.000000,0.003480,0.045124
C,ka100_req62,10,xxxxxxxxxxxxxxxx0.000033,0.000000,0.000000,0.003187,0.044046
C,ka100_req63,10,xxxxxxxxxxxxxxxx0.000035,0.000000,0.000000,0.003463,0.043992
C,ka100_req64,10,xxxxxxxxxxxxxxxx0.000033,0.000000,0.000000,0.002950,0.043785
C,ka100_req65,10,xxxxxxxxxxxxxxxx0.000031,0.000000,0.000000,0.003271,0.043831
C,ka100_req66,10,xxxxxxxxxxxxxxxx0.000030,0.000000,0.000000,0.003048,0.044096
C,ka100_req67,10,xxxxxxxxxxxxxxxx0.000027,0.000000,0.000000,0.002713,0.045127
C,ka100_req68,10,xxxxxxxxxxxxxxxx0.000033,0.000000,0.000000,0.003368,0.044515
C,ka100_req69,10,xxxxxxxxxxxxxxxx0.000043,0.000000,0.000000,0.003414,0.044175
C,ka100_req70,10,xxxxxxxxxxxxxxxx0.000035,0.000000,0.000000,0.003513,0.043803
C,ka100_req71,10,xxxxxxxxxxxxxxxx0.000025,0.000000,0.000000,0.002883,0.044528
C,ka100_req72,10,xxxxxxxxxxxxxxxx0.000034,0.000000,0.000000,0.003094,0.044100
C,ka100_req73,10,xxxxxxxxxxxxxxxx0.000033,0.000000,0.000000,0.002979,0.044010
C,ka100_req74,10,xxxxxxxxxxxxxxxx0.000060,0.000000,0.000000,0.003295,0.044506
C,ka100_req75,10,xxxxxxxxxxxxxxxx0.000035,0.000000,0.000000,0.003128,0.043449
C,ka100_req76,10,xxxxxxxxxxxxxxxx0.000033,0.000000,0.000000,0.003038,0.044365
C,ka100_req77,10,xxxxxxxxxxxxxxxx0.000038,0.000000,0.000000,0.003298,0.044766
C,ka100_req78,10,xxxxxxxxxxxxxxxx0.000022,0.000000,0.000000,0.002911,0.043581
C,ka100_req79,10,xxxxxxxxxxxxxxxx0.000038,0.000000,0.000000,0.002942,0.043526
C,ka100_req80,10,xxxxxxxxxxxxxxxx0.000032,0.000000,0.000000,0.003106,0.043877
C,ka100_req81,10,xxxxxxxxxxxxxxxx0.000033,0.000000,0.000000,0.003057,0.043779
C,ka100_req82,10,xxxxxxxxxxxxxxxx0.000035,0.000000,0.000000,0.003255,0.044485
C,ka100_req83,10,xxxxxxxxxxxxxxxx0.000037,0.000000,0.000000,0.004034,0.045029
C,ka100_req84,10,xxxxxxxxxxxxxxxx0.000036,0.000000,0.000000,0.003057,0.043838
C,ka100_req85,10,xxxxxxxxxxxxxxxx0.000023,0.000000,0.000000,0.002598,0.043651
C,ka100_req86,10,xxxxxxxxxxxxxxxx0.000056,0.000000,0.000000,0.002973,0.044069
C,ka100_req87,10,xxxxxxxxxxxxxxxx0.000034,0.000000,0.000000,0.002839,0.044699
C,ka100_req88,10,xxxxxxxxxxxxxxxx0.000032,0.000000,0.000000,0.002792,0.043644
C,ka100_req89,10,xxxxxxxxxxxxxxxx0.000034,0.000000,0.000000,0.002712,0.043806
C,ka100_req90,10,xxxxxxxxxxxxxxxx0.000032,0.000000,0.000000,0.003037,0.043753
C,ka100_req91,10,xxxxxxxxxxxxxxxx0.000033,0.000000,0.000000,0.003113,0.043801
C,ka100_req92,10,xxxxxxxxxxxxxxxx0.000034,0.000000,0.000000,0.002800,0.044411
C,ka100_req93,10,xxxxxxxxxxxxxxxx0.000025,0.000000,0.000000,0.004242,0.045173
C,ka100_req94,10,xxxxxxxxxxxxxxxx0.000035,0.000000,0.000000,0.003010,0.043868
C,ka100_req95,10,xxxxxxxxxxxxxxxx0.000037,0.000000,0.000000,0.003690,0.044706
C,ka100_req96,10,xxxxxxxxxxxxxxxx0.000034,0.000000,0.000000,0.003016,0.043526
C,ka100_req97,10,xxxxxxxxxxxxxxxx0.000035,0.000000,0.000000,0.003666,0.044806
C,ka100_req98,10,xxxxxxxxxxxxxxxx0.000032,0.000000,0.000000,0.003170,0.044538
C,ka100_req99,10,xxxxxxxxxxxxxxxx0.000052,0.000000,0.000000,0.003254,0.043948
C,ka100_req100,10,xxxxxxxxxxxxxxxx0.000045,0.000000,0.000000,0.003393,0.044332
C,ka100_req1,11,0.000024,0.000165,0.031014,0.033689,0.075186
C,ka100_req2,11,xxxxxxxxxxxxxxxx0.000017,0.000000,0.000000,0.001426,0.045553
C,ka100_req3,11,xxxxxxxxxxxxxxxx0.000020,0.000000,0.000000,0.002136,0.044865
C,ka100_req4,11,xxxxxxxxxxxxxxxx0.000037,0.000000,0.000000,0.003260,0.045066
C,ka100_req5,11,xxxxxxxxxxxxxxxx0.000038,0.000000,0.000000,0.002910,0.043698
C,ka100_req6,11,xxxxxxxxxxxxxxxx0.000037,0.000000,0.000000,0.003112,0.043618
C,ka100_req7,11,xxxxxxxxxxxxxxxx0.000033,0.000000,0.000000,0.003183,0.044110
C,ka100_req8,11,xxxxxxxxxxxxxxxx0.000033,0.000000,0.000000,0.002731,0.043323
C,ka100_req9,11,xxxxxxxxxxxxxxxx0.000031,0.000000,0.000000,0.003232,0.044149
C,ka100_req10,11,xxxxxxxxxxxxxxxx0.000035,0.000000,0.000000,0.003317,0.043661
C,ka100_req11,11,xxxxxxxxxxxxxxxx0.000033,0.000000,0.000000,0.002877,0.044710
C,ka100_req12,11,xxxxxxxxxxxxxxxx0.000032,0.000000,0.000000,0.003330,0.043940
C,ka100_req13,11,xxxxxxxxxxxxxxxx0.000033,0.000000,0.000000,0.002817,0.045067
C,ka100_req14,11,xxxxxxxxxxxxxxxx0.000060,0.000000,0.000000,0.003429,0.044614
C,ka100_req15,11,xxxxxxxxxxxxxxxx0.000027,0.000000,0.000000,0.002772,0.043854
C,ka100_req16,11,xxxxxxxxxxxxxxxx0.000023,0.000000,0.000000,0.003188,0.043607
C,ka100_req17,11,xxxxxxxxxxxxxxxx0.000037,0.000000,0.000000,0.003741,0.044773
C,ka100_req18,11,xxxxxxxxxxxxxxxx0.000034,0.000000,0.000000,0.002991,0.044945
C,ka100_req19,11,xxxxxxxxxxxxxxxx0.000031,0.000000,0.000000,0.003284,0.044525
C,ka100_req20,11,xxxxxxxxxxxxxxxx0.000031,0.000000,0.000000,0.002967,0.044021
C,ka100_req21,11,xxxxxxxxxxxxxxxx0.000033,0.000000,0.000000,0.002796,0.043591
C,ka100_req22,11,xxxxxxxxxxxxxxxx0.000024,0.000000,0.000000,0.002627,0.043651
C,ka100_req23,11,xxxxxxxxxxxxxxxx0.000032,0.000000,0.000000,0.002996,0.043812
C,ka100_req24,11,xxxxxxxxxxxxxxxx0.000028,0.000000,0.000000,0.003390,0.044517
C,ka100_req25,11,xxxxxxxxxxxxxxxx0.000031,0.000000,0.000000,0.003087,0.044129
C,ka100_req26,11,xxxxxxxxxxxxxxxx0.000022,0.000000,0.000000,0.003305,0.044647
C,ka100_req27,11,xxxxxxxxxxxxxxxx0.000035,0.000000,0.000000,0.003503,0.044300
C,ka100_req28,11,xxxxxxxxxxxxxxxx0.000037,0.000000,0.000000,0.003149,0.044319
C,ka100_req29,11,xxxxxxxxxxxxxxxx0.000036,0.000000,0.000000,0.003365,0.045196
C,ka100_req30,11,xxxxxxxxxxxxxxxx0.000037,0.000000,0.000000,0.002854,0.043336
C,ka100_req31,11,xxxxxxxxxxxxxxxx0.000034,0.000000,0.000000,0.003219,0.043643
C,ka100_req32,11,xxxxxxxxxxxxxxxx0.000032,0.000000,0.000000,0.003176,0.043870
C,ka100_req33,11,xxxxxxxxxxxxxxxx0.000033,0.000000,0.000000,0.003213,0.044904
C,ka100_req34,11,xxxxxxxxxxxxxxxx0.000032,0.000000,0.000000,0.003076,0.043703
C,ka100_req35,11,xxxxxxxxxxxxxxxx0.000033,0.000000,0.000000,0.002892,0.044211
C,ka100_req36,11,xxxxxxxxxxxxxxxx0.000032,0.000000,0.000000,0.002762,0.043752
C,ka100_req37,11,xxxxxxxxxxxxxxxx0.000030,0.000000,0.000000,0.003367,0.044588
C,ka100_req38,11,xxxxxxxxxxxxxxxx0.000037,0.000000,0.000000,0.003312,0.044624
C,ka100_req39,11,xxxxxxxxxxxxxxxx0.000034,0.000000,0.000000,0.003458,0.044652
C,ka100_req40,11,xxxxxxxxxxxxxxxx0.000034,0.000000,0.000000,0.003012,0.043738
C,ka100_req41,11,xxxxxxxxxxxxxxxx0.000036,0.000000,0.000000,0.003542,0.044843
C,ka100_req42,11,xxxxxxxxxxxxxxxx0.000034,0.000000,0.000000,0.002992,0.045581
C,ka100_req43,11,xxxxxxxxxxxxxxxx0.000056,0.000000,0.000000,0.004476,0.045532
C,ka100_req44,11,xxxxxxxxxxxxxxxx0.000036,0.000000,0.000000,0.003115,0.044144
C,ka100_req45,11,xxxxxxxxxxxxxxxx0.000031,0.000000,0.000000,0.002805,0.043509
C,ka100_req46,11,xxxxxxxxxxxxxxxx0.000035,0.000000,0.000000,0.002975,0.044197
C,ka100_req47,11,xxxxxxxxxxxxxxxx0.000034,0.000000,0.000000,0.002928,0.043468
C,ka100_req48,11,xxxxxxxxxxxxxxxx0.000035,0.000000,0.000000,0.003395,0.044513
C,ka100_req49,11,xxxxxxxxxxxxxxxx0.000035,0.000000,0.000000,0.003297,0.043852
C,ka100_req50,11,xxxxxxxxxxxxxxxx0.000030,0.000000,0.000000,0.003423,0.044224
C,ka100_req51,11,xxxxxxxxxxxxxxxx0.000035,0.000000,0.000000,0.003179,0.044485
C,ka100_req52,11,xxxxxxxxxxxxxxxx0.000034,0.000000,0.000000,0.002875,0.043929
C,ka100_req53,11,xxxxxxxxxxxxxxxx0.000032,0.000000,0.000000,0.003021,0.043524
C,ka100_req54,11,xxxxxxxxxxxxxxxx0.000032,0.000000,0.000000,0.003505,0.044583
C,ka100_req55,11,xxxxxxxxxxxxxxxx0.000031,0.000000,0.000000,0.003024,0.044259
C,ka100_req56,11,xxxxxxxxxxxxxxxx0.000031,0.000000,0.000000,0.002773,0.043571
C,ka100_req57,11,xxxxxxxxxxxxxxxx0.000032,0.000000,0.000000,0.002842,0.043904
C,ka100_req58,11,xxxxxxxxxxxxxxxx0.000034,0.000000,0.000000,0.003486,0.045020
C,ka100_req59,11,xxxxxxxxxxxxxxxx0.000039,0.000000,0.000000,0.003477,0.044328
C,ka100_req60,11,xxxxxxxxxxxxxxxx0.000021,0.000000,0.000000,0.003020,0.044035
C,ka100_req61,11,xxxxxxxxxxxxxxxx0.000338,0.000000,0.000000,0.004389,0.045577
C,ka100_req62,11,xxxxxxxxxxxxxxxx0.000034,0.000000,0.000000,0.003320,0.044720
C,ka100_req63,11,xxxxxxxxxxxxxxxx0.000035,0.000000,0.000000,0.004113,0.044550
C,ka100_req64,11,xxxxxxxxxxxxxxxx0.000020,0.000000,0.000000,0.003189,0.044093
C,ka100_req65,11,xxxxxxxxxxxxxxxx0.000033,0.000000,0.000000,0.003523,0.044686
C,ka100_req66,11,xxxxxxxxxxxxxxxx0.000035,0.000000,0.000000,0.003035,0.043670
C,ka100_req67,11,xxxxxxxxxxxxxxxx0.000029,0.000000,0.000000,0.003591,0.045277
C,ka100_req68,11,xxxxxxxxxxxxxxxx0.000031,0.000000,0.000000,0.003007,0.044384
C,ka100_req69,11,xxxxxxxxxxxxxxxx0.000027,0.000000,0.000000,0.003276,0.044119
C,ka100_req70,11,xxxxxxxxxxxxxxxx0.000059,0.000000,0.000000,0.002713,0.044233
C,ka100_req71,11,xxxxxxxxxxxxxxxx0.000037,0.000000,0.000000,0.003321,0.044265
C,ka100_req72,11,xxxxxxxxxxxxxxxx0.000037,0.000000,0.000000,0.003679,0.044410
C,ka100_req73,11,xxxxxxxxxxxxxxxx0.000034,0.000000,0.000000,0.003379,0.044612
C,ka100_req74,11,xxxxxxxxxxxxxxxx0.000032,0.000000,0.000000,0.002880,0.043945
C,ka100_req75,11,xxxxxxxxxxxxxxxx0.000027,0.000000,0.000000,0.003340,0.044718
C,ka100_req76,11,xxxxxxxxxxxxxxxx0.000035,0.000000,0.000000,0.003219,0.044003
C,ka100_req77,11,xxxxxxxxxxxxxxxx0.000036,0.000000,0.000000,0.004013,0.044649
C,ka100_req78,11,xxxxxxxxxxxxxxxx0.000037,0.000000,0.000000,0.003207,0.044451
C,ka100_req79,11,xxxxxxxxxxxxxxxx0.000038,0.000000,0.000000,0.003114,0.043721
C,ka100_req80,11,xxxxxxxxxxxxxxxx0.000022,0.000000,0.000000,0.002781,0.045367
C,ka100_req81,11,xxxxxxxxxxxxxxxx0.000038,0.000000,0.000000,0.003258,0.045443
C,ka100_req82,11,xxxxxxxxxxxxxxxx0.000036,0.000000,0.000000,0.003412,0.044711
C,ka100_req83,11,xxxxxxxxxxxxxxxx0.000021,0.000000,0.000000,0.003490,0.044640
C,ka100_req84,11,xxxxxxxxxxxxxxxx0.000020,0.000000,0.000000,0.002678,0.044493
C,ka100_req85,11,xxxxxxxxxxxxxxxx0.000027,0.000000,0.000000,0.003200,0.044182
C,ka100_req86,11,xxxxxxxxxxxxxxxx0.000024,0.000000,0.000000,0.003016,0.045687
C,ka100_req87,11,xxxxxxxxxxxxxxxx0.000029,0.000000,0.000000,0.003053,0.043732
C,ka100_req88,11,xxxxxxxxxxxxxxxx0.000021,0.000000,0.000000,0.002998,0.043570
C,ka100_req89,11,xxxxxxxxxxxxxxxx0.000023,0.000000,0.000000,0.002791,0.043548
C,ka100_req90,11,xxxxxxxxxxxxxxxx0.000012,0.000000,0.000000,0.001123,0.042137
C,ka100_req91,11,xxxxxxxxxxxxxxxx0.000013,0.000000,0.000000,0.001087,0.041686
C,ka100_req92,11,xxxxxxxxxxxxxxxx0.000013,0.000000,0.000000,0.001004,0.041998
C,ka100_req93,11,xxxxxxxxxxxxxxxx0.000018,0.000000,0.000000,0.001320,0.046082
C,ka100_req94,11,xxxxxxxxxxxxxxxx0.000024,0.000000,0.000000,0.002943,0.044245
C,ka100_req95,11,xxxxxxxxxxxxxxxx0.000036,0.000000,0.000000,0.003671,0.046231
C,ka100_req96,11,xxxxxxxxxxxxxxxx0.000043,0.000000,0.000000,0.002813,0.044119
C,ka100_req97,11,xxxxxxxxxxxxxxxx0.000037,0.000000,0.000000,0.003718,0.044636
C,ka100_req98,11,xxxxxxxxxxxxxxxx0.000035,0.000000,0.000000,0.004141,0.044855
C,ka100_req99,11,xxxxxxxxxxxxxxxx0.000036,0.000000,0.000000,0.003517,0.044502
C,ka100_req100,11,xxxxxxxxxxxxxxxx0.000034,0.000000,0.000000,0.003170,0.044608
C,ka100_req1,12,0.000022,0.000165,0.030742,0.033384,0.075401
C,ka100_req2,12,xxxxxxxxxxxxxxxx0.000020,0.000000,0.000000,0.001359,0.045364
C,ka100_req3,12,xxxxxxxxxxxxxxxx0.000023,0.000000,0.000000,0.002495,0.043030
C,ka100_req4,12,xxxxxxxxxxxxxxxx0.000037,0.000000,0.000000,0.003700,0.044627
C,ka100_req5,12,xxxxxxxxxxxxxxxx0.000040,0.000000,0.000000,0.003357,0.044115
C,ka100_req6,12,xxxxxxxxxxxxxxxx0.000033,0.000000,0.000000,0.003026,0.044149
C,ka100_req7,12,xxxxxxxxxxxxxxxx0.000038,0.000000,0.000000,0.003345,0.044319
C,ka100_req8,12,xxxxxxxxxxxxxxxx0.000041,0.000000,0.000000,0.003404,0.044492
C,ka100_req9,12,xxxxxxxxxxxxxxxx0.000037,0.000000,0.000000,0.003434,0.043822
C,ka100_req10,12,xxxxxxxxxxxxxxxx0.000036,0.000000,0.000000,0.003520,0.044954
C,ka100_req11,12,xxxxxxxxxxxxxxxx0.000045,0.000000,0.000000,0.003149,0.043929
C,ka100_req12,12,xxxxxxxxxxxxxxxx0.000022,0.000000,0.000000,0.002012,0.042412
C,ka100_req13,12,xxxxxxxxxxxxxxxx0.000025,0.000000,0.000000,0.002520,0.043257
C,ka100_req14,12,xxxxxxxxxxxxxxxx0.000036,0.000000,0.000000,0.003219,0.044353
C,ka100_req15,12,xxxxxxxxxxxxxxxx0.000026,0.000000,0.000000,0.003329,0.044552
C,ka100_req16,12,xxxxxxxxxxxxxxxx0.000028,0.000000,0.000000,0.003074,0.044052
C,ka100_req17,12,xxxxxxxxxxxxxxxx0.000035,0.000000,0.000000,0.003732,0.044816
C,ka100_req18,12,xxxxxxxxxxxxxxxx0.000025,0.000000,0.000000,0.004947,0.045740
C,ka100_req19,12,xxxxxxxxxxxxxxxx0.000025,0.000000,0.000000,0.003360,0.043662
C,ka100_req20,12,xxxxxxxxxxxxxxxx0.000019,0.000000,0.000000,0.002549,0.043066
C,ka100_req21,12,xxxxxxxxxxxxxxxx0.000037,0.000000,0.000000,0.003472,0.045407
C,ka100_req22,12,xxxxxxxxxxxxxxxx0.000017,0.000000,0.000000,0.001873,0.042810
C,ka100_req23,12,xxxxxxxxxxxxxxxx0.000014,0.000000,0.000000,0.001390,0.042365
C,ka100_req24,12,xxxxxxxxxxxxxxxx0.000013,0.000000,0.000000,0.001533,0.042880
C,ka100_req25,12,xxxxxxxxxxxxxxxx0.000028,0.000000,0.000000,0.002289,0.043821
C,ka100_req26,12,xxxxxxxxxxxxxxxx0.000014,0.000000,0.000000,0.001825,0.045407
C,ka100_req27,12,xxxxxxxxxxxxxxxx0.000015,0.000000,0.000000,0.001528,0.044303
C,ka100_req28,12,xxxxxxxxxxxxxxxx0.000029,0.000000,0.000000,0.002382,0.043716
C,ka100_req29,12,xxxxxxxxxxxxxxxx0.000015,0.000000,0.000000,0.001911,0.042671
C,ka100_req30,12,xxxxxxxxxxxxxxxx0.000030,0.000000,0.000000,0.002050,0.043472
C,ka100_req31,12,xxxxxxxxxxxxxxxx0.000029,0.000000,0.000000,0.002266,0.044409
C,ka100_req32,12,xxxxxxxxxxxxxxxx0.000028,0.000000,0.000000,0.003940,0.044494
C,ka100_req33,12,xxxxxxxxxxxxxxxx0.000015,0.000000,0.000000,0.002282,0.042948
C,ka100_req34,12,xxxxxxxxxxxxxxxx0.000028,0.000000,0.000000,0.001945,0.042948
C,ka100_req35,12,xxxxxxxxxxxxxxxx0.000009,0.000000,0.000000,0.000973,0.041800
C,ka100_req36,12,xxxxxxxxxxxxxxxx0.000009,0.000000,0.000000,0.000988,0.041729
C,ka100_req37,12,xxxxxxxxxxxxxxxx0.000010,0.000000,0.000000,0.001061,0.042399
C,ka100_req38,12,xxxxxxxxxxxxxxxx0.000010,0.000000,0.000000,0.001167,0.043706
C,ka100_req39,12,xxxxxxxxxxxxxxxx0.000023,0.000000,0.000000,0.002822,0.043770
C,ka100_req40,12,xxxxxxxxxxxxxxxx0.000035,0.000000,0.000000,0.003149,0.044683
C,ka100_req41,12,xxxxxxxxxxxxxxxx0.000029,0.000000,0.000000,0.003233,0.043911
C,ka100_req42,12,xxxxxxxxxxxxxxxx0.000032,0.000000,0.000000,0.003646,0.044840
C,ka100_req43,12,xxxxxxxxxxxxxxxx0.000035,0.000000,0.000000,0.003131,0.044079
C,ka100_req44,12,xxxxxxxxxxxxxxxx0.000035,0.000000,0.000000,0.003655,0.044525
C,ka100_req45,12,xxxxxxxxxxxxxxxx0.000031,0.000000,0.000000,0.003203,0.043558
C,ka100_req46,12,xxxxxxxxxxxxxxxx0.000035,0.000000,0.000000,0.003068,0.043781
C,ka100_req47,12,xxxxxxxxxxxxxxxx0.000034,0.000000,0.000000,0.003406,0.045023
C,ka100_req48,12,xxxxxxxxxxxxxxxx0.000034,0.000000,0.000000,0.003478,0.044800
C,ka100_req49,12,xxxxxxxxxxxxxxxx0.000023,0.000000,0.000000,0.003177,0.043822
C,ka100_req50,12,xxxxxxxxxxxxxxxx0.000037,0.000000,0.000000,0.003142,0.043688
C,ka100_req51,12,xxxxxxxxxxxxxxxx0.000035,0.000000,0.000000,0.003293,0.043820
C,ka100_req52,12,xxxxxxxxxxxxxxxx0.000033,0.000000,0.000000,0.003051,0.045568
C,ka100_req53,12,xxxxxxxxxxxxxxxx0.000037,0.000000,0.000000,0.003055,0.045115
C,ka100_req54,12,xxxxxxxxxxxxxxxx0.000036,0.000000,0.000000,0.003095,0.043532
C,ka100_req55,12,xxxxxxxxxxxxxxxx0.000027,0.000000,0.000000,0.003023,0.043756
C,ka100_req56,12,xxxxxxxxxxxxxxxx0.000033,0.000000,0.000000,0.002994,0.043578
C,ka100_req57,12,xxxxxxxxxxxxxxxx0.000025,0.000000,0.000000,0.002710,0.044034
C,ka100_req58,12,xxxxxxxxxxxxxxxx0.000035,0.000000,0.000000,0.003552,0.044654
C,ka100_req59,12,xxxxxxxxxxxxxxxx0.000043,0.000000,0.000000,0.003453,0.043728
C,ka100_req60,12,xxxxxxxxxxxxxxxx0.000026,0.000000,0.000000,0.003593,0.043851
C,ka100_req61,12,xxxxxxxxxxxxxxxx0.000037,0.000000,0.000000,0.003375,0.044010
C,ka100_req62,12,xxxxxxxxxxxxxxxx0.000024,0.000000,0.000000,0.003230,0.045497
C,ka100_req63,12,xxxxxxxxxxxxxxxx0.000036,0.000000,0.000000,0.002977,0.045670
C,ka100_req64,12,xxxxxxxxxxxxxxxx0.000037,0.000000,0.000000,0.003592,0.043979
C,ka100_req65,12,xxxxxxxxxxxxxxxx0.000036,0.000000,0.000000,0.003126,0.044425
C,ka100_req66,12,xxxxxxxxxxxxxxxx0.000022,0.000000,0.000000,0.003211,0.044750
C,ka100_req67,12,xxxxxxxxxxxxxxxx0.000041,0.000000,0.000000,0.003272,0.044280
C,ka100_req68,12,xxxxxxxxxxxxxxxx0.000034,0.000000,0.000000,0.002578,0.043927
C,ka100_req69,12,xxxxxxxxxxxxxxxx0.000032,0.000000,0.000000,0.002689,0.043443
C,ka100_req70,12,xxxxxxxxxxxxxxxx0.000033,0.000000,0.000000,0.002953,0.043772
C,ka100_req71,12,xxxxxxxxxxxxxxxx0.000033,0.000000,0.000000,0.003144,0.044116
C,ka100_req72,12,xxxxxxxxxxxxxxxx0.000023,0.000000,0.000000,0.002591,0.043507
C,ka100_req73,12,xxxxxxxxxxxxxxxx0.000027,0.000000,0.000000,0.003584,0.044884
C,ka100_req74,12,xxxxxxxxxxxxxxxx0.000037,0.000000,0.000000,0.003178,0.043702
C,ka100_req75,12,xxxxxxxxxxxxxxxx0.000038,0.000000,0.000000,0.003154,0.044075
C,ka100_req76,12,xxxxxxxxxxxxxxxx0.000034,0.000000,0.000000,0.003016,0.044171
C,ka100_req77,12,xxxxxxxxxxxxxxxx0.000034,0.000000,0.000000,0.003051,0.043943
C,ka100_req78,12,xxxxxxxxxxxxxxxx0.000040,0.000000,0.000000,0.003234,0.043724
C,ka100_req79,12,xxxxxxxxxxxxxxxx0.000033,0.000000,0.000000,0.003073,0.044061
C,ka100_req80,12,xxxxxxxxxxxxxxxx0.000028,0.000000,0.000000,0.002592,0.043588
C,ka100_req81,12,xxxxxxxxxxxxxxxx0.000035,0.000000,0.000000,0.003193,0.043795
C,ka100_req82,12,xxxxxxxxxxxxxxxx0.000032,0.000000,0.000000,0.003274,0.044012
C,ka100_req83,12,xxxxxxxxxxxxxxxx0.000037,0.000000,0.000000,0.003614,0.044696
C,ka100_req84,12,xxxxxxxxxxxxxxxx0.000035,0.000000,0.000000,0.003325,0.044446
C,ka100_req85,12,xxxxxxxxxxxxxxxx0.000035,0.000000,0.000000,0.002917,0.043909
C,ka100_req86,12,xxxxxxxxxxxxxxxx0.000034,0.000000,0.000000,0.003384,0.043908
C,ka100_req87,12,xxxxxxxxxxxxxxxx0.000032,0.000000,0.000000,0.002849,0.043971
C,ka100_req88,12,xxxxxxxxxxxxxxxx0.000031,0.000000,0.000000,0.002910,0.043725
C,ka100_req89,12,xxxxxxxxxxxxxxxx0.000030,0.000000,0.000000,0.002840,0.044061
C,ka100_req90,12,xxxxxxxxxxxxxxxx0.000031,0.000000,0.000000,0.002773,0.043274
C,ka100_req91,12,xxxxxxxxxxxxxxxx0.000033,0.000000,0.000000,0.003132,0.043677
C,ka100_req92,12,xxxxxxxxxxxxxxxx0.000029,0.000000,0.000000,0.002845,0.044003
C,ka100_req93,12,xxxxxxxxxxxxxxxx0.000034,0.000000,0.000000,0.003364,0.043848
C,ka100_req94,12,xxxxxxxxxxxxxxxx0.000021,0.000000,0.000000,0.002782,0.044469
C,ka100_req95,12,xxxxxxxxxxxxxxxx0.000036,0.000000,0.000000,0.003121,0.044246
C,ka100_req96,12,xxxxxxxxxxxxxxxx0.000032,0.000000,0.000000,0.003247,0.043722
C,ka100_req97,12,xxxxxxxxxxxxxxxx0.000033,0.000000,0.000000,0.003491,0.044755
C,ka100_req98,12,xxxxxxxxxxxxxxxx0.000034,0.000000,0.000000,0.002724,0.043659
C,ka100_req99,12,xxxxxxxxxxxxxxxx0.000023,0.000000,0.000000,0.002781,0.043863
C,ka100_req100,12,xxxxxxxxxxxxxxxx0.000033,0.000000,0.000000,0.003044,0.043928
C,ka100_req1,13,0.000022,0.000140,0.032285,0.033793,0.074804
C,ka100_req2,13,xxxxxxxxxxxxxxxx0.000014,0.000000,0.000000,0.001238,0.045801
C,ka100_req3,13,xxxxxxxxxxxxxxxx0.000010,0.000000,0.000000,0.000972,0.044898
C,ka100_req4,13,xxxxxxxxxxxxxxxx0.000010,0.000000,0.000000,0.000744,0.045628
C,ka100_req5,13,xxxxxxxxxxxxxxxx0.000008,0.000000,0.000000,0.001215,0.044022
C,ka100_req6,13,xxxxxxxxxxxxxxxx0.000015,0.000000,0.000000,0.001187,0.043843
C,ka100_req7,13,xxxxxxxxxxxxxxxx0.000020,0.000000,0.000000,0.002384,0.043303
C,ka100_req8,13,xxxxxxxxxxxxxxxx0.000034,0.000000,0.000000,0.002931,0.044421
C,ka100_req9,13,xxxxxxxxxxxxxxxx0.000034,0.000000,0.000000,0.003133,0.044449
C,ka100_req10,13,xxxxxxxxxxxxxxxx0.000034,0.000000,0.000000,0.003161,0.043958
C,ka100_req11,13,xxxxxxxxxxxxxxxx0.000043,0.000000,0.000000,0.002718,0.043426
C,ka100_req12,13,xxxxxxxxxxxxxxxx0.000034,0.000000,0.000000,0.002967,0.043801
C,ka100_req13,13,xxxxxxxxxxxxxxxx0.000039,0.000000,0.000000,0.003040,0.045548
C,ka100_req14,13,xxxxxxxxxxxxxxxx0.000028,0.000000,0.000000,0.002808,0.044053
C,ka100_req15,13,xxxxxxxxxxxxxxxx0.000037,0.000000,0.000000,0.003722,0.045136
C,ka100_req16,13,xxxxxxxxxxxxxxxx0.000034,0.000000,0.000000,0.002990,0.044200
C,ka100_req17,13,xxxxxxxxxxxxxxxx0.000033,0.000000,0.000000,0.003163,0.044517
C,ka100_req18,13,xxxxxxxxxxxxxxxx0.000034,0.000000,0.000000,0.003108,0.043856
C,ka100_req19,13,xxxxxxxxxxxxxxxx0.000025,0.000000,0.000000,0.002706,0.043790
C,ka100_req20,13,xxxxxxxxxxxxxxxx0.000020,0.000000,0.000000,0.001276,0.041768
C,ka100_req21,13,xxxxxxxxxxxxxxxx0.000010,0.000000,0.000000,0.000843,0.042451
C,ka100_req22,13,xxxxxxxxxxxxxxxx0.000010,0.000000,0.000000,0.000825,0.045435
C,ka100_req23,13,xxxxxxxxxxxxxxxx0.000010,0.000000,0.000000,0.001001,0.042047
C,ka100_req24,13,xxxxxxxxxxxxxxxx0.000012,0.000000,0.000000,0.001174,0.045841
C,ka100_req25,13,xxxxxxxxxxxxxxxx0.000016,0.000000,0.000000,0.001476,0.042017
C,ka100_req26,13,xxxxxxxxxxxxxxxx0.000019,0.000000,0.000000,0.002211,0.044767
C,ka100_req27,13,xxxxxxxxxxxxxxxx0.000036,0.000000,0.000000,0.002944,0.044197
C,ka100_req28,13,xxxxxxxxxxxxxxxx0.000037,0.000000,0.000000,0.003106,0.043771
C,ka100_req29,13,xxxxxxxxxxxxxxxx0.000034,0.000000,0.000000,0.003493,0.044370
C,ka100_req30,13,xxxxxxxxxxxxxxxx0.000032,0.000000,0.000000,0.002864,0.044514
C,ka100_req31,13,xxxxxxxxxxxxxxxx0.000032,0.000000,0.000000,0.002704,0.043350
C,ka100_req32,13,xxxxxxxxxxxxxxxx0.000030,0.000000,0.000000,0.002958,0.044058
C,ka100_req33,13,xxxxxxxxxxxxxxxx0.000075,0.000000,0.000000,0.003164,0.044218
C,ka100_req34,13,xxxxxxxxxxxxxxxx0.000031,0.000000,0.000000,0.002902,0.044224
C,ka100_req35,13,xxxxxxxxxxxxxxxx0.000036,0.000000,0.000000,0.003024,0.043603
C,ka100_req36,13,xxxxxxxxxxxxxxxx0.000031,0.000000,0.000000,0.002979,0.043660
C,ka100_req37,13,xxxxxxxxxxxxxxxx0.000033,0.000000,0.000000,0.002862,0.044912
C,ka100_req38,13,xxxxxxxxxxxxxxxx0.000036,0.000000,0.000000,0.003639,0.044818
C,ka100_req39,13,xxxxxxxxxxxxxxxx0.000036,0.000000,0.000000,0.003519,0.044903
C,ka100_req40,13,xxxxxxxxxxxxxxxx0.000067,0.000000,0.000000,0.003178,0.045657
C,ka100_req41,13,xxxxxxxxxxxxxxxx0.000038,0.000000,0.000000,0.003142,0.043424
C,ka100_req42,13,xxxxxxxxxxxxxxxx0.000066,0.000000,0.000000,0.003030,0.043927
C,ka100_req43,13,xxxxxxxxxxxxxxxx0.000026,0.000000,0.000000,0.003861,0.045072
C,ka100_req44,13,xxxxxxxxxxxxxxxx0.000059,0.000000,0.000000,0.003700,0.044932
C,ka100_req45,13,xxxxxxxxxxxxxxxx0.000036,0.000000,0.000000,0.003152,0.044284
C,ka100_req46,13,xxxxxxxxxxxxxxxx0.000032,0.000000,0.000000,0.002850,0.043661
C,ka100_req47,13,xxxxxxxxxxxxxxxx0.000022,0.000000,0.000000,0.002422,0.045754
C,ka100_req48,13,xxxxxxxxxxxxxxxx0.000035,0.000000,0.000000,0.003087,0.043992
C,ka100_req49,13,xxxxxxxxxxxxxxxx0.000033,0.000000,0.000000,0.003739,0.045198
C,ka100_req50,13,xxxxxxxxxxxxxxxx0.000034,0.000000,0.000000,0.003286,0.044282
C,ka100_req51,13,xxxxxxxxxxxxxxxx0.000037,0.000000,0.000000,0.003501,0.045007
C,ka100_req52,13,xxxxxxxxxxxxxxxx0.000033,0.000000,0.000000,0.003274,0.044451
C,ka100_req53,13,xxxxxxxxxxxxxxxx0.000030,0.000000,0.000000,0.002789,0.043701
C,ka100_req54,13,xxxxxxxxxxxxxxxx0.000029,0.000000,0.000000,0.003054,0.044259
C,ka100_req55,13,xxxxxxxxxxxxxxxx0.000033,0.000000,0.000000,0.003541,0.044411
C,ka100_req56,13,xxxxxxxxxxxxxxxx0.000033,0.000000,0.000000,0.003083,0.043687
C,ka100_req57,13,xxxxxxxxxxxxxxxx0.000028,0.000000,0.000000,0.003152,0.044572
C,ka100_req58,13,xxxxxxxxxxxxxxxx0.000034,0.000000,0.000000,0.003068,0.044450
C,ka100_req59,13,xxxxxxxxxxxxxxxx0.000032,0.000000,0.000000,0.002712,0.044836
C,ka100_req60,13,xxxxxxxxxxxxxxxx0.000035,0.000000,0.000000,0.003584,0.044594
C,ka100_req61,13,xxxxxxxxxxxxxxxx0.000036,0.000000,0.000000,0.003171,0.044454
C,ka100_req62,13,xxxxxxxxxxxxxxxx0.000031,0.000000,0.000000,0.003198,0.043938
C,ka100_req63,13,xxxxxxxxxxxxxxxx0.000025,0.000000,0.000000,0.003062,0.045600
C,ka100_req64,13,xxxxxxxxxxxxxxxx0.000039,0.000000,0.000000,0.003273,0.043707
C,ka100_req65,13,xxxxxxxxxxxxxxxx0.000036,0.000000,0.000000,0.003531,0.044383
C,ka100_req66,13,xxxxxxxxxxxxxxxx0.000031,0.000000,0.000000,0.002908,0.043582
C,ka100_req67,13,xxxxxxxxxxxxxxxx0.000030,0.000000,0.000000,0.003271,0.043467
C,ka100_req68,13,xxxxxxxxxxxxxxxx0.000023,0.000000,0.000000,0.002336,0.043576
C,ka100_req69,13,xxxxxxxxxxxxxxxx0.000033,0.000000,0.000000,0.002509,0.043292
C,ka100_req70,13,xxxxxxxxxxxxxxxx0.000031,0.000000,0.000000,0.003478,0.044518
C,ka100_req71,13,xxxxxxxxxxxxxxxx0.000035,0.000000,0.000000,0.003016,0.043947
C,ka100_req72,13,xxxxxxxxxxxxxxxx0.000035,0.000000,0.000000,0.003445,0.044650
C,ka100_req73,13,xxxxxxxxxxxxxxxx0.000037,0.000000,0.000000,0.003767,0.044679
C,ka100_req74,13,xxxxxxxxxxxxxxxx0.000034,0.000000,0.000000,0.003133,0.044050
C,ka100_req75,13,xxxxxxxxxxxxxxxx0.000031,0.000000,0.000000,0.002802,0.043441
C,ka100_req76,13,xxxxxxxxxxxxxxxx0.000033,0.000000,0.000000,0.002905,0.043938
C,ka100_req77,13,xxxxxxxxxxxxxxxx0.000029,0.000000,0.000000,0.002935,0.043997
C,ka100_req78,13,xxxxxxxxxxxxxxxx0.000034,0.000000,0.000000,0.002906,0.043342
C,ka100_req79,13,xxxxxxxxxxxxxxxx0.000031,0.000000,0.000000,0.003163,0.043845
C,ka100_req80,13,xxxxxxxxxxxxxxxx0.000027,0.000000,0.000000,0.002981,0.043821
C,ka100_req81,13,xxxxxxxxxxxxxxxx0.000032,0.000000,0.000000,0.003052,0.043772
C,ka100_req82,13,xxxxxxxxxxxxxxxx0.000029,0.000000,0.000000,0.003181,0.044121
C,ka100_req83,13,xxxxxxxxxxxxxxxx0.000029,0.000000,0.000000,0.003048,0.044851
C,ka100_req84,13,xxxxxxxxxxxxxxxx0.000035,0.000000,0.000000,0.003361,0.044540
C,ka100_req85,13,xxxxxxxxxxxxxxxx0.000034,0.000000,0.000000,0.003221,0.044179
C,ka100_req86,13,xxxxxxxxxxxxxxxx0.000034,0.000000,0.000000,0.003595,0.044300
C,ka100_req87,13,xxxxxxxxxxxxxxxx0.000032,0.000000,0.000000,0.003239,0.043633
C,ka100_req88,13,xxxxxxxxxxxxxxxx0.000033,0.000000,0.000000,0.003086,0.044007
C,ka100_req89,13,xxxxxxxxxxxxxxxx0.000045,0.000000,0.000000,0.002914,0.044287
C,ka100_req90,13,xxxxxxxxxxxxxxxx0.000031,0.000000,0.000000,0.002921,0.044005
C,ka100_req91,13,xxxxxxxxxxxxxxxx0.000032,0.000000,0.000000,0.002982,0.044760
C,ka100_req92,13,xxxxxxxxxxxxxxxx0.000028,0.000000,0.000000,0.002825,0.044152
C,ka100_req93,13,xxxxxxxxxxxxxxxx0.000035,0.000000,0.000000,0.003056,0.043464
C,ka100_req94,13,xxxxxxxxxxxxxxxx0.000034,0.000000,0.000000,0.003301,0.044345
C,ka100_req95,13,xxxxxxxxxxxxxxxx0.000037,0.000000,0.000000,0.003501,0.044376
C,ka100_req96,13,xxxxxxxxxxxxxxxx0.000037,0.000000,0.000000,0.003641,0.044600
C,ka100_req97,13,xxxxxxxxxxxxxxxx0.000027,0.000000,0.000000,0.002976,0.044234
C,ka100_req98,13,xxxxxxxxxxxxxxxx0.000036,0.000000,0.000000,0.003292,0.045690
C,ka100_req99,13,xxxxxxxxxxxxxxxx0.000034,0.000000,0.000000,0.003005,0.044839
C,ka100_req100,13,xxxxxxxxxxxxxxxx0.000030,0.000000,0.000000,0.003465,0.044332
C,ka100_req1,14,0.000024,0.000145,0.030537,0.033120,0.074170
C,ka100_req2,14,xxxxxxxxxxxxxxxx0.000018,0.000000,0.000000,0.001839,0.044157
C,ka100_req3,14,xxxxxxxxxxxxxxxx0.000020,0.000000,0.000000,0.002103,0.043801
C,ka100_req4,14,xxxxxxxxxxxxxxxx0.000035,0.000000,0.000000,0.002986,0.044277
C,ka100_req5,14,xxxxxxxxxxxxxxxx0.000035,0.000000,0.000000,0.003099,0.044908
C,ka100_req6,14,xxxxxxxxxxxxxxxx0.000035,0.000000,0.000000,0.003188,0.044083
C,ka100_req7,14,xxxxxxxxxxxxxxxx0.000035,0.000000,0.000000,0.003569,0.044962
C,ka100_req8,14,xxxxxxxxxxxxxxxx0.000031,0.000000,0.000000,0.003091,0.043690
C,ka100_req9,14,xxxxxxxxxxxxxxxx0.000036,0.000000,0.000000,0.003737,0.045006
C,ka100_req10,14,xxxxxxxxxxxxxxxx0.000043,0.000000,0.000000,0.003552,0.044686
C,ka100_req11,14,xxxxxxxxxxxxxxxx0.000038,0.000000,0.000000,0.003577,0.044026
C,ka100_req12,14,xxxxxxxxxxxxxxxx0.000020,0.000000,0.000000,0.001781,0.041894
C,ka100_req13,14,xxxxxxxxxxxxxxxx0.000013,0.000000,0.000000,0.001168,0.042550
C,ka100_req14,14,xxxxxxxxxxxxxxxx0.000012,0.000000,0.000000,0.000948,0.045262
C,ka100_req15,14,xxxxxxxxxxxxxxxx0.000014,0.000000,0.000000,0.001021,0.043653
C,ka100_req16,14,xxxxxxxxxxxxxxxx0.000012,0.000000,0.000000,0.001340,0.043314
C,ka100_req17,14,xxxxxxxxxxxxxxxx0.000037,0.000000,0.000000,0.003139,0.043999
C,ka100_req18,14,xxxxxxxxxxxxxxxx0.000034,0.000000,0.000000,0.003389,0.043842
C,ka100_req19,14,xxxxxxxxxxxxxxxx0.000034,0.000000,0.000000,0.002929,0.045456
C,ka100_req20,14,xxxxxxxxxxxxxxxx0.000031,0.000000,0.000000,0.002667,0.042917
C,ka100_req21,14,xxxxxxxxxxxxxxxx0.000032,0.000000,0.000000,0.003036,0.043844
C,ka100_req22,14,xxxxxxxxxxxxxxxx0.000038,0.000000,0.000000,0.003270,0.043747
C,ka100_req23,14,xxxxxxxxxxxxxxxx0.000038,0.000000,0.000000,0.003404,0.044102
C,ka100_req24,14,xxxxxxxxxxxxxxxx0.000032,0.000000,0.000000,0.003514,0.044627
C,ka100_req25,14,xxxxxxxxxxxxxxxx0.000035,0.000000,0.000000,0.003082,0.045050
C,ka100_req26,14,xxxxxxxxxxxxxxxx0.000089,0.000000,0.000000,0.003522,0.044052
C,ka100_req27,14,xxxxxxxxxxxxxxxx0.000025,0.000000,0.000000,0.003342,0.045783
C,ka100_req28,14,xxxxxxxxxxxxxxxx0.000026,0.000000,0.000000,0.003572,0.044140
C,ka100_req29,14,xxxxxxxxxxxxxxxx0.000037,0.000000,0.000000,0.003609,0.044828
C,ka100_req30,14,xxxxxxxxxxxxxxxx0.000035,0.000000,0.000000,0.002933,0.043262
C,ka100_req31,14,xxxxxxxxxxxxxxxx0.000033,0.000000,0.000000,0.003102,0.044187
C,ka100_req32,14,xxxxxxxxxxxxxxxx0.000036,0.000000,0.000000,0.003175,0.044317
C,ka100_req33,14,xxxxxxxxxxxxxxxx0.000035,0.000000,0.000000,0.003183,0.044169
C,ka100_req34,14,xxxxxxxxxxxxxxxx0.000033,0.000000,0.000000,0.002736,0.043819
C,ka100_req35,14,xxxxxxxxxxxxxxxx0.000032,0.000000,0.000000,0.003537,0.045097
C,ka100_req36,14,xxxxxxxxxxxxxxxx0.000021,0.000000,0.000000,0.002248,0.043050
C,ka100_req37,14,xxxxxxxxxxxxxxxx0.000024,0.000000,0.000000,0.002663,0.044440
C,ka100_req38,14,xxxxxxxxxxxxxxxx0.000033,0.000000,0.000000,0.003382,0.044183
C,ka100_req39,14,xxxxxxxxxxxxxxxx0.000037,0.000000,0.000000,0.003388,0.043818
C,ka100_req40,14,xxxxxxxxxxxxxxxx0.000027,0.000000,0.000000,0.003155,0.043661
C,ka100_req41,14,xxxxxxxxxxxxxxxx0.000034,0.000000,0.000000,0.002980,0.044146
C,ka100_req42,14,xxxxxxxxxxxxxxxx0.000031,0.000000,0.000000,0.002845,0.043646
C,ka100_req43,14,xxxxxxxxxxxxxxxx0.000034,0.000000,0.000000,0.003490,0.044573
C,ka100_req44,14,xxxxxxxxxxxxxxxx0.000033,0.000000,0.000000,0.003202,0.043813
C,ka100_req45,14,xxxxxxxxxxxxxxxx0.000031,0.000000,0.000000,0.003064,0.045635
C,ka100_req46,14,xxxxxxxxxxxxxxxx0.000035,0.000000,0.000000,0.002781,0.045935
C,ka100_req47,14,xxxxxxxxxxxxxxxx0.000033,0.000000,0.000000,0.003073,0.043803
C,ka100_req48,14,xxxxxxxxxxxxxxxx0.000020,0.000000,0.000000,0.002514,0.043665
C,ka100_req49,14,xxxxxxxxxxxxxxxx0.000033,0.000000,0.000000,0.003055,0.044665
C,ka100_req50,14,xxxxxxxxxxxxxxxx0.000037,0.000000,0.000000,0.003549,0.044336
C,ka100_req51,14,xxxxxxxxxxxxxxxx0.000062,0.000000,0.000000,0.003540,0.044952
C,ka100_req52,14,xxxxxxxxxxxxxxxx0.000035,0.000000,0.000000,0.003466,0.044249
C,ka100_req53,14,xxxxxxxxxxxxxxxx0.000034,0.000000,0.000000,0.003108,0.044480
C,ka100_req54,14,xxxxxxxxxxxxxxxx0.000035,0.000000,0.000000,0.003684,0.044057
C,ka100_req55,14,xxxxxxxxxxxxxxxx0.000037,0.000000,0.000000,0.003462,0.044922
C,ka100_req56,14,xxxxxxxxxxxxxxxx0.000025,0.000000,0.000000,0.002984,0.043462
C,ka100_req57,14,xxxxxxxxxxxxxxxx0.000027,0.000000,0.000000,0.003292,0.045424
C,ka100_req58,14,xxxxxxxxxxxxxxxx0.000026,0.000000,0.000000,0.005486,0.045961
C,ka100_req59,14,xxxxxxxxxxxxxxxx0.000011,0.000000,0.000000,0.001000,0.043941
C,ka100_req60,14,xxxxxxxxxxxxxxxx0.000012,0.000000,0.000000,0.000893,0.045872
C,ka100_req61,14,xxxxxxxxxxxxxxxx0.000013,0.000000,0.000000,0.001041,0.044943
C,ka100_req62,14,xxxxxxxxxxxxxxxx0.000015,0.000000,0.000000,0.001132,0.044152
C,ka100_req63,14,xxxxxxxxxxxxxxxx0.000020,0.000000,0.000000,0.002239,0.042814
C,ka100_req64,14,xxxxxxxxxxxxxxxx0.000033,0.000000,0.000000,0.003192,0.043916
C,ka100_req65,14,xxxxxxxxxxxxxxxx0.000032,0.000000,0.000000,0.002985,0.043583
C,ka100_req66,14,xxxxxxxxxxxxxxxx0.000034,0.000000,0.000000,0.003633,0.044851
C,ka100_req67,14,xxxxxxxxxxxxxxxx0.000037,0.000000,0.000000,0.002890,0.043741
C,ka100_req68,14,xxxxxxxxxxxxxxxx0.000038,0.000000,0.000000,0.003564,0.044734
C,ka100_req69,14,xxxxxxxxxxxxxxxx0.000022,0.000000,0.000000,0.002641,0.044029
C,ka100_req70,14,xxxxxxxxxxxxxxxx0.000036,0.000000,0.000000,0.003652,0.045072
C,ka100_req71,14,xxxxxxxxxxxxxxxx0.000036,0.000000,0.000000,0.003307,0.044781
C,ka100_req72,14,xxxxxxxxxxxxxxxx0.000031,0.000000,0.000000,0.004196,0.045680
C,ka100_req73,14,xxxxxxxxxxxxxxxx0.000036,0.000000,0.000000,0.003089,0.045345
C,ka100_req74,14,xxxxxxxxxxxxxxxx0.000033,0.000000,0.000000,0.003299,0.044694
C,ka100_req75,14,xxxxxxxxxxxxxxxx0.000034,0.000000,0.000000,0.003007,0.044853
C,ka100_req76,14,xxxxxxxxxxxxxxxx0.000021,0.000000,0.000000,0.002907,0.044183
C,ka100_req77,14,xxxxxxxxxxxxxxxx0.000025,0.000000,0.000000,0.003010,0.044345
C,ka100_req78,14,xxxxxxxxxxxxxxxx0.000029,0.000000,0.000000,0.003054,0.043758
C,ka100_req79,14,xxxxxxxxxxxxxxxx0.000036,0.000000,0.000000,0.004546,0.045833
C,ka100_req80,14,xxxxxxxxxxxxxxxx0.000037,0.000000,0.000000,0.003562,0.044627
C,ka100_req81,14,xxxxxxxxxxxxxxxx0.000037,0.000000,0.000000,0.003915,0.044847
C,ka100_req82,14,xxxxxxxxxxxxxxxx0.000029,0.000000,0.000000,0.002865,0.044230
C,ka100_req83,14,xxxxxxxxxxxxxxxx0.000029,0.000000,0.000000,0.004353,0.045075
C,ka100_req84,14,xxxxxxxxxxxxxxxx0.000026,0.000000,0.000000,0.002883,0.044626
C,ka100_req85,14,xxxxxxxxxxxxxxxx0.000029,0.000000,0.000000,0.003296,0.043886
C,ka100_req86,14,xxxxxxxxxxxxxxxx0.000034,0.000000,0.000000,0.003136,0.044017
C,ka100_req87,14,xxxxxxxxxxxxxxxx0.000032,0.000000,0.000000,0.002724,0.043899
C,ka100_req88,14,xxxxxxxxxxxxxxxx0.000023,0.000000,0.000000,0.002847,0.043723
C,ka100_req89,14,xxxxxxxxxxxxxxxx0.000035,0.000000,0.000000,0.003667,0.044780
C,ka100_req90,14,xxxxxxxxxxxxxxxx0.000034,0.000000,0.000000,0.002858,0.044702
C,ka100_req91,14,xxxxxxxxxxxxxxxx0.000036,0.000000,0.000000,0.003363,0.044537
C,ka100_req92,14,xxxxxxxxxxxxxxxx0.000036,0.000000,0.000000,0.003310,0.043954
C,ka100_req93,14,xxxxxxxxxxxxxxxx0.000028,0.000000,0.000000,0.003454,0.044759
C,ka100_req94,14,xxxxxxxxxxxxxxxx0.000043,0.000000,0.000000,0.004726,0.045639
C,ka100_req95,14,xxxxxxxxxxxxxxxx0.000053,0.000000,0.000000,0.003403,0.044475
C,ka100_req96,14,xxxxxxxxxxxxxxxx0.000017,0.000000,0.000000,0.002728,0.044226
C,ka100_req97,14,xxxxxxxxxxxxxxxx0.000131,0.000000,0.000000,0.003460,0.044589
C,ka100_req98,14,xxxxxxxxxxxxxxxx0.000038,0.000000,0.000000,0.003318,0.043988
C,ka100_req99,14,xxxxxxxxxxxxxxxx0.000037,0.000000,0.000000,0.003657,0.044678
C,ka100_req100,14,xxxxxxxxxxxxxxxx0.000074,0.000000,0.000000,0.003124,0.043659
C,ka100_req1,15,0.000023,0.000197,0.029720,0.070566,0.070642
C,ka100_req2,15,xxxxxxxxxxxxxxxx0.000017,0.000000,0.000000,0.001434,0.043369
C,ka100_req3,15,xxxxxxxxxxxxxxxx0.000022,0.000000,0.000000,0.002089,0.043278
C,ka100_req4,15,xxxxxxxxxxxxxxxx0.000018,0.000000,0.000000,0.001607,0.041872
C,ka100_req5,15,xxxxxxxxxxxxxxxx0.000019,0.000000,0.000000,0.001699,0.042828
C,ka100_req6,15,xxxxxxxxxxxxxxxx0.000031,0.000000,0.000000,0.002852,0.044344
C,ka100_req7,15,xxxxxxxxxxxxxxxx0.000082,0.000000,0.000000,0.002835,0.043735
C,ka100_req8,15,xxxxxxxxxxxxxxxx0.000041,0.000000,0.000000,0.002971,0.044466
C,ka100_req9,15,xxxxxxxxxxxxxxxx0.000025,0.000000,0.000000,0.002949,0.043920
C,ka100_req10,15,xxxxxxxxxxxxxxxx0.000036,0.000000,0.000000,0.003164,0.044197
C,ka100_req11,15,xxxxxxxxxxxxxxxx0.000043,0.000000,0.000000,0.003333,0.044007
C,ka100_req12,15,xxxxxxxxxxxxxxxx0.000032,0.000000,0.000000,0.003502,0.044389
C,ka100_req13,15,xxxxxxxxxxxxxxxx0.000036,0.000000,0.000000,0.003407,0.044094
C,ka100_req14,15,xxxxxxxxxxxxxxxx0.000036,0.000000,0.000000,0.003302,0.044041
C,ka100_req15,15,xxxxxxxxxxxxxxxx0.000038,0.000000,0.000000,0.003571,0.044635
C,ka100_req16,15,xxxxxxxxxxxxxxxx0.000031,0.000000,0.000000,0.007839,0.049687
C,ka100_req17,15,xxxxxxxxxxxxxxxx0.000038,0.000000,0.000000,0.004064,0.044585
C,ka100_req18,15,xxxxxxxxxxxxxxxx0.000026,0.000000,0.000000,0.004017,0.044647
C,ka100_req19,15,xxxxxxxxxxxxxxxx0.000022,0.000000,0.000000,0.002779,0.044128
C,ka100_req20,15,xxxxxxxxxxxxxxxx0.000026,0.000000,0.000000,0.003579,0.044768
C,ka100_req21,15,xxxxxxxxxxxxxxxx0.000037,0.000000,0.000000,0.003757,0.044549
C,ka100_req22,15,xxxxxxxxxxxxxxxx0.000035,0.000000,0.000000,0.003319,0.043842
C,ka100_req23,15,xxxxxxxxxxxxxxxx0.000049,0.000000,0.000000,0.003515,0.044712
C,ka100_req24,15,xxxxxxxxxxxxxxxx0.000024,0.000000,0.000000,0.003521,0.044614
C,ka100_req25,15,xxxxxxxxxxxxxxxx0.000015,0.000000,0.000000,0.002022,0.043046
C,ka100_req26,15,xxxxxxxxxxxxxxxx0.000038,0.000000,0.000000,0.002597,0.044004
C,ka100_req27,15,xxxxxxxxxxxxxxxx0.000037,0.000000,0.000000,0.003635,0.045163
C,ka100_req28,15,xxxxxxxxxxxxxxxx0.000030,0.000000,0.000000,0.002472,0.046078
C,ka100_req29,15,xxxxxxxxxxxxxxxx0.000035,0.000000,0.000000,0.003036,0.044733
C,ka100_req30,15,xxxxxxxxxxxxxxxx0.000036,0.000000,0.000000,0.003237,0.043859
C,ka100_req31,15,xxxxxxxxxxxxxxxx0.000021,0.000000,0.000000,0.003504,0.045477
C,ka100_req32,15,xxxxxxxxxxxxxxxx0.000023,0.000000,0.000000,0.002564,0.043282
C,ka100_req33,15,xxxxxxxxxxxxxxxx0.000030,0.000000,0.000000,0.002962,0.043699
C,ka100_req34,15,xxxxxxxxxxxxxxxx0.000031,0.000000,0.000000,0.003724,0.045229
C,ka100_req35,15,xxxxxxxxxxxxxxxx0.000027,0.000000,0.000000,0.002521,0.043299
C,ka100_req36,15,xxxxxxxxxxxxxxxx0.000026,0.000000,0.000000,0.002707,0.043640
C,ka100_req37,15,xxxxxxxxxxxxxxxx0.000029,0.000000,0.000000,0.003003,0.043750
C,ka100_req38,15,xxxxxxxxxxxxxxxx0.000026,0.000000,0.000000,0.004292,0.045475
C,ka100_req39,15,xxxxxxxxxxxxxxxx0.000037,0.000000,0.000000,0.003360,0.044322
C,ka100_req40,15,xxxxxxxxxxxxxxxx0.000029,0.000000,0.000000,0.003277,0.044510
C,ka100_req41,15,xxxxxxxxxxxxxxxx0.000034,0.000000,0.000000,0.003941,0.044804
C,ka100_req42,15,xxxxxxxxxxxxxxxx0.000035,0.000000,0.000000,0.003326,0.043631
C,ka100_req43,15,xxxxxxxxxxxxxxxx0.000035,0.000000,0.000000,0.003351,0.044049
C,ka100_req44,15,xxxxxxxxxxxxxxxx0.000038,0.000000,0.000000,0.003258,0.044497
C,ka100_req45,15,xxxxxxxxxxxxxxxx0.000039,0.000000,0.000000,0.003894,0.044772
C,ka100_req46,15,xxxxxxxxxxxxxxxx0.000038,0.000000,0.000000,0.003777,0.045270
C,ka100_req47,15,xxxxxxxxxxxxxxxx0.000023,0.000000,0.000000,0.002159,0.043353
C,ka100_req48,15,xxxxxxxxxxxxxxxx0.000024,0.000000,0.000000,0.002713,0.043807
C,ka100_req49,15,xxxxxxxxxxxxxxxx0.000035,0.000000,0.000000,0.003226,0.044056
C,ka100_req50,15,xxxxxxxxxxxxxxxx0.000039,0.000000,0.000000,0.003163,0.045009
C,ka100_req51,15,xxxxxxxxxxxxxxxx0.000032,0.000000,0.000000,0.003541,0.045635
C,ka100_req52,15,xxxxxxxxxxxxxxxx0.000045,0.000000,0.000000,0.003231,0.044100
C,ka100_req53,15,xxxxxxxxxxxxxxxx0.000038,0.000000,0.000000,0.003553,0.044790
C,ka100_req54,15,xxxxxxxxxxxxxxxx0.000039,0.000000,0.000000,0.003597,0.044829
C,ka100_req55,15,xxxxxxxxxxxxxxxx0.000043,0.000000,0.000000,0.003214,0.044228
C,ka100_req56,15,xxxxxxxxxxxxxxxx0.000036,0.000000,0.000000,0.003457,0.044354
C,ka100_req57,15,xxxxxxxxxxxxxxxx0.000035,0.000000,0.000000,0.003711,0.045583
C,ka100_req58,15,xxxxxxxxxxxxxxxx0.000037,0.000000,0.000000,0.003678,0.044740
C,ka100_req59,15,xxxxxxxxxxxxxxxx0.000037,0.000000,0.000000,0.003539,0.045441
C,ka100_req60,15,xxxxxxxxxxxxxxxx0.000038,0.000000,0.000000,0.003247,0.044668
C,ka100_req61,15,xxxxxxxxxxxxxxxx0.000043,0.000000,0.000000,0.003677,0.043954
C,ka100_req62,15,xxxxxxxxxxxxxxxx0.000027,0.000000,0.000000,0.003201,0.044253
C,ka100_req63,15,xxxxxxxxxxxxxxxx0.000026,0.000000,0.000000,0.003441,0.046385
C,ka100_req64,15,xxxxxxxxxxxxxxxx0.000040,0.000000,0.000000,0.003909,0.044791
C,ka100_req65,15,xxxxxxxxxxxxxxxx0.000024,0.000000,0.000000,0.002807,0.044732
C,ka100_req66,15,xxxxxxxxxxxxxxxx0.000025,0.000000,0.000000,0.003346,0.044122
C,ka100_req67,15,xxxxxxxxxxxxxxxx0.000042,0.000000,0.000000,0.003811,0.044339
C,ka100_req68,15,xxxxxxxxxxxxxxxx0.000034,0.000000,0.000000,0.003029,0.045777
C,ka100_req69,15,xxxxxxxxxxxxxxxx0.000040,0.000000,0.000000,0.003622,0.044661
C,ka100_req70,15,xxxxxxxxxxxxxxxx0.000038,0.000000,0.000000,0.003148,0.043874
C,ka100_req71,15,xxxxxxxxxxxxxxxx0.000035,0.000000,0.000000,0.004925,0.045645
C,ka100_req72,15,xxxxxxxxxxxxxxxx0.000026,0.000000,0.000000,0.002895,0.044088
C,ka100_req73,15,xxxxxxxxxxxxxxxx0.000031,0.000000,0.000000,0.002713,0.043698
C,ka100_req74,15,xxxxxxxxxxxxxxxx0.000036,0.000000,0.000000,0.003929,0.045664
C,ka100_req75,15,xxxxxxxxxxxxxxxx0.000038,0.000000,0.000000,0.003194,0.043735
C,ka100_req76,15,xxxxxxxxxxxxxxxx0.000035,0.000000,0.000000,0.003332,0.044156
C,ka100_req77,15,xxxxxxxxxxxxxxxx0.000044,0.000000,0.000000,0.004243,0.045306
C,ka100_req78,15,xxxxxxxxxxxxxxxx0.000035,0.000000,0.000000,0.003710,0.044835
C,ka100_req79,15,xxxxxxxxxxxxxxxx0.000038,0.000000,0.000000,0.003378,0.044761
C,ka100_req80,15,xxxxxxxxxxxxxxxx0.000020,0.000000,0.000000,0.003048,0.043528
C,ka100_req81,15,xxxxxxxxxxxxxxxx0.000036,0.000000,0.000000,0.003391,0.045561
C,ka100_req82,15,xxxxxxxxxxxxxxxx0.000034,0.000000,0.000000,0.003142,0.044129
C,ka100_req83,15,xxxxxxxxxxxxxxxx0.000074,0.000000,0.000000,0.002894,0.044236
C,ka100_req84,15,xxxxxxxxxxxxxxxx0.000037,0.000000,0.000000,0.003568,0.045590
C,ka100_req85,15,xxxxxxxxxxxxxxxx0.000039,0.000000,0.000000,0.003522,0.044587
C,ka100_req86,15,xxxxxxxxxxxxxxxx0.000035,0.000000,0.000000,0.003158,0.044164
C,ka100_req87,15,xxxxxxxxxxxxxxxx0.000040,0.000000,0.000000,0.003834,0.045297
C,ka100_req88,15,xxxxxxxxxxxxxxxx0.000035,0.000000,0.000000,0.003685,0.044987
C,ka100_req89,15,xxxxxxxxxxxxxxxx0.000037,0.000000,0.000000,0.003549,0.044264
C,ka100_req90,15,xxxxxxxxxxxxxxxx0.000038,0.000000,0.000000,0.003808,0.045090
C,ka100_req91,15,xxxxxxxxxxxxxxxx0.000063,0.000000,0.000000,0.003278,0.044576
C,ka100_req92,15,xxxxxxxxxxxxxxxx0.000039,0.000000,0.000000,0.003372,0.044546
C,ka100_req93,15,xxxxxxxxxxxxxxxx0.000036,0.000000,0.000000,0.003159,0.044305
C,ka100_req94,15,xxxxxxxxxxxxxxxx0.000035,0.000000,0.000000,0.003568,0.044342
C,ka100_req95,15,xxxxxxxxxxxxxxxx0.000036,0.000000,0.000000,0.003079,0.043712
C,ka100_req96,15,xxxxxxxxxxxxxxxx0.000033,0.000000,0.000000,0.002965,0.044082
C,ka100_req97,15,xxxxxxxxxxxxxxxx0.000039,0.000000,0.000000,0.003595,0.045035
C,ka100_req98,15,xxxxxxxxxxxxxxxx0.000036,0.000000,0.000000,0.003270,0.044424
C,ka100_req99,15,xxxxxxxxxxxxxxxx0.000038,0.000000,0.000000,0.003446,0.044645
C,ka100_req100,15,xxxxxxxxxxxxxxxx0.000063,0.000000,0.000000,0.003511,0.044791
C,ka100_req1,16,0.000024,0.000178,0.029931,0.032723,0.075914
C,ka100_req2,16,xxxxxxxxxxxxxxxx0.000017,0.000000,0.000000,0.001498,0.042454
C,ka100_req3,16,xxxxxxxxxxxxxxxx0.000021,0.000000,0.000000,0.002509,0.044620
C,ka100_req4,16,xxxxxxxxxxxxxxxx0.000058,0.000000,0.000000,0.002839,0.044271
C,ka100_req5,16,xxxxxxxxxxxxxxxx0.000029,0.000000,0.000000,0.003108,0.045407
C,ka100_req6,16,xxxxxxxxxxxxxxxx0.000038,0.000000,0.000000,0.003202,0.043548
C,ka100_req7,16,xxxxxxxxxxxxxxxx0.000041,0.000000,0.000000,0.003736,0.045127
C,ka100_req8,16,xxxxxxxxxxxxxxxx0.000044,0.000000,0.000000,0.003496,0.044729
C,ka100_req9,16,xxxxxxxxxxxxxxxx0.000035,0.000000,0.000000,0.003277,0.044370
C,ka100_req10,16,xxxxxxxxxxxxxxxx0.000036,0.000000,0.000000,0.003892,0.044683
C,ka100_req11,16,xxxxxxxxxxxxxxxx0.000041,0.000000,0.000000,0.003677,0.045573
C,ka100_req12,16,xxxxxxxxxxxxxxxx0.000036,0.000000,0.000000,0.003421,0.044307
C,ka100_req13,16,xxxxxxxxxxxxxxxx0.000038,0.000000,0.000000,0.003384,0.044424
C,ka100_req14,16,xxxxxxxxxxxxxxxx0.000042,0.000000,0.000000,0.003988,0.045418
C,ka100_req15,16,xxxxxxxxxxxxxxxx0.000038,0.000000,0.000000,0.003947,0.045081
C,ka100_req16,16,xxxxxxxxxxxxxxxx0.000036,0.000000,0.000000,0.003830,0.044647
C,ka100_req17,16,xxxxxxxxxxxxxxxx0.000035,0.000000,0.000000,0.003454,0.044724
C,ka100_req18,16,xxxxxxxxxxxxxxxx0.000035,0.000000,0.000000,0.003658,0.045833
C,ka100_req19,16,xxxxxxxxxxxxxxxx0.000027,0.000000,0.000000,0.004308,0.045635
C,ka100_req20,16,xxxxxxxxxxxxxxxx0.000036,0.000000,0.000000,0.003570,0.044744
C,ka100_req21,16,xxxxxxxxxxxxxxxx0.000032,0.000000,0.000000,0.003317,0.043754
C,ka100_req22,16,xxxxxxxxxxxxxxxx0.000038,0.000000,0.000000,0.003183,0.044329
C,ka100_req23,16,xxxxxxxxxxxxxxxx0.000040,0.000000,0.000000,0.003837,0.044524
C,ka100_req24,16,xxxxxxxxxxxxxxxx0.000019,0.000000,0.000000,0.003145,0.043460
C,ka100_req25,16,xxxxxxxxxxxxxxxx0.000038,0.000000,0.000000,0.003554,0.044746
C,ka100_req26,16,xxxxxxxxxxxxxxxx0.000037,0.000000,0.000000,0.003167,0.044112
C,ka100_req27,16,xxxxxxxxxxxxxxxx0.000050,0.000000,0.000000,0.003857,0.044626
C,ka100_req28,16,xxxxxxxxxxxxxxxx0.000037,0.000000,0.000000,0.008751,0.051192
C,ka100_req29,16,xxxxxxxxxxxxxxxx0.000037,0.000000,0.000000,0.003313,0.044368
C,ka100_req30,16,xxxxxxxxxxxxxxxx0.000038,0.000000,0.000000,0.003658,0.044616
C,ka100_req31,16,xxxxxxxxxxxxxxxx0.000027,0.000000,0.000000,0.002811,0.044663
C,ka100_req32,16,xxxxxxxxxxxxxxxx0.000024,0.000000,0.000000,0.002848,0.043867
C,ka100_req33,16,xxxxxxxxxxxxxxxx0.000026,0.000000,0.000000,0.002001,0.042779
C,ka100_req34,16,xxxxxxxxxxxxxxxx0.000022,0.000000,0.000000,0.002718,0.043988
C,ka100_req35,16,xxxxxxxxxxxxxxxx0.000014,0.000000,0.000000,0.001155,0.041471
C,ka100_req36,16,xxxxxxxxxxxxxxxx0.000012,0.000000,0.000000,0.000986,0.044217
C,ka100_req37,16,xxxxxxxxxxxxxxxx0.000009,0.000000,0.000000,0.001076,0.042837
C,ka100_req38,16,xxxxxxxxxxxxxxxx0.000018,0.000000,0.000000,0.001897,0.043231
C,ka100_req39,16,xxxxxxxxxxxxxxxx0.000031,0.000000,0.000000,0.003291,0.043959
C,ka100_req40,16,xxxxxxxxxxxxxxxx0.000036,0.000000,0.000000,0.003665,0.044574
C,ka100_req41,16,xxxxxxxxxxxxxxxx0.000038,0.000000,0.000000,0.003427,0.044633
C,ka100_req42,16,xxxxxxxxxxxxxxxx0.000038,0.000000,0.000000,0.003230,0.043581
C,ka100_req43,16,xxxxxxxxxxxxxxxx0.000034,0.000000,0.000000,0.003616,0.044691
C,ka100_req44,16,xxxxxxxxxxxxxxxx0.000038,0.000000,0.000000,0.003164,0.043922
C,ka100_req45,16,xxxxxxxxxxxxxxxx0.000041,0.000000,0.000000,0.003187,0.044160
C,ka100_req46,16,xxxxxxxxxxxxxxxx0.000035,0.000000,0.000000,0.003514,0.044288
C,ka100_req47,16,xxxxxxxxxxxxxxxx0.000042,0.000000,0.000000,0.003598,0.045059
C,ka100_req48,16,xxxxxxxxxxxxxxxx0.000042,0.000000,0.000000,0.003953,0.044313
C,ka100_req49,16,xxxxxxxxxxxxxxxx0.000023,0.000000,0.000000,0.003532,0.044926
C,ka100_req50,16,xxxxxxxxxxxxxxxx0.000039,0.000000,0.000000,0.003941,0.044867
C,ka100_req51,16,xxxxxxxxxxxxxxxx0.000079,0.000000,0.000000,0.004304,0.045619
C,ka100_req52,16,xxxxxxxxxxxxxxxx0.000038,0.000000,0.000000,0.004098,0.044509
C,ka100_req53,16,xxxxxxxxxxxxxxxx0.000037,0.000000,0.000000,0.003728,0.044739
C,ka100_req54,16,xxxxxxxxxxxxxxxx0.000035,0.000000,0.000000,0.003202,0.044142
C,ka100_req55,16,xxxxxxxxxxxxxxxx0.000036,0.000000,0.000000,0.003628,0.044205
C,ka100_req56,16,xxxxxxxxxxxxxxxx0.000034,0.000000,0.000000,0.003699,0.044863
C,ka100_req57,16,xxxxxxxxxxxxxxxx0.000029,0.000000,0.000000,0.003360,0.043776
C,ka100_req58,16,xxxxxxxxxxxxxxxx0.000019,0.000000,0.000000,0.001945,0.043239
C,ka100_req59,16,xxxxxxxxxxxxxxxx0.000026,0.000000,0.000000,0.002697,0.043864
C,ka100_req60,16,xxxxxxxxxxxxxxxx0.000025,0.000000,0.000000,0.002812,0.045543
C,ka100_req61,16,xxxxxxxxxxxxxxxx0.000026,0.000000,0.000000,0.002662,0.043728
C,ka100_req62,16,xxxxxxxxxxxxxxxx0.000073,0.000000,0.000000,0.003854,0.044677
C,ka100_req63,16,xxxxxxxxxxxxxxxx0.000036,0.000000,0.000000,0.003009,0.044035
C,ka100_req64,16,xxxxxxxxxxxxxxxx0.000077,0.000000,0.000000,0.003436,0.044883
C,ka100_req65,16,xxxxxxxxxxxxxxxx0.000035,0.000000,0.000000,0.003333,0.044933
C,ka100_req66,16,xxxxxxxxxxxxxxxx0.000034,0.000000,0.000000,0.003100,0.044788
C,ka100_req67,16,xxxxxxxxxxxxxxxx0.000036,0.000000,0.000000,0.003183,0.045444
C,ka100_req68,16,xxxxxxxxxxxxxxxx0.000039,0.000000,0.000000,0.003828,0.044380
C,ka100_req69,16,xxxxxxxxxxxxxxxx0.000039,0.000000,0.000000,0.003589,0.044674
C,ka100_req70,16,xxxxxxxxxxxxxxxx0.000035,0.000000,0.000000,0.003873,0.044836
C,ka100_req71,16,xxxxxxxxxxxxxxxx0.000031,0.000000,0.000000,0.002795,0.044141
C,ka100_req72,16,xxxxxxxxxxxxxxxx0.000036,0.000000,0.000000,0.002828,0.043395
C,ka100_req73,16,xxxxxxxxxxxxxxxx0.000035,0.000000,0.000000,0.003805,0.045583
C,ka100_req74,16,xxxxxxxxxxxxxxxx0.000052,0.000000,0.000000,0.003540,0.043904
C,ka100_req75,16,xxxxxxxxxxxxxxxx0.000038,0.000000,0.000000,0.003480,0.044660
C,ka100_req76,16,xxxxxxxxxxxxxxxx0.000036,0.000000,0.000000,0.003103,0.044540
C,ka100_req77,16,xxxxxxxxxxxxxxxx0.000051,0.000000,0.000000,0.003883,0.045065
C,ka100_req78,16,xxxxxxxxxxxxxxxx0.000038,0.000000,0.000000,0.003470,0.045005
C,ka100_req79,16,xxxxxxxxxxxxxxxx0.000061,0.000000,0.000000,0.003411,0.044698
C,ka100_req80,16,xxxxxxxxxxxxxxxx0.000024,0.000000,0.000000,0.002665,0.044335
C,ka100_req81,16,xxxxxxxxxxxxxxxx0.000011,0.000000,0.000000,0.000963,0.044942
C,ka100_req82,16,xxxxxxxxxxxxxxxx0.000009,0.000000,0.000000,0.000941,0.045080
C,ka100_req83,16,xxxxxxxxxxxxxxxx0.000008,0.000000,0.000000,0.000928,0.045694
C,ka100_req84,16,xxxxxxxxxxxxxxxx0.000014,0.000000,0.000000,0.001226,0.042184
C,ka100_req85,16,xxxxxxxxxxxxxxxx0.000021,0.000000,0.000000,0.002417,0.043008
C,ka100_req86,16,xxxxxxxxxxxxxxxx0.000033,0.000000,0.000000,0.003196,0.043618
C,ka100_req87,16,xxxxxxxxxxxxxxxx0.000038,0.000000,0.000000,0.003858,0.044854
C,ka100_req88,16,xxxxxxxxxxxxxxxx0.000036,0.000000,0.000000,0.003334,0.043910
C,ka100_req89,16,xxxxxxxxxxxxxxxx0.000036,0.000000,0.000000,0.003105,0.045530
C,ka100_req90,16,xxxxxxxxxxxxxxxx0.000036,0.000000,0.000000,0.003955,0.044894
C,ka100_req91,16,xxxxxxxxxxxxxxxx0.000038,0.000000,0.000000,0.003389,0.044615
C,ka100_req92,16,xxxxxxxxxxxxxxxx0.000040,0.000000,0.000000,0.003386,0.043754
C,ka100_req93,16,xxxxxxxxxxxxxxxx0.000038,0.000000,0.000000,0.003406,0.044565
C,ka100_req94,16,xxxxxxxxxxxxxxxx0.000035,0.000000,0.000000,0.003133,0.045663
C,ka100_req95,16,xxxxxxxxxxxxxxxx0.000037,0.000000,0.000000,0.003225,0.043980
C,ka100_req96,16,xxxxxxxxxxxxxxxx0.000034,0.000000,0.000000,0.003562,0.045357
C,ka100_req97,16,xxxxxxxxxxxxxxxx0.000036,0.000000,0.000000,0.003776,0.044139
C,ka100_req98,16,xxxxxxxxxxxxxxxx0.000034,0.000000,0.000000,0.003340,0.044088
C,ka100_req99,16,xxxxxxxxxxxxxxxx0.000030,0.000000,0.000000,0.003059,0.045721
C,ka100_req100,16,xxxxxxxxxxxxxxxx0.000086,0.000000,0.000000,0.003656,0.046384
C,ka100_req1,17,0.000024,0.000205,0.031049,0.033424,0.076995
C,ka100_req2,17,xxxxxxxxxxxxxxxx0.000013,0.000000,0.000000,0.001219,0.046089
C,ka100_req3,17,xxxxxxxxxxxxxxxx0.000024,0.000000,0.000000,0.002690,0.044065
C,ka100_req4,17,xxxxxxxxxxxxxxxx0.000026,0.000000,0.000000,0.002562,0.044106
C,ka100_req5,17,xxxxxxxxxxxxxxxx0.000042,0.000000,0.000000,0.003865,0.046250
C,ka100_req6,17,xxxxxxxxxxxxxxxx0.000041,0.000000,0.000000,0.004047,0.044557
C,ka100_req7,17,xxxxxxxxxxxxxxxx0.000038,0.000000,0.000000,0.003216,0.044364
C,ka100_req8,17,xxxxxxxxxxxxxxxx0.000030,0.000000,0.000000,0.003266,0.044609
C,ka100_req9,17,xxxxxxxxxxxxxxxx0.000066,0.000000,0.000000,0.003393,0.046226
C,ka100_req10,17,xxxxxxxxxxxxxxxx0.000036,0.000000,0.000000,0.003105,0.044390
C,ka100_req11,17,xxxxxxxxxxxxxxxx0.000039,0.000000,0.000000,0.003261,0.044734
C,ka100_req12,17,xxxxxxxxxxxxxxxx0.000040,0.000000,0.000000,0.003311,0.044358
C,ka100_req13,17,xxxxxxxxxxxxxxxx0.000037,0.000000,0.000000,0.003409,0.044611
C,ka100_req14,17,xxxxxxxxxxxxxxxx0.000037,0.000000,0.000000,0.003437,0.044744
C,ka100_req15,17,xxxxxxxxxxxxxxxx0.000028,0.000000,0.000000,0.003130,0.045322
C,ka100_req16,17,xxxxxxxxxxxxxxxx0.000039,0.000000,0.000000,0.003992,0.045308
C,ka100_req17,17,xxxxxxxxxxxxxxxx0.000036,0.000000,0.000000,0.003685,0.045152
C,ka100_req18,17,xxxxxxxxxxxxxxxx0.000025,0.000000,0.000000,0.002959,0.045253
C,ka100_req19,17,xxxxxxxxxxxxxxxx0.000037,0.000000,0.000000,0.003162,0.043910
C,ka100_req20,17,xxxxxxxxxxxxxxxx0.000037,0.000000,0.000000,0.003223,0.043971
C,ka100_req21,17,xxxxxxxxxxxxxxxx0.000038,0.000000,0.000000,0.003402,0.044263
C,ka100_req22,17,xxxxxxxxxxxxxxxx0.000027,0.000000,0.000000,0.003503,0.043991
C,ka100_req23,17,xxxxxxxxxxxxxxxx0.000038,0.000000,0.000000,0.003594,0.044824
C,ka100_req24,17,xxxxxxxxxxxxxxxx0.000036,0.000000,0.000000,0.003423,0.044536
C,ka100_req25,17,xxxxxxxxxxxxxxxx0.000035,0.000000,0.000000,0.003635,0.044781
C,ka100_req26,17,xxxxxxxxxxxxxxxx0.000026,0.000000,0.000000,0.003035,0.044579
C,ka100_req27,17,xxxxxxxxxxxxxxxx0.000038,0.000000,0.000000,0.003626,0.044098
C,ka100_req28,17,xxxxxxxxxxxxxxxx0.000038,0.000000,0.000000,0.003225,0.043579
C,ka100_req29,17,xxxxxxxxxxxxxxxx0.000036,0.000000,0.000000,0.003760,0.044809
C,ka100_req30,17,xxxxxxxxxxxxxxxx0.000038,0.000000,0.000000,0.004452,0.045040
C,ka100_req31,17,xxxxxxxxxxxxxxxx0.000028,0.000000,0.000000,0.002108,0.045641
C,ka100_req32,17,xxxxxxxxxxxxxxxx0.000035,0.000000,0.000000,0.003603,0.044786
C,ka100_req33,17,xxxxxxxxxxxxxxxx0.000036,0.000000,0.000000,0.003101,0.044692
C,ka100_req34,17,xxxxxxxxxxxxxxxx0.000036,0.000000,0.000000,0.003456,0.044752
C,ka100_req35,17,xxxxxxxxxxxxxxxx0.000052,0.000000,0.000000,0.003229,0.044232
C,ka100_req36,17,xxxxxxxxxxxxxxxx0.000037,0.000000,0.000000,0.003383,0.044436
C,ka100_req37,17,xxxxxxxxxxxxxxxx0.000039,0.000000,0.000000,0.003321,0.044278
C,ka100_req38,17,xxxxxxxxxxxxxxxx0.000038,0.000000,0.000000,0.003888,0.044512
C,ka100_req39,17,xxxxxxxxxxxxxxxx0.000037,0.000000,0.000000,0.003515,0.045891
C,ka100_req40,17,xxxxxxxxxxxxxxxx0.000037,0.000000,0.000000,0.003776,0.044797
C,ka100_req41,17,xxxxxxxxxxxxxxxx0.000035,0.000000,0.000000,0.003292,0.044083
C,ka100_req42,17,xxxxxxxxxxxxxxxx0.000037,0.000000,0.000000,0.003985,0.045401
C,ka100_req43,17,xxxxxxxxxxxxxxxx0.000039,0.000000,0.000000,0.003195,0.043971
C,ka100_req44,17,xxxxxxxxxxxxxxxx0.000067,0.000000,0.000000,0.003252,0.044526
C,ka100_req45,17,xxxxxxxxxxxxxxxx0.000034,0.000000,0.000000,0.004452,0.045759
C,ka100_req46,17,xxxxxxxxxxxxxxxx0.000037,0.000000,0.000000,0.003138,0.044792
C,ka100_req47,17,xxxxxxxxxxxxxxxx0.000040,0.000000,0.000000,0.003202,0.043563
C,ka100_req48,17,xxxxxxxxxxxxxxxx0.000023,0.000000,0.000000,0.003168,0.044592
C,ka100_req49,17,xxxxxxxxxxxxxxxx0.000026,0.000000,0.000000,0.002815,0.044118
C,ka100_req50,17,xxxxxxxxxxxxxxxx0.000036,0.000000,0.000000,0.003563,0.044699
C,ka100_req51,17,xxxxxxxxxxxxxxxx0.000038,0.000000,0.000000,0.003242,0.044104
C,ka100_req52,17,xxxxxxxxxxxxxxxx0.000036,0.000000,0.000000,0.003424,0.044390
C,ka100_req53,17,xxxxxxxxxxxxxxxx0.000039,0.000000,0.000000,0.003499,0.044758
C,ka100_req54,17,xxxxxxxxxxxxxxxx0.000038,0.000000,0.000000,0.003152,0.043777
C,ka100_req55,17,xxxxxxxxxxxxxxxx0.000037,0.000000,0.000000,0.003324,0.043680
C,ka100_req56,17,xxxxxxxxxxxxxxxx0.000032,0.000000,0.000000,0.003261,0.043732
C,ka100_req57,17,xxxxxxxxxxxxxxxx0.000033,0.000000,0.000000,0.003594,0.044957
C,ka100_req58,17,xxxxxxxxxxxxxxxx0.000035,0.000000,0.000000,0.003735,0.044554
C,ka100_req59,17,xxxxxxxxxxxxxxxx0.000031,0.000000,0.000000,0.003214,0.043841
C,ka100_req60,17,xxxxxxxxxxxxxxxx0.000037,0.000000,0.000000,0.003020,0.045726
C,ka100_req61,17,xxxxxxxxxxxxxxxx0.000037,0.000000,0.000000,0.004651,0.045726
C,ka100_req62,17,xxxxxxxxxxxxxxxx0.000037,0.000000,0.000000,0.003036,0.044414
C,ka100_req63,17,xxxxxxxxxxxxxxxx0.000028,0.000000,0.000000,0.003017,0.044094
C,ka100_req64,17,xxxxxxxxxxxxxxxx0.000033,0.000000,0.000000,0.003466,0.043875
C,ka100_req65,17,xxxxxxxxxxxxxxxx0.000039,0.000000,0.000000,0.003539,0.044559
C,ka100_req66,17,xxxxxxxxxxxxxxxx0.000037,0.000000,0.000000,0.003376,0.044336
C,ka100_req67,17,xxxxxxxxxxxxxxxx0.000042,0.000000,0.000000,0.003577,0.044234
C,ka100_req68,17,xxxxxxxxxxxxxxxx0.000025,0.000000,0.000000,0.002460,0.045007
C,ka100_req69,17,xxxxxxxxxxxxxxxx0.000057,0.000000,0.000000,0.002997,0.043286
C,ka100_req70,17,xxxxxxxxxxxxxxxx0.000039,0.000000,0.000000,0.003647,0.044893
C,ka100_req71,17,xxxxxxxxxxxxxxxx0.000024,0.000000,0.000000,0.003274,0.043851
C,ka100_req72,17,xxxxxxxxxxxxxxxx0.000029,0.000000,0.000000,0.003002,0.044931
C,ka100_req73,17,xxxxxxxxxxxxxxxx0.000040,0.000000,0.000000,0.003335,0.044635
C,ka100_req74,17,xxxxxxxxxxxxxxxx0.000036,0.000000,0.000000,0.003446,0.044919
C,ka100_req75,17,xxxxxxxxxxxxxxxx0.000039,0.000000,0.000000,0.003307,0.044852
C,ka100_req76,17,xxxxxxxxxxxxxxxx0.000035,0.000000,0.000000,0.003244,0.044814
C,ka100_req77,17,xxxxxxxxxxxxxxxx0.000033,0.000000,0.000000,0.003866,0.044521
C,ka100_req78,17,xxxxxxxxxxxxxxxx0.000039,0.000000,0.000000,0.003031,0.043416
C,ka100_req79,17,xxxxxxxxxxxxxxxx0.000039,0.000000,0.000000,0.003407,0.044625
C,ka100_req80,17,xxxxxxxxxxxxxxxx0.000043,0.000000,0.000000,0.003903,0.044849
C,ka100_req81,17,xxxxxxxxxxxxxxxx0.000037,0.000000,0.000000,0.003739,0.045092
C,ka100_req82,17,xxxxxxxxxxxxxxxx0.000024,0.000000,0.000000,0.003299,0.044547
C,ka100_req83,17,xxxxxxxxxxxxxxxx0.000032,0.000000,0.000000,0.003587,0.045009
C,ka100_req84,17,xxxxxxxxxxxxxxxx0.000059,0.000000,0.000000,0.003810,0.044567
C,ka100_req85,17,xxxxxxxxxxxxxxxx0.000035,0.000000,0.000000,0.003335,0.044729
C,ka100_req86,17,xxxxxxxxxxxxxxxx0.000038,0.000000,0.000000,0.003452,0.044607
C,ka100_req87,17,xxxxxxxxxxxxxxxx0.000037,0.000000,0.000000,0.003842,0.045313
C,ka100_req88,17,xxxxxxxxxxxxxxxx0.000034,0.000000,0.000000,0.003248,0.044684
C,ka100_req89,17,xxxxxxxxxxxxxxxx0.000039,0.000000,0.000000,0.003295,0.044741
C,ka100_req90,17,xxxxxxxxxxxxxxxx0.000036,0.000000,0.000000,0.003833,0.044827
C,ka100_req91,17,xxxxxxxxxxxxxxxx0.000035,0.000000,0.000000,0.003380,0.045008
C,ka100_req92,17,xxxxxxxxxxxxxxxx0.000040,0.000000,0.000000,0.003209,0.044692
C,ka100_req93,17,xxxxxxxxxxxxxxxx0.000182,0.000000,0.000000,0.004311,0.046066
C,ka100_req94,17,xxxxxxxxxxxxxxxx0.000027,0.000000,0.000000,0.003309,0.044255
C,ka100_req95,17,xxxxxxxxxxxxxxxx0.000027,0.000000,0.000000,0.002781,0.043908
C,ka100_req96,17,xxxxxxxxxxxxxxxx0.000031,0.000000,0.000000,0.003299,0.043697
C,ka100_req97,17,xxxxxxxxxxxxxxxx0.000038,0.000000,0.000000,0.003443,0.044245
C,ka100_req98,17,xxxxxxxxxxxxxxxx0.000037,0.000000,0.000000,0.003221,0.044469
C,ka100_req99,17,xxxxxxxxxxxxxxxx0.000038,0.000000,0.000000,0.003234,0.043846
C,ka100_req100,17,xxxxxxxxxxxxxxxx0.000037,0.000000,0.000000,0.003474,0.045454
C,ka100_req1,18,0.000025,0.000207,0.031165,0.033721,0.077106
C,ka100_req2,18,xxxxxxxxxxxxxxxx0.000018,0.000000,0.000000,0.001414,0.046112
C,ka100_req3,18,xxxxxxxxxxxxxxxx0.000028,0.000000,0.000000,0.002285,0.043323
C,ka100_req4,18,xxxxxxxxxxxxxxxx0.000038,0.000000,0.000000,0.003416,0.044444
C,ka100_req5,18,xxxxxxxxxxxxxxxx0.000044,0.000000,0.000000,0.003964,0.046494
C,ka100_req6,18,xxxxxxxxxxxxxxxx0.000035,0.000000,0.000000,0.003327,0.044055
C,ka100_req7,18,xxxxxxxxxxxxxxxx0.000041,0.000000,0.000000,0.003918,0.045240
C,ka100_req8,18,xxxxxxxxxxxxxxxx0.000047,0.000000,0.000000,0.003501,0.044311
C,ka100_req9,18,xxxxxxxxxxxxxxxx0.000036,0.000000,0.000000,0.007163,0.049823
C,ka100_req10,18,xxxxxxxxxxxxxxxx0.000033,0.000000,0.000000,0.003265,0.044247
C,ka100_req11,18,xxxxxxxxxxxxxxxx0.000038,0.000000,0.000000,0.003654,0.044962
C,ka100_req12,18,xxxxxxxxxxxxxxxx0.000035,0.000000,0.000000,0.003363,0.044698
C,ka100_req13,18,xxxxxxxxxxxxxxxx0.000038,0.000000,0.000000,0.004243,0.045082
C,ka100_req14,18,xxxxxxxxxxxxxxxx0.000026,0.000000,0.000000,0.002680,0.043208
C,ka100_req15,18,xxxxxxxxxxxxxxxx0.000037,0.000000,0.000000,0.003476,0.044809
C,ka100_req16,18,xxxxxxxxxxxxxxxx0.000043,0.000000,0.000000,0.003635,0.045583
C,ka100_req17,18,xxxxxxxxxxxxxxxx0.000036,0.000000,0.000000,0.003592,0.044954
C,ka100_req18,18,xxxxxxxxxxxxxxxx0.000038,0.000000,0.000000,0.003324,0.044731
C,ka100_req19,18,xxxxxxxxxxxxxxxx0.000056,0.000000,0.000000,0.003493,0.044794
C,ka100_req20,18,xxxxxxxxxxxxxxxx0.000035,0.000000,0.000000,0.003616,0.044740
C,ka100_req21,18,xxxxxxxxxxxxxxxx0.000035,0.000000,0.000000,0.003245,0.043556
C,ka100_req22,18,xxxxxxxxxxxxxxxx0.000041,0.000000,0.000000,0.003491,0.044865
C,ka100_req23,18,xxxxxxxxxxxxxxxx0.000039,0.000000,0.000000,0.003654,0.045433
C,ka100_req24,18,xxxxxxxxxxxxxxxx0.000034,0.000000,0.000000,0.002965,0.044218
C,ka100_req25,18,xxxxxxxxxxxxxxxx0.000025,0.000000,0.000000,0.002850,0.045280
C,ka100_req26,18,xxxxxxxxxxxxxxxx0.000036,0.000000,0.000000,0.003048,0.043981
C,ka100_req27,18,xxxxxxxxxxxxxxxx0.000035,0.000000,0.000000,0.004255,0.045282
C,ka100_req28,18,xxxxxxxxxxxxxxxx0.000038,0.000000,0.000000,0.003000,0.045922
C,ka100_req29,18,xxxxxxxxxxxxxxxx0.000041,0.000000,0.000000,0.003627,0.044435
C,ka100_req30,18,xxxxxxxxxxxxxxxx0.000034,0.000000,0.000000,0.003358,0.044736
C,ka100_req31,18,xxxxxxxxxxxxxxxx0.000036,0.000000,0.000000,0.003626,0.044585
C,ka100_req32,18,xxxxxxxxxxxxxxxx0.000034,0.000000,0.000000,0.004156,0.045451
C,ka100_req33,18,xxxxxxxxxxxxxxxx0.000034,0.000000,0.000000,0.004412,0.045752
C,ka100_req34,18,xxxxxxxxxxxxxxxx0.000031,0.000000,0.000000,0.003369,0.044703
C,ka100_req35,18,xxxxxxxxxxxxxxxx0.000038,0.000000,0.000000,0.003186,0.044840
C,ka100_req36,18,xxxxxxxxxxxxxxxx0.000024,0.000000,0.000000,0.002900,0.043614
C,ka100_req37,18,xxxxxxxxxxxxxxxx0.000034,0.000000,0.000000,0.003071,0.044088
C,ka100_req38,18,xxxxxxxxxxxxxxxx0.000048,0.000000,0.000000,0.002708,0.045121
C,ka100_req39,18,xxxxxxxxxxxxxxxx0.000069,0.000000,0.000000,0.003327,0.044360
C,ka100_req40,18,xxxxxxxxxxxxxxxx0.000035,0.000000,0.000000,0.003786,0.044732
C,ka100_req41,18,xxxxxxxxxxxxxxxx0.000037,0.000000,0.000000,0.003299,0.044491
C,ka100_req42,18,xxxxxxxxxxxxxxxx0.000035,0.000000,0.000000,0.003369,0.043953
C,ka100_req43,18,xxxxxxxxxxxxxxxx0.000040,0.000000,0.000000,0.003570,0.045515
C,ka100_req44,18,xxxxxxxxxxxxxxxx0.000038,0.000000,0.000000,0.003642,0.044738
C,ka100_req45,18,xxxxxxxxxxxxxxxx0.000036,0.000000,0.000000,0.003534,0.044828
C,ka100_req46,18,xxxxxxxxxxxxxxxx0.000039,0.000000,0.000000,0.003879,0.044563
C,ka100_req47,18,xxxxxxxxxxxxxxxx0.000024,0.000000,0.000000,0.002642,0.044091
C,ka100_req48,18,xxxxxxxxxxxxxxxx0.000037,0.000000,0.000000,0.002638,0.043889
C,ka100_req49,18,xxxxxxxxxxxxxxxx0.000050,0.000000,0.000000,0.003426,0.044508
C,ka100_req50,18,xxxxxxxxxxxxxxxx0.000028,0.000000,0.000000,0.002719,0.043750
C,ka100_req51,18,xxxxxxxxxxxxxxxx0.000037,0.000000,0.000000,0.003353,0.044813
C,ka100_req52,18,xxxxxxxxxxxxxxxx0.000036,0.000000,0.000000,0.003501,0.044717
C,ka100_req53,18,xxxxxxxxxxxxxxxx0.000025,0.000000,0.000000,0.003113,0.044004
C,ka100_req54,18,xxxxxxxxxxxxxxxx0.000054,0.000000,0.000000,0.002918,0.044013
C,ka100_req55,18,xxxxxxxxxxxxxxxx0.000029,0.000000,0.000000,0.002822,0.043625
C,ka100_req56,18,xxxxxxxxxxxxxxxx0.000019,0.000000,0.000000,0.001080,0.041612
C,ka100_req57,18,xxxxxxxxxxxxxxxx0.000014,0.000000,0.000000,0.000969,0.044739
C,ka100_req58,18,xxxxxxxxxxxxxxxx0.000012,0.000000,0.000000,0.001004,0.042124
C,ka100_req59,18,xxxxxxxxxxxxxxxx0.000017,0.000000,0.000000,0.001419,0.045006
C,ka100_req60,18,xxxxxxxxxxxxxxxx0.000026,0.000000,0.000000,0.003206,0.044310
C,ka100_req61,18,xxxxxxxxxxxxxxxx0.000028,0.000000,0.000000,0.003530,0.044812
C,ka100_req62,18,xxxxxxxxxxxxxxxx0.000035,0.000000,0.000000,0.003579,0.044366
C,ka100_req63,18,xxxxxxxxxxxxxxxx0.000041,0.000000,0.000000,0.003314,0.045321
C,ka100_req64,18,xxxxxxxxxxxxxxxx0.000038,0.000000,0.000000,0.003637,0.044508
C,ka100_req65,18,xxxxxxxxxxxxxxxx0.000037,0.000000,0.000000,0.002899,0.044359
C,ka100_req66,18,xxxxxxxxxxxxxxxx0.000039,0.000000,0.000000,0.003304,0.045147
C,ka100_req67,18,xxxxxxxxxxxxxxxx0.000029,0.000000,0.000000,0.002617,0.043933
C,ka100_req68,18,xxxxxxxxxxxxxxxx0.000036,0.000000,0.000000,0.003202,0.044696
C,ka100_req69,18,xxxxxxxxxxxxxxxx0.000042,0.000000,0.000000,0.003619,0.044081
C,ka100_req70,18,xxxxxxxxxxxxxxxx0.000026,0.000000,0.000000,0.003224,0.043994
C,ka100_req71,18,xxxxxxxxxxxxxxxx0.000036,0.000000,0.000000,0.003051,0.045586
C,ka100_req72,18,xxxxxxxxxxxxxxxx0.000038,0.000000,0.000000,0.003424,0.044804
C,ka100_req73,18,xxxxxxxxxxxxxxxx0.000039,0.000000,0.000000,0.003607,0.044499
C,ka100_req74,18,xxxxxxxxxxxxxxxx0.000041,0.000000,0.000000,0.003654,0.044902
C,ka100_req75,18,xxxxxxxxxxxxxxxx0.000038,0.000000,0.000000,0.003266,0.043863
C,ka100_req76,18,xxxxxxxxxxxxxxxx0.000031,0.000000,0.000000,0.003470,0.044910
C,ka100_req77,18,xxxxxxxxxxxxxxxx0.000038,0.000000,0.000000,0.003563,0.044382
C,ka100_req78,18,xxxxxxxxxxxxxxxx0.000024,0.000000,0.000000,0.002724,0.043812
C,ka100_req79,18,xxxxxxxxxxxxxxxx0.000024,0.000000,0.000000,0.001940,0.045131
C,ka100_req80,18,xxxxxxxxxxxxxxxx0.000025,0.000000,0.000000,0.003092,0.044985
C,ka100_req81,18,xxxxxxxxxxxxxxxx0.000023,0.000000,0.000000,0.002583,0.043298
C,ka100_req82,18,xxxxxxxxxxxxxxxx0.000027,0.000000,0.000000,0.003132,0.045241
C,ka100_req83,18,xxxxxxxxxxxxxxxx0.000040,0.000000,0.000000,0.003439,0.044455
C,ka100_req84,18,xxxxxxxxxxxxxxxx0.000038,0.000000,0.000000,0.003620,0.044781
C,ka100_req85,18,xxxxxxxxxxxxxxxx0.000036,0.000000,0.000000,0.002771,0.043663
C,ka100_req86,18,xxxxxxxxxxxxxxxx0.000030,0.000000,0.000000,0.003072,0.043717
C,ka100_req87,18,xxxxxxxxxxxxxxxx0.000025,0.000000,0.000000,0.002655,0.044233
C,ka100_req88,18,xxxxxxxxxxxxxxxx0.000031,0.000000,0.000000,0.002881,0.043387
C,ka100_req89,18,xxxxxxxxxxxxxxxx0.000030,0.000000,0.000000,0.003440,0.044542
C,ka100_req90,18,xxxxxxxxxxxxxxxx0.000026,0.000000,0.000000,0.002905,0.043875
C,ka100_req91,18,xxxxxxxxxxxxxxxx0.000024,0.000000,0.000000,0.002826,0.044250
C,ka100_req92,18,xxxxxxxxxxxxxxxx0.000026,0.000000,0.000000,0.002528,0.046246
C,ka100_req93,18,xxxxxxxxxxxxxxxx0.000035,0.000000,0.000000,0.003276,0.044112
C,ka100_req94,18,xxxxxxxxxxxxxxxx0.000028,0.000000,0.000000,0.002543,0.043731
C,ka100_req95,18,xxxxxxxxxxxxxxxx0.000026,0.000000,0.000000,0.002540,0.044727
C,ka100_req96,18,xxxxxxxxxxxxxxxx0.000033,0.000000,0.000000,0.002545,0.044967
C,ka100_req97,18,xxxxxxxxxxxxxxxx0.000027,0.000000,0.000000,0.002631,0.043047
C,ka100_req98,18,xxxxxxxxxxxxxxxx0.000013,0.000000,0.000000,0.001530,0.042418
C,ka100_req99,18,xxxxxxxxxxxxxxxx0.000032,0.000000,0.000000,0.002925,0.043587
C,ka100_req100,18,xxxxxxxxxxxxxxxx0.000035,0.000000,0.000000,0.002861,0.047531
C,ka100_req1,19,0.000020,0.000149,0.026888,0.028495,0.072419
C,ka100_req2,19,xxxxxxxxxxxxxxxx0.000011,0.000000,0.000000,0.000943,0.043710
C,ka100_req3,19,xxxxxxxxxxxxxxxx0.000015,0.000000,0.000000,0.000985,0.042954
C,ka100_req4,19,xxxxxxxxxxxxxxxx0.000014,0.000000,0.000000,0.001239,0.042115
C,ka100_req5,19,xxxxxxxxxxxxxxxx0.000023,0.000000,0.000000,0.002493,0.044115
C,ka100_req6,19,xxxxxxxxxxxxxxxx0.000038,0.000000,0.000000,0.003329,0.044617
C,ka100_req7,19,xxxxxxxxxxxxxxxx0.000025,0.000000,0.000000,0.003609,0.044217
C,ka100_req8,19,xxxxxxxxxxxxxxxx0.000026,0.000000,0.000000,0.003072,0.044732
C,ka100_req9,19,xxxxxxxxxxxxxxxx0.000025,0.000000,0.000000,0.002501,0.043289
C,ka100_req10,19,xxxxxxxxxxxxxxxx0.000027,0.000000,0.000000,0.002810,0.044154
C,ka100_req11,19,xxxxxxxxxxxxxxxx0.000072,0.000000,0.000000,0.003591,0.044397
C,ka100_req12,19,xxxxxxxxxxxxxxxx0.000036,0.000000,0.000000,0.003452,0.043650
C,ka100_req13,19,xxxxxxxxxxxxxxxx0.000025,0.000000,0.000000,0.003000,0.044114
C,ka100_req14,19,xxxxxxxxxxxxxxxx0.000024,0.000000,0.000000,0.003133,0.044003
C,ka100_req15,19,xxxxxxxxxxxxxxxx0.000043,0.000000,0.000000,0.002824,0.043455
C,ka100_req16,19,xxxxxxxxxxxxxxxx0.000035,0.000000,0.000000,0.002828,0.045520
C,ka100_req17,19,xxxxxxxxxxxxxxxx0.000035,0.000000,0.000000,0.003488,0.043851
C,ka100_req18,19,xxxxxxxxxxxxxxxx0.000022,0.000000,0.000000,0.002969,0.044025
C,ka100_req19,19,xxxxxxxxxxxxxxxx0.000027,0.000000,0.000000,0.002757,0.043619
C,ka100_req20,19,xxxxxxxxxxxxxxxx0.000038,0.000000,0.000000,0.003410,0.043978
C,ka100_req21,19,xxxxxxxxxxxxxxxx0.000030,0.000000,0.000000,0.002719,0.045260
C,ka100_req22,19,xxxxxxxxxxxxxxxx0.000037,0.000000,0.000000,0.003498,0.043954
C,ka100_req23,19,xxxxxxxxxxxxxxxx0.000027,0.000000,0.000000,0.003926,0.044743
C,ka100_req24,19,xxxxxxxxxxxxxxxx0.000036,0.000000,0.000000,0.003067,0.043793
C,ka100_req25,19,xxxxxxxxxxxxxxxx0.000058,0.000000,0.000000,0.002190,0.042705
C,ka100_req26,19,xxxxxxxxxxxxxxxx0.000025,0.000000,0.000000,0.003357,0.043762
C,ka100_req27,19,xxxxxxxxxxxxxxxx0.000037,0.000000,0.000000,0.003151,0.043724
C,ka100_req28,19,xxxxxxxxxxxxxxxx0.000024,0.000000,0.000000,0.002513,0.043923
C,ka100_req29,19,xxxxxxxxxxxxxxxx0.000034,0.000000,0.000000,0.002600,0.044049
C,ka100_req30,19,xxxxxxxxxxxxxxxx0.000023,0.000000,0.000000,0.002717,0.043364
C,ka100_req31,19,xxxxxxxxxxxxxxxx0.000029,0.000000,0.000000,0.003664,0.044940
C,ka100_req32,19,xxxxxxxxxxxxxxxx0.000038,0.000000,0.000000,0.003053,0.043738
C,ka100_req33,19,xxxxxxxxxxxxxxxx0.000022,0.000000,0.000000,0.002739,0.043845
C,ka100_req34,19,xxxxxxxxxxxxxxxx0.000023,0.000000,0.000000,0.002752,0.043955
C,ka100_req35,19,xxxxxxxxxxxxxxxx0.000029,0.000000,0.000000,0.002468,0.043553
C,ka100_req36,19,xxxxxxxxxxxxxxxx0.000026,0.000000,0.000000,0.002518,0.043746
C,ka100_req37,19,xxxxxxxxxxxxxxxx0.000037,0.000000,0.000000,0.002755,0.043653
C,ka100_req38,19,xxxxxxxxxxxxxxxx0.000026,0.000000,0.000000,0.002738,0.043868
C,ka100_req39,19,xxxxxxxxxxxxxxxx0.000027,0.000000,0.000000,0.002501,0.044409
C,ka100_req40,19,xxxxxxxxxxxxxxxx0.000035,0.000000,0.000000,0.002887,0.044021
C,ka100_req41,19,xxxxxxxxxxxxxxxx0.000024,0.000000,0.000000,0.002917,0.044675
C,ka100_req42,19,xxxxxxxxxxxxxxxx0.000028,0.000000,0.000000,0.003013,0.044673
C,ka100_req43,19,xxxxxxxxxxxxxxxx0.000032,0.000000,0.000000,0.005200,0.045893
C,ka100_req44,19,xxxxxxxxxxxxxxxx0.000025,0.000000,0.000000,0.002853,0.044302
C,ka100_req45,19,xxxxxxxxxxxxxxxx0.000038,0.000000,0.000000,0.003153,0.045031
C,ka100_req46,19,xxxxxxxxxxxxxxxx0.000039,0.000000,0.000000,0.003805,0.045232
C,ka100_req47,19,xxxxxxxxxxxxxxxx0.000036,0.000000,0.000000,0.003311,0.044398
C,ka100_req48,19,xxxxxxxxxxxxxxxx0.000021,0.000000,0.000000,0.002676,0.042973
C,ka100_req49,19,xxxxxxxxxxxxxxxx0.000029,0.000000,0.000000,0.003280,0.044271
C,ka100_req50,19,xxxxxxxxxxxxxxxx0.000035,0.000000,0.000000,0.003044,0.046151
C,ka100_req51,19,xxxxxxxxxxxxxxxx0.000039,0.000000,0.000000,0.003700,0.044971
C,ka100_req52,19,xxxxxxxxxxxxxxxx0.000036,0.000000,0.000000,0.003666,0.044860
C,ka100_req53,19,xxxxxxxxxxxxxxxx0.000037,0.000000,0.000000,0.003602,0.044657
C,ka100_req54,19,xxxxxxxxxxxxxxxx0.000029,0.000000,0.000000,0.003012,0.043897
C,ka100_req55,19,xxxxxxxxxxxxxxxx0.000031,0.000000,0.000000,0.002736,0.044041
C,ka100_req56,19,xxxxxxxxxxxxxxxx0.000041,0.000000,0.000000,0.005724,0.045919
C,ka100_req57,19,xxxxxxxxxxxxxxxx0.000039,0.000000,0.000000,0.002836,0.043872
C,ka100_req58,19,xxxxxxxxxxxxxxxx0.000037,0.000000,0.000000,0.003039,0.044047
C,ka100_req59,19,xxxxxxxxxxxxxxxx0.000032,0.000000,0.000000,0.003274,0.044254
C,ka100_req60,19,xxxxxxxxxxxxxxxx0.000036,0.000000,0.000000,0.003367,0.044801
C,ka100_req61,19,xxxxxxxxxxxxxxxx0.000039,0.000000,0.000000,0.003618,0.044671
C,ka100_req62,19,xxxxxxxxxxxxxxxx0.000039,0.000000,0.000000,0.003954,0.044971
C,ka100_req63,19,xxxxxxxxxxxxxxxx0.000039,0.000000,0.000000,0.003802,0.044666
C,ka100_req64,19,xxxxxxxxxxxxxxxx0.000086,0.000000,0.000000,0.003351,0.044742
C,ka100_req65,19,xxxxxxxxxxxxxxxx0.000025,0.000000,0.000000,0.003095,0.043799
C,ka100_req66,19,xxxxxxxxxxxxxxxx0.000034,0.000000,0.000000,0.003368,0.044348
C,ka100_req67,19,xxxxxxxxxxxxxxxx0.000026,0.000000,0.000000,0.002605,0.044258
C,ka100_req68,19,xxxxxxxxxxxxxxxx0.000024,0.000000,0.000000,0.002566,0.046357
C,ka100_req69,19,xxxxxxxxxxxxxxxx0.000039,0.000000,0.000000,0.003451,0.043839
C,ka100_req70,19,xxxxxxxxxxxxxxxx0.000030,0.000000,0.000000,0.002983,0.044277
C,ka100_req71,19,xxxxxxxxxxxxxxxx0.000026,0.000000,0.000000,0.002676,0.043426
C,ka100_req72,19,xxxxxxxxxxxxxxxx0.000027,0.000000,0.000000,0.003153,0.043482
C,ka100_req73,19,xxxxxxxxxxxxxxxx0.000038,0.000000,0.000000,0.002898,0.043932
C,ka100_req74,19,xxxxxxxxxxxxxxxx0.000025,0.000000,0.000000,0.002716,0.043743
C,ka100_req75,19,xxxxxxxxxxxxxxxx0.000029,0.000000,0.000000,0.003285,0.043740
C,ka100_req76,19,xxxxxxxxxxxxxxxx0.000037,0.000000,0.000000,0.003188,0.043878
C,ka100_req77,19,xxxxxxxxxxxxxxxx0.000039,0.000000,0.000000,0.003726,0.045059
C,ka100_req78,19,xxxxxxxxxxxxxxxx0.000036,0.000000,0.000000,0.003412,0.044601
C,ka100_req79,19,xxxxxxxxxxxxxxxx0.000035,0.000000,0.000000,0.003596,0.044550
C,ka100_req80,19,xxxxxxxxxxxxxxxx0.000034,0.000000,0.000000,0.003494,0.044415
C,ka100_req81,19,xxxxxxxxxxxxxxxx0.000029,0.000000,0.000000,0.002907,0.043903
C,ka100_req82,19,xxxxxxxxxxxxxxxx0.000034,0.000000,0.000000,0.002956,0.043929
C,ka100_req83,19,xxxxxxxxxxxxxxxx0.000053,0.000000,0.000000,0.003390,0.044558
C,ka100_req84,19,xxxxxxxxxxxxxxxx0.000048,0.000000,0.000000,0.003328,0.043663
C,ka100_req85,19,xxxxxxxxxxxxxxxx0.000037,0.000000,0.000000,0.003319,0.043797
C,ka100_req86,19,xxxxxxxxxxxxxxxx0.000037,0.000000,0.000000,0.003784,0.044721
C,ka100_req87,19,xxxxxxxxxxxxxxxx0.000023,0.000000,0.000000,0.002561,0.043937
C,ka100_req88,19,xxxxxxxxxxxxxxxx0.000035,0.000000,0.000000,0.003310,0.044150
C,ka100_req89,19,xxxxxxxxxxxxxxxx0.000027,0.000000,0.000000,0.002733,0.043393
C,ka100_req90,19,xxxxxxxxxxxxxxxx0.000022,0.000000,0.000000,0.001874,0.042849
C,ka100_req91,19,xxxxxxxxxxxxxxxx0.000026,0.000000,0.000000,0.002433,0.043599
C,ka100_req92,19,xxxxxxxxxxxxxxxx0.000038,0.000000,0.000000,0.003810,0.044816
C,ka100_req93,19,xxxxxxxxxxxxxxxx0.000028,0.000000,0.000000,0.002803,0.043952
C,ka100_req94,19,xxxxxxxxxxxxxxxx0.000036,0.000000,0.000000,0.003486,0.044700
C,ka100_req95,19,xxxxxxxxxxxxxxxx0.000039,0.000000,0.000000,0.003582,0.044686
C,ka100_req96,19,xxxxxxxxxxxxxxxx0.000035,0.000000,0.000000,0.003012,0.044339
C,ka100_req97,19,xxxxxxxxxxxxxxxx0.000039,0.000000,0.000000,0.003149,0.044037
C,ka100_req98,19,xxxxxxxxxxxxxxxx0.000036,0.000000,0.000000,0.003806,0.044756
C,ka100_req99,19,xxxxxxxxxxxxxxxx0.000037,0.000000,0.000000,0.003075,0.044926
C,ka100_req100,19,xxxxxxxxxxxxxxxx0.000035,0.000000,0.000000,0.003347,0.044735
C,ka100_req1,20,0.000025,0.000159,0.031038,0.033614,0.076428
C,ka100_req2,20,xxxxxxxxxxxxxxxx0.000017,0.000000,0.000000,0.001409,0.042531
C,ka100_req3,20,xxxxxxxxxxxxxxxx0.000029,0.000000,0.000000,0.002609,0.043792
C,ka100_req4,20,xxxxxxxxxxxxxxxx0.000037,0.000000,0.000000,0.003380,0.044261
C,ka100_req5,20,xxxxxxxxxxxxxxxx0.000044,0.000000,0.000000,0.003333,0.044497
C,ka100_req6,20,xxxxxxxxxxxxxxxx0.000039,0.000000,0.000000,0.003595,0.044694
C,ka100_req7,20,xxxxxxxxxxxxxxxx0.000035,0.000000,0.000000,0.003387,0.045428
C,ka100_req8,20,xxxxxxxxxxxxxxxx0.000037,0.000000,0.000000,0.003121,0.045059
C,ka100_req9,20,xxxxxxxxxxxxxxxx0.000039,0.000000,0.000000,0.003449,0.043961
C,ka100_req10,20,xxxxxxxxxxxxxxxx0.000035,0.000000,0.000000,0.003085,0.043507
C,ka100_req11,20,xxxxxxxxxxxxxxxx0.000037,0.000000,0.000000,0.003504,0.045914
C,ka100_req12,20,xxxxxxxxxxxxxxxx0.000036,0.000000,0.000000,0.003118,0.044077
C,ka100_req13,20,xxxxxxxxxxxxxxxx0.000035,0.000000,0.000000,0.003610,0.044744
C,ka100_req14,20,xxxxxxxxxxxxxxxx0.000034,0.000000,0.000000,0.002982,0.044451
C,ka100_req15,20,xxxxxxxxxxxxxxxx0.000037,0.000000,0.000000,0.004341,0.045717
C,ka100_req16,20,xxxxxxxxxxxxxxxx0.000045,0.000000,0.000000,0.004269,0.045508
C,ka100_req17,20,xxxxxxxxxxxxxxxx0.000037,0.000000,0.000000,0.003882,0.044610
C,ka100_req18,20,xxxxxxxxxxxxxxxx0.000028,0.000000,0.000000,0.003342,0.044195
C,ka100_req19,20,xxxxxxxxxxxxxxxx0.000036,0.000000,0.000000,0.003660,0.044582
C,ka100_req20,20,xxxxxxxxxxxxxxxx0.000038,0.000000,0.000000,0.003561,0.045386
C,ka100_req21,20,xxxxxxxxxxxxxxxx0.000040,0.000000,0.000000,0.003403,0.043992
C,ka100_req22,20,xxxxxxxxxxxxxxxx0.000035,0.000000,0.000000,0.003530,0.044883
C,ka100_req23,20,xxxxxxxxxxxxxxxx0.000042,0.000000,0.000000,0.003677,0.044651
C,ka100_req24,20,xxxxxxxxxxxxxxxx0.000036,0.000000,0.000000,0.003616,0.044753
C,ka100_req25,20,xxxxxxxxxxxxxxxx0.000036,0.000000,0.000000,0.003064,0.045507
C,ka100_req26,20,xxxxxxxxxxxxxxxx0.000038,0.000000,0.000000,0.003716,0.044897
C,ka100_req27,20,xxxxxxxxxxxxxxxx0.000038,0.000000,0.000000,0.003077,0.044073
C,ka100_req28,20,xxxxxxxxxxxxxxxx0.000024,0.000000,0.000000,0.003040,0.044210
C,ka100_req29,20,xxxxxxxxxxxxxxxx0.000038,0.000000,0.000000,0.003489,0.044008
C,ka100_req30,20,xxxxxxxxxxxxxxxx0.000038,0.000000,0.000000,0.003546,0.045775
C,ka100_req31,20,xxxxxxxxxxxxxxxx0.000037,0.000000,0.000000,0.003312,0.044659
C,ka100_req32,20,xxxxxxxxxxxxxxxx0.000035,0.000000,0.000000,0.003077,0.043648
C,ka100_req33,20,xxxxxxxxxxxxxxxx0.000032,0.000000,0.000000,0.004464,0.044796
C,ka100_req34,20,xxxxxxxxxxxxxxxx0.000036,0.000000,0.000000,0.003126,0.044118
C,ka100_req35,20,xxxxxxxxxxxxxxxx0.000040,0.000000,0.000000,0.003363,0.045571
C,ka100_req36,20,xxxxxxxxxxxxxxxx0.000029,0.000000,0.000000,0.003706,0.044497
C,ka100_req37,20,xxxxxxxxxxxxxxxx0.000026,0.000000,0.000000,0.002629,0.043894
C,ka100_req38,20,xxxxxxxxxxxxxxxx0.000033,0.000000,0.000000,0.003087,0.045655
C,ka100_req39,20,xxxxxxxxxxxxxxxx0.000040,0.000000,0.000000,0.004062,0.045219
C,ka100_req40,20,xxxxxxxxxxxxxxxx0.000024,0.000000,0.000000,0.002639,0.044082
C,ka100_req41,20,xxxxxxxxxxxxxxxx0.000031,0.000000,0.000000,0.003088,0.044138
C,ka100_req42,20,xxxxxxxxxxxxxxxx0.000048,0.000000,0.000000,0.003269,0.043838
C,ka100_req43,20,xxxxxxxxxxxxxxxx0.000037,0.000000,0.000000,0.003275,0.044664
C,ka100_req44,20,xxxxxxxxxxxxxxxx0.000038,0.000000,0.000000,0.002957,0.043678
C,ka100_req45,20,xxxxxxxxxxxxxxxx0.000077,0.000000,0.000000,0.003497,0.044685
C,ka100_req46,20,xxxxxxxxxxxxxxxx0.000041,0.000000,0.000000,0.003851,0.045436
C,ka100_req47,20,xxxxxxxxxxxxxxxx0.000038,0.000000,0.000000,0.003480,0.044008
C,ka100_req48,20,xxxxxxxxxxxxxxxx0.000035,0.000000,0.000000,0.003329,0.044715
C,ka100_req49,20,xxxxxxxxxxxxxxxx0.000040,0.000000,0.000000,0.003788,0.045771
C,ka100_req50,20,xxxxxxxxxxxxxxxx0.000040,0.000000,0.000000,0.002897,0.043753
C,ka100_req51,20,xxxxxxxxxxxxxxxx0.000038,0.000000,0.000000,0.003465,0.044874
C,ka100_req52,20,xxxxxxxxxxxxxxxx0.000039,0.000000,0.000000,0.003697,0.044888
C,ka100_req53,20,xxxxxxxxxxxxxxxx0.000038,0.000000,0.000000,0.004041,0.045349
C,ka100_req54,20,xxxxxxxxxxxxxxxx0.000038,0.000000,0.000000,0.003322,0.045903
C,ka100_req55,20,xxxxxxxxxxxxxxxx0.000037,0.000000,0.000000,0.003214,0.044198
C,ka100_req56,20,xxxxxxxxxxxxxxxx0.000046,0.000000,0.000000,0.003754,0.046062
C,ka100_req57,20,xxxxxxxxxxxxxxxx0.000037,0.000000,0.000000,0.003292,0.044107
C,ka100_req58,20,xxxxxxxxxxxxxxxx0.000039,0.000000,0.000000,0.003515,0.044525
C,ka100_req59,20,xxxxxxxxxxxxxxxx0.000038,0.000000,0.000000,0.003683,0.045494
C,ka100_req60,20,xxxxxxxxxxxxxxxx0.000027,0.000000,0.000000,0.002817,0.044154
C,ka100_req61,20,xxxxxxxxxxxxxxxx0.000037,0.000000,0.000000,0.003338,0.044824
C,ka100_req62,20,xxxxxxxxxxxxxxxx0.000095,0.000000,0.000000,0.003693,0.044570
C,ka100_req63,20,xxxxxxxxxxxxxxxx0.000039,0.000000,0.000000,0.004272,0.045323
C,ka100_req64,20,xxxxxxxxxxxxxxxx0.000034,0.000000,0.000000,0.003565,0.044114
C,ka100_req65,20,xxxxxxxxxxxxxxxx0.000035,0.000000,0.000000,0.003678,0.044678
C,ka100_req66,20,xxxxxxxxxxxxxxxx0.000044,0.000000,0.000000,0.003564,0.044648
C,ka100_req67,20,xxxxxxxxxxxxxxxx0.000039,0.000000,0.000000,0.003604,0.044948
C,ka100_req68,20,xxxxxxxxxxxxxxxx0.000039,0.000000,0.000000,0.003703,0.044691
C,ka100_req69,20,xxxxxxxxxxxxxxxx0.000040,0.000000,0.000000,0.004070,0.044705
C,ka100_req70,20,xxxxxxxxxxxxxxxx0.000036,0.000000,0.000000,0.002679,0.044399
C,ka100_req71,20,xxxxxxxxxxxxxxxx0.000022,0.000000,0.000000,0.002519,0.043707
C,ka100_req72,20,xxxxxxxxxxxxxxxx0.000028,0.000000,0.000000,0.003841,0.044533
C,ka100_req73,20,xxxxxxxxxxxxxxxx0.000037,0.000000,0.000000,0.002898,0.043432
C,ka100_req74,20,xxxxxxxxxxxxxxxx0.000035,0.000000,0.000000,0.003281,0.044221
C,ka100_req75,20,xxxxxxxxxxxxxxxx0.000039,0.000000,0.000000,0.003568,0.043988
C,ka100_req76,20,xxxxxxxxxxxxxxxx0.000028,0.000000,0.000000,0.004034,0.045369
C,ka100_req77,20,xxxxxxxxxxxxxxxx0.000039,0.000000,0.000000,0.001947,0.042371
C,ka100_req78,20,xxxxxxxxxxxxxxxx0.000013,0.000000,0.000000,0.001262,0.041953
C,ka100_req79,20,xxxxxxxxxxxxxxxx0.000010,0.000000,0.000000,0.000913,0.041899
C,ka100_req80,20,xxxxxxxxxxxxxxxx0.000010,0.000000,0.000000,0.000974,0.041887
C,ka100_req81,20,xxxxxxxxxxxxxxxx0.000014,0.000000,0.000000,0.001222,0.045034
C,ka100_req82,20,xxxxxxxxxxxxxxxx0.000023,0.000000,0.000000,0.002354,0.043203
C,ka100_req83,20,xxxxxxxxxxxxxxxx0.000046,0.000000,0.000000,0.003428,0.045713
C,ka100_req84,20,xxxxxxxxxxxxxxxx0.000041,0.000000,0.000000,0.003418,0.044741
C,ka100_req85,20,xxxxxxxxxxxxxxxx0.000082,0.000000,0.000000,0.003664,0.044465
C,ka100_req86,20,xxxxxxxxxxxxxxxx0.000039,0.000000,0.000000,0.004008,0.045192
C,ka100_req87,20,xxxxxxxxxxxxxxxx0.000034,0.000000,0.000000,0.003199,0.044517
C,ka100_req88,20,xxxxxxxxxxxxxxxx0.000083,0.000000,0.000000,0.003782,0.044344
C,ka100_req89,20,xxxxxxxxxxxxxxxx0.000026,0.000000,0.000000,0.003323,0.043854
C,ka100_req90,20,xxxxxxxxxxxxxxxx0.000036,0.000000,0.000000,0.003232,0.043872
C,ka100_req91,20,xxxxxxxxxxxxxxxx0.000039,0.000000,0.000000,0.003481,0.044704
C,ka100_req92,20,xxxxxxxxxxxxxxxx0.000029,0.000000,0.000000,0.003640,0.044902
C,ka100_req93,20,xxxxxxxxxxxxxxxx0.000036,0.000000,0.000000,0.003942,0.044500
C,ka100_req94,20,xxxxxxxxxxxxxxxx0.000032,0.000000,0.000000,0.003142,0.043788
C,ka100_req95,20,xxxxxxxxxxxxxxxx0.000040,0.000000,0.000000,0.003300,0.043861
C,ka100_req96,20,xxxxxxxxxxxxxxxx0.000037,0.000000,0.000000,0.003268,0.045478
C,ka100_req97,20,xxxxxxxxxxxxxxxx0.000037,0.000000,0.000000,0.003519,0.044052
C,ka100_req98,20,xxxxxxxxxxxxxxxx0.000042,0.000000,0.000000,0.003686,0.044727
C,ka100_req99,20,xxxxxxxxxxxxxxxx0.000026,0.000000,0.000000,0.003288,0.043752
C,ka100_req100,20,xxxxxxxxxxxxxxxx0.000034,0.000000,0.000000,0.003191,0.043857
C,ka100_req1,21,0.000020,0.000103,0.024247,0.026100,0.069398
C,ka100_req2,21,xxxxxxxxxxxxxxxx0.000014,0.000000,0.000000,0.000925,0.046092
C,ka100_req3,21,xxxxxxxxxxxxxxxx0.000021,0.000000,0.000000,0.002121,0.043215
C,ka100_req4,21,xxxxxxxxxxxxxxxx0.000039,0.000000,0.000000,0.003221,0.045176
C,ka100_req5,21,xxxxxxxxxxxxxxxx0.000028,0.000000,0.000000,0.002914,0.045973
C,ka100_req6,21,xxxxxxxxxxxxxxxx0.000042,0.000000,0.000000,0.003715,0.045202
C,ka100_req7,21,xxxxxxxxxxxxxxxx0.000076,0.000000,0.000000,0.003489,0.045555
C,ka100_req8,21,xxxxxxxxxxxxxxxx0.000050,0.000000,0.000000,0.004496,0.045496
C,ka100_req9,21,xxxxxxxxxxxxxxxx0.000037,0.000000,0.000000,0.003586,0.044858
C,ka100_req10,21,xxxxxxxxxxxxxxxx0.000025,0.000000,0.000000,0.003051,0.044657
C,ka100_req11,21,xxxxxxxxxxxxxxxx0.000038,0.000000,0.000000,0.003343,0.043927
C,ka100_req12,21,xxxxxxxxxxxxxxxx0.000039,0.000000,0.000000,0.003360,0.044802
C,ka100_req13,21,xxxxxxxxxxxxxxxx0.000039,0.000000,0.000000,0.003707,0.044681
C,ka100_req14,21,xxxxxxxxxxxxxxxx0.000037,0.000000,0.000000,0.003081,0.045462
C,ka100_req15,21,xxxxxxxxxxxxxxxx0.000036,0.000000,0.000000,0.003876,0.045064
C,ka100_req16,21,xxxxxxxxxxxxxxxx0.000037,0.000000,0.000000,0.003545,0.044503
C,ka100_req17,21,xxxxxxxxxxxxxxxx0.000037,0.000000,0.000000,0.003400,0.043979
C,ka100_req18,21,xxxxxxxxxxxxxxxx0.000038,0.000000,0.000000,0.003508,0.044720
C,ka100_req19,21,xxxxxxxxxxxxxxxx0.000037,0.000000,0.000000,0.003704,0.044627
C,ka100_req20,21,xxxxxxxxxxxxxxxx0.000040,0.000000,0.000000,0.003300,0.043955
C,ka100_req21,21,xxxxxxxxxxxxxxxx0.000041,0.000000,0.000000,0.003269,0.044498
C,ka100_req22,21,xxxxxxxxxxxxxxxx0.000027,0.000000,0.000000,0.003887,0.044739
C,ka100_req23,21,xxxxxxxxxxxxxxxx0.000012,0.000000,0.000000,0.000980,0.045776
C,ka100_req24,21,xxxxxxxxxxxxxxxx0.000010,0.000000,0.000000,0.001004,0.041967
C,ka100_req25,21,xxxxxxxxxxxxxxxx0.000009,0.000000,0.000000,0.000816,0.045907
C,ka100_req26,21,xxxxxxxxxxxxxxxx0.000016,0.000000,0.000000,0.001299,0.044976
C,ka100_req27,21,xxxxxxxxxxxxxxxx0.000021,0.000000,0.000000,0.002318,0.042881
C,ka100_req28,21,xxxxxxxxxxxxxxxx0.000037,0.000000,0.000000,0.003760,0.045112
C,ka100_req29,21,xxxxxxxxxxxxxxxx0.000026,0.000000,0.000000,0.002790,0.043663
C,ka100_req30,21,xxxxxxxxxxxxxxxx0.000038,0.000000,0.000000,0.002920,0.044131
C,ka100_req31,21,xxxxxxxxxxxxxxxx0.000038,0.000000,0.000000,0.003391,0.044820
C,ka100_req32,21,xxxxxxxxxxxxxxxx0.000036,0.000000,0.000000,0.003200,0.044572
C,ka100_req33,21,xxxxxxxxxxxxxxxx0.000028,0.000000,0.000000,0.002819,0.044979
C,ka100_req34,21,xxxxxxxxxxxxxxxx0.000037,0.000000,0.000000,0.003671,0.045621
C,ka100_req35,21,xxxxxxxxxxxxxxxx0.000032,0.000000,0.000000,0.003305,0.044818
C,ka100_req36,21,xxxxxxxxxxxxxxxx0.000030,0.000000,0.000000,0.002943,0.045466
C,ka100_req37,21,xxxxxxxxxxxxxxxx0.000031,0.000000,0.000000,0.003301,0.044528
C,ka100_req38,21,xxxxxxxxxxxxxxxx0.000028,0.000000,0.000000,0.002635,0.044086
C,ka100_req39,21,xxxxxxxxxxxxxxxx0.000028,0.000000,0.000000,0.002838,0.045150
C,ka100_req40,21,xxxxxxxxxxxxxxxx0.000027,0.000000,0.000000,0.003441,0.044606
C,ka100_req41,21,xxxxxxxxxxxxxxxx0.000035,0.000000,0.000000,0.003401,0.046320
C,ka100_req42,21,xxxxxxxxxxxxxxxx0.000038,0.000000,0.000000,0.003464,0.044757
C,ka100_req43,21,xxxxxxxxxxxxxxxx0.000036,0.000000,0.000000,0.003150,0.043689
C,ka100_req44,21,xxxxxxxxxxxxxxxx0.000039,0.000000,0.000000,0.003787,0.045015
C,ka100_req45,21,xxxxxxxxxxxxxxxx0.000082,0.000000,0.000000,0.003221,0.044643
C,ka100_req46,21,xxxxxxxxxxxxxxxx0.000039,0.000000,0.000000,0.003487,0.044721
C,ka100_req47,21,xxxxxxxxxxxxxxxx0.000051,0.000000,0.000000,0.003408,0.044663
C,ka100_req48,21,xxxxxxxxxxxxxxxx0.000027,0.000000,0.000000,0.002608,0.044412
C,ka100_req49,21,xxxxxxxxxxxxxxxx0.000025,0.000000,0.000000,0.002936,0.044025
C,ka100_req50,21,xxxxxxxxxxxxxxxx0.000037,0.000000,0.000000,0.003670,0.044896
C,ka100_req51,21,xxxxxxxxxxxxxxxx0.000037,0.000000,0.000000,0.002861,0.043810
C,ka100_req52,21,xxxxxxxxxxxxxxxx0.000026,0.000000,0.000000,0.002813,0.043763
C,ka100_req53,21,xxxxxxxxxxxxxxxx0.000039,0.000000,0.000000,0.003664,0.044667
C,ka100_req54,21,xxxxxxxxxxxxxxxx0.000036,0.000000,0.000000,0.002745,0.043676
C,ka100_req55,21,xxxxxxxxxxxxxxxx0.000038,0.000000,0.000000,0.003676,0.044893
C,ka100_req56,21,xxxxxxxxxxxxxxxx0.000053,0.000000,0.000000,0.003144,0.045456
C,ka100_req57,21,xxxxxxxxxxxxxxxx0.000033,0.000000,0.000000,0.003016,0.043776
C,ka100_req58,21,xxxxxxxxxxxxxxxx0.000037,0.000000,0.000000,0.003069,0.045872
C,ka100_req59,21,xxxxxxxxxxxxxxxx0.000031,0.000000,0.000000,0.003637,0.044799
C,ka100_req60,21,xxxxxxxxxxxxxxxx0.000054,0.000000,0.000000,0.003516,0.044267
C,ka100_req61,21,xxxxxxxxxxxxxxxx0.000037,0.000000,0.000000,0.002961,0.043741
C,ka100_req62,21,xxxxxxxxxxxxxxxx0.000027,0.000000,0.000000,0.002792,0.043731
C,ka100_req63,21,xxxxxxxxxxxxxxxx0.000039,0.000000,0.000000,0.003557,0.044916
C,ka100_req64,21,xxxxxxxxxxxxxxxx0.000038,0.000000,0.000000,0.003452,0.044650
C,ka100_req65,21,xxxxxxxxxxxxxxxx0.000036,0.000000,0.000000,0.002888,0.044365
C,ka100_req66,21,xxxxxxxxxxxxxxxx0.000028,0.000000,0.000000,0.002677,0.044909
C,ka100_req67,21,xxxxxxxxxxxxxxxx0.000037,0.000000,0.000000,0.003841,0.046629
C,ka100_req68,21,xxxxxxxxxxxxxxxx0.000013,0.000000,0.000000,0.002176,0.043055
C,ka100_req69,21,xxxxxxxxxxxxxxxx0.000015,0.000000,0.000000,0.001481,0.042147
C,ka100_req70,21,xxxxxxxxxxxxxxxx0.000030,0.000000,0.000000,0.001996,0.044836
C,ka100_req71,21,xxxxxxxxxxxxxxxx0.000030,0.000000,0.000000,0.001831,0.044939
C,ka100_req72,21,xxxxxxxxxxxxxxxx0.000030,0.000000,0.000000,0.002365,0.043855
C,ka100_req73,21,xxxxxxxxxxxxxxxx0.000028,0.000000,0.000000,0.003091,0.043291
C,ka100_req74,21,xxxxxxxxxxxxxxxx0.000016,0.000000,0.000000,0.001975,0.044559
C,ka100_req75,21,xxxxxxxxxxxxxxxx0.000031,0.000000,0.000000,0.001726,0.044524
C,ka100_req76,21,xxxxxxxxxxxxxxxx0.000028,0.000000,0.000000,0.002290,0.043754
C,ka100_req77,21,xxxxxxxxxxxxxxxx0.000014,0.000000,0.000000,0.001656,0.044354
C,ka100_req78,21,xxxxxxxxxxxxxxxx0.000030,0.000000,0.000000,0.003048,0.044299
C,ka100_req79,21,xxxxxxxxxxxxxxxx0.000029,0.000000,0.000000,0.003022,0.044345
C,ka100_req80,21,xxxxxxxxxxxxxxxx0.000029,0.000000,0.000000,0.002762,0.043577
C,ka100_req81,21,xxxxxxxxxxxxxxxx0.000019,0.000000,0.000000,0.002427,0.043672
C,ka100_req82,21,xxxxxxxxxxxxxxxx0.000036,0.000000,0.000000,0.002755,0.043881
C,ka100_req83,21,xxxxxxxxxxxxxxxx0.000035,0.000000,0.000000,0.003306,0.044749
C,ka100_req84,21,xxxxxxxxxxxxxxxx0.000037,0.000000,0.000000,0.003861,0.044635
C,ka100_req85,21,xxxxxxxxxxxxxxxx0.000035,0.000000,0.000000,0.003565,0.044907
C,ka100_req86,21,xxxxxxxxxxxxxxxx0.000070,0.000000,0.000000,0.002782,0.043414
C,ka100_req87,21,xxxxxxxxxxxxxxxx0.000041,0.000000,0.000000,0.003714,0.045448
C,ka100_req88,21,xxxxxxxxxxxxxxxx0.000036,0.000000,0.000000,0.003470,0.044124
C,ka100_req89,21,xxxxxxxxxxxxxxxx0.000023,0.000000,0.000000,0.002419,0.045307
C,ka100_req90,21,xxxxxxxxxxxxxxxx0.000039,0.000000,0.000000,0.003858,0.044239
C,ka100_req91,21,xxxxxxxxxxxxxxxx0.000037,0.000000,0.000000,0.003238,0.043673
C,ka100_req92,21,xxxxxxxxxxxxxxxx0.000039,0.000000,0.000000,0.003075,0.045079
C,ka100_req93,21,xxxxxxxxxxxxxxxx0.000048,0.000000,0.000000,0.003881,0.046086
C,ka100_req94,21,xxxxxxxxxxxxxxxx0.000037,0.000000,0.000000,0.003820,0.045014
C,ka100_req95,21,xxxxxxxxxxxxxxxx0.000035,0.000000,0.000000,0.003372,0.043753
C,ka100_req96,21,xxxxxxxxxxxxxxxx0.000040,0.000000,0.000000,0.003676,0.044742
C,ka100_req97,21,xxxxxxxxxxxxxxxx0.000039,0.000000,0.000000,0.003338,0.043899
C,ka100_req98,21,xxxxxxxxxxxxxxxx0.000040,0.000000,0.000000,0.002948,0.043763
C,ka100_req99,21,xxxxxxxxxxxxxxxx0.000038,0.000000,0.000000,0.003138,0.044531
C,ka100_req100,21,xxxxxxxxxxxxxxxx0.000037,0.000000,0.000000,0.004010,0.044644
C,ka100_req1,22,0.000021,0.000217,0.030779,0.033694,0.076806
C,ka100_req2,22,xxxxxxxxxxxxxxxx0.000019,0.000000,0.000000,0.001610,0.043193
C,ka100_req3,22,xxxxxxxxxxxxxxxx0.000023,0.000000,0.000000,0.002520,0.043929
C,ka100_req4,22,xxxxxxxxxxxxxxxx0.000036,0.000000,0.000000,0.002796,0.044599
C,ka100_req5,22,xxxxxxxxxxxxxxxx0.000027,0.000000,0.000000,0.002864,0.044111
C,ka100_req6,22,xxxxxxxxxxxxxxxx0.000082,0.000000,0.000000,0.003560,0.044871
C,ka100_req7,22,xxxxxxxxxxxxxxxx0.000038,0.000000,0.000000,0.003193,0.044173
C,ka100_req8,22,xxxxxxxxxxxxxxxx0.000039,0.000000,0.000000,0.003779,0.044986
C,ka100_req9,22,xxxxxxxxxxxxxxxx0.000038,0.000000,0.000000,0.003432,0.045153
C,ka100_req10,22,xxxxxxxxxxxxxxxx0.000036,0.000000,0.000000,0.003595,0.044350
C,ka100_req11,22,xxxxxxxxxxxxxxxx0.000023,0.000000,0.000000,0.002799,0.043840
C,ka100_req12,22,xxxxxxxxxxxxxxxx0.000036,0.000000,0.000000,0.003968,0.044721
C,ka100_req13,22,xxxxxxxxxxxxxxxx0.000038,0.000000,0.000000,0.003464,0.044644
C,ka100_req14,22,xxxxxxxxxxxxxxxx0.000038,0.000000,0.000000,0.003368,0.044687
C,ka100_req15,22,xxxxxxxxxxxxxxxx0.000037,0.000000,0.000000,0.003475,0.044798
C,ka100_req16,22,xxxxxxxxxxxxxxxx0.000037,0.000000,0.000000,0.003518,0.044736
C,ka100_req17,22,xxxxxxxxxxxxxxxx0.000040,0.000000,0.000000,0.003196,0.045351
C,ka100_req18,22,xxxxxxxxxxxxxxxx0.000041,0.000000,0.000000,0.003413,0.044979
C,ka100_req19,22,xxxxxxxxxxxxxxxx0.000037,0.000000,0.000000,0.003197,0.043958
C,ka100_req20,22,xxxxxxxxxxxxxxxx0.000037,0.000000,0.000000,0.003214,0.044559
C,ka100_req21,22,xxxxxxxxxxxxxxxx0.000039,0.000000,0.000000,0.003669,0.045032
C,ka100_req22,22,xxxxxxxxxxxxxxxx0.000036,0.000000,0.000000,0.003503,0.044887
C,ka100_req23,22,xxxxxxxxxxxxxxxx0.000039,0.000000,0.000000,0.003301,0.044200
C,ka100_req24,22,xxxxxxxxxxxxxxxx0.000037,0.000000,0.000000,0.003353,0.044672
C,ka100_req25,22,xxxxxxxxxxxxxxxx0.000026,0.000000,0.000000,0.003053,0.043831
C,ka100_req26,22,xxxxxxxxxxxxxxxx0.000024,0.000000,0.000000,0.003005,0.043995
C,ka100_req27,22,xxxxxxxxxxxxxxxx0.000136,0.000000,0.000000,0.003243,0.044623
C,ka100_req28,22,xxxxxxxxxxxxxxxx0.000036,0.000000,0.000000,0.003618,0.044680
C,ka100_req29,22,xxxxxxxxxxxxxxxx0.000038,0.000000,0.000000,0.003370,0.043984
C,ka100_req30,22,xxxxxxxxxxxxxxxx0.000043,0.000000,0.000000,0.003324,0.044576
C,ka100_req31,22,xxxxxxxxxxxxxxxx0.000036,0.000000,0.000000,0.003595,0.044887
C,ka100_req32,22,xxxxxxxxxxxxxxxx0.000043,0.000000,0.000000,0.003301,0.044568
C,ka100_req33,22,xxxxxxxxxxxxxxxx0.000036,0.000000,0.000000,0.003036,0.044716
C,ka100_req34,22,xxxxxxxxxxxxxxxx0.000047,0.000000,0.000000,0.003497,0.045234
C,ka100_req35,22,xxxxxxxxxxxxxxxx0.000038,0.000000,0.000000,0.003264,0.044517
C,ka100_req36,22,xxxxxxxxxxxxxxxx0.000038,0.000000,0.000000,0.002896,0.044725
C,ka100_req37,22,xxxxxxxxxxxxxxxx0.000087,0.000000,0.000000,0.003532,0.044082
C,ka100_req38,22,xxxxxxxxxxxxxxxx0.000036,0.000000,0.000000,0.003049,0.043789
C,ka100_req39,22,xxxxxxxxxxxxxxxx0.000038,0.000000,0.000000,0.003366,0.043841
C,ka100_req40,22,xxxxxxxxxxxxxxxx0.000037,0.000000,0.000000,0.003910,0.044689
C,ka100_req41,22,xxxxxxxxxxxxxxxx0.000026,0.000000,0.000000,0.002740,0.044273
C,ka100_req42,22,xxxxxxxxxxxxxxxx0.000035,0.000000,0.000000,0.002854,0.044106
C,ka100_req43,22,xxxxxxxxxxxxxxxx0.000035,0.000000,0.000000,0.003113,0.044087
C,ka100_req44,22,xxxxxxxxxxxxxxxx0.000035,0.000000,0.000000,0.003634,0.044640
C,ka100_req45,22,xxxxxxxxxxxxxxxx0.000036,0.000000,0.000000,0.003593,0.044646
C,ka100_req46,22,xxxxxxxxxxxxxxxx0.000022,0.000000,0.000000,0.003137,0.045881
C,ka100_req47,22,xxxxxxxxxxxxxxxx0.000036,0.000000,0.000000,0.003263,0.043934
C,ka100_req48,22,xxxxxxxxxxxxxxxx0.000035,0.000000,0.000000,0.002761,0.044735
C,ka100_req49,22,xxxxxxxxxxxxxxxx0.000022,0.000000,0.000000,0.002477,0.043739
C,ka100_req50,22,xxxxxxxxxxxxxxxx0.000031,0.000000,0.000000,0.002790,0.043669
C,ka100_req51,22,xxxxxxxxxxxxxxxx0.000027,0.000000,0.000000,0.002344,0.044289
C,ka100_req52,22,xxxxxxxxxxxxxxxx0.000033,0.000000,0.000000,0.004094,0.045145
C,ka100_req53,22,xxxxxxxxxxxxxxxx0.000035,0.000000,0.000000,0.005075,0.046727
C,ka100_req54,22,xxxxxxxxxxxxxxxx0.000039,0.000000,0.000000,0.003466,0.045538
C,ka100_req55,22,xxxxxxxxxxxxxxxx0.000037,0.000000,0.000000,0.003133,0.044908
C,ka100_req56,22,xxxxxxxxxxxxxxxx0.000033,0.000000,0.000000,0.003467,0.044272
C,ka100_req57,22,xxxxxxxxxxxxxxxx0.000037,0.000000,0.000000,0.004169,0.045228
C,ka100_req58,22,xxxxxxxxxxxxxxxx0.000027,0.000000,0.000000,0.003323,0.043781
C,ka100_req59,22,xxxxxxxxxxxxxxxx0.000021,0.000000,0.000000,0.002908,0.043976
C,ka100_req60,22,xxxxxxxxxxxxxxxx0.000038,0.000000,0.000000,0.003881,0.045090
C,ka100_req61,22,xxxxxxxxxxxxxxxx0.000037,0.000000,0.000000,0.003290,0.045019
C,ka100_req62,22,xxxxxxxxxxxxxxxx0.000036,0.000000,0.000000,0.003455,0.044679
C,ka100_req63,22,xxxxxxxxxxxxxxxx0.000035,0.000000,0.000000,0.003573,0.044173
C,ka100_req64,22,xxxxxxxxxxxxxxxx0.000043,0.000000,0.000000,0.003717,0.044770
C,ka100_req65,22,xxxxxxxxxxxxxxxx0.000036,0.000000,0.000000,0.003077,0.044587
C,ka100_req66,22,xxxxxxxxxxxxxxxx0.000038,0.000000,0.000000,0.003612,0.044836
C,ka100_req67,22,xxxxxxxxxxxxxxxx0.000039,0.000000,0.000000,0.003481,0.044782
C,ka100_req68,22,xxxxxxxxxxxxxxxx0.000037,0.000000,0.000000,0.003560,0.045058
C,ka100_req69,22,xxxxxxxxxxxxxxxx0.000027,0.000000,0.000000,0.002751,0.045907
C,ka100_req70,22,xxxxxxxxxxxxxxxx0.000037,0.000000,0.000000,0.003727,0.045433
C,ka100_req71,22,xxxxxxxxxxxxxxxx0.000042,0.000000,0.000000,0.003337,0.044740
C,ka100_req72,22,xxxxxxxxxxxxxxxx0.000035,0.000000,0.000000,0.002660,0.045915
C,ka100_req73,22,xxxxxxxxxxxxxxxx0.000038,0.000000,0.000000,0.003348,0.046071
C,ka100_req74,22,xxxxxxxxxxxxxxxx0.000036,0.000000,0.000000,0.004039,0.044870
C,ka100_req75,22,xxxxxxxxxxxxxxxx0.000038,0.000000,0.000000,0.003420,0.044632
C,ka100_req76,22,xxxxxxxxxxxxxxxx0.000037,0.000000,0.000000,0.003443,0.044514
C,ka100_req77,22,xxxxxxxxxxxxxxxx0.000039,0.000000,0.000000,0.004080,0.045969
C,ka100_req78,22,xxxxxxxxxxxxxxxx0.000037,0.000000,0.000000,0.003659,0.044799
C,ka100_req79,22,xxxxxxxxxxxxxxxx0.000036,0.000000,0.000000,0.003683,0.045397
C,ka100_req80,22,xxxxxxxxxxxxxxxx0.000027,0.000000,0.000000,0.003236,0.044139
C,ka100_req81,22,xxxxxxxxxxxxxxxx0.000027,0.000000,0.000000,0.003361,0.043976
C,ka100_req82,22,xxxxxxxxxxxxxxxx0.000034,0.000000,0.000000,0.003182,0.043486
C,ka100_req83,22,xxxxxxxxxxxxxxxx0.000045,0.000000,0.000000,0.002975,0.044036
C,ka100_req84,22,xxxxxxxxxxxxxxxx0.000033,0.000000,0.000000,0.002699,0.046332
C,ka100_req85,22,xxxxxxxxxxxxxxxx0.000039,0.000000,0.000000,0.003087,0.044119
C,ka100_req86,22,xxxxxxxxxxxxxxxx0.000036,0.000000,0.000000,0.004339,0.045625
C,ka100_req87,22,xxxxxxxxxxxxxxxx0.000028,0.000000,0.000000,0.003085,0.044602
C,ka100_req88,22,xxxxxxxxxxxxxxxx0.000049,0.000000,0.000000,0.003047,0.045912
C,ka100_req89,22,xxxxxxxxxxxxxxxx0.000038,0.000000,0.000000,0.003320,0.044400
C,ka100_req90,22,xxxxxxxxxxxxxxxx0.000035,0.000000,0.000000,0.003940,0.045367
C,ka100_req91,22,xxxxxxxxxxxxxxxx0.000040,0.000000,0.000000,0.003538,0.046115
C,ka100_req92,22,xxxxxxxxxxxxxxxx0.000039,0.000000,0.000000,0.003067,0.045067
C,ka100_req93,22,xxxxxxxxxxxxxxxx0.000045,0.000000,0.000000,0.003176,0.044531
C,ka100_req94,22,xxxxxxxxxxxxxxxx0.000026,0.000000,0.000000,0.003102,0.044581
C,ka100_req95,22,xxxxxxxxxxxxxxxx0.000035,0.000000,0.000000,0.003779,0.045175
C,ka100_req96,22,xxxxxxxxxxxxxxxx0.000029,0.000000,0.000000,0.002791,0.043418
C,ka100_req97,22,xxxxxxxxxxxxxxxx0.000039,0.000000,0.000000,0.003413,0.044615
C,ka100_req98,22,xxxxxxxxxxxxxxxx0.000024,0.000000,0.000000,0.002945,0.044030
C,ka100_req99,22,xxxxxxxxxxxxxxxx0.000024,0.000000,0.000000,0.002959,0.043961
C,ka100_req100,22,xxxxxxxxxxxxxxxx0.000013,0.000000,0.000000,0.001188,0.041570
C,ka100_req1,23,0.000011,0.000068,0.018591,0.020477,0.060931
C,ka100_req2,23,xxxxxxxxxxxxxxxx0.000011,0.000000,0.000000,0.000873,0.041730
C,ka100_req3,23,xxxxxxxxxxxxxxxx0.000014,0.000000,0.000000,0.001670,0.044958
C,ka100_req4,23,xxxxxxxxxxxxxxxx0.000022,0.000000,0.000000,0.002409,0.043437
C,ka100_req5,23,xxxxxxxxxxxxxxxx0.000041,0.000000,0.000000,0.003662,0.044606
C,ka100_req6,23,xxxxxxxxxxxxxxxx0.000040,0.000000,0.000000,0.003106,0.043736
C,ka100_req7,23,xxxxxxxxxxxxxxxx0.000037,0.000000,0.000000,0.003253,0.044820
C,ka100_req8,23,xxxxxxxxxxxxxxxx0.000041,0.000000,0.000000,0.003403,0.044419
C,ka100_req9,23,xxxxxxxxxxxxxxxx0.000028,0.000000,0.000000,0.002784,0.044241
C,ka100_req10,23,xxxxxxxxxxxxxxxx0.000037,0.000000,0.000000,0.003754,0.044212
C,ka100_req11,23,xxxxxxxxxxxxxxxx0.000038,0.000000,0.000000,0.003564,0.044784
C,ka100_req12,23,xxxxxxxxxxxxxxxx0.000036,0.000000,0.000000,0.002909,0.044245
C,ka100_req13,23,xxxxxxxxxxxxxxxx0.000022,0.000000,0.000000,0.002996,0.043736
C,ka100_req14,23,xxxxxxxxxxxxxxxx0.000033,0.000000,0.000000,0.002867,0.045452
C,ka100_req15,23,xxxxxxxxxxxxxxxx0.000021,0.000000,0.000000,0.002743,0.044052
C,ka100_req16,23,xxxxxxxxxxxxxxxx0.000038,0.000000,0.000000,0.003324,0.045109
C,ka100_req17,23,xxxxxxxxxxxxxxxx0.000025,0.000000,0.000000,0.002499,0.042939
C,ka100_req18,23,xxxxxxxxxxxxxxxx0.000027,0.000000,0.000000,0.002937,0.043708
C,ka100_req19,23,xxxxxxxxxxxxxxxx0.000026,0.000000,0.000000,0.002809,0.043810
C,ka100_req20,23,xxxxxxxxxxxxxxxx0.000035,0.000000,0.000000,0.003133,0.043725
C,ka100_req21,23,xxxxxxxxxxxxxxxx0.000083,0.000000,0.000000,0.003301,0.043694
C,ka100_req22,23,xxxxxxxxxxxxxxxx0.000021,0.000000,0.000000,0.002156,0.045751
C,ka100_req23,23,xxxxxxxxxxxxxxxx0.000025,0.000000,0.000000,0.002396,0.044143
C,ka100_req24,23,xxxxxxxxxxxxxxxx0.000043,0.000000,0.000000,0.003322,0.044672
C,ka100_req25,23,xxxxxxxxxxxxxxxx0.000029,0.000000,0.000000,0.003719,0.045441
C,ka100_req26,23,xxxxxxxxxxxxxxxx0.000037,0.000000,0.000000,0.003233,0.044145
C,ka100_req27,23,xxxxxxxxxxxxxxxx0.000031,0.000000,0.000000,0.003260,0.044171
C,ka100_req28,23,xxxxxxxxxxxxxxxx0.000022,0.000000,0.000000,0.002701,0.044703
C,ka100_req29,23,xxxxxxxxxxxxxxxx0.000038,0.000000,0.000000,0.003060,0.044674
C,ka100_req30,23,xxxxxxxxxxxxxxxx0.000036,0.000000,0.000000,0.003542,0.044270
C,ka100_req31,23,xxxxxxxxxxxxxxxx0.000039,0.000000,0.000000,0.003928,0.045049
C,ka100_req32,23,xxxxxxxxxxxxxxxx0.000027,0.000000,0.000000,0.002551,0.043583
C,ka100_req33,23,xxxxxxxxxxxxxxxx0.000030,0.000000,0.000000,0.002730,0.043935
C,ka100_req34,23,xxxxxxxxxxxxxxxx0.000026,0.000000,0.000000,0.003409,0.044563
C,ka100_req35,23,xxxxxxxxxxxxxxxx0.000038,0.000000,0.000000,0.002702,0.044098
C,ka100_req36,23,xxxxxxxxxxxxxxxx0.000034,0.000000,0.000000,0.002674,0.043688
C,ka100_req37,23,xxxxxxxxxxxxxxxx0.000072,0.000000,0.000000,0.003391,0.044538
C,ka100_req38,23,xxxxxxxxxxxxxxxx0.000035,0.000000,0.000000,0.002716,0.043833
C,ka100_req39,23,xxxxxxxxxxxxxxxx0.000027,0.000000,0.000000,0.002758,0.044824
C,ka100_req40,23,xxxxxxxxxxxxxxxx0.000038,0.000000,0.000000,0.003319,0.044536
C,ka100_req41,23,xxxxxxxxxxxxxxxx0.000036,0.000000,0.000000,0.003142,0.043695
C,ka100_req42,23,xxxxxxxxxxxxxxxx0.000026,0.000000,0.000000,0.002855,0.044503
C,ka100_req43,23,xxxxxxxxxxxxxxxx0.000041,0.000000,0.000000,0.004315,0.045178
C,ka100_req44,23,xxxxxxxxxxxxxxxx0.000040,0.000000,0.000000,0.002857,0.044022
C,ka100_req45,23,xxxxxxxxxxxxxxxx0.000019,0.000000,0.000000,0.001949,0.042643
C,ka100_req46,23,xxxxxxxxxxxxxxxx0.000010,0.000000,0.000000,0.001501,0.044787
C,ka100_req47,23,xxxxxxxxxxxxxxxx0.000008,0.000000,0.000000,0.001027,0.045582
C,ka100_req48,23,xxxxxxxxxxxxxxxx0.000008,0.000000,0.000000,0.001046,0.045072
C,ka100_req49,23,xxxxxxxxxxxxxxxx0.000017,0.000000,0.000000,0.001406,0.045921
C,ka100_req50,23,xxxxxxxxxxxxxxxx0.000026,0.000000,0.000000,0.002770,0.044035
C,ka100_req51,23,xxxxxxxxxxxxxxxx0.000040,0.000000,0.000000,0.003458,0.044757
C,ka100_req52,23,xxxxxxxxxxxxxxxx0.000037,0.000000,0.000000,0.003493,0.044805
C,ka100_req53,23,xxxxxxxxxxxxxxxx0.000036,0.000000,0.000000,0.003120,0.044021
C,ka100_req54,23,xxxxxxxxxxxxxxxx0.000039,0.000000,0.000000,0.003441,0.044413
C,ka100_req55,23,xxxxxxxxxxxxxxxx0.000036,0.000000,0.000000,0.003365,0.044669
C,ka100_req56,23,xxxxxxxxxxxxxxxx0.000038,0.000000,0.000000,0.002842,0.043735
C,ka100_req57,23,xxxxxxxxxxxxxxxx0.000039,0.000000,0.000000,0.003095,0.044004
C,ka100_req58,23,xxxxxxxxxxxxxxxx0.000026,0.000000,0.000000,0.002655,0.045309
C,ka100_req59,23,xxxxxxxxxxxxxxxx0.000040,0.000000,0.000000,0.003292,0.044709
C,ka100_req60,23,xxxxxxxxxxxxxxxx0.000036,0.000000,0.000000,0.002869,0.044402
C,ka100_req61,23,xxxxxxxxxxxxxxxx0.000036,0.000000,0.000000,0.002955,0.043219
C,ka100_req62,23,xxxxxxxxxxxxxxxx0.000022,0.000000,0.000000,0.002945,0.044929
C,ka100_req63,23,xxxxxxxxxxxxxxxx0.000040,0.000000,0.000000,0.003181,0.044384
C,ka100_req64,23,xxxxxxxxxxxxxxxx0.000038,0.000000,0.000000,0.003907,0.045104
C,ka100_req65,23,xxxxxxxxxxxxxxxx0.000036,0.000000,0.000000,0.003480,0.045739
C,ka100_req66,23,xxxxxxxxxxxxxxxx0.000034,0.000000,0.000000,0.003936,0.044833
C,ka100_req67,23,xxxxxxxxxxxxxxxx0.000028,0.000000,0.000000,0.002601,0.043530
C,ka100_req68,23,xxxxxxxxxxxxxxxx0.000030,0.000000,0.000000,0.002689,0.043938
C,ka100_req69,23,xxxxxxxxxxxxxxxx0.000027,0.000000,0.000000,0.002776,0.043876
C,ka100_req70,23,xxxxxxxxxxxxxxxx0.000038,0.000000,0.000000,0.003958,0.044917
C,ka100_req71,23,xxxxxxxxxxxxxxxx0.000028,0.000000,0.000000,0.002942,0.044010
C,ka100_req72,23,xxxxxxxxxxxxxxxx0.000036,0.000000,0.000000,0.003179,0.044524
C,ka100_req73,23,xxxxxxxxxxxxxxxx0.000026,0.000000,0.000000,0.002519,0.044119
C,ka100_req74,23,xxxxxxxxxxxxxxxx0.000038,0.000000,0.000000,0.002928,0.044254
C,ka100_req75,23,xxxxxxxxxxxxxxxx0.000038,0.000000,0.000000,0.003769,0.044783
C,ka100_req76,23,xxxxxxxxxxxxxxxx0.000035,0.000000,0.000000,0.003682,0.044626
C,ka100_req77,23,xxxxxxxxxxxxxxxx0.000024,0.000000,0.000000,0.003038,0.045465
C,ka100_req78,23,xxxxxxxxxxxxxxxx0.000040,0.000000,0.000000,0.003917,0.045173
C,ka100_req79,23,xxxxxxxxxxxxxxxx0.000038,0.000000,0.000000,0.003400,0.044664
C,ka100_req80,23,xxxxxxxxxxxxxxxx0.000038,0.000000,0.000000,0.004224,0.045599
C,ka100_req81,23,xxxxxxxxxxxxxxxx0.000041,0.000000,0.000000,0.003055,0.043868
C,ka100_req82,23,xxxxxxxxxxxxxxxx0.000038,0.000000,0.000000,0.003582,0.044958
C,ka100_req83,23,xxxxxxxxxxxxxxxx0.000033,0.000000,0.000000,0.003126,0.044444
C,ka100_req84,23,xxxxxxxxxxxxxxxx0.000034,0.000000,0.000000,0.003247,0.044041
C,ka100_req85,23,xxxxxxxxxxxxxxxx0.000036,0.000000,0.000000,0.003827,0.044750
C,ka100_req86,23,xxxxxxxxxxxxxxxx0.000035,0.000000,0.000000,0.003349,0.044615
C,ka100_req87,23,xxxxxxxxxxxxxxxx0.000036,0.000000,0.000000,0.003681,0.044907
C,ka100_req88,23,xxxxxxxxxxxxxxxx0.000037,0.000000,0.000000,0.003472,0.044691
C,ka100_req89,23,xxxxxxxxxxxxxxxx0.000040,0.000000,0.000000,0.003207,0.043793
C,ka100_req90,23,xxxxxxxxxxxxxxxx0.000038,0.000000,0.000000,0.003563,0.045158
C,ka100_req91,23,xxxxxxxxxxxxxxxx0.000041,0.000000,0.000000,0.003714,0.044324
C,ka100_req92,23,xxxxxxxxxxxxxxxx0.000040,0.000000,0.000000,0.003382,0.044536
C,ka100_req93,23,xxxxxxxxxxxxxxxx0.000040,0.000000,0.000000,0.003201,0.043758
C,ka100_req94,23,xxxxxxxxxxxxxxxx0.000029,0.000000,0.000000,0.003155,0.043636
C,ka100_req95,23,xxxxxxxxxxxxxxxx0.000038,0.000000,0.000000,0.003083,0.043786
C,ka100_req96,23,xxxxxxxxxxxxxxxx0.000041,0.000000,0.000000,0.004265,0.044912
C,ka100_req97,23,xxxxxxxxxxxxxxxx0.000037,0.000000,0.000000,0.003550,0.044938
C,ka100_req98,23,xxxxxxxxxxxxxxxx0.000038,0.000000,0.000000,0.002914,0.045355
C,ka100_req99,23,xxxxxxxxxxxxxxxx0.000039,0.000000,0.000000,0.003061,0.044064
C,ka100_req100,23,xxxxxxxxxxxxxxxx0.000076,0.000000,0.000000,0.003832,0.044947
C,ka100_req1,24,0.000026,0.000271,0.030770,0.033534,0.075550
C,ka100_req2,24,xxxxxxxxxxxxxxxx0.000019,0.000000,0.000000,0.001635,0.045760
C,ka100_req3,24,xxxxxxxxxxxxxxxx0.000031,0.000000,0.000000,0.002650,0.043920
C,ka100_req4,24,xxxxxxxxxxxxxxxx0.000042,0.000000,0.000000,0.003138,0.043747
C,ka100_req5,24,xxxxxxxxxxxxxxxx0.000043,0.000000,0.000000,0.003429,0.044143
C,ka100_req6,24,xxxxxxxxxxxxxxxx0.000042,0.000000,0.000000,0.003885,0.044607
C,ka100_req7,24,xxxxxxxxxxxxxxxx0.000066,0.000000,0.000000,0.003654,0.045382
C,ka100_req8,24,xxxxxxxxxxxxxxxx0.000033,0.000000,0.000000,0.003519,0.044823
C,ka100_req9,24,xxxxxxxxxxxxxxxx0.000033,0.000000,0.000000,0.004029,0.044817
C,ka100_req10,24,xxxxxxxxxxxxxxxx0.000029,0.000000,0.000000,0.002890,0.043981
C,ka100_req11,24,xxxxxxxxxxxxxxxx0.000036,0.000000,0.000000,0.003418,0.045489
C,ka100_req12,24,xxxxxxxxxxxxxxxx0.000040,0.000000,0.000000,0.003694,0.044924
C,ka100_req13,24,xxxxxxxxxxxxxxxx0.000039,0.000000,0.000000,0.002964,0.043510
C,ka100_req14,24,xxxxxxxxxxxxxxxx0.000028,0.000000,0.000000,0.002754,0.045866
C,ka100_req15,24,xxxxxxxxxxxxxxxx0.000044,0.000000,0.000000,0.002795,0.044805
C,ka100_req16,24,xxxxxxxxxxxxxxxx0.000034,0.000000,0.000000,0.003211,0.043627
C,ka100_req17,24,xxxxxxxxxxxxxxxx0.000029,0.000000,0.000000,0.002575,0.043776
C,ka100_req18,24,xxxxxxxxxxxxxxxx0.000038,0.000000,0.000000,0.003658,0.045416
C,ka100_req19,24,xxxxxxxxxxxxxxxx0.000039,0.000000,0.000000,0.002955,0.044456
C,ka100_req20,24,xxxxxxxxxxxxxxxx0.000039,0.000000,0.000000,0.003086,0.044471
C,ka100_req21,24,xxxxxxxxxxxxxxxx0.000039,0.000000,0.000000,0.003418,0.045431
C,ka100_req22,24,xxxxxxxxxxxxxxxx0.000036,0.000000,0.000000,0.003673,0.045015
C,ka100_req23,24,xxxxxxxxxxxxxxxx0.000039,0.000000,0.000000,0.003581,0.044632
C,ka100_req24,24,xxxxxxxxxxxxxxxx0.000030,0.000000,0.000000,0.002857,0.043846
C,ka100_req25,24,xxxxxxxxxxxxxxxx0.000037,0.000000,0.000000,0.003826,0.045164
C,ka100_req26,24,xxxxxxxxxxxxxxxx0.000035,0.000000,0.000000,0.003393,0.044355
C,ka100_req27,24,xxxxxxxxxxxxxxxx0.000038,0.000000,0.000000,0.003500,0.044628
C,ka100_req28,24,xxxxxxxxxxxxxxxx0.000039,0.000000,0.000000,0.003480,0.044741
C,ka100_req29,24,xxxxxxxxxxxxxxxx0.000036,0.000000,0.000000,0.003589,0.044711
C,ka100_req30,24,xxxxxxxxxxxxxxxx0.000038,0.000000,0.000000,0.003839,0.045030
C,ka100_req31,24,xxxxxxxxxxxxxxxx0.000044,0.000000,0.000000,0.003138,0.043549
C,ka100_req32,24,xxxxxxxxxxxxxxxx0.000037,0.000000,0.000000,0.003555,0.044822
C,ka100_req33,24,xxxxxxxxxxxxxxxx0.000025,0.000000,0.000000,0.002489,0.043669
C,ka100_req34,24,xxxxxxxxxxxxxxxx0.000053,0.000000,0.000000,0.003245,0.043806
C,ka100_req35,24,xxxxxxxxxxxxxxxx0.000026,0.000000,0.000000,0.002905,0.044576
C,ka100_req36,24,xxxxxxxxxxxxxxxx0.000036,0.000000,0.000000,0.002790,0.043951
C,ka100_req37,24,xxxxxxxxxxxxxxxx0.000029,0.000000,0.000000,0.002981,0.044162
C,ka100_req38,24,xxxxxxxxxxxxxxxx0.000029,0.000000,0.000000,0.003465,0.044987
C,ka100_req39,24,xxxxxxxxxxxxxxxx0.000045,0.000000,0.000000,0.004461,0.045879
C,ka100_req40,24,xxxxxxxxxxxxxxxx0.000034,0.000000,0.000000,0.003942,0.045621
C,ka100_req41,24,xxxxxxxxxxxxxxxx0.000037,0.000000,0.000000,0.003401,0.044517
C,ka100_req42,24,xxxxxxxxxxxxxxxx0.000040,0.000000,0.000000,0.003282,0.044803
C,ka100_req43,24,xxxxxxxxxxxxxxxx0.000038,0.000000,0.000000,0.003459,0.045403
C,ka100_req44,24,xxxxxxxxxxxxxxxx0.000037,0.000000,0.000000,0.003435,0.045471
C,ka100_req45,24,xxxxxxxxxxxxxxxx0.000047,0.000000,0.000000,0.004385,0.045208
C,ka100_req46,24,xxxxxxxxxxxxxxxx0.000038,0.000000,0.000000,0.003537,0.044760
C,ka100_req47,24,xxxxxxxxxxxxxxxx0.000036,0.000000,0.000000,0.003020,0.044525
C,ka100_req48,24,xxxxxxxxxxxxxxxx0.000047,0.000000,0.000000,0.003556,0.044545
C,ka100_req49,24,xxxxxxxxxxxxxxxx0.000019,0.000000,0.000000,0.001990,0.043427
C,ka100_req50,24,xxxxxxxxxxxxxxxx0.000028,0.000000,0.000000,0.002510,0.045435
C,ka100_req51,24,xxxxxxxxxxxxxxxx0.000033,0.000000,0.000000,0.002668,0.043698
C,ka100_req52,24,xxxxxxxxxxxxxxxx0.000030,0.000000,0.000000,0.002774,0.044020
C,ka100_req53,24,xxxxxxxxxxxxxxxx0.000060,0.000000,0.000000,0.002570,0.045163
C,ka100_req54,24,xxxxxxxxxxxxxxxx0.000038,0.000000,0.000000,0.002526,0.044166
C,ka100_req55,24,xxxxxxxxxxxxxxxx0.000029,0.000000,0.000000,0.002757,0.043519
C,ka100_req56,24,xxxxxxxxxxxxxxxx0.000015,0.000000,0.000000,0.001905,0.042893
C,ka100_req57,24,xxxxxxxxxxxxxxxx0.000030,0.000000,0.000000,0.002908,0.043813
C,ka100_req58,24,xxxxxxxxxxxxxxxx0.000016,0.000000,0.000000,0.001897,0.043028
C,ka100_req59,24,xxxxxxxxxxxxxxxx0.000030,0.000000,0.000000,0.002437,0.043098
C,ka100_req60,24,xxxxxxxxxxxxxxxx0.000029,0.000000,0.000000,0.002495,0.043595
C,ka100_req61,24,xxxxxxxxxxxxxxxx0.000029,0.000000,0.000000,0.002449,0.042860
C,ka100_req62,24,xxxxxxxxxxxxxxxx0.000018,0.000000,0.000000,0.001906,0.042897
C,ka100_req63,24,xxxxxxxxxxxxxxxx0.000029,0.000000,0.000000,0.002831,0.043935
C,ka100_req64,24,xxxxxxxxxxxxxxxx0.000029,0.000000,0.000000,0.002310,0.042551
C,ka100_req65,24,xxxxxxxxxxxxxxxx0.000029,0.000000,0.000000,0.002492,0.043179
C,ka100_req66,24,xxxxxxxxxxxxxxxx0.000039,0.000000,0.000000,0.003586,0.044994
C,ka100_req67,24,xxxxxxxxxxxxxxxx0.000057,0.000000,0.000000,0.002870,0.043130
C,ka100_req68,24,xxxxxxxxxxxxxxxx0.000028,0.000000,0.000000,0.002576,0.043710
C,ka100_req69,24,xxxxxxxxxxxxxxxx0.000039,0.000000,0.000000,0.003403,0.044187
C,ka100_req70,24,xxxxxxxxxxxxxxxx0.000030,0.000000,0.000000,0.003438,0.044864
C,ka100_req71,24,xxxxxxxxxxxxxxxx0.000037,0.000000,0.000000,0.002912,0.043607
C,ka100_req72,24,xxxxxxxxxxxxxxxx0.000035,0.000000,0.000000,0.003305,0.043742
C,ka100_req73,24,xxxxxxxxxxxxxxxx0.000042,0.000000,0.000000,0.003809,0.045525
C,ka100_req74,24,xxxxxxxxxxxxxxxx0.000036,0.000000,0.000000,0.003016,0.043929
C,ka100_req75,24,xxxxxxxxxxxxxxxx0.000035,0.000000,0.000000,0.003172,0.043712
C,ka100_req76,24,xxxxxxxxxxxxxxxx0.000042,0.000000,0.000000,0.004156,0.045046
C,ka100_req77,24,xxxxxxxxxxxxxxxx0.000065,0.000000,0.000000,0.003246,0.044513
C,ka100_req78,24,xxxxxxxxxxxxxxxx0.000038,0.000000,0.000000,0.003601,0.044615
C,ka100_req79,24,xxxxxxxxxxxxxxxx0.000039,0.000000,0.000000,0.003418,0.043767
C,ka100_req80,24,xxxxxxxxxxxxxxxx0.000029,0.000000,0.000000,0.002759,0.044509
C,ka100_req81,24,xxxxxxxxxxxxxxxx0.000046,0.000000,0.000000,0.003527,0.043944
C,ka100_req82,24,xxxxxxxxxxxxxxxx0.000029,0.000000,0.000000,0.002870,0.044333
C,ka100_req83,24,xxxxxxxxxxxxxxxx0.000037,0.000000,0.000000,0.003271,0.044749
C,ka100_req84,24,xxxxxxxxxxxxxxxx0.000059,0.000000,0.000000,0.003385,0.044700
C,ka100_req85,24,xxxxxxxxxxxxxxxx0.000033,0.000000,0.000000,0.003644,0.044637
C,ka100_req86,24,xxxxxxxxxxxxxxxx0.000039,0.000000,0.000000,0.003219,0.044459
C,ka100_req87,24,xxxxxxxxxxxxxxxx0.000037,0.000000,0.000000,0.003582,0.044856
C,ka100_req88,24,xxxxxxxxxxxxxxxx0.000036,0.000000,0.000000,0.003080,0.043766
C,ka100_req89,24,xxxxxxxxxxxxxxxx0.000035,0.000000,0.000000,0.003814,0.044876
C,ka100_req90,24,xxxxxxxxxxxxxxxx0.000077,0.000000,0.000000,0.003219,0.044431
C,ka100_req91,24,xxxxxxxxxxxxxxxx0.000040,0.000000,0.000000,0.003967,0.045192
C,ka100_req92,24,xxxxxxxxxxxxxxxx0.000028,0.000000,0.000000,0.003125,0.044427
C,ka100_req93,24,xxxxxxxxxxxxxxxx0.000023,0.000000,0.000000,0.002518,0.043807
C,ka100_req94,24,xxxxxxxxxxxxxxxx0.000037,0.000000,0.000000,0.003658,0.044558
C,ka100_req95,24,xxxxxxxxxxxxxxxx0.000046,0.000000,0.000000,0.003940,0.044629
C,ka100_req96,24,xxxxxxxxxxxxxxxx0.000035,0.000000,0.000000,0.003075,0.043852
C,ka100_req97,24,xxxxxxxxxxxxxxxx0.000040,0.000000,0.000000,0.004081,0.045016
C,ka100_req98,24,xxxxxxxxxxxxxxxx0.000036,0.000000,0.000000,0.003249,0.046517
C,ka100_req99,24,xxxxxxxxxxxxxxxx0.000037,0.000000,0.000000,0.002955,0.043845
C,ka100_req100,24,xxxxxxxxxxxxxxxx0.000025,0.000000,0.000000,0.002935,0.044226
C,ka100_req1,25,0.000030,0.000231,0.031563,0.034267,0.077621
C,ka100_req2,25,xxxxxxxxxxxxxxxx0.000016,0.000000,0.000000,0.001390,0.042249
C,ka100_req3,25,xxxxxxxxxxxxxxxx0.000026,0.000000,0.000000,0.002569,0.044728
C,ka100_req4,25,xxxxxxxxxxxxxxxx0.000037,0.000000,0.000000,0.003258,0.043934
C,ka100_req5,25,xxxxxxxxxxxxxxxx0.000037,0.000000,0.000000,0.003325,0.045327
C,ka100_req6,25,xxxxxxxxxxxxxxxx0.000031,0.000000,0.000000,0.003949,0.045681
C,ka100_req7,25,xxxxxxxxxxxxxxxx0.000042,0.000000,0.000000,0.003759,0.044476
C,ka100_req8,25,xxxxxxxxxxxxxxxx0.000039,0.000000,0.000000,0.003592,0.044814
C,ka100_req9,25,xxxxxxxxxxxxxxxx0.000041,0.000000,0.000000,0.003389,0.044298
C,ka100_req10,25,xxxxxxxxxxxxxxxx0.000037,0.000000,0.000000,0.003609,0.044904
C,ka100_req11,25,xxxxxxxxxxxxxxxx0.000037,0.000000,0.000000,0.003030,0.043681
C,ka100_req12,25,xxxxxxxxxxxxxxxx0.000040,0.000000,0.000000,0.003521,0.044565
C,ka100_req13,25,xxxxxxxxxxxxxxxx0.000030,0.000000,0.000000,0.003548,0.044845
C,ka100_req14,25,xxxxxxxxxxxxxxxx0.000039,0.000000,0.000000,0.003509,0.044623
C,ka100_req15,25,xxxxxxxxxxxxxxxx0.000037,0.000000,0.000000,0.003221,0.044923
C,ka100_req16,25,xxxxxxxxxxxxxxxx0.000038,0.000000,0.000000,0.002620,0.043489
C,ka100_req17,25,xxxxxxxxxxxxxxxx0.000028,0.000000,0.000000,0.002835,0.044447
C,ka100_req18,25,xxxxxxxxxxxxxxxx0.000039,0.000000,0.000000,0.003344,0.044611
C,ka100_req19,25,xxxxxxxxxxxxxxxx0.000040,0.000000,0.000000,0.003511,0.044388
C,ka100_req20,25,xxxxxxxxxxxxxxxx0.000029,0.000000,0.000000,0.005772,0.046359
C,ka100_req21,25,xxxxxxxxxxxxxxxx0.000021,0.000000,0.000000,0.001892,0.044051
C,ka100_req22,25,xxxxxxxxxxxxxxxx0.000011,0.000000,0.000000,0.001678,0.043678
C,ka100_req23,25,xxxxxxxxxxxxxxxx0.000013,0.000000,0.000000,0.001063,0.042131
C,ka100_req24,25,xxxxxxxxxxxxxxxx0.000018,0.000000,0.000000,0.001399,0.042263
C,ka100_req25,25,xxxxxxxxxxxxxxxx0.000019,0.000000,0.000000,0.001864,0.042928
C,ka100_req26,25,xxxxxxxxxxxxxxxx0.000039,0.000000,0.000000,0.002887,0.043784
C,ka100_req27,25,xxxxxxxxxxxxxxxx0.000039,0.000000,0.000000,0.002867,0.043301
C,ka100_req28,25,xxxxxxxxxxxxxxxx0.000025,0.000000,0.000000,0.002845,0.044324
C,ka100_req29,25,xxxxxxxxxxxxxxxx0.000027,0.000000,0.000000,0.002729,0.043409
C,ka100_req30,25,xxxxxxxxxxxxxxxx0.000023,0.000000,0.000000,0.002731,0.044356
C,ka100_req31,25,xxxxxxxxxxxxxxxx0.000035,0.000000,0.000000,0.003157,0.044114
C,ka100_req32,25,xxxxxxxxxxxxxxxx0.000035,0.000000,0.000000,0.003146,0.043681
C,ka100_req33,25,xxxxxxxxxxxxxxxx0.000042,0.000000,0.000000,0.003644,0.045382
C,ka100_req34,25,xxxxxxxxxxxxxxxx0.000036,0.000000,0.000000,0.003330,0.046109
C,ka100_req35,25,xxxxxxxxxxxxxxxx0.000039,0.000000,0.000000,0.003739,0.044997
C,ka100_req36,25,xxxxxxxxxxxxxxxx0.000037,0.000000,0.000000,0.003342,0.045012
C,ka100_req37,25,xxxxxxxxxxxxxxxx0.000039,0.000000,0.000000,0.003645,0.044123
C,ka100_req38,25,xxxxxxxxxxxxxxxx0.000043,0.000000,0.000000,0.003427,0.044641
C,ka100_req39,25,xxxxxxxxxxxxxxxx0.000041,0.000000,0.000000,0.003281,0.043973
C,ka100_req40,25,xxxxxxxxxxxxxxxx0.000044,0.000000,0.000000,0.003383,0.044880
C,ka100_req41,25,xxxxxxxxxxxxxxxx0.000037,0.000000,0.000000,0.003578,0.044296
C,ka100_req42,25,xxxxxxxxxxxxxxxx0.000036,0.000000,0.000000,0.003203,0.043955
C,ka100_req43,25,xxxxxxxxxxxxxxxx0.000078,0.000000,0.000000,0.003668,0.044704
C,ka100_req44,25,xxxxxxxxxxxxxxxx0.000023,0.000000,0.000000,0.002172,0.043352
C,ka100_req45,25,xxxxxxxxxxxxxxxx0.000019,0.000000,0.000000,0.001818,0.043014
C,ka100_req46,25,xxxxxxxxxxxxxxxx0.000028,0.000000,0.000000,0.002733,0.044204
C,ka100_req47,25,xxxxxxxxxxxxxxxx0.000025,0.000000,0.000000,0.002819,0.043909
C,ka100_req48,25,xxxxxxxxxxxxxxxx0.000035,0.000000,0.000000,0.003355,0.044239
C,ka100_req49,25,xxxxxxxxxxxxxxxx0.000037,0.000000,0.000000,0.003736,0.044727
C,ka100_req50,25,xxxxxxxxxxxxxxxx0.000039,0.000000,0.000000,0.003182,0.044226
C,ka100_req51,25,xxxxxxxxxxxxxxxx0.000038,0.000000,0.000000,0.004108,0.045395
C,ka100_req52,25,xxxxxxxxxxxxxxxx0.000038,0.000000,0.000000,0.004472,0.045513
C,ka100_req53,25,xxxxxxxxxxxxxxxx0.000034,0.000000,0.000000,0.003388,0.044459
C,ka100_req54,25,xxxxxxxxxxxxxxxx0.000037,0.000000,0.000000,0.003353,0.044144
C,ka100_req55,25,xxxxxxxxxxxxxxxx0.000039,0.000000,0.000000,0.003343,0.043803
C,ka100_req56,25,xxxxxxxxxxxxxxxx0.000035,0.000000,0.000000,0.003861,0.044910
C,ka100_req57,25,xxxxxxxxxxxxxxxx0.000033,0.000000,0.000000,0.003443,0.044647
C,ka100_req58,25,xxxxxxxxxxxxxxxx0.000024,0.000000,0.000000,0.002913,0.043761
C,ka100_req59,25,xxxxxxxxxxxxxxxx0.000038,0.000000,0.000000,0.003786,0.044655
C,ka100_req60,25,xxxxxxxxxxxxxxxx0.000036,0.000000,0.000000,0.003525,0.044937
C,ka100_req61,25,xxxxxxxxxxxxxxxx0.000038,0.000000,0.000000,0.003519,0.044718
C,ka100_req62,25,xxxxxxxxxxxxxxxx0.000036,0.000000,0.000000,0.003556,0.044737
C,ka100_req63,25,xxxxxxxxxxxxxxxx0.000026,0.000000,0.000000,0.002859,0.043624
C,ka100_req64,25,xxxxxxxxxxxxxxxx0.000025,0.000000,0.000000,0.002511,0.043843
C,ka100_req65,25,xxxxxxxxxxxxxxxx0.000038,0.000000,0.000000,0.004276,0.044883
C,ka100_req66,25,xxxxxxxxxxxxxxxx0.000022,0.000000,0.000000,0.003103,0.043949
C,ka100_req67,25,xxxxxxxxxxxxxxxx0.000018,0.000000,0.000000,0.001732,0.045288
C,ka100_req68,25,xxxxxxxxxxxxxxxx0.000009,0.000000,0.000000,0.000881,0.045996
C,ka100_req69,25,xxxxxxxxxxxxxxxx0.000012,0.000000,0.000000,0.001018,0.045866
C,ka100_req70,25,xxxxxxxxxxxxxxxx0.000011,0.000000,0.000000,0.001237,0.046142
C,ka100_req71,25,xxxxxxxxxxxxxxxx0.000028,0.000000,0.000000,0.002000,0.044122
C,ka100_req72,25,xxxxxxxxxxxxxxxx0.000026,0.000000,0.000000,0.002891,0.045391
C,ka100_req73,25,xxxxxxxxxxxxxxxx0.000038,0.000000,0.000000,0.003618,0.044388
C,ka100_req74,25,xxxxxxxxxxxxxxxx0.000038,0.000000,0.000000,0.003610,0.044261
C,ka100_req75,25,xxxxxxxxxxxxxxxx0.000037,0.000000,0.000000,0.003684,0.045164
C,ka100_req76,25,xxxxxxxxxxxxxxxx0.000024,0.000000,0.000000,0.003162,0.044535
C,ka100_req77,25,xxxxxxxxxxxxxxxx0.000034,0.000000,0.000000,0.003655,0.044556
C,ka100_req78,25,xxxxxxxxxxxxxxxx0.000035,0.000000,0.000000,0.003419,0.043749
C,ka100_req79,25,xxxxxxxxxxxxxxxx0.000034,0.000000,0.000000,0.003146,0.044313
C,ka100_req80,25,xxxxxxxxxxxxxxxx0.000038,0.000000,0.000000,0.002931,0.044374
C,ka100_req81,25,xxxxxxxxxxxxxxxx0.000035,0.000000,0.000000,0.003572,0.044571
C,ka100_req82,25,xxxxxxxxxxxxxxxx0.000039,0.000000,0.000000,0.003654,0.044697
C,ka100_req83,25,xxxxxxxxxxxxxxxx0.000030,0.000000,0.000000,0.002847,0.043854
C,ka100_req84,25,xxxxxxxxxxxxxxxx0.000035,0.000000,0.000000,0.003226,0.045759
C,ka100_req85,25,xxxxxxxxxxxxxxxx0.000039,0.000000,0.000000,0.003778,0.045752
C,ka100_req86,25,xxxxxxxxxxxxxxxx0.000038,0.000000,0.000000,0.003379,0.043732
C,ka100_req87,25,xxxxxxxxxxxxxxxx0.000037,0.000000,0.000000,0.003646,0.044867
C,ka100_req88,25,xxxxxxxxxxxxxxxx0.000040,0.000000,0.000000,0.003606,0.044808
C,ka100_req89,25,xxxxxxxxxxxxxxxx0.000037,0.000000,0.000000,0.003992,0.044490
C,ka100_req90,25,xxxxxxxxxxxxxxxx0.000040,0.000000,0.000000,0.003206,0.044586
C,ka100_req91,25,xxxxxxxxxxxxxxxx0.000025,0.000000,0.000000,0.003173,0.044008
C,ka100_req92,25,xxxxxxxxxxxxxxxx0.000038,0.000000,0.000000,0.002982,0.043975
C,ka100_req93,25,xxxxxxxxxxxxxxxx0.000038,0.000000,0.000000,0.003451,0.044719
C,ka100_req94,25,xxxxxxxxxxxxxxxx0.000034,0.000000,0.000000,0.003243,0.044583
C,ka100_req95,25,xxxxxxxxxxxxxxxx0.000067,0.000000,0.000000,0.003456,0.044341
C,ka100_req96,25,xxxxxxxxxxxxxxxx0.000033,0.000000,0.000000,0.003148,0.044023
C,ka100_req97,25,xxxxxxxxxxxxxxxx0.000038,0.000000,0.000000,0.003471,0.045097
C,ka100_req98,25,xxxxxxxxxxxxxxxx0.000038,0.000000,0.000000,0.003766,0.045052
C,ka100_req99,25,xxxxxxxxxxxxxxxx0.000037,0.000000,0.000000,0.003141,0.043923
C,ka100_req100,25,xxxxxxxxxxxxxxxx0.000037,0.000000,0.000000,0.002995,0.043760
C,ka100_req1,26,0.000024,0.000180,0.029965,0.032022,0.076075
C,ka100_req2,26,xxxxxxxxxxxxxxxx0.000016,0.000000,0.000000,0.001182,0.046077
C,ka100_req3,26,xxxxxxxxxxxxxxxx0.000026,0.000000,0.000000,0.002761,0.044209
C,ka100_req4,26,xxxxxxxxxxxxxxxx0.000030,0.000000,0.000000,0.002887,0.043754
C,ka100_req5,26,xxxxxxxxxxxxxxxx0.000039,0.000000,0.000000,0.003234,0.043671
C,ka100_req6,26,xxxxxxxxxxxxxxxx0.000038,0.000000,0.000000,0.003754,0.044810
C,ka100_req7,26,xxxxxxxxxxxxxxxx0.000042,0.000000,0.000000,0.003337,0.044497
C,ka100_req8,26,xxxxxxxxxxxxxxxx0.000032,0.000000,0.000000,0.003353,0.044324
C,ka100_req9,26,xxxxxxxxxxxxxxxx0.000041,0.000000,0.000000,0.003371,0.044249
C,ka100_req10,26,xxxxxxxxxxxxxxxx0.000037,0.000000,0.000000,0.003157,0.043736
C,ka100_req11,26,xxxxxxxxxxxxxxxx0.000038,0.000000,0.000000,0.003204,0.044012
C,ka100_req12,26,xxxxxxxxxxxxxxxx0.000040,0.000000,0.000000,0.003411,0.044471
C,ka100_req13,26,xxxxxxxxxxxxxxxx0.000027,0.000000,0.000000,0.002693,0.045312
C,ka100_req14,26,xxxxxxxxxxxxxxxx0.000026,0.000000,0.000000,0.002870,0.044838
C,ka100_req15,26,xxxxxxxxxxxxxxxx0.000041,0.000000,0.000000,0.003863,0.044980
C,ka100_req16,26,xxxxxxxxxxxxxxxx0.000027,0.000000,0.000000,0.002965,0.043842
C,ka100_req17,26,xxxxxxxxxxxxxxxx0.000035,0.000000,0.000000,0.003570,0.045107
C,ka100_req18,26,xxxxxxxxxxxxxxxx0.000037,0.000000,0.000000,0.003231,0.044312
C,ka100_req19,26,xxxxxxxxxxxxxxxx0.000026,0.000000,0.000000,0.003290,0.044078
C,ka100_req20,26,xxxxxxxxxxxxxxxx0.000039,0.000000,0.000000,0.003006,0.043338
C,ka100_req21,26,xxxxxxxxxxxxxxxx0.000033,0.000000,0.000000,0.003258,0.045759
C,ka100_req22,26,xxxxxxxxxxxxxxxx0.000035,0.000000,0.000000,0.003589,0.045142
C,ka100_req23,26,xxxxxxxxxxxxxxxx0.000042,0.000000,0.000000,0.003880,0.044459
C,ka100_req24,26,xxxxxxxxxxxxxxxx0.000043,0.000000,0.000000,0.003621,0.044753
C,ka100_req25,26,xxxxxxxxxxxxxxxx0.000030,0.000000,0.000000,0.003479,0.044724
C,ka100_req26,26,xxxxxxxxxxxxxxxx0.000035,0.000000,0.000000,0.002559,0.044064
C,ka100_req27,26,xxxxxxxxxxxxxxxx0.000038,0.000000,0.000000,0.003709,0.044670
C,ka100_req28,26,xxxxxxxxxxxxxxxx0.000045,0.000000,0.000000,0.003570,0.044472
C,ka100_req29,26,xxxxxxxxxxxxxxxx0.000036,0.000000,0.000000,0.003671,0.045020
C,ka100_req30,26,xxxxxxxxxxxxxxxx0.000024,0.000000,0.000000,0.002663,0.044744
C,ka100_req31,26,xxxxxxxxxxxxxxxx0.000037,0.000000,0.000000,0.003006,0.044345
C,ka100_req32,26,xxxxxxxxxxxxxxxx0.000027,0.000000,0.000000,0.003280,0.044214
C,ka100_req33,26,xxxxxxxxxxxxxxxx0.000024,0.000000,0.000000,0.002814,0.046354
C,ka100_req34,26,xxxxxxxxxxxxxxxx0.000035,0.000000,0.000000,0.003211,0.043464
C,ka100_req35,26,xxxxxxxxxxxxxxxx0.000021,0.000000,0.000000,0.001850,0.045824
C,ka100_req36,26,xxxxxxxxxxxxxxxx0.000010,0.000000,0.000000,0.000945,0.042048
C,ka100_req37,26,xxxxxxxxxxxxxxxx0.000008,0.000000,0.000000,0.000820,0.045411
C,ka100_req38,26,xxxxxxxxxxxxxxxx0.000012,0.000000,0.000000,0.001133,0.044855
C,ka100_req39,26,xxxxxxxxxxxxxxxx0.000028,0.000000,0.000000,0.002437,0.043579
C,ka100_req40,26,xxxxxxxxxxxxxxxx0.000032,0.000000,0.000000,0.002996,0.044179
C,ka100_req41,26,xxxxxxxxxxxxxxxx0.000038,0.000000,0.000000,0.003574,0.044466
C,ka100_req42,26,xxxxxxxxxxxxxxxx0.000037,0.000000,0.000000,0.003334,0.046265
C,ka100_req43,26,xxxxxxxxxxxxxxxx0.000039,0.000000,0.000000,0.003975,0.045107
C,ka100_req44,26,xxxxxxxxxxxxxxxx0.000032,0.000000,0.000000,0.003332,0.044568
C,ka100_req45,26,xxxxxxxxxxxxxxxx0.000038,0.000000,0.000000,0.003987,0.045027
C,ka100_req46,26,xxxxxxxxxxxxxxxx0.000040,0.000000,0.000000,0.003192,0.044523
C,ka100_req47,26,xxxxxxxxxxxxxxxx0.000036,0.000000,0.000000,0.003696,0.044874
C,ka100_req48,26,xxxxxxxxxxxxxxxx0.000038,0.000000,0.000000,0.003794,0.044908
C,ka100_req49,26,xxxxxxxxxxxxxxxx0.000037,0.000000,0.000000,0.003557,0.044354
C,ka100_req50,26,xxxxxxxxxxxxxxxx0.000036,0.000000,0.000000,0.003144,0.043790
C,ka100_req51,26,xxxxxxxxxxxxxxxx0.000040,0.000000,0.000000,0.003718,0.044629
C,ka100_req52,26,xxxxxxxxxxxxxxxx0.000036,0.000000,0.000000,0.003149,0.043911
C,ka100_req53,26,xxxxxxxxxxxxxxxx0.000036,0.000000,0.000000,0.003955,0.045361
C,ka100_req54,26,xxxxxxxxxxxxxxxx0.000036,0.000000,0.000000,0.003937,0.045245
C,ka100_req55,26,xxxxxxxxxxxxxxxx0.000023,0.000000,0.000000,0.002651,0.043604
C,ka100_req56,26,xxxxxxxxxxxxxxxx0.000029,0.000000,0.000000,0.003264,0.044351
C,ka100_req57,26,xxxxxxxxxxxxxxxx0.000041,0.000000,0.000000,0.003999,0.045146
C,ka100_req58,26,xxxxxxxxxxxxxxxx0.000037,0.000000,0.000000,0.003850,0.044678
C,ka100_req59,26,xxxxxxxxxxxxxxxx0.000037,0.000000,0.000000,0.003182,0.043825
C,ka100_req60,26,xxxxxxxxxxxxxxxx0.000036,0.000000,0.000000,0.003526,0.044773
C,ka100_req61,26,xxxxxxxxxxxxxxxx0.000035,0.000000,0.000000,0.003456,0.044708
C,ka100_req62,26,xxxxxxxxxxxxxxxx0.000034,0.000000,0.000000,0.003475,0.044718
C,ka100_req63,26,xxxxxxxxxxxxxxxx0.000036,0.000000,0.000000,0.003814,0.044895
C,ka100_req64,26,xxxxxxxxxxxxxxxx0.000039,0.000000,0.000000,0.004080,0.044663
C,ka100_req65,26,xxxxxxxxxxxxxxxx0.000029,0.000000,0.000000,0.003085,0.043817
C,ka100_req66,26,xxxxxxxxxxxxxxxx0.000036,0.000000,0.000000,0.003532,0.044761
C,ka100_req67,26,xxxxxxxxxxxxxxxx0.000040,0.000000,0.000000,0.003905,0.044457
C,ka100_req68,26,xxxxxxxxxxxxxxxx0.000027,0.000000,0.000000,0.003051,0.044430
C,ka100_req69,26,xxxxxxxxxxxxxxxx0.000038,0.000000,0.000000,0.002709,0.043279
C,ka100_req70,26,xxxxxxxxxxxxxxxx0.000040,0.000000,0.000000,0.002875,0.044011
C,ka100_req71,26,xxxxxxxxxxxxxxxx0.000050,0.000000,0.000000,0.002660,0.043471
C,ka100_req72,26,xxxxxxxxxxxxxxxx0.000037,0.000000,0.000000,0.003374,0.044586
C,ka100_req73,26,xxxxxxxxxxxxxxxx0.000038,0.000000,0.000000,0.004024,0.045041
C,ka100_req74,26,xxxxxxxxxxxxxxxx0.000037,0.000000,0.000000,0.003640,0.044378
C,ka100_req75,26,xxxxxxxxxxxxxxxx0.000037,0.000000,0.000000,0.003131,0.044008
C,ka100_req76,26,xxxxxxxxxxxxxxxx0.000038,0.000000,0.000000,0.003811,0.044573
C,ka100_req77,26,xxxxxxxxxxxxxxxx0.000035,0.000000,0.000000,0.003572,0.044904
C,ka100_req78,26,xxxxxxxxxxxxxxxx0.000038,0.000000,0.000000,0.003445,0.044983
C,ka100_req79,26,xxxxxxxxxxxxxxxx0.000040,0.000000,0.000000,0.003348,0.044927
C,ka100_req80,26,xxxxxxxxxxxxxxxx0.000027,0.000000,0.000000,0.002930,0.046070
C,ka100_req81,26,xxxxxxxxxxxxxxxx0.000028,0.000000,0.000000,0.003421,0.044263
C,ka100_req82,26,xxxxxxxxxxxxxxxx0.000038,0.000000,0.000000,0.003187,0.044732
C,ka100_req83,26,xxxxxxxxxxxxxxxx0.000037,0.000000,0.000000,0.004034,0.045322
C,ka100_req84,26,xxxxxxxxxxxxxxxx0.000036,0.000000,0.000000,0.003241,0.043484
C,ka100_req85,26,xxxxxxxxxxxxxxxx0.000026,0.000000,0.000000,0.003397,0.044035
C,ka100_req86,26,xxxxxxxxxxxxxxxx0.000035,0.000000,0.000000,0.003623,0.044680
C,ka100_req87,26,xxxxxxxxxxxxxxxx0.000039,0.000000,0.000000,0.003359,0.045797
C,ka100_req88,26,xxxxxxxxxxxxxxxx0.000038,0.000000,0.000000,0.003669,0.044814
C,ka100_req89,26,xxxxxxxxxxxxxxxx0.000038,0.000000,0.000000,0.003320,0.044298
C,ka100_req90,26,xxxxxxxxxxxxxxxx0.000027,0.000000,0.000000,0.003174,0.044511
C,ka100_req91,26,xxxxxxxxxxxxxxxx0.000039,0.000000,0.000000,0.002936,0.043383
C,ka100_req92,26,xxxxxxxxxxxxxxxx0.000035,0.000000,0.000000,0.002856,0.044325
C,ka100_req93,26,xxxxxxxxxxxxxxxx0.000036,0.000000,0.000000,0.003283,0.044103
C,ka100_req94,26,xxxxxxxxxxxxxxxx0.000037,0.000000,0.000000,0.002939,0.044142
C,ka100_req95,26,xxxxxxxxxxxxxxxx0.000028,0.000000,0.000000,0.003335,0.044517
C,ka100_req96,26,xxxxxxxxxxxxxxxx0.000037,0.000000,0.000000,0.003768,0.045732
C,ka100_req97,26,xxxxxxxxxxxxxxxx0.000036,0.000000,0.000000,0.002815,0.043946
C,ka100_req98,26,xxxxxxxxxxxxxxxx0.000038,0.000000,0.000000,0.003071,0.045455
C,ka100_req99,26,xxxxxxxxxxxxxxxx0.000031,0.000000,0.000000,0.002965,0.043956
C,ka100_req100,26,xxxxxxxxxxxxxxxx0.000037,0.000000,0.000000,0.003009,0.043527
C,ka100_req1,27,0.000047,0.000210,0.032035,0.073527,0.073589
C,ka100_req2,27,xxxxxxxxxxxxxxxx0.000018,0.000000,0.000000,0.001454,0.043914
C,ka100_req3,27,xxxxxxxxxxxxxxxx0.000073,0.000000,0.000000,0.002419,0.043360
C,ka100_req4,27,xxxxxxxxxxxxxxxx0.000030,0.000000,0.000000,0.002735,0.045032
C,ka100_req5,27,xxxxxxxxxxxxxxxx0.000028,0.000000,0.000000,0.002619,0.043615
C,ka100_req6,27,xxxxxxxxxxxxxxxx0.000045,0.000000,0.000000,0.003144,0.044139
C,ka100_req7,27,xxxxxxxxxxxxxxxx0.000041,0.000000,0.000000,0.003108,0.044684
C,ka100_req8,27,xxxxxxxxxxxxxxxx0.000038,0.000000,0.000000,0.002937,0.043540
C,ka100_req9,27,xxxxxxxxxxxxxxxx0.000033,0.000000,0.000000,0.003586,0.044897
C,ka100_req10,27,xxxxxxxxxxxxxxxx0.000024,0.000000,0.000000,0.002826,0.044987
C,ka100_req11,27,xxxxxxxxxxxxxxxx0.000062,0.000000,0.000000,0.003344,0.045943
C,ka100_req12,27,xxxxxxxxxxxxxxxx0.000017,0.000000,0.000000,0.001999,0.046026
C,ka100_req13,27,xxxxxxxxxxxxxxxx0.000034,0.000000,0.000000,0.003138,0.044286
C,ka100_req14,27,xxxxxxxxxxxxxxxx0.000030,0.000000,0.000000,0.002769,0.046203
C,ka100_req15,27,xxxxxxxxxxxxxxxx0.000029,0.000000,0.000000,0.002820,0.044100
C,ka100_req16,27,xxxxxxxxxxxxxxxx0.000075,0.000000,0.000000,0.002838,0.043600
C,ka100_req17,27,xxxxxxxxxxxxxxxx0.000035,0.000000,0.000000,0.003375,0.044539
C,ka100_req18,27,xxxxxxxxxxxxxxxx0.000036,0.000000,0.000000,0.003356,0.043665
C,ka100_req19,27,xxxxxxxxxxxxxxxx0.000027,0.000000,0.000000,0.002895,0.044795
C,ka100_req20,27,xxxxxxxxxxxxxxxx0.000038,0.000000,0.000000,0.003807,0.044825
C,ka100_req21,27,xxxxxxxxxxxxxxxx0.000037,0.000000,0.000000,0.003687,0.044804
C,ka100_req22,27,xxxxxxxxxxxxxxxx0.000026,0.000000,0.000000,0.002592,0.043945
C,ka100_req23,27,xxxxxxxxxxxxxxxx0.000030,0.000000,0.000000,0.004102,0.044492
C,ka100_req24,27,xxxxxxxxxxxxxxxx0.000033,0.000000,0.000000,0.002947,0.044235
C,ka100_req25,27,xxxxxxxxxxxxxxxx0.000030,0.000000,0.000000,0.003012,0.045552
C,ka100_req26,27,xxxxxxxxxxxxxxxx0.000026,0.000000,0.000000,0.003010,0.043952
C,ka100_req27,27,xxxxxxxxxxxxxxxx0.000038,0.000000,0.000000,0.003640,0.044639
C,ka100_req28,27,xxxxxxxxxxxxxxxx0.000039,0.000000,0.000000,0.003654,0.044134
C,ka100_req29,27,xxxxxxxxxxxxxxxx0.000027,0.000000,0.000000,0.003845,0.044892
C,ka100_req30,27,xxxxxxxxxxxxxxxx0.000025,0.000000,0.000000,0.002766,0.044263
C,ka100_req31,27,xxxxxxxxxxxxxxxx0.000089,0.000000,0.000000,0.003640,0.044264
C,ka100_req32,27,xxxxxxxxxxxxxxxx0.000026,0.000000,0.000000,0.003171,0.044067
C,ka100_req33,27,xxxxxxxxxxxxxxxx0.000039,0.000000,0.000000,0.003619,0.044592
C,ka100_req34,27,xxxxxxxxxxxxxxxx0.000037,0.000000,0.000000,0.003660,0.044765
C,ka100_req35,27,xxxxxxxxxxxxxxxx0.000033,0.000000,0.000000,0.002850,0.044249
C,ka100_req36,27,xxxxxxxxxxxxxxxx0.000037,0.000000,0.000000,0.003040,0.044216
C,ka100_req37,27,xxxxxxxxxxxxxxxx0.000036,0.000000,0.000000,0.003213,0.043981
C,ka100_req38,27,xxxxxxxxxxxxxxxx0.000041,0.000000,0.000000,0.003211,0.044418
C,ka100_req39,27,xxxxxxxxxxxxxxxx0.000035,0.000000,0.000000,0.003797,0.045425
C,ka100_req40,27,xxxxxxxxxxxxxxxx0.000037,0.000000,0.000000,0.003232,0.044152
C,ka100_req41,27,xxxxxxxxxxxxxxxx0.000021,0.000000,0.000000,0.003280,0.043855
C,ka100_req42,27,xxxxxxxxxxxxxxxx0.000038,0.000000,0.000000,0.003564,0.044369
C,ka100_req43,27,xxxxxxxxxxxxxxxx0.000014,0.000000,0.000000,0.001040,0.041785
C,ka100_req44,27,xxxxxxxxxxxxxxxx0.000012,0.000000,0.000000,0.000949,0.042412
C,ka100_req45,27,xxxxxxxxxxxxxxxx0.000013,0.000000,0.000000,0.001015,0.044589
C,ka100_req46,27,xxxxxxxxxxxxxxxx0.000012,0.000000,0.000000,0.001383,0.043803
C,ka100_req47,27,xxxxxxxxxxxxxxxx0.000027,0.000000,0.000000,0.003596,0.044779
C,ka100_req48,27,xxxxxxxxxxxxxxxx0.000036,0.000000,0.000000,0.003200,0.044520
C,ka100_req49,27,xxxxxxxxxxxxxxxx0.000036,0.000000,0.000000,0.003379,0.044442
C,ka100_req50,27,xxxxxxxxxxxxxxxx0.000037,0.000000,0.000000,0.003823,0.044558
C,ka100_req51,27,xxxxxxxxxxxxxxxx0.000040,0.000000,0.000000,0.003040,0.043770
C,ka100_req52,27,xxxxxxxxxxxxxxxx0.000035,0.000000,0.000000,0.003094,0.044137
C,ka100_req53,27,xxxxxxxxxxxxxxxx0.000026,0.000000,0.000000,0.002318,0.045961
C,ka100_req54,27,xxxxxxxxxxxxxxxx0.000036,0.000000,0.000000,0.003258,0.045174
C,ka100_req55,27,xxxxxxxxxxxxxxxx0.000023,0.000000,0.000000,0.002333,0.042835
C,ka100_req56,27,xxxxxxxxxxxxxxxx0.000025,0.000000,0.000000,0.002627,0.044382
C,ka100_req57,27,xxxxxxxxxxxxxxxx0.000036,0.000000,0.000000,0.003095,0.044452
C,ka100_req58,27,xxxxxxxxxxxxxxxx0.000022,0.000000,0.000000,0.002612,0.043554
C,ka100_req59,27,xxxxxxxxxxxxxxxx0.000030,0.000000,0.000000,0.003220,0.043548
C,ka100_req60,27,xxxxxxxxxxxxxxxx0.000025,0.000000,0.000000,0.002571,0.043041
C,ka100_req61,27,xxxxxxxxxxxxxxxx0.000065,0.000000,0.000000,0.002871,0.044329
C,ka100_req62,27,xxxxxxxxxxxxxxxx0.000033,0.000000,0.000000,0.004002,0.045020
C,ka100_req63,27,xxxxxxxxxxxxxxxx0.000037,0.000000,0.000000,0.003187,0.043803
C,ka100_req64,27,xxxxxxxxxxxxxxxx0.000037,0.000000,0.000000,0.003491,0.044799
C,ka100_req65,27,xxxxxxxxxxxxxxxx0.000037,0.000000,0.000000,0.004355,0.044545
C,ka100_req66,27,xxxxxxxxxxxxxxxx0.000020,0.000000,0.000000,0.001855,0.045363
C,ka100_req67,27,xxxxxxxxxxxxxxxx0.000025,0.000000,0.000000,0.002405,0.045243
C,ka100_req68,27,xxxxxxxxxxxxxxxx0.000025,0.000000,0.000000,0.002726,0.042975
C,ka100_req69,27,xxxxxxxxxxxxxxxx0.000021,0.000000,0.000000,0.002634,0.043908
C,ka100_req70,27,xxxxxxxxxxxxxxxx0.000022,0.000000,0.000000,0.002685,0.044127
C,ka100_req71,27,xxxxxxxxxxxxxxxx0.000025,0.000000,0.000000,0.002461,0.043530
C,ka100_req72,27,xxxxxxxxxxxxxxxx0.000034,0.000000,0.000000,0.002996,0.044000
C,ka100_req73,27,xxxxxxxxxxxxxxxx0.000036,0.000000,0.000000,0.002754,0.043383
C,ka100_req74,27,xxxxxxxxxxxxxxxx0.000032,0.000000,0.000000,0.002753,0.044166
C,ka100_req75,27,xxxxxxxxxxxxxxxx0.000037,0.000000,0.000000,0.003017,0.043531
C,ka100_req76,27,xxxxxxxxxxxxxxxx0.000037,0.000000,0.000000,0.003124,0.044252
C,ka100_req77,27,xxxxxxxxxxxxxxxx0.000037,0.000000,0.000000,0.003964,0.045079
C,ka100_req78,27,xxxxxxxxxxxxxxxx0.000038,0.000000,0.000000,0.003060,0.043890
C,ka100_req79,27,xxxxxxxxxxxxxxxx0.000029,0.000000,0.000000,0.003146,0.044595
C,ka100_req80,27,xxxxxxxxxxxxxxxx0.000028,0.000000,0.000000,0.003492,0.044166
C,ka100_req81,27,xxxxxxxxxxxxxxxx0.000032,0.000000,0.000000,0.002935,0.044544
C,ka100_req82,27,xxxxxxxxxxxxxxxx0.000035,0.000000,0.000000,0.002884,0.043476
C,ka100_req83,27,xxxxxxxxxxxxxxxx0.000057,0.000000,0.000000,0.003613,0.044906
C,ka100_req84,27,xxxxxxxxxxxxxxxx0.000037,0.000000,0.000000,0.003237,0.043847
C,ka100_req85,27,xxxxxxxxxxxxxxxx0.000056,0.000000,0.000000,0.003048,0.045278
C,ka100_req86,27,xxxxxxxxxxxxxxxx0.000027,0.000000,0.000000,0.003130,0.043962
C,ka100_req87,27,xxxxxxxxxxxxxxxx0.000036,0.000000,0.000000,0.003105,0.043973
C,ka100_req88,27,xxxxxxxxxxxxxxxx0.000026,0.000000,0.000000,0.003002,0.043798
C,ka100_req89,27,xxxxxxxxxxxxxxxx0.000018,0.000000,0.000000,0.001804,0.044201
C,ka100_req90,27,xxxxxxxxxxxxxxxx0.000009,0.000000,0.000000,0.000967,0.045984
C,ka100_req91,27,xxxxxxxxxxxxxxxx0.000011,0.000000,0.000000,0.001080,0.043380
C,ka100_req92,27,xxxxxxxxxxxxxxxx0.000011,0.000000,0.000000,0.001223,0.045651
C,ka100_req93,27,xxxxxxxxxxxxxxxx0.000019,0.000000,0.000000,0.002432,0.043380
C,ka100_req94,27,xxxxxxxxxxxxxxxx0.000039,0.000000,0.000000,0.003352,0.044519
C,ka100_req95,27,xxxxxxxxxxxxxxxx0.000038,0.000000,0.000000,0.003917,0.044990
C,ka100_req96,27,xxxxxxxxxxxxxxxx0.000036,0.000000,0.000000,0.003721,0.044305
C,ka100_req97,27,xxxxxxxxxxxxxxxx0.000027,0.000000,0.000000,0.002836,0.043740
C,ka100_req98,27,xxxxxxxxxxxxxxxx0.000042,0.000000,0.000000,0.003533,0.044797
C,ka100_req99,27,xxxxxxxxxxxxxxxx0.000037,0.000000,0.000000,0.003357,0.044795
C,ka100_req100,27,xxxxxxxxxxxxxxxx0.000037,0.000000,0.000000,0.003420,0.044593
C,ka100_req1,28,0.000024,0.000217,0.031199,0.033280,0.076584
C,ka100_req2,28,xxxxxxxxxxxxxxxx0.000017,0.000000,0.000000,0.001254,0.042032
C,ka100_req3,28,xxxxxxxxxxxxxxxx0.000025,0.000000,0.000000,0.002742,0.043948
C,ka100_req4,28,xxxxxxxxxxxxxxxx0.000036,0.000000,0.000000,0.003270,0.043887
C,ka100_req5,28,xxxxxxxxxxxxxxxx0.000041,0.000000,0.000000,0.003284,0.044857
C,ka100_req6,28,xxxxxxxxxxxxxxxx0.000027,0.000000,0.000000,0.003028,0.043412
C,ka100_req7,28,xxxxxxxxxxxxxxxx0.000017,0.000000,0.000000,0.001408,0.041788
C,ka100_req8,28,xxxxxxxxxxxxxxxx0.000018,0.000000,0.000000,0.002004,0.045713
C,ka100_req9,28,xxxxxxxxxxxxxxxx0.000019,0.000000,0.000000,0.001446,0.043958
C,ka100_req10,28,xxxxxxxxxxxxxxxx0.000016,0.000000,0.000000,0.001413,0.044747
C,ka100_req11,28,xxxxxxxxxxxxxxxx0.000015,0.000000,0.000000,0.002361,0.043587
C,ka100_req12,28,xxxxxxxxxxxxxxxx0.000024,0.000000,0.000000,0.002010,0.042844
C,ka100_req13,28,xxxxxxxxxxxxxxxx0.000045,0.000000,0.000000,0.002490,0.043620
C,ka100_req14,28,xxxxxxxxxxxxxxxx0.000029,0.000000,0.000000,0.002649,0.045474
C,ka100_req15,28,xxxxxxxxxxxxxxxx0.000038,0.000000,0.000000,0.003321,0.043729
C,ka100_req16,28,xxxxxxxxxxxxxxxx0.000041,0.000000,0.000000,0.003138,0.043647
C,ka100_req17,28,xxxxxxxxxxxxxxxx0.000035,0.000000,0.000000,0.002909,0.044469
C,ka100_req18,28,xxxxxxxxxxxxxxxx0.000023,0.000000,0.000000,0.002957,0.044138
C,ka100_req19,28,xxxxxxxxxxxxxxxx0.000020,0.000000,0.000000,0.001586,0.041690
C,ka100_req20,28,xxxxxxxxxxxxxxxx0.000017,0.000000,0.000000,0.001646,0.042181
C,ka100_req21,28,xxxxxxxxxxxxxxxx0.000029,0.000000,0.000000,0.003769,0.044620
C,ka100_req22,28,xxxxxxxxxxxxxxxx0.000036,0.000000,0.000000,0.002635,0.045286
C,ka100_req23,28,xxxxxxxxxxxxxxxx0.000027,0.000000,0.000000,0.003137,0.044283
C,ka100_req24,28,xxxxxxxxxxxxxxxx0.000028,0.000000,0.000000,0.002763,0.044248
C,ka100_req25,28,xxxxxxxxxxxxxxxx0.000037,0.000000,0.000000,0.003070,0.045152
C,ka100_req26,28,xxxxxxxxxxxxxxxx0.000036,0.000000,0.000000,0.002764,0.044248
C,ka100_req27,28,xxxxxxxxxxxxxxxx0.000041,0.000000,0.000000,0.002354,0.044521
C,ka100_req28,28,xxxxxxxxxxxxxxxx0.000037,0.000000,0.000000,0.002496,0.043408
C,ka100_req29,28,xxxxxxxxxxxxxxxx0.000017,0.000000,0.000000,0.001763,0.043043
C,ka100_req30,28,xxxxxxxxxxxxxxxx0.000035,0.000000,0.000000,0.002880,0.043534
C,ka100_req31,28,xxxxxxxxxxxxxxxx0.000024,0.000000,0.000000,0.003093,0.046018
C,ka100_req32,28,xxxxxxxxxxxxxxxx0.000031,0.000000,0.000000,0.003165,0.043688
C,ka100_req33,28,xxxxxxxxxxxxxxxx0.000035,0.000000,0.000000,0.002556,0.043972
C,ka100_req34,28,xxxxxxxxxxxxxxxx0.000029,0.000000,0.000000,0.002574,0.043877
C,ka100_req35,28,xxxxxxxxxxxxxxxx0.000037,0.000000,0.000000,0.003296,0.045420
C,ka100_req36,28,xxxxxxxxxxxxxxxx0.000041,0.000000,0.000000,0.003314,0.044395
C,ka100_req37,28,xxxxxxxxxxxxxxxx0.000037,0.000000,0.000000,0.003180,0.044242
C,ka100_req38,28,xxxxxxxxxxxxxxxx0.000037,0.000000,0.000000,0.003497,0.046025
C,ka100_req39,28,xxxxxxxxxxxxxxxx0.000034,0.000000,0.000000,0.003574,0.044240
C,ka100_req40,28,xxxxxxxxxxxxxxxx0.000039,0.000000,0.000000,0.003780,0.044827
C,ka100_req41,28,xxxxxxxxxxxxxxxx0.000026,0.000000,0.000000,0.002886,0.044009
C,ka100_req42,28,xxxxxxxxxxxxxxxx0.000037,0.000000,0.000000,0.003361,0.045138
C,ka100_req43,28,xxxxxxxxxxxxxxxx0.000039,0.000000,0.000000,0.003191,0.044008
C,ka100_req44,28,xxxxxxxxxxxxxxxx0.000031,0.000000,0.000000,0.003162,0.043932
C,ka100_req45,28,xxxxxxxxxxxxxxxx0.000038,0.000000,0.000000,0.003805,0.045010
C,ka100_req46,28,xxxxxxxxxxxxxxxx0.000027,0.000000,0.000000,0.003057,0.044491
C,ka100_req47,28,xxxxxxxxxxxxxxxx0.000034,0.000000,0.000000,0.003076,0.043541
C,ka100_req48,28,xxxxxxxxxxxxxxxx0.000038,0.000000,0.000000,0.004182,0.045316
C,ka100_req49,28,xxxxxxxxxxxxxxxx0.000024,0.000000,0.000000,0.002825,0.043282
C,ka100_req50,28,xxxxxxxxxxxxxxxx0.000023,0.000000,0.000000,0.002650,0.044330
C,ka100_req51,28,xxxxxxxxxxxxxxxx0.000040,0.000000,0.000000,0.003594,0.044129
C,ka100_req52,28,xxxxxxxxxxxxxxxx0.000037,0.000000,0.000000,0.003096,0.044411
C,ka100_req53,28,xxxxxxxxxxxxxxxx0.000036,0.000000,0.000000,0.003038,0.044105
C,ka100_req54,28,xxxxxxxxxxxxxxxx0.000043,0.000000,0.000000,0.004307,0.045521
C,ka100_req55,28,xxxxxxxxxxxxxxxx0.000037,0.000000,0.000000,0.002966,0.044686
C,ka100_req56,28,xxxxxxxxxxxxxxxx0.000035,0.000000,0.000000,0.003563,0.044442
C,ka100_req57,28,xxxxxxxxxxxxxxxx0.000031,0.000000,0.000000,0.003256,0.044548
C,ka100_req58,28,xxxxxxxxxxxxxxxx0.000026,0.000000,0.000000,0.002605,0.043674
C,ka100_req59,28,xxxxxxxxxxxxxxxx0.000041,0.000000,0.000000,0.003043,0.044092
C,ka100_req60,28,xxxxxxxxxxxxxxxx0.000030,0.000000,0.000000,0.002955,0.043443
C,ka100_req61,28,xxxxxxxxxxxxxxxx0.000026,0.000000,0.000000,0.002985,0.043778
C,ka100_req62,28,xxxxxxxxxxxxxxxx0.000023,0.000000,0.000000,0.002788,0.044603
C,ka100_req63,28,xxxxxxxxxxxxxxxx0.000047,0.000000,0.000000,0.003606,0.044879
C,ka100_req64,28,xxxxxxxxxxxxxxxx0.000026,0.000000,0.000000,0.002818,0.044425
C,ka100_req65,28,xxxxxxxxxxxxxxxx0.000023,0.000000,0.000000,0.003196,0.044101
C,ka100_req66,28,xxxxxxxxxxxxxxxx0.000029,0.000000,0.000000,0.003307,0.044879
C,ka100_req67,28,xxxxxxxxxxxxxxxx0.000027,0.000000,0.000000,0.004926,0.046269
C,ka100_req68,28,xxxxxxxxxxxxxxxx0.000038,0.000000,0.000000,0.003104,0.044533
C,ka100_req69,28,xxxxxxxxxxxxxxxx0.000023,0.000000,0.000000,0.003148,0.043792
C,ka100_req70,28,xxxxxxxxxxxxxxxx0.000064,0.000000,0.000000,0.003058,0.044495
C,ka100_req71,28,xxxxxxxxxxxxxxxx0.000028,0.000000,0.000000,0.003145,0.045778
C,ka100_req72,28,xxxxxxxxxxxxxxxx0.000037,0.000000,0.000000,0.002806,0.044541
C,ka100_req73,28,xxxxxxxxxxxxxxxx0.000039,0.000000,0.000000,0.003770,0.045224
C,ka100_req74,28,xxxxxxxxxxxxxxxx0.000066,0.000000,0.000000,0.004022,0.044504
C,ka100_req75,28,xxxxxxxxxxxxxxxx0.000038,0.000000,0.000000,0.002757,0.044407
C,ka100_req76,28,xxxxxxxxxxxxxxxx0.000026,0.000000,0.000000,0.002718,0.043043
C,ka100_req77,28,xxxxxxxxxxxxxxxx0.000024,0.000000,0.000000,0.002389,0.042710
C,ka100_req78,28,xxxxxxxxxxxxxxxx0.000027,0.000000,0.000000,0.002674,0.044005
C,ka100_req79,28,xxxxxxxxxxxxxxxx0.000038,0.000000,0.000000,0.003791,0.044777
C,ka100_req80,28,xxxxxxxxxxxxxxxx0.000039,0.000000,0.000000,0.003177,0.043795
C,ka100_req81,28,xxxxxxxxxxxxxxxx0.000029,0.000000,0.000000,0.002824,0.043589
C,ka100_req82,28,xxxxxxxxxxxxxxxx0.000027,0.000000,0.000000,0.003624,0.043775
C,ka100_req83,28,xxxxxxxxxxxxxxxx0.000042,0.000000,0.000000,0.003543,0.045010
C,ka100_req84,28,xxxxxxxxxxxxxxxx0.000036,0.000000,0.000000,0.003385,0.044908
C,ka100_req85,28,xxxxxxxxxxxxxxxx0.000038,0.000000,0.000000,0.003826,0.044520
C,ka100_req86,28,xxxxxxxxxxxxxxxx0.000037,0.000000,0.000000,0.003174,0.043574
C,ka100_req87,28,xxxxxxxxxxxxxxxx0.000036,0.000000,0.000000,0.003252,0.043782
C,ka100_req88,28,xxxxxxxxxxxxxxxx0.000037,0.000000,0.000000,0.004003,0.044604
C,ka100_req89,28,xxxxxxxxxxxxxxxx0.000037,0.000000,0.000000,0.003785,0.045492
C,ka100_req90,28,xxxxxxxxxxxxxxxx0.000035,0.000000,0.000000,0.003400,0.044478
C,ka100_req91,28,xxxxxxxxxxxxxxxx0.000032,0.000000,0.000000,0.003389,0.044283
C,ka100_req92,28,xxxxxxxxxxxxxxxx0.000027,0.000000,0.000000,0.002700,0.043923
C,ka100_req93,28,xxxxxxxxxxxxxxxx0.000037,0.000000,0.000000,0.003735,0.044823
C,ka100_req94,28,xxxxxxxxxxxxxxxx0.000039,0.000000,0.000000,0.003818,0.044784
C,ka100_req95,28,xxxxxxxxxxxxxxxx0.000026,0.000000,0.000000,0.002783,0.043650
C,ka100_req96,28,xxxxxxxxxxxxxxxx0.000040,0.000000,0.000000,0.002910,0.043791
C,ka100_req97,28,xxxxxxxxxxxxxxxx0.000033,0.000000,0.000000,0.003303,0.044097
C,ka100_req98,28,xxxxxxxxxxxxxxxx0.000025,0.000000,0.000000,0.002293,0.046057
C,ka100_req99,28,xxxxxxxxxxxxxxxx0.000030,0.000000,0.000000,0.002823,0.044221
C,ka100_req100,28,xxxxxxxxxxxxxxxx0.000036,0.000000,0.000000,0.003549,0.045284
C,ka100_req1,29,0.000023,0.000162,0.030886,0.033340,0.076978
C,ka100_req2,29,xxxxxxxxxxxxxxxx0.000019,0.000000,0.000000,0.001377,0.043979
C,ka100_req3,29,xxxxxxxxxxxxxxxx0.000026,0.000000,0.000000,0.002547,0.043001
C,ka100_req4,29,xxxxxxxxxxxxxxxx0.000035,0.000000,0.000000,0.003455,0.043761
C,ka100_req5,29,xxxxxxxxxxxxxxxx0.000038,0.000000,0.000000,0.003720,0.045136
C,ka100_req6,29,xxxxxxxxxxxxxxxx0.000052,0.000000,0.000000,0.003509,0.044209
C,ka100_req7,29,xxxxxxxxxxxxxxxx0.000038,0.000000,0.000000,0.003183,0.043821
C,ka100_req8,29,xxxxxxxxxxxxxxxx0.000028,0.000000,0.000000,0.002668,0.045814
C,ka100_req9,29,xxxxxxxxxxxxxxxx0.000038,0.000000,0.000000,0.003836,0.045391
C,ka100_req10,29,xxxxxxxxxxxxxxxx0.000040,0.000000,0.000000,0.003259,0.044619
C,ka100_req11,29,xxxxxxxxxxxxxxxx0.000037,0.000000,0.000000,0.003495,0.044044
C,ka100_req12,29,xxxxxxxxxxxxxxxx0.000028,0.000000,0.000000,0.003133,0.044931
C,ka100_req13,29,xxxxxxxxxxxxxxxx0.000036,0.000000,0.000000,0.003746,0.044625
C,ka100_req14,29,xxxxxxxxxxxxxxxx0.000033,0.000000,0.000000,0.002697,0.044044
C,ka100_req15,29,xxxxxxxxxxxxxxxx0.000030,0.000000,0.000000,0.002848,0.043742
C,ka100_req16,29,xxxxxxxxxxxxxxxx0.000035,0.000000,0.000000,0.003173,0.043847
C,ka100_req17,29,xxxxxxxxxxxxxxxx0.000067,0.000000,0.000000,0.003138,0.045834
C,ka100_req18,29,xxxxxxxxxxxxxxxx0.000041,0.000000,0.000000,0.003552,0.044530
C,ka100_req19,29,xxxxxxxxxxxxxxxx0.000040,0.000000,0.000000,0.003605,0.044504
C,ka100_req20,29,xxxxxxxxxxxxxxxx0.000050,0.000000,0.000000,0.003535,0.044867
C,ka100_req21,29,xxxxxxxxxxxxxxxx0.000038,0.000000,0.000000,0.003461,0.044622
C,ka100_req22,29,xxxxxxxxxxxxxxxx0.000037,0.000000,0.000000,0.003724,0.044892
C,ka100_req23,29,xxxxxxxxxxxxxxxx0.000034,0.000000,0.000000,0.003092,0.043726
C,ka100_req24,29,xxxxxxxxxxxxxxxx0.000035,0.000000,0.000000,0.002936,0.044296
C,ka100_req25,29,xxxxxxxxxxxxxxxx0.000038,0.000000,0.000000,0.003616,0.044424
C,ka100_req26,29,xxxxxxxxxxxxxxxx0.000037,0.000000,0.000000,0.003182,0.044440
C,ka100_req27,29,xxxxxxxxxxxxxxxx0.000038,0.000000,0.000000,0.003537,0.044606
C,ka100_req28,29,xxxxxxxxxxxxxxxx0.000039,0.000000,0.000000,0.004119,0.045619
C,ka100_req29,29,xxxxxxxxxxxxxxxx0.000036,0.000000,0.000000,0.003593,0.045062
C,ka100_req30,29,xxxxxxxxxxxxxxxx0.000039,0.000000,0.000000,0.003587,0.045385
C,ka100_req31,29,xxxxxxxxxxxxxxxx0.000041,0.000000,0.000000,0.003194,0.044465
C,ka100_req32,29,xxxxxxxxxxxxxxxx0.000024,0.000000,0.000000,0.003255,0.044611
C,ka100_req33,29,xxxxxxxxxxxxxxxx0.000043,0.000000,0.000000,0.003066,0.043409
C,ka100_req34,29,xxxxxxxxxxxxxxxx0.000037,0.000000,0.000000,0.003175,0.043921
C,ka100_req35,29,xxxxxxxxxxxxxxxx0.000040,0.000000,0.000000,0.003379,0.044684
C,ka100_req36,29,xxxxxxxxxxxxxxxx0.000028,0.000000,0.000000,0.003328,0.044242
C,ka100_req37,29,xxxxxxxxxxxxxxxx0.000023,0.000000,0.000000,0.002704,0.044576
C,ka100_req38,29,xxxxxxxxxxxxxxxx0.000037,0.000000,0.000000,0.002923,0.043699
C,ka100_req39,29,xxxxxxxxxxxxxxxx0.000041,0.000000,0.000000,0.003161,0.044448
C,ka100_req40,29,xxxxxxxxxxxxxxxx0.000027,0.000000,0.000000,0.003022,0.043754
C,ka100_req41,29,xxxxxxxxxxxxxxxx0.000022,0.000000,0.000000,0.003302,0.044225
C,ka100_req42,29,xxxxxxxxxxxxxxxx0.000038,0.000000,0.000000,0.003033,0.044363
C,ka100_req43,29,xxxxxxxxxxxxxxxx0.000061,0.000000,0.000000,0.003215,0.043778
C,ka100_req44,29,xxxxxxxxxxxxxxxx0.000027,0.000000,0.000000,0.002905,0.043858
C,ka100_req45,29,xxxxxxxxxxxxxxxx0.000040,0.000000,0.000000,0.003227,0.043953
C,ka100_req46,29,xxxxxxxxxxxxxxxx0.000033,0.000000,0.000000,0.003346,0.044453
C,ka100_req47,29,xxxxxxxxxxxxxxxx0.000036,0.000000,0.000000,0.003673,0.044884
C,ka100_req48,29,xxxxxxxxxxxxxxxx0.000036,0.000000,0.000000,0.003383,0.044595
C,ka100_req49,29,xxxxxxxxxxxxxxxx0.000037,0.000000,0.000000,0.003141,0.043658
C,ka100_req50,29,xxxxxxxxxxxxxxxx0.000027,0.000000,0.000000,0.003146,0.044259
C,ka100_req51,29,xxxxxxxxxxxxxxxx0.000028,0.000000,0.000000,0.002728,0.043631
C,ka100_req52,29,xxxxxxxxxxxxxxxx0.000032,0.000000,0.000000,0.002860,0.043403
C,ka100_req53,29,xxxxxxxxxxxxxxxx0.000024,0.000000,0.000000,0.002428,0.044531
C,ka100_req54,29,xxxxxxxxxxxxxxxx0.000036,0.000000,0.000000,0.003212,0.044533
C,ka100_req55,29,xxxxxxxxxxxxxxxx0.000029,0.000000,0.000000,0.003150,0.044371
C,ka100_req56,29,xxxxxxxxxxxxxxxx0.000037,0.000000,0.000000,0.003620,0.044676
C,ka100_req57,29,xxxxxxxxxxxxxxxx0.000035,0.000000,0.000000,0.003163,0.043874
C,ka100_req58,29,xxxxxxxxxxxxxxxx0.000037,0.000000,0.000000,0.003285,0.043844
C,ka100_req59,29,xxxxxxxxxxxxxxxx0.000061,0.000000,0.000000,0.003058,0.043751
C,ka100_req60,29,xxxxxxxxxxxxxxxx0.000066,0.000000,0.000000,0.002864,0.045594
C,ka100_req61,29,xxxxxxxxxxxxxxxx0.000036,0.000000,0.000000,0.003326,0.044259
C,ka100_req62,29,xxxxxxxxxxxxxxxx0.000027,0.000000,0.000000,0.003467,0.044343
C,ka100_req63,29,xxxxxxxxxxxxxxxx0.000039,0.000000,0.000000,0.002994,0.043643
C,ka100_req64,29,xxxxxxxxxxxxxxxx0.000037,0.000000,0.000000,0.003376,0.044401
C,ka100_req65,29,xxxxxxxxxxxxxxxx0.000034,0.000000,0.000000,0.003368,0.043799
C,ka100_req66,29,xxxxxxxxxxxxxxxx0.000012,0.000000,0.000000,0.001145,0.042096
C,ka100_req67,29,xxxxxxxxxxxxxxxx0.000016,0.000000,0.000000,0.001302,0.045625
C,ka100_req68,29,xxxxxxxxxxxxxxxx0.000012,0.000000,0.000000,0.001129,0.042634
C,ka100_req69,29,xxxxxxxxxxxxxxxx0.000021,0.000000,0.000000,0.002372,0.043711
C,ka100_req70,29,xxxxxxxxxxxxxxxx0.000036,0.000000,0.000000,0.003717,0.044785
C,ka100_req71,29,xxxxxxxxxxxxxxxx0.000037,0.000000,0.000000,0.003667,0.045030
C,ka100_req72,29,xxxxxxxxxxxxxxxx0.000040,0.000000,0.000000,0.003175,0.045696
C,ka100_req73,29,xxxxxxxxxxxxxxxx0.000035,0.000000,0.000000,0.003545,0.044199
C,ka100_req74,29,xxxxxxxxxxxxxxxx0.000038,0.000000,0.000000,0.003609,0.044730
C,ka100_req75,29,xxxxxxxxxxxxxxxx0.000041,0.000000,0.000000,0.003083,0.043635
C,ka100_req76,29,xxxxxxxxxxxxxxxx0.000036,0.000000,0.000000,0.003498,0.043956
C,ka100_req77,29,xxxxxxxxxxxxxxxx0.000037,0.000000,0.000000,0.003829,0.044907
C,ka100_req78,29,xxxxxxxxxxxxxxxx0.000068,0.000000,0.000000,0.003147,0.044482
C,ka100_req79,29,xxxxxxxxxxxxxxxx0.000039,0.000000,0.000000,0.003477,0.045067
C,ka100_req80,29,xxxxxxxxxxxxxxxx0.000038,0.000000,0.000000,0.003539,0.045313
C,ka100_req81,29,xxxxxxxxxxxxxxxx0.000093,0.000000,0.000000,0.004116,0.044830
C,ka100_req82,29,xxxxxxxxxxxxxxxx0.000036,0.000000,0.000000,0.001878,0.042442
C,ka100_req83,29,xxxxxxxxxxxxxxxx0.000026,0.000000,0.000000,0.002112,0.042876
C,ka100_req84,29,xxxxxxxxxxxxxxxx0.000017,0.000000,0.000000,0.002627,0.045862
C,ka100_req85,29,xxxxxxxxxxxxxxxx0.000037,0.000000,0.000000,0.002953,0.043766
C,ka100_req86,29,xxxxxxxxxxxxxxxx0.000059,0.000000,0.000000,0.003111,0.043591
C,ka100_req87,29,xxxxxxxxxxxxxxxx0.000036,0.000000,0.000000,0.002924,0.043907
C,ka100_req88,29,xxxxxxxxxxxxxxxx0.000022,0.000000,0.000000,0.003440,0.044568
C,ka100_req89,29,xxxxxxxxxxxxxxxx0.000024,0.000000,0.000000,0.002182,0.042866
C,ka100_req90,29,xxxxxxxxxxxxxxxx0.000023,0.000000,0.000000,0.002417,0.045863
C,ka100_req91,29,xxxxxxxxxxxxxxxx0.000031,0.000000,0.000000,0.003378,0.045655
C,ka100_req92,29,xxxxxxxxxxxxxxxx0.000040,0.000000,0.000000,0.003785,0.044897
C,ka100_req93,29,xxxxxxxxxxxxxxxx0.000041,0.000000,0.000000,0.003274,0.044486
C,ka100_req94,29,xxxxxxxxxxxxxxxx0.000038,0.000000,0.000000,0.002998,0.043948
C,ka100_req95,29,xxxxxxxxxxxxxxxx0.000065,0.000000,0.000000,0.004804,0.045852
C,ka100_req96,29,xxxxxxxxxxxxxxxx0.000016,0.000000,0.000000,0.001617,0.043015
C,ka100_req97,29,xxxxxxxxxxxxxxxx0.000038,0.000000,0.000000,0.001974,0.043357
C,ka100_req98,29,xxxxxxxxxxxxxxxx0.000023,0.000000,0.000000,0.003325,0.044668
C,ka100_req99,29,xxxxxxxxxxxxxxxx0.000037,0.000000,0.000000,0.003594,0.044812
C,ka100_req100,29,xxxxxxxxxxxxxxxx0.000031,0.000000,0.000000,0.003420,0.044735
C,ka100_req1,30,0.000024,0.000215,0.030070,0.032665,0.073846
C,ka100_req2,30,xxxxxxxxxxxxxxxx0.000012,0.000000,0.000000,0.001444,0.045670
C,ka100_req3,30,xxxxxxxxxxxxxxxx0.000030,0.000000,0.000000,0.003434,0.043877
C,ka100_req4,30,xxxxxxxxxxxxxxxx0.000039,0.000000,0.000000,0.003348,0.043794
C,ka100_req5,30,xxxxxxxxxxxxxxxx0.000026,0.000000,0.000000,0.003093,0.045189
C,ka100_req6,30,xxxxxxxxxxxxxxxx0.000033,0.000000,0.000000,0.004079,0.045688
C,ka100_req7,30,xxxxxxxxxxxxxxxx0.000038,0.000000,0.000000,0.007916,0.048499
C,ka100_req8,30,xxxxxxxxxxxxxxxx0.000027,0.000000,0.000000,0.003413,0.045075
C,ka100_req9,30,xxxxxxxxxxxxxxxx0.000024,0.000000,0.000000,0.003187,0.044857
C,ka100_req10,30,xxxxxxxxxxxxxxxx0.000024,0.000000,0.000000,0.001720,0.045983
C,ka100_req11,30,xxxxxxxxxxxxxxxx0.000010,0.000000,0.000000,0.000958,0.045943
C,ka100_req12,30,xxxxxxxxxxxxxxxx0.000012,0.000000,0.000000,0.001106,0.043723
C,ka100_req13,30,xxxxxxxxxxxxxxxx0.000013,0.000000,0.000000,0.001040,0.043125
C,ka100_req14,30,xxxxxxxxxxxxxxxx0.000010,0.000000,0.000000,0.001004,0.044650
C,ka100_req15,30,xxxxxxxxxxxxxxxx0.000028,0.000000,0.000000,0.002578,0.043309
C,ka100_req16,30,xxxxxxxxxxxxxxxx0.000037,0.000000,0.000000,0.003446,0.045252
C,ka100_req17,30,xxxxxxxxxxxxxxxx0.000040,0.000000,0.000000,0.003325,0.044287
C,ka100_req18,30,xxxxxxxxxxxxxxxx0.000049,0.000000,0.000000,0.003416,0.044677
C,ka100_req19,30,xxxxxxxxxxxxxxxx0.000027,0.000000,0.000000,0.002865,0.043747
C,ka100_req20,30,xxxxxxxxxxxxxxxx0.000031,0.000000,0.000000,0.003249,0.044022
C,ka100_req21,30,xxxxxxxxxxxxxxxx0.000069,0.000000,0.000000,0.003519,0.044892
C,ka100_req22,30,xxxxxxxxxxxxxxxx0.000037,0.000000,0.000000,0.003353,0.044961
C,ka100_req23,30,xxxxxxxxxxxxxxxx0.000033,0.000000,0.000000,0.003496,0.044624
C,ka100_req24,30,xxxxxxxxxxxxxxxx0.000037,0.000000,0.000000,0.003758,0.044641
C,ka100_req25,30,xxxxxxxxxxxxxxxx0.000039,0.000000,0.000000,0.003541,0.044446
C,ka100_req26,30,xxxxxxxxxxxxxxxx0.000032,0.000000,0.000000,0.003858,0.044762
C,ka100_req27,30,xxxxxxxxxxxxxxxx0.000034,0.000000,0.000000,0.003774,0.044762
C,ka100_req28,30,xxxxxxxxxxxxxxxx0.000033,0.000000,0.000000,0.003390,0.044494
C,ka100_req29,30,xxxxxxxxxxxxxxxx0.000033,0.000000,0.000000,0.002921,0.044991
C,ka100_req30,30,xxxxxxxxxxxxxxxx0.000047,0.000000,0.000000,0.003687,0.044769
C,ka100_req31,30,xxxxxxxxxxxxxxxx0.000039,0.000000,0.000000,0.003249,0.044627
C,ka100_req32,30,xxxxxxxxxxxxxxxx0.000037,0.000000,0.000000,0.003591,0.044992
C,ka100_req33,30,xxxxxxxxxxxxxxxx0.000041,0.000000,0.000000,0.003453,0.044281
C,ka100_req34,30,xxxxxxxxxxxxxxxx0.000040,0.000000,0.000000,0.004031,0.045176
C,ka100_req35,30,xxxxxxxxxxxxxxxx0.000037,0.000000,0.000000,0.003523,0.044782
C,ka100_req36,30,xxxxxxxxxxxxxxxx0.000033,0.000000,0.000000,0.003349,0.045245
C,ka100_req37,30,xxxxxxxxxxxxxxxx0.000057,0.000000,0.000000,0.003874,0.044438
C,ka100_req38,30,xxxxxxxxxxxxxxxx0.000037,0.000000,0.000000,0.003803,0.044716
C,ka100_req39,30,xxxxxxxxxxxxxxxx0.000027,0.000000,0.000000,0.002788,0.044587
C,ka100_req40,30,xxxxxxxxxxxxxxxx0.000042,0.000000,0.000000,0.004744,0.046117
C,ka100_req41,30,xxxxxxxxxxxxxxxx0.000038,0.000000,0.000000,0.003591,0.045120
C,ka100_req42,30,xxxxxxxxxxxxxxxx0.000024,0.000000,0.000000,0.002475,0.043327
C,ka100_req43,30,xxxxxxxxxxxxxxxx0.000093,0.000000,0.000000,0.003515,0.045319
C,ka100_req44,30,xxxxxxxxxxxxxxxx0.000039,0.000000,0.000000,0.003495,0.044772
C,ka100_req45,30,xxxxxxxxxxxxxxxx0.000038,0.000000,0.000000,0.003466,0.044863
C,ka100_req46,30,xxxxxxxxxxxxxxxx0.000037,0.000000,0.000000,0.003389,0.044678
C,ka100_req47,30,xxxxxxxxxxxxxxxx0.000040,0.000000,0.000000,0.003738,0.045194
C,ka100_req48,30,xxxxxxxxxxxxxxxx0.000038,0.000000,0.000000,0.003437,0.044624
C,ka100_req49,30,xxxxxxxxxxxxxxxx0.000036,0.000000,0.000000,0.003261,0.044651
C,ka100_req50,30,xxxxxxxxxxxxxxxx0.000039,0.000000,0.000000,0.003726,0.044865
C,ka100_req51,30,xxxxxxxxxxxxxxxx0.000040,0.000000,0.000000,0.003271,0.044239
C,ka100_req52,30,xxxxxxxxxxxxxxxx0.000031,0.000000,0.000000,0.002825,0.043798
C,ka100_req53,30,xxxxxxxxxxxxxxxx0.000038,0.000000,0.000000,0.003581,0.044687
C,ka100_req54,30,xxxxxxxxxxxxxxxx0.000038,0.000000,0.000000,0.003693,0.044844
C,ka100_req55,30,xxxxxxxxxxxxxxxx0.000037,0.000000,0.000000,0.003400,0.044535
C,ka100_req56,30,xxxxxxxxxxxxxxxx0.000038,0.000000,0.000000,0.003248,0.044205
C,ka100_req57,30,xxxxxxxxxxxxxxxx0.000039,0.000000,0.000000,0.003250,0.047193
C,ka100_req58,30,xxxxxxxxxxxxxxxx0.000049,0.000000,0.000000,0.010945,0.052364
C,ka100_req59,30,xxxxxxxxxxxxxxxx0.000020,0.000000,0.000000,0.001917,0.043152
C,ka100_req60,30,xxxxxxxxxxxxxxxx0.000036,0.000000,0.000000,0.002012,0.042959
C,ka100_req61,30,xxxxxxxxxxxxxxxx0.000034,0.000000,0.000000,0.002962,0.043772
C,ka100_req62,30,xxxxxxxxxxxxxxxx0.000036,0.000000,0.000000,0.002968,0.043681
C,ka100_req63,30,xxxxxxxxxxxxxxxx0.000038,0.000000,0.000000,0.003350,0.044659
C,ka100_req64,30,xxxxxxxxxxxxxxxx0.000040,0.000000,0.000000,0.003523,0.044568
C,ka100_req65,30,xxxxxxxxxxxxxxxx0.000035,0.000000,0.000000,0.003545,0.044869
C,ka100_req66,30,xxxxxxxxxxxxxxxx0.000035,0.000000,0.000000,0.003364,0.044909
C,ka100_req67,30,xxxxxxxxxxxxxxxx0.000035,0.000000,0.000000,0.003496,0.045345
C,ka100_req68,30,xxxxxxxxxxxxxxxx0.000028,0.000000,0.000000,0.003498,0.044966
C,ka100_req69,30,xxxxxxxxxxxxxxxx0.000038,0.000000,0.000000,0.003367,0.044085
C,ka100_req70,30,xxxxxxxxxxxxxxxx0.000036,0.000000,0.000000,0.003549,0.044390
C,ka100_req71,30,xxxxxxxxxxxxxxxx0.000039,0.000000,0.000000,0.005598,0.046942
C,ka100_req72,30,xxxxxxxxxxxxxxxx0.000035,0.000000,0.000000,0.003295,0.043700
C,ka100_req73,30,xxxxxxxxxxxxxxxx0.000027,0.000000,0.000000,0.003263,0.044933
C,ka100_req74,30,xxxxxxxxxxxxxxxx0.000037,0.000000,0.000000,0.003952,0.044702
C,ka100_req75,30,xxxxxxxxxxxxxxxx0.000037,0.000000,0.000000,0.003469,0.045180
C,ka100_req76,30,xxxxxxxxxxxxxxxx0.000035,0.000000,0.000000,0.003043,0.044147
C,ka100_req77,30,xxxxxxxxxxxxxxxx0.000039,0.000000,0.000000,0.003472,0.043813
C,ka100_req78,30,xxxxxxxxxxxxxxxx0.000023,0.000000,0.000000,0.002663,0.045745
C,ka100_req79,30,xxxxxxxxxxxxxxxx0.000037,0.000000,0.000000,0.002815,0.043716
C,ka100_req80,30,xxxxxxxxxxxxxxxx0.000053,0.000000,0.000000,0.018365,0.060238
C,ka100_req81,30,xxxxxxxxxxxxxxxx0.000059,0.000000,0.000000,0.002117,0.043524
C,ka100_req82,30,xxxxxxxxxxxxxxxx0.000037,0.000000,0.000000,0.003500,0.044568
C,ka100_req83,30,xxxxxxxxxxxxxxxx0.000039,0.000000,0.000000,0.003559,0.044137
C,ka100_req84,30,xxxxxxxxxxxxxxxx0.000030,0.000000,0.000000,0.003339,0.044748
C,ka100_req85,30,xxxxxxxxxxxxxxxx0.000073,0.000000,0.000000,0.002967,0.043559
C,ka100_req86,30,xxxxxxxxxxxxxxxx0.000032,0.000000,0.000000,0.003678,0.044647
C,ka100_req87,30,xxxxxxxxxxxxxxxx0.000020,0.000000,0.000000,0.002005,0.042766
C,ka100_req88,30,xxxxxxxxxxxxxxxx0.000037,0.000000,0.000000,0.001892,0.044592
C,ka100_req89,30,xxxxxxxxxxxxxxxx0.000031,0.000000,0.000000,0.002594,0.042780
C,ka100_req90,30,xxxxxxxxxxxxxxxx0.000024,0.000000,0.000000,0.001739,0.045601
C,ka100_req91,30,xxxxxxxxxxxxxxxx0.000030,0.000000,0.000000,0.001855,0.044369
C,ka100_req92,30,xxxxxxxxxxxxxxxx0.000021,0.000000,0.000000,0.001935,0.042579
C,ka100_req93,30,xxxxxxxxxxxxxxxx0.000031,0.000000,0.000000,0.002555,0.043937
C,ka100_req94,30,xxxxxxxxxxxxxxxx0.000028,0.000000,0.000000,0.001722,0.042893
C,ka100_req95,30,xxxxxxxxxxxxxxxx0.000015,0.000000,0.000000,0.002424,0.042651
C,ka100_req96,30,xxxxxxxxxxxxxxxx0.000018,0.000000,0.000000,0.002022,0.042948
C,ka100_req97,30,xxxxxxxxxxxxxxxx0.000024,0.000000,0.000000,0.002276,0.042887
C,ka100_req98,30,xxxxxxxxxxxxxxxx0.000017,0.000000,0.000000,0.001836,0.042790
C,ka100_req99,30,xxxxxxxxxxxxxxxx0.000029,0.000000,0.000000,0.002705,0.045654
C,ka100_req100,30,xxxxxxxxxxxxxxxx0.000020,0.000000,0.000000,0.004139,0.045221
C,hdr_1k,1,0.000025,0.000190,0.029539,0.031938,0.072961
C,hdr_1k,2,0.000014,0.000072,0.023238,0.025023,0.065686
C,hdr_1k,3,0.000015,0.000071,0.021000,0.022833,0.067066
C,hdr_1k,4,0.000014,0.000061,0.020295,0.022418,0.063597
C,hdr_1k,5,0.000012,0.000049,0.019886,0.021844,0.065432
C,hdr_1k,6,0.000012,0.000047,0.019857,0.021201,0.065702
C,hdr_1k,7,0.000013,0.000051,0.020092,0.021554,0.065356
C,hdr_1k,8,0.000012,0.000064,0.019804,0.021223,0.065775
C,hdr_1k,9,0.000012,0.000048,0.019535,0.021364,0.064811
C,hdr_1k,10,0.000012,0.000045,0.019860,0.021922,0.062272
C,hdr_1k,11,0.000014,0.000069,0.019624,0.021495,0.065027
C,hdr_1k,12,0.000014,0.000063,0.019749,0.021506,0.065500
C,hdr_1k,13,0.000013,0.000052,0.019638,0.021405,0.064425
C,hdr_1k,14,0.000013,0.000048,0.019450,0.021230,0.064437
C,hdr_1k,15,0.000013,0.000050,0.019812,0.021106,0.063905
C,hdr_1k,16,0.000012,0.000053,0.019853,0.021276,0.062360
C,hdr_1k,17,0.000012,0.000047,0.019584,0.020945,0.065340
C,hdr_1k,18,0.000012,0.000046,0.019697,0.021489,0.062002
C,hdr_1k,19,0.000012,0.000060,0.019424,0.020696,0.064417
C,hdr_1k,20,0.000012,0.000048,0.019151,0.020536,0.063104
C,hdr_1k,21,0.000013,0.000059,0.019401,0.021111,0.063044
C,hdr_1k,22,0.000013,0.000049,0.019157,0.020688,0.065002
C,hdr_1k,23,0.000012,0.000046,0.019951,0.021851,0.065580
C,hdr_1k,24,0.000012,0.000048,0.019875,0.021533,0.065809
C,hdr_1k,25,0.000012,0.000045,0.019715,0.021341,0.065407
C,hdr_1k,26,0.000012,0.000044,0.019905,0.021092,0.062237
C,hdr_1k,27,0.000012,0.000047,0.019617,0.021130,0.064877
C,hdr_1k,28,0.000012,0.000045,0.019551,0.021235,0.064747
C,hdr_1k,29,0.000013,0.000048,0.019667,0.021305,0.063108
C,hdr_1k,30,0.000015,0.000069,0.020078,0.021542,0.065736
C,hdr_4k,1,0.000014,0.000064,0.019676,0.021561,0.064717
C,hdr_4k,2,0.000013,0.000053,0.019823,0.021840,0.064784
C,hdr_4k,3,0.000012,0.000046,0.019415,0.021476,0.062535
C,hdr_4k,4,0.000012,0.000046,0.020111,0.021940,0.065888
C,hdr_4k,5,0.000013,0.000057,0.019401,0.021320,0.064805
C,hdr_4k,6,0.000013,0.000050,0.019809,0.022033,0.063226
C,hdr_4k,7,0.000012,0.000047,0.019817,0.021916,0.064535
C,hdr_4k,8,0.000012,0.000046,0.019857,0.021918,0.065873
C,hdr_4k,9,0.000012,0.000052,0.019506,0.020898,0.064756
C,hdr_4k,10,0.000012,0.000046,0.019473,0.020928,0.063031
C,hdr_4k,11,0.000014,0.000061,0.019884,0.021777,0.065262
C,hdr_4k,12,0.000012,0.000053,0.019557,0.021247,0.063731
C,hdr_4k,13,0.000012,0.000046,0.019398,0.020832,0.062093
C,hdr_4k,14,0.000011,0.000042,0.019071,0.020990,0.061874
C,hdr_4k,15,0.000013,0.000046,0.019190,0.020507,0.064156
C,hdr_4k,16,0.000012,0.000044,0.019669,0.021424,0.062849
C,hdr_4k,17,0.000012,0.000052,0.019476,0.021293,0.062041
C,hdr_4k,18,0.000012,0.000046,0.018905,0.020264,0.060974
C,hdr_4k,19,0.000011,0.000050,0.018885,0.020860,0.062246
C,hdr_4k,20,0.000012,0.000048,0.018446,0.020396,0.064463
C,hdr_4k,21,0.000012,0.000053,0.019138,0.021076,0.064820
C,hdr_4k,22,0.000020,0.000051,0.019797,0.021396,0.064834
C,hdr_4k,23,0.000012,0.000047,0.019459,0.021719,0.065414
C,hdr_4k,24,0.000012,0.000054,0.020060,0.022128,0.065645
C,hdr_4k,25,0.000012,0.000042,0.019974,0.021320,0.065762
C,hdr_4k,26,0.000012,0.000048,0.019976,0.021772,0.062784
C,hdr_4k,27,0.000010,0.000049,0.016029,0.017395,0.058691
C,hdr_4k,28,0.000010,0.000042,0.014616,0.016154,0.059697
C,hdr_4k,29,0.000010,0.000047,0.016430,0.017703,0.058742
C,hdr_4k,30,0.000010,0.000042,0.017954,0.019162,0.060524
C,hdr_12k,1,0.000012,0.000053,0.017606,0.019312,0.062232
C,hdr_12k,2,0.000011,0.000047,0.018484,0.020592,0.063013
C,hdr_12k,3,0.000013,0.000045,0.018934,0.021315,0.062393
C,hdr_12k,4,0.000013,0.000049,0.019117,0.021197,0.063905
C,hdr_12k,5,0.000012,0.000048,0.019169,0.021218,0.064268
C,hdr_12k,6,0.000011,0.000046,0.019114,0.021208,0.064272
C,hdr_12k,7,0.000012,0.000052,0.019657,0.021400,0.062958
C,hdr_12k,8,0.000012,0.000044,0.019387,0.021426,0.063658
C,hdr_12k,9,0.000012,0.000045,0.018930,0.020512,0.064242
C,hdr_12k,10,0.000011,0.000042,0.019743,0.021722,0.064145
C,hdr_12k,11,0.000014,0.000060,0.019687,0.021469,0.064169
C,hdr_12k,12,0.000014,0.000081,0.019741,0.022241,0.064977
C,hdr_12k,13,0.000013,0.000060,0.019214,0.021352,0.062934
C,hdr_12k,14,0.000011,0.000048,0.019165,0.021277,0.062893
C,hdr_12k,15,0.000012,0.000048,0.019415,0.021004,0.064809
C,hdr_12k,16,0.000012,0.000054,0.019601,0.022002,0.065647
C,hdr_12k,17,0.000012,0.000045,0.019800,0.022095,0.065563
C,hdr_12k,18,0.000012,0.000049,0.019591,0.021530,0.064282
C,hdr_12k,19,0.000012,0.000044,0.019407,0.021573,0.063313
C,hdr_12k,20,0.000012,0.000052,0.018784,0.021134,0.064230
C,hdr_12k,21,0.000014,0.000047,0.019340,0.021509,0.062885
C,hdr_12k,22,0.000012,0.000049,0.019390,0.021368,0.064481
C,hdr_12k,23,0.000013,0.000046,0.019883,0.021894,0.065597
C,hdr_12k,24,0.000011,0.000044,0.020033,0.022423,0.065232
C,hdr_12k,25,0.000012,0.000047,0.019630,0.021709,0.062667
C,hdr_12k,26,0.000013,0.000047,0.019285,0.020960,0.061855
C,hdr_12k,27,0.000010,0.000053,0.015517,0.017244,0.059947
C,hdr_12k,28,0.000011,0.000051,0.015390,0.017670,0.060116
C,hdr_12k,29,0.000010,0.000043,0.017032,0.018856,0.060549
C,hdr_12k,30,0.000010,0.000043,0.017895,0.019508,0.062263
