B,resp_1k,1,0.000017,0.000083,0.062907,0.063985,0.107099
B,resp_1k,2,0.000011,0.000054,0.016256,0.017228,0.057618
B,resp_1k,3,0.000011,0.000072,0.017260,0.062221,0.062259
B,resp_1k,4,0.000013,0.000063,0.018398,0.020069,0.062881
B,resp_1k,5,0.000011,0.000071,0.018582,0.020000,0.062308
B,resp_1k,6,0.000011,0.000052,0.018793,0.020396,0.063330
B,resp_1k,7,0.000013,0.000069,0.019898,0.022155,0.062549
B,resp_1k,8,0.000013,0.000063,0.019756,0.021587,0.065463
B,resp_1k,9,0.000013,0.000051,0.019230,0.020939,0.064630
B,resp_1k,10,0.000012,0.000077,0.015703,0.017298,0.058514
B,resp_1k,11,0.000010,0.000041,0.016766,0.018483,0.059664
B,resp_1k,12,0.000011,0.000042,0.017452,0.019010,0.059460
B,resp_1k,13,0.000012,0.000045,0.018304,0.020011,0.062123
B,resp_1k,14,0.000014,0.000066,0.019650,0.021542,0.064850
B,resp_1k,15,0.000014,0.000061,0.019502,0.020972,0.062740
B,resp_1k,16,0.000013,0.000067,0.019438,0.021151,0.064894
B,resp_1k,17,0.000013,0.000049,0.019360,0.020881,0.064626
B,resp_1k,18,0.000012,0.000047,0.020091,0.021470,0.065821
B,resp_1k,19,0.000013,0.000050,0.020000,0.021376,0.065908
B,resp_1k,20,0.000016,0.000062,0.018539,0.020242,0.060842
B,resp_1k,21,0.000011,0.000045,0.018513,0.019689,0.060218
B,resp_1k,22,0.000014,0.000062,0.019207,0.020682,0.061726
B,resp_1k,23,0.000013,0.000053,0.019298,0.021104,0.061677
B,resp_1k,24,0.000012,0.000048,0.019045,0.020847,0.062103
B,resp_1k,25,0.000012,0.000045,0.019293,0.020510,0.063978
B,resp_1k,26,0.000014,0.000062,0.019413,0.021201,0.064851
B,resp_1k,27,0.000013,0.000050,0.019022,0.020692,0.062040
B,resp_1k,28,0.000012,0.000046,0.019379,0.020704,0.063681
B,resp_1k,29,0.000012,0.000049,0.019440,0.021149,0.064222
B,resp_1k,30,0.000013,0.000048,0.019726,0.021220,0.061842
B,req_1k,1,0.000009,0.000040,0.014958,0.016068,0.056739
B,req_1k,2,0.000016,0.000046,0.016092,0.017228,0.057907
B,req_1k,3,0.000010,0.000045,0.013568,0.014908,0.058995
B,req_1k,4,0.000011,0.000040,0.015753,0.017096,0.061778
B,req_1k,5,0.000011,0.000043,0.017397,0.018748,0.062673
B,req_1k,6,0.000010,0.000042,0.018373,0.019744,0.064364
B,req_1k,7,0.000013,0.000046,0.019112,0.020498,0.061017
B,req_1k,8,0.000012,0.000058,0.018605,0.020326,0.061197
B,req_1k,9,0.000011,0.000066,0.021708,0.023021,0.064166
B,req_1k,10,0.000010,0.000048,0.016365,0.059019,0.059051
B,req_1k,11,0.000010,0.000050,0.015116,0.016047,0.059001
B,req_1k,12,0.000011,0.000064,0.016791,0.017718,0.061706
B,req_1k,13,0.000017,0.000163,0.025594,0.066809,0.066898
B,req_1k,14,0.000010,0.000070,0.017168,0.059044,0.059088
B,req_1k,15,0.000010,0.000059,0.019073,0.021084,0.061610
B,req_1k,16,0.000010,0.000055,0.017243,0.018367,0.060075
B,req_1k,17,0.000010,0.000044,0.014262,0.056464,0.056497
B,req_1k,18,0.000009,0.000052,0.015414,0.016355,0.061271
B,req_1k,19,0.000011,0.000062,0.015048,0.015960,0.056550
B,req_1k,20,0.000010,0.000051,0.015495,0.016444,0.056686
B,req_1k,21,0.000010,0.000045,0.014955,0.016339,0.056847
B,req_1k,22,0.000008,0.000040,0.021148,0.022150,0.067112
B,req_1k,23,0.000011,0.000062,0.018591,0.019769,0.064008
B,req_1k,24,0.000014,0.000067,0.021131,0.022413,0.066424
B,req_1k,25,0.000015,0.000071,0.020181,0.021421,0.062061
B,req_1k,26,0.000013,0.000077,0.017593,0.061085,0.061123
B,req_1k,27,0.000009,0.000049,0.013599,0.015133,0.057646
B,req_1k,28,0.000011,0.000060,0.015929,0.059004,0.059040
B,req_1k,29,0.000012,0.000056,0.016996,0.017976,0.059228
B,req_1k,30,0.000012,0.000055,0.017806,0.018793,0.062644
B,resp_100k,1,0.000012,0.000060,0.018507,0.019829,0.020412
B,resp_100k,2,0.000010,0.000049,0.015696,0.017064,0.017499
B,resp_100k,3,0.000008,0.000034,0.014527,0.015957,0.016409
B,resp_100k,4,0.000008,0.000033,0.013251,0.014429,0.014859
B,resp_100k,5,0.000007,0.000034,0.012991,0.014230,0.014723
B,resp_100k,6,0.000007,0.000029,0.014000,0.015383,0.015844
B,resp_100k,7,0.000008,0.000027,0.013151,0.014659,0.015078
B,resp_100k,8,0.000007,0.000032,0.013077,0.014479,0.014883
B,resp_100k,9,0.000007,0.000029,0.013858,0.015628,0.016079
B,resp_100k,10,0.000009,0.000034,0.013380,0.014786,0.015067
B,resp_100k,11,0.000008,0.000031,0.013278,0.015013,0.015609
B,resp_100k,12,0.000008,0.000030,0.013281,0.015085,0.015500
B,resp_100k,13,0.000007,0.000028,0.013334,0.014841,0.015335
B,resp_100k,14,0.000007,0.000032,0.013119,0.014795,0.015292
B,resp_100k,15,0.000008,0.000031,0.013181,0.014777,0.015301
B,resp_100k,16,0.000008,0.000032,0.013220,0.014552,0.015045
B,resp_100k,17,0.000007,0.000029,0.012995,0.014365,0.014883
B,resp_100k,18,0.000008,0.000029,0.012986,0.014347,0.014896
B,resp_100k,19,0.000007,0.000027,0.013092,0.014262,0.014772
B,resp_100k,20,0.000007,0.000031,0.013324,0.014990,0.015547
B,resp_100k,21,0.000010,0.000032,0.013074,0.014673,0.015170
B,resp_100k,22,0.000007,0.000032,0.013657,0.015326,0.015907
B,resp_100k,23,0.000009,0.000036,0.013329,0.014738,0.015182
B,resp_100k,24,0.000009,0.000038,0.013109,0.014383,0.014867
B,resp_100k,25,0.000007,0.000030,0.013154,0.014389,0.014778
B,resp_100k,26,0.000008,0.000031,0.013421,0.015571,0.016062
B,resp_100k,27,0.000007,0.000030,0.013352,0.015103,0.015616
B,resp_100k,28,0.000008,0.000028,0.013372,0.014597,0.015081
B,resp_100k,29,0.000008,0.000032,0.013302,0.014748,0.015241
B,resp_100k,30,0.000007,0.000034,0.013113,0.014606,0.015083
B,req_100k,1,0.000007,0.000028,0.013236,0.013260,0.059432
B,req_100k,2,0.000008,0.000033,0.015169,0.015197,0.061884
B,req_100k,3,0.000010,0.000041,0.017601,0.017637,0.064034
B,req_100k,4,0.000011,0.000048,0.018216,0.018247,0.061688
B,req_100k,5,0.000013,0.000046,0.018941,0.018974,0.062260
B,req_100k,6,0.000012,0.000046,0.019244,0.019276,0.065806
B,req_100k,7,0.000013,0.000051,0.019332,0.019369,0.061749
B,req_100k,8,0.000012,0.000052,0.019396,0.019433,0.063983
B,req_100k,9,0.000013,0.000053,0.019383,0.019423,0.065816
B,req_100k,10,0.000013,0.000048,0.019599,0.019632,0.062110
B,req_100k,11,0.000012,0.000048,0.019479,0.019510,0.066038
B,req_100k,12,0.000012,0.000049,0.019639,0.019671,0.064210
B,req_100k,13,0.000012,0.000047,0.019516,0.019556,0.066049
B,req_100k,14,0.000013,0.000054,0.020307,0.020342,0.062199
B,req_100k,15,0.000012,0.000053,0.019136,0.019168,0.063622
B,req_100k,16,0.000012,0.000049,0.019410,0.019452,0.065643
B,req_100k,17,0.000013,0.000051,0.019618,0.019655,0.065592
B,req_100k,18,0.000029,0.000083,0.019899,0.019937,0.064908
B,req_100k,19,0.000015,0.000064,0.019584,0.019619,0.065485
B,req_100k,20,0.000013,0.000054,0.019613,0.019645,0.065649
B,req_100k,21,0.000013,0.000050,0.019708,0.019740,0.062873
B,req_100k,22,0.000013,0.000051,0.019535,0.019568,0.065472
B,req_100k,23,0.000012,0.000045,0.019847,0.019879,0.066431
B,req_100k,24,0.000016,0.000081,0.033794,0.033835,0.076312
B,req_100k,25,0.000010,0.000063,0.016175,0.016213,0.062839
B,req_100k,26,0.000012,0.000058,0.018078,0.018110,0.060882
B,req_100k,27,0.000012,0.000060,0.018884,0.018917,0.063127
B,req_100k,28,0.000012,0.000058,0.018535,0.018565,0.062619
B,req_100k,29,0.000015,0.000089,0.021500,0.021526,0.067815
B,req_100k,30,0.000011,0.000072,0.016391,0.016416,0.063014
B,resp_1024k,1,0.000011,0.000070,0.016787,0.018252,0.023737
B,resp_1024k,2,0.000011,0.000069,0.016332,0.017604,0.022968
B,resp_1024k,3,0.000011,0.000066,0.016714,0.018467,0.023229
B,resp_1024k,4,0.000010,0.000061,0.016613,0.017997,0.023488
B,resp_1024k,5,0.000011,0.000058,0.016808,0.018586,0.023915
B,resp_1024k,6,0.000010,0.000066,0.016802,0.018187,0.023615
B,resp_1024k,7,0.000011,0.000057,0.016653,0.018359,0.023581
B,resp_1024k,8,0.000009,0.000062,0.016664,0.018039,0.023122
B,resp_1024k,9,0.000010,0.000060,0.016358,0.017764,0.023551
B,resp_1024k,10,0.000011,0.000056,0.016407,0.017768,0.023320
B,resp_1024k,11,0.000009,0.000095,0.016377,0.017873,0.026751
B,resp_1024k,12,0.000010,0.000057,0.016925,0.018394,0.024164
B,resp_1024k,13,0.000010,0.000064,0.016650,0.018567,0.023754
B,resp_1024k,14,0.000011,0.000049,0.014681,0.015914,0.020306
B,resp_1024k,15,0.000010,0.000059,0.015010,0.016359,0.021163
B,resp_1024k,16,0.000010,0.000061,0.017109,0.018943,0.023986
B,resp_1024k,17,0.000011,0.000062,0.018778,0.020089,0.024672
B,resp_1024k,18,0.000010,0.000058,0.017738,0.019242,0.023780
B,resp_1024k,19,0.000010,0.000058,0.014487,0.016148,0.020460
B,resp_1024k,20,0.000009,0.000042,0.014223,0.015725,0.020059
B,resp_1024k,21,0.000009,0.000052,0.015958,0.017442,0.021687
B,resp_1024k,22,0.000009,0.000042,0.013995,0.015317,0.020231
B,resp_1024k,23,0.000009,0.000046,0.013690,0.015059,0.019271
B,resp_1024k,24,0.000008,0.000038,0.013389,0.014658,0.018879
B,resp_1024k,25,0.000008,0.000039,0.013263,0.014587,0.018943
B,resp_1024k,26,0.000008,0.000036,0.013570,0.014868,0.019269
B,resp_1024k,27,0.000009,0.000060,0.013890,0.015152,0.019556
B,resp_1024k,28,0.000012,0.000062,0.015382,0.016991,0.024075
B,resp_1024k,29,0.000010,0.000058,0.014711,0.015876,0.020233
B,resp_1024k,30,0.000009,0.000042,0.013807,0.014700,0.019036
B,req_1024k,1,0.000009,0.000048,0.013857,0.013885,0.059069
B,req_1024k,2,0.000010,0.000056,0.015652,0.015683,0.060859
B,req_1024k,3,0.000012,0.000062,0.016400,0.016433,0.062986
B,req_1024k,4,0.000012,0.000054,0.016881,0.016918,0.063261
B,req_1024k,5,0.000014,0.000072,0.017919,0.017958,0.063010
B,req_1024k,6,0.000013,0.000075,0.017973,0.018006,0.063148
B,req_1024k,7,0.000013,0.000065,0.018980,0.019020,0.064998
B,req_1024k,8,0.000012,0.000062,0.017953,0.017985,0.064220
B,req_1024k,9,0.000013,0.000057,0.018194,0.018226,0.064477
B,req_1024k,10,0.000014,0.000070,0.018756,0.018775,0.065496
B,req_1024k,11,0.000015,0.000075,0.018385,0.018427,0.064019
B,req_1024k,12,0.000013,0.000074,0.018080,0.018123,0.063761
B,req_1024k,13,0.000012,0.000054,0.016730,0.016759,0.063427
B,req_1024k,14,0.000013,0.000077,0.018449,0.018468,0.064549
B,req_1024k,15,0.000013,0.000067,0.017902,0.017940,0.063695
B,req_1024k,16,0.000014,0.000076,0.019016,0.019054,0.065973
B,req_1024k,17,0.000012,0.000067,0.018044,0.018081,0.063897
B,req_1024k,18,0.000013,0.000075,0.017767,0.017804,0.064600
B,req_1024k,19,0.000012,0.000068,0.017362,0.017389,0.063539
B,req_1024k,20,0.000013,0.000084,0.017321,0.017340,0.062640
B,req_1024k,21,0.000012,0.000068,0.018013,0.018052,0.063475
B,req_1024k,22,0.000013,0.000071,0.017792,0.017828,0.063190
B,req_1024k,23,0.000013,0.000062,0.017671,0.017705,0.062787
B,req_1024k,24,0.000014,0.000073,0.018565,0.018585,0.064821
B,req_1024k,25,0.000011,0.000077,0.016755,0.016774,0.062875
B,req_1024k,26,0.000012,0.000067,0.016841,0.016876,0.062591
B,req_1024k,27,0.000013,0.000061,0.018295,0.018331,0.064675
B,req_1024k,28,0.000014,0.000064,0.018907,0.018942,0.065383
B,req_1024k,29,0.000013,0.000065,0.018638,0.018672,0.065454
B,req_1024k,30,0.000013,0.000060,0.018586,0.018626,0.064528
B,resp_10240k,1,0.000013,0.000057,0.018399,0.019976,0.065906
B,resp_10240k,2,0.000010,0.000045,0.013699,0.014916,0.057058
B,resp_10240k,3,0.000009,0.000043,0.013646,0.015015,0.059157
B,resp_10240k,4,0.000009,0.000054,0.013595,0.014838,0.056342
B,resp_10240k,5,0.000010,0.000045,0.013660,0.015201,0.059451
B,resp_10240k,6,0.000009,0.000042,0.013459,0.014857,0.056690
B,resp_10240k,7,0.000008,0.000040,0.013506,0.015490,0.059099
B,resp_10240k,8,0.000008,0.000044,0.013637,0.015382,0.056529
B,resp_10240k,9,0.000009,0.000041,0.013682,0.014902,0.058447
B,resp_10240k,10,0.000009,0.000040,0.013544,0.015023,0.065931
B,resp_10240k,11,0.000009,0.000045,0.013920,0.015179,0.056629
B,resp_10240k,12,0.000010,0.000043,0.013689,0.015391,0.059286
B,resp_10240k,13,0.000010,0.000041,0.013428,0.014717,0.056358
B,resp_10240k,14,0.000010,0.000042,0.013524,0.015129,0.061326
B,resp_10240k,15,0.000009,0.000041,0.013678,0.015415,0.056151
B,resp_10240k,16,0.000010,0.000041,0.013467,0.014706,0.058331
B,resp_10240k,17,0.000010,0.000041,0.013717,0.015381,0.059024
B,resp_10240k,18,0.000011,0.000047,0.013560,0.014953,0.056298
B,resp_10240k,19,0.000008,0.000055,0.013743,0.015357,0.060798
B,resp_10240k,20,0.000008,0.000040,0.013749,0.015166,0.057777
B,resp_10240k,21,0.000009,0.000043,0.013777,0.015373,0.059954
B,resp_10240k,22,0.000008,0.000042,0.013733,0.015046,0.056245
B,resp_10240k,23,0.000009,0.000039,0.013708,0.015032,0.058005
B,resp_10240k,24,0.000010,0.000045,0.013467,0.014710,0.055684
B,resp_10240k,25,0.000008,0.000041,0.013743,0.015382,0.058972
B,resp_10240k,26,0.000009,0.000043,0.013511,0.014979,0.058692
B,resp_10240k,27,0.000010,0.000047,0.015198,0.017733,0.062764
B,resp_10240k,28,0.000008,0.000043,0.014403,0.015647,0.059417
B,resp_10240k,29,0.000008,0.000048,0.013865,0.015357,0.056332
B,resp_10240k,30,0.000009,0.000043,0.013523,0.015217,0.059504
B,req_10240k,1,0.000011,0.000065,0.013924,0.013951,0.090254
B,req_10240k,2,0.000011,0.000071,0.015368,0.015397,0.089578
B,req_10240k,3,0.000012,0.000072,0.015534,0.015564,0.093837
B,req_10240k,4,0.000011,0.000073,0.015904,0.015936,0.090562
B,req_10240k,5,0.000011,0.000063,0.015269,0.015298,0.092924
B,req_10240k,6,0.000011,0.000064,0.015439,0.015470,0.092053
B,req_10240k,7,0.000012,0.000074,0.015546,0.015577,0.090121
B,req_10240k,8,0.000011,0.000066,0.015520,0.015554,0.090065
B,req_10240k,9,0.000011,0.000070,0.015462,0.015494,0.088781
B,req_10240k,10,0.000011,0.000067,0.015494,0.015527,0.093349
B,req_10240k,11,0.000010,0.000067,0.015578,0.015608,0.090044
B,req_10240k,12,0.000017,0.000079,0.015466,0.015495,0.089047
B,req_10240k,13,0.000011,0.000071,0.015225,0.015257,0.087107
B,req_10240k,14,0.000009,0.000078,0.014094,0.014123,0.109035
B,req_10240k,15,0.000011,0.000073,0.014328,0.014361,0.090051
B,req_10240k,16,0.000011,0.000067,0.015304,0.015334,0.090154
B,req_10240k,17,0.000012,0.000079,0.015464,0.015495,0.088967
B,req_10240k,18,0.000013,0.000068,0.015586,0.015617,0.095411
B,req_10240k,19,0.000012,0.000071,0.015440,0.015468,0.094093
B,req_10240k,20,0.000012,0.000071,0.015670,0.015699,0.090037
B,req_10240k,21,0.000011,0.000071,0.015732,0.015764,0.092032
B,req_10240k,22,0.000011,0.000064,0.015621,0.015655,0.088493
B,req_10240k,23,0.000011,0.000069,0.015411,0.015442,0.092179
B,req_10240k,24,0.000011,0.000067,0.016077,0.016112,0.095652
B,req_10240k,25,0.000012,0.000075,0.015846,0.015879,0.092584
B,req_10240k,26,0.000011,0.000082,0.015552,0.015582,0.094978
B,req_10240k,27,0.000011,0.000073,0.015413,0.015427,0.091879
B,req_10240k,28,0.000011,0.000075,0.015598,0.015629,0.087852
B,req_10240k,29,0.000010,0.000061,0.015299,0.015331,0.092238
B,req_10240k,30,0.000012,0.000100,0.015483,0.015515,0.087114
B,ka1_req1,1,0.000010,0.000050,0.015120,0.016073,0.057173
B,ka1_req1,2,0.000011,0.000049,0.016857,0.017711,0.061124
B,ka1_req1,3,0.000012,0.000054,0.017721,0.019095,0.060380
B,ka1_req1,4,0.000012,0.000056,0.017961,0.019349,0.060008
B,ka1_req1,5,0.000012,0.000051,0.018786,0.020217,0.060927
B,ka1_req1,6,0.000013,0.000060,0.019898,0.021705,0.063037
B,ka1_req1,7,0.000009,0.000052,0.013582,0.015311,0.059442
B,ka1_req1,8,0.000010,0.000042,0.015483,0.016907,0.060196
B,ka1_req1,9,0.000011,0.000042,0.017348,0.019106,0.061143
B,ka1_req1,10,0.000011,0.000042,0.018059,0.019431,0.060815
B,ka1_req1,11,0.000011,0.000044,0.018458,0.020004,0.062643
B,ka1_req1,12,0.000012,0.000045,0.018787,0.021254,0.062502
B,ka1_req1,13,0.000012,0.000048,0.019191,0.020666,0.064804
B,ka1_req1,14,0.000013,0.000044,0.019667,0.021039,0.065093
B,ka1_req1,15,0.000012,0.000048,0.019392,0.020650,0.064738
B,ka1_req1,16,0.000012,0.000044,0.019616,0.020857,0.064922
B,ka1_req1,17,0.000012,0.000045,0.019594,0.020908,0.064845
B,ka1_req1,18,0.000012,0.000045,0.019660,0.021056,0.063629
B,ka1_req1,19,0.000011,0.000042,0.019209,0.020867,0.064403
B,ka1_req1,20,0.000012,0.000041,0.019688,0.021017,0.062041
B,ka1_req1,21,0.000011,0.000040,0.019317,0.021202,0.064692
B,ka1_req1,22,0.000012,0.000056,0.019772,0.021269,0.064834
B,ka1_req1,23,0.000012,0.000044,0.019728,0.021428,0.065285
B,ka1_req1,24,0.000014,0.000055,0.019558,0.020828,0.064695
B,ka1_req1,25,0.000012,0.000046,0.019269,0.020872,0.061762
B,ka1_req1,26,0.000012,0.000046,0.019234,0.020599,0.061230
B,ka1_req1,27,0.000014,0.000063,0.019227,0.021126,0.061673
B,ka1_req1,28,0.000012,0.000045,0.018732,0.020109,0.063534
B,ka1_req1,29,0.000012,0.000050,0.019509,0.020942,0.065245
B,ka1_req1,30,0.000012,0.000052,0.019595,0.020935,0.064745
B,ka10_req1,1,0.000013,0.000043,0.019892,0.021396,0.065851
B,ka10_req2,1,xxxxxxxxxxxxxxxx0.000013,0.000000,0.000000,0.000612,0.041349
B,ka10_req3,1,xxxxxxxxxxxxxxxx0.000010,0.000000,0.000000,0.000695,0.044492
B,ka10_req4,1,xxxxxxxxxxxxxxxx0.000022,0.000000,0.000000,0.001891,0.042433
B,ka10_req5,1,xxxxxxxxxxxxxxxx0.000037,0.000000,0.000000,0.002055,0.042461
B,ka10_req6,1,xxxxxxxxxxxxxxxx0.000031,0.000000,0.000000,0.002133,0.042907
B,ka10_req7,1,xxxxxxxxxxxxxxxx0.000040,0.000000,0.000000,0.002447,0.043664
B,ka10_req8,1,xxxxxxxxxxxxxxxx0.000038,0.000000,0.000000,0.002380,0.044119
B,ka10_req9,1,xxxxxxxxxxxxxxxx0.000030,0.000000,0.000000,0.002220,0.046288
B,ka10_req10,1,xxxxxxxxxxxxxxxx0.000032,0.000000,0.000000,0.002180,0.043906
B,ka10_req1,2,0.000030,0.000207,0.030662,0.032706,0.073299
B,ka10_req2,2,xxxxxxxxxxxxxxxx0.000012,0.000000,0.000000,0.000982,0.045963
B,ka10_req3,2,xxxxxxxxxxxxxxxx0.000027,0.000000,0.000000,0.001849,0.043298
B,ka10_req4,2,xxxxxxxxxxxxxxxx0.000040,0.000000,0.000000,0.001976,0.044323
B,ka10_req5,2,xxxxxxxxxxxxxxxx0.000035,0.000000,0.000000,0.002075,0.043040
B,ka10_req6,2,xxxxxxxxxxxxxxxx0.000048,0.000000,0.000000,0.001873,0.042497
B,ka10_req7,2,xxxxxxxxxxxxxxxx0.000025,0.000000,0.000000,0.001854,0.042853
B,ka10_req8,2,xxxxxxxxxxxxxxxx0.000060,0.000000,0.000000,0.001833,0.042617
B,ka10_req9,2,xxxxxxxxxxxxxxxx0.000036,0.000000,0.000000,0.002542,0.043593
B,ka10_req10,2,xxxxxxxxxxxxxxxx0.000026,0.000000,0.000000,0.001867,0.042758
B,ka10_req1,3,0.000023,0.000157,0.030767,0.033631,0.074315
B,ka10_req2,3,xxxxxxxxxxxxxxxx0.000015,0.000000,0.000000,0.000882,0.045885
B,ka10_req3,3,xxxxxxxxxxxxxxxx0.000029,0.000000,0.000000,0.001592,0.041972
B,ka10_req4,3,xxxxxxxxxxxxxxxx0.000038,0.000000,0.000000,0.001998,0.045218
B,ka10_req5,3,xxxxxxxxxxxxxxxx0.000009,0.000000,0.000000,0.000980,0.042099
B,ka10_req6,3,xxxxxxxxxxxxxxxx0.000011,0.000000,0.000000,0.000565,0.045959
B,ka10_req7,3,xxxxxxxxxxxxxxxx0.000011,0.000000,0.000000,0.000681,0.045936
B,ka10_req8,3,xxxxxxxxxxxxxxxx0.000018,0.000000,0.000000,0.000938,0.042184
B,ka10_req9,3,xxxxxxxxxxxxxxxx0.000021,0.000000,0.000000,0.001627,0.043064
B,ka10_req10,3,xxxxxxxxxxxxxxxx0.000012,0.000000,0.000000,0.001144,0.045520
B,ka10_req1,4,0.000022,0.000143,0.028089,0.029930,0.073607
B,ka10_req2,4,xxxxxxxxxxxxxxxx0.000014,0.000000,0.000000,0.000819,0.046202
B,ka10_req3,4,xxxxxxxxxxxxxxxx0.000031,0.000000,0.000000,0.001834,0.042821
B,ka10_req4,4,xxxxxxxxxxxxxxxx0.000034,0.000000,0.000000,0.001860,0.042693
B,ka10_req5,4,xxxxxxxxxxxxxxxx0.000032,0.000000,0.000000,0.001969,0.042812
B,ka10_req6,4,xxxxxxxxxxxxxxxx0.000029,0.000000,0.000000,0.001900,0.043181
B,ka10_req7,4,xxxxxxxxxxxxxxxx0.000030,0.000000,0.000000,0.002566,0.043586
B,ka10_req8,4,xxxxxxxxxxxxxxxx0.000045,0.000000,0.000000,0.001977,0.042844
B,ka10_req9,4,xxxxxxxxxxxxxxxx0.000027,0.000000,0.000000,0.001784,0.043911
B,ka10_req10,4,xxxxxxxxxxxxxxxx0.000024,0.000000,0.000000,0.001812,0.044497
B,ka10_req1,5,0.000024,0.000197,0.031388,0.076751,0.076799
B,ka10_req2,5,xxxxxxxxxxxxxxxx0.000017,0.000000,0.000000,0.000868,0.042007
B,ka10_req3,5,xxxxxxxxxxxxxxxx0.000023,0.000000,0.000000,0.001167,0.042099
B,ka10_req4,5,xxxxxxxxxxxxxxxx0.000023,0.000000,0.000000,0.001428,0.041823
B,ka10_req5,5,xxxxxxxxxxxxxxxx0.000026,0.000000,0.000000,0.001757,0.042680
B,ka10_req6,5,xxxxxxxxxxxxxxxx0.000019,0.000000,0.000000,0.001237,0.043314
B,ka10_req7,5,xxxxxxxxxxxxxxxx0.000014,0.000000,0.000000,0.002984,0.043567
B,ka10_req8,5,xxxxxxxxxxxxxxxx0.000030,0.000000,0.000000,0.001025,0.042837
B,ka10_req9,5,xxxxxxxxxxxxxxxx0.000023,0.000000,0.000000,0.001487,0.042690
B,ka10_req10,5,xxxxxxxxxxxxxxxx0.000035,0.000000,0.000000,0.001760,0.042798
B,ka10_req1,6,0.000013,0.000080,0.024832,0.026111,0.066523
B,ka10_req2,6,xxxxxxxxxxxxxxxx0.000017,0.000000,0.000000,0.000984,0.042041
B,ka10_req3,6,xxxxxxxxxxxxxxxx0.000016,0.000000,0.000000,0.000885,0.041787
B,ka10_req4,6,xxxxxxxxxxxxxxxx0.000017,0.000000,0.000000,0.001218,0.041847
B,ka10_req5,6,xxxxxxxxxxxxxxxx0.000016,0.000000,0.000000,0.003907,0.045024
B,ka10_req6,6,xxxxxxxxxxxxxxxx0.000037,0.000000,0.000000,0.001584,0.042767
B,ka10_req7,6,xxxxxxxxxxxxxxxx0.000016,0.000000,0.000000,0.001063,0.042721
B,ka10_req8,6,xxxxxxxxxxxxxxxx0.000039,0.000000,0.000000,0.001857,0.043214
B,ka10_req9,6,xxxxxxxxxxxxxxxx0.000034,0.000000,0.000000,0.001518,0.042224
B,ka10_req10,6,xxxxxxxxxxxxxxxx0.000040,0.000000,0.000000,0.001813,0.043687
B,ka10_req1,7,0.000022,0.000204,0.031445,0.073601,0.073684
B,ka10_req2,7,xxxxxxxxxxxxxxxx0.000023,0.000000,0.000000,0.001182,0.043249
B,ka10_req3,7,xxxxxxxxxxxxxxxx0.000024,0.000000,0.000000,0.001938,0.043233
B,ka10_req4,7,xxxxxxxxxxxxxxxx0.000039,0.000000,0.000000,0.001984,0.042791
B,ka10_req5,7,xxxxxxxxxxxxxxxx0.000024,0.000000,0.000000,0.001448,0.045661
B,ka10_req6,7,xxxxxxxxxxxxxxxx0.000028,0.000000,0.000000,0.001698,0.042759
B,ka10_req7,7,xxxxxxxxxxxxxxxx0.000019,0.000000,0.000000,0.001889,0.042843
B,ka10_req8,7,xxxxxxxxxxxxxxxx0.000035,0.000000,0.000000,0.002024,0.042825
B,ka10_req9,7,xxxxxxxxxxxxxxxx0.000047,0.000000,0.000000,0.001638,0.042840
B,ka10_req10,7,xxxxxxxxxxxxxxxx0.000034,0.000000,0.000000,0.001921,0.042927
B,ka10_req1,8,0.000043,0.000723,0.043745,0.085320,0.085401
B,ka10_req2,8,xxxxxxxxxxxxxxxx0.000009,0.000000,0.000000,0.000578,0.046529
B,ka10_req3,8,xxxxxxxxxxxxxxxx0.000010,0.000000,0.000000,0.000627,0.045973
B,ka10_req4,8,xxxxxxxxxxxxxxxx0.000028,0.000000,0.000000,0.001996,0.043289
B,ka10_req5,8,xxxxxxxxxxxxxxxx0.000024,0.000000,0.000000,0.001790,0.042704
B,ka10_req6,8,xxxxxxxxxxxxxxxx0.000026,0.000000,0.000000,0.001511,0.042729
B,ka10_req7,8,xxxxxxxxxxxxxxxx0.000036,0.000000,0.000000,0.001520,0.042903
B,ka10_req8,8,xxxxxxxxxxxxxxxx0.000020,0.000000,0.000000,0.001701,0.042771
B,ka10_req9,8,xxxxxxxxxxxxxxxx0.000024,0.000000,0.000000,0.001659,0.042642
B,ka10_req10,8,xxxxxxxxxxxxxxxx0.000026,0.000000,0.000000,0.001569,0.042739
B,ka10_req1,9,0.000024,0.000187,0.031483,0.077367,0.077452
B,ka10_req2,9,xxxxxxxxxxxxxxxx0.000020,0.000000,0.000000,0.001212,0.045622
B,ka10_req3,9,xxxxxxxxxxxxxxxx0.000029,0.000000,0.000000,0.001817,0.043147
B,ka10_req4,9,xxxxxxxxxxxxxxxx0.000040,0.000000,0.000000,0.001636,0.042839
B,ka10_req5,9,xxxxxxxxxxxxxxxx0.000030,0.000000,0.000000,0.001638,0.043604
B,ka10_req6,9,xxxxxxxxxxxxxxxx0.000040,0.000000,0.000000,0.002230,0.043045
B,ka10_req7,9,xxxxxxxxxxxxxxxx0.000041,0.000000,0.000000,0.001941,0.043499
B,ka10_req8,9,xxxxxxxxxxxxxxxx0.000035,0.000000,0.000000,0.001987,0.043750
B,ka10_req9,9,xxxxxxxxxxxxxxxx0.000025,0.000000,0.000000,0.002182,0.043083
B,ka10_req10,9,xxxxxxxxxxxxxxxx0.000076,0.000000,0.000000,0.001468,0.043530
B,ka10_req1,10,0.000026,0.000263,0.030792,0.074562,0.074621
B,ka10_req2,10,xxxxxxxxxxxxxxxx0.000016,0.000000,0.000000,0.000939,0.043961
B,ka10_req3,10,xxxxxxxxxxxxxxxx0.000023,0.000000,0.000000,0.001221,0.041637
B,ka10_req4,10,xxxxxxxxxxxxxxxx0.000039,0.000000,0.000000,0.001531,0.042597
B,ka10_req5,10,xxxxxxxxxxxxxxxx0.000033,0.000000,0.000000,0.001864,0.045819
B,ka10_req6,10,xxxxxxxxxxxxxxxx0.000041,0.000000,0.000000,0.001827,0.043649
B,ka10_req7,10,xxxxxxxxxxxxxxxx0.000036,0.000000,0.000000,0.001914,0.042734
B,ka10_req8,10,xxxxxxxxxxxxxxxx0.000037,0.000000,0.000000,0.001647,0.042820
B,ka10_req9,10,xxxxxxxxxxxxxxxx0.000030,0.000000,0.000000,0.001788,0.043042
B,ka10_req10,10,xxxxxxxxxxxxxxxx0.000043,0.000000,0.000000,0.002285,0.043447
B,ka10_req1,11,0.000024,0.000192,0.032162,0.073361,0.073443
B,ka10_req2,11,xxxxxxxxxxxxxxxx0.000020,0.000000,0.000000,0.000970,0.043747
B,ka10_req3,11,xxxxxxxxxxxxxxxx0.000023,0.000000,0.000000,0.001256,0.041676
B,ka10_req4,11,xxxxxxxxxxxxxxxx0.000045,0.000000,0.000000,0.001766,0.045698
B,ka10_req5,11,xxxxxxxxxxxxxxxx0.000037,0.000000,0.000000,0.001558,0.042653
B,ka10_req6,11,xxxxxxxxxxxxxxxx0.000025,0.000000,0.000000,0.001522,0.044158
B,ka10_req7,11,xxxxxxxxxxxxxxxx0.000069,0.000000,0.000000,0.001978,0.042772
B,ka10_req8,11,xxxxxxxxxxxxxxxx0.000024,0.000000,0.000000,0.001519,0.043535
B,ka10_req9,11,xxxxxxxxxxxxxxxx0.000028,0.000000,0.000000,0.001736,0.042978
B,ka10_req10,11,xxxxxxxxxxxxxxxx0.000085,0.000000,0.000000,0.001377,0.044727
B,ka10_req1,12,0.000026,0.000200,0.031276,0.033493,0.075766
B,ka10_req2,12,xxxxxxxxxxxxxxxx0.000021,0.000000,0.000000,0.001068,0.043529
B,ka10_req3,12,xxxxxxxxxxxxxxxx0.000028,0.000000,0.000000,0.001672,0.042314
B,ka10_req4,12,xxxxxxxxxxxxxxxx0.000036,0.000000,0.000000,0.001699,0.042773
B,ka10_req5,12,xxxxxxxxxxxxxxxx0.000039,0.000000,0.000000,0.001873,0.042620
B,ka10_req6,12,xxxxxxxxxxxxxxxx0.000024,0.000000,0.000000,0.001809,0.043118
B,ka10_req7,12,xxxxxxxxxxxxxxxx0.000037,0.000000,0.000000,0.001762,0.042611
B,ka10_req8,12,xxxxxxxxxxxxxxxx0.000034,0.000000,0.000000,0.001814,0.045557
B,ka10_req9,12,xxxxxxxxxxxxxxxx0.000036,0.000000,0.000000,0.001983,0.045769
B,ka10_req10,12,xxxxxxxxxxxxxxxx0.000024,0.000000,0.000000,0.001685,0.043077
B,ka10_req1,13,0.000024,0.000157,0.031826,0.073110,0.073172
B,ka10_req2,13,xxxxxxxxxxxxxxxx0.000021,0.000000,0.000000,0.001893,0.042287
B,ka10_req3,13,xxxxxxxxxxxxxxxx0.000014,0.000000,0.000000,0.000831,0.044162
B,ka10_req4,13,xxxxxxxxxxxxxxxx0.000031,0.000000,0.000000,0.001405,0.045293
B,ka10_req5,13,xxxxxxxxxxxxxxxx0.000018,0.000000,0.000000,0.001310,0.044297
B,ka10_req6,13,xxxxxxxxxxxxxxxx0.000017,0.000000,0.000000,0.001258,0.041670
B,ka10_req7,13,xxxxxxxxxxxxxxxx0.000015,0.000000,0.000000,0.000843,0.044773
B,ka10_req8,13,xxxxxxxxxxxxxxxx0.000037,0.000000,0.000000,0.002360,0.042862
B,ka10_req9,13,xxxxxxxxxxxxxxxx0.000038,0.000000,0.000000,0.001961,0.042858
B,ka10_req10,13,xxxxxxxxxxxxxxxx0.000030,0.000000,0.000000,0.002005,0.045386
B,ka10_req1,14,0.000026,0.000227,0.032132,0.073375,0.073467
B,ka10_req2,14,xxxxxxxxxxxxxxxx0.000021,0.000000,0.000000,0.000923,0.041903
B,ka10_req3,14,xxxxxxxxxxxxxxxx0.000013,0.000000,0.000000,0.000727,0.041741
B,ka10_req4,14,xxxxxxxxxxxxxxxx0.000012,0.000000,0.000000,0.000834,0.042601
B,ka10_req5,14,xxxxxxxxxxxxxxxx0.000009,0.000000,0.000000,0.000590,0.044308
B,ka10_req6,14,xxxxxxxxxxxxxxxx0.000014,0.000000,0.000000,0.000663,0.042307
B,ka10_req7,14,xxxxxxxxxxxxxxxx0.000017,0.000000,0.000000,0.001002,0.045114
B,ka10_req8,14,xxxxxxxxxxxxxxxx0.000042,0.000000,0.000000,0.001648,0.042285
B,ka10_req9,14,xxxxxxxxxxxxxxxx0.000041,0.000000,0.000000,0.001595,0.043737
B,ka10_req10,14,xxxxxxxxxxxxxxxx0.000034,0.000000,0.000000,0.001672,0.045675
B,ka10_req1,15,0.000031,0.000241,0.032177,0.077376,0.077461
B,ka10_req2,15,xxxxxxxxxxxxxxxx0.000018,0.000000,0.000000,0.001103,0.045787
B,ka10_req3,15,xxxxxxxxxxxxxxxx0.000028,0.000000,0.000000,0.001377,0.044276
B,ka10_req4,15,xxxxxxxxxxxxxxxx0.000039,0.000000,0.000000,0.001885,0.042732
B,ka10_req5,15,xxxxxxxxxxxxxxxx0.000037,0.000000,0.000000,0.001904,0.042411
B,ka10_req6,15,xxxxxxxxxxxxxxxx0.000024,0.000000,0.000000,0.001702,0.042851
B,ka10_req7,15,xxxxxxxxxxxxxxxx0.000036,0.000000,0.000000,0.001819,0.043016
B,ka10_req8,15,xxxxxxxxxxxxxxxx0.000035,0.000000,0.000000,0.001631,0.043649
B,ka10_req9,15,xxxxxxxxxxxxxxxx0.000027,0.000000,0.000000,0.001619,0.042782
B,ka10_req10,15,xxxxxxxxxxxxxxxx0.000021,0.000000,0.000000,0.001650,0.044403
B,ka10_req1,16,0.000028,0.000227,0.031672,0.034301,0.074775
B,ka10_req2,16,xxxxxxxxxxxxxxxx0.000015,0.000000,0.000000,0.000957,0.042036
B,ka10_req3,16,xxxxxxxxxxxxxxxx0.000023,0.000000,0.000000,0.001578,0.042762
B,ka10_req4,16,xxxxxxxxxxxxxxxx0.000018,0.000000,0.000000,0.001223,0.043901
B,ka10_req5,16,xxxxxxxxxxxxxxxx0.000022,0.000000,0.000000,0.001394,0.042357
B,ka10_req6,16,xxxxxxxxxxxxxxxx0.000026,0.000000,0.000000,0.001534,0.045407
B,ka10_req7,16,xxxxxxxxxxxxxxxx0.000034,0.000000,0.000000,0.001977,0.042563
B,ka10_req8,16,xxxxxxxxxxxxxxxx0.000034,0.000000,0.000000,0.001972,0.042874
B,ka10_req9,16,xxxxxxxxxxxxxxxx0.000035,0.000000,0.000000,0.001896,0.043899
B,ka10_req10,16,xxxxxxxxxxxxxxxx0.000036,0.000000,0.000000,0.001848,0.042806
B,ka10_req1,17,0.000025,0.000157,0.031992,0.078032,0.078104
B,ka10_req2,17,xxxxxxxxxxxxxxxx0.000020,0.000000,0.000000,0.000992,0.041993
B,ka10_req3,17,xxxxxxxxxxxxxxxx0.000024,0.000000,0.000000,0.001362,0.045898
B,ka10_req4,17,xxxxxxxxxxxxxxxx0.000041,0.000000,0.000000,0.001876,0.042590
B,ka10_req5,17,xxxxxxxxxxxxxxxx0.000016,0.000000,0.000000,0.001066,0.044271
B,ka10_req6,17,xxxxxxxxxxxxxxxx0.000039,0.000000,0.000000,0.002156,0.042440
B,ka10_req7,17,xxxxxxxxxxxxxxxx0.000047,0.000000,0.000000,0.001735,0.042742
B,ka10_req8,17,xxxxxxxxxxxxxxxx0.000038,0.000000,0.000000,0.002046,0.042548
B,ka10_req9,17,xxxxxxxxxxxxxxxx0.000022,0.000000,0.000000,0.001226,0.041959
B,ka10_req10,17,xxxxxxxxxxxxxxxx0.000023,0.000000,0.000000,0.001446,0.043122
B,ka10_req1,18,0.000028,0.000272,0.032031,0.074684,0.074760
B,ka10_req2,18,xxxxxxxxxxxxxxxx0.000018,0.000000,0.000000,0.001182,0.046208
B,ka10_req3,18,xxxxxxxxxxxxxxxx0.000022,0.000000,0.000000,0.001447,0.042038
B,ka10_req4,18,xxxxxxxxxxxxxxxx0.000031,0.000000,0.000000,0.001785,0.042773
B,ka10_req5,18,xxxxxxxxxxxxxxxx0.000032,0.000000,0.000000,0.003175,0.045448
B,ka10_req6,18,xxxxxxxxxxxxxxxx0.000009,0.000000,0.000000,0.000671,0.045787
B,ka10_req7,18,xxxxxxxxxxxxxxxx0.000011,0.000000,0.000000,0.000679,0.045091
B,ka10_req8,18,xxxxxxxxxxxxxxxx0.000011,0.000000,0.000000,0.000717,0.045911
B,ka10_req9,18,xxxxxxxxxxxxxxxx0.000013,0.000000,0.000000,0.000946,0.042274
B,ka10_req10,18,xxxxxxxxxxxxxxxx0.000025,0.000000,0.000000,0.001946,0.043049
B,ka10_req1,19,0.000023,0.000196,0.030685,0.033120,0.074296
B,ka10_req2,19,xxxxxxxxxxxxxxxx0.000017,0.000000,0.000000,0.001036,0.041436
B,ka10_req3,19,xxxxxxxxxxxxxxxx0.000027,0.000000,0.000000,0.002021,0.044799
B,ka10_req4,19,xxxxxxxxxxxxxxxx0.000030,0.000000,0.000000,0.002086,0.045893
B,ka10_req5,19,xxxxxxxxxxxxxxxx0.000035,0.000000,0.000000,0.002423,0.042989
B,ka10_req6,19,xxxxxxxxxxxxxxxx0.000034,0.000000,0.000000,0.001960,0.042481
B,ka10_req7,19,xxxxxxxxxxxxxxxx0.000039,0.000000,0.000000,0.002357,0.044250
B,ka10_req8,19,xxxxxxxxxxxxxxxx0.000037,0.000000,0.000000,0.001780,0.042232
B,ka10_req9,19,xxxxxxxxxxxxxxxx0.000038,0.000000,0.000000,0.001786,0.042916
B,ka10_req10,19,xxxxxxxxxxxxxxxx0.000035,0.000000,0.000000,0.001852,0.045393
B,ka10_req1,20,0.000024,0.000190,0.031258,0.076803,0.076883
B,ka10_req2,20,xxxxxxxxxxxxxxxx0.000019,0.000000,0.000000,0.001242,0.042492
B,ka10_req3,20,xxxxxxxxxxxxxxxx0.000024,0.000000,0.000000,0.001461,0.044883
B,ka10_req4,20,xxxxxxxxxxxxxxxx0.000024,0.000000,0.000000,0.001510,0.042644
B,ka10_req5,20,xxxxxxxxxxxxxxxx0.000029,0.000000,0.000000,0.000815,0.044711
B,ka10_req6,20,xxxxxxxxxxxxxxxx0.000028,0.000000,0.000000,0.001883,0.043236
B,ka10_req7,20,xxxxxxxxxxxxxxxx0.000027,0.000000,0.000000,0.001928,0.043307
B,ka10_req8,20,xxxxxxxxxxxxxxxx0.000078,0.000000,0.000000,0.001922,0.042409
B,ka10_req9,20,xxxxxxxxxxxxxxxx0.000039,0.000000,0.000000,0.001903,0.042884
B,ka10_req10,20,xxxxxxxxxxxxxxxx0.000035,0.000000,0.000000,0.001988,0.043100
B,ka10_req1,21,0.000019,0.000149,0.031233,0.071686,0.071743
B,ka10_req2,21,xxxxxxxxxxxxxxxx0.000017,0.000000,0.000000,0.000927,0.045886
B,ka10_req3,21,xxxxxxxxxxxxxxxx0.000023,0.000000,0.000000,0.001593,0.043057
B,ka10_req4,21,xxxxxxxxxxxxxxxx0.000038,0.000000,0.000000,0.001840,0.043274
B,ka10_req5,21,xxxxxxxxxxxxxxxx0.000024,0.000000,0.000000,0.001596,0.042145
B,ka10_req6,21,xxxxxxxxxxxxxxxx0.000021,0.000000,0.000000,0.001700,0.044479
B,ka10_req7,21,xxxxxxxxxxxxxxxx0.000030,0.000000,0.000000,0.001949,0.043290
B,ka10_req8,21,xxxxxxxxxxxxxxxx0.000020,0.000000,0.000000,0.001329,0.042879
B,ka10_req9,21,xxxxxxxxxxxxxxxx0.000015,0.000000,0.000000,0.001554,0.043445
B,ka10_req10,21,xxxxxxxxxxxxxxxx0.000027,0.000000,0.000000,0.001288,0.042814
B,ka10_req1,22,0.000019,0.000132,0.027306,0.069263,0.069333
B,ka10_req2,22,xxxxxxxxxxxxxxxx0.000019,0.000000,0.000000,0.001048,0.041988
B,ka10_req3,22,xxxxxxxxxxxxxxxx0.000060,0.000000,0.000000,0.001639,0.042797
B,ka10_req4,22,xxxxxxxxxxxxxxxx0.000037,0.000000,0.000000,0.001863,0.043996
B,ka10_req5,22,xxxxxxxxxxxxxxxx0.000019,0.000000,0.000000,0.001140,0.041470
B,ka10_req6,22,xxxxxxxxxxxxxxxx0.000019,0.000000,0.000000,0.000983,0.045792
B,ka10_req7,22,xxxxxxxxxxxxxxxx0.000033,0.000000,0.000000,0.001249,0.045547
B,ka10_req8,22,xxxxxxxxxxxxxxxx0.000033,0.000000,0.000000,0.001630,0.042233
B,ka10_req9,22,xxxxxxxxxxxxxxxx0.000039,0.000000,0.000000,0.001660,0.042762
B,ka10_req10,22,xxxxxxxxxxxxxxxx0.000018,0.000000,0.000000,0.001079,0.041883
B,ka10_req1,23,0.000018,0.000113,0.031096,0.072388,0.072446
B,ka10_req2,23,xxxxxxxxxxxxxxxx0.000013,0.000000,0.000000,0.001255,0.045540
B,ka10_req3,23,xxxxxxxxxxxxxxxx0.000018,0.000000,0.000000,0.000969,0.042913
B,ka10_req4,23,xxxxxxxxxxxxxxxx0.000041,0.000000,0.000000,0.001301,0.042174
B,ka10_req5,23,xxxxxxxxxxxxxxxx0.000032,0.000000,0.000000,0.001692,0.043812
B,ka10_req6,23,xxxxxxxxxxxxxxxx0.000038,0.000000,0.000000,0.001701,0.043145
B,ka10_req7,23,xxxxxxxxxxxxxxxx0.000023,0.000000,0.000000,0.001314,0.043744
B,ka10_req8,23,xxxxxxxxxxxxxxxx0.000033,0.000000,0.000000,0.001525,0.043398
B,ka10_req9,23,xxxxxxxxxxxxxxxx0.000037,0.000000,0.000000,0.002274,0.042662
B,ka10_req10,23,xxxxxxxxxxxxxxxx0.000024,0.000000,0.000000,0.001664,0.044434
B,ka10_req1,24,0.000024,0.000179,0.030488,0.076448,0.076524
B,ka10_req2,24,xxxxxxxxxxxxxxxx0.000020,0.000000,0.000000,0.000983,0.042874
B,ka10_req3,24,xxxxxxxxxxxxxxxx0.000026,0.000000,0.000000,0.001438,0.041987
B,ka10_req4,24,xxxxxxxxxxxxxxxx0.000029,0.000000,0.000000,0.001986,0.042912
B,ka10_req5,24,xxxxxxxxxxxxxxxx0.000037,0.000000,0.000000,0.001996,0.042676
B,ka10_req6,24,xxxxxxxxxxxxxxxx0.000033,0.000000,0.000000,0.002121,0.042620
B,ka10_req7,24,xxxxxxxxxxxxxxxx0.000032,0.000000,0.000000,0.001639,0.044944
B,ka10_req8,24,xxxxxxxxxxxxxxxx0.000040,0.000000,0.000000,0.002142,0.042951
B,ka10_req9,24,xxxxxxxxxxxxxxxx0.000079,0.000000,0.000000,0.002324,0.043475
B,ka10_req10,24,xxxxxxxxxxxxxxxx0.000038,0.000000,0.000000,0.002341,0.043103
B,ka10_req1,25,0.000021,0.000167,0.031639,0.033894,0.074585
B,ka10_req2,25,xxxxxxxxxxxxxxxx0.000014,0.000000,0.000000,0.000977,0.043265
B,ka10_req3,25,xxxxxxxxxxxxxxxx0.000023,0.000000,0.000000,0.001572,0.042649
B,ka10_req4,25,xxxxxxxxxxxxxxxx0.000029,0.000000,0.000000,0.001720,0.044378
B,ka10_req5,25,xxxxxxxxxxxxxxxx0.000039,0.000000,0.000000,0.002093,0.043179
B,ka10_req6,25,xxxxxxxxxxxxxxxx0.000031,0.000000,0.000000,0.001935,0.043272
B,ka10_req7,25,xxxxxxxxxxxxxxxx0.000030,0.000000,0.000000,0.002039,0.043281
B,ka10_req8,25,xxxxxxxxxxxxxxxx0.000041,0.000000,0.000000,0.001993,0.042904
B,ka10_req9,25,xxxxxxxxxxxxxxxx0.000038,0.000000,0.000000,0.002061,0.043537
B,ka10_req10,25,xxxxxxxxxxxxxxxx0.000042,0.000000,0.000000,0.002837,0.043978
B,ka10_req1,26,0.000020,0.000144,0.029818,0.031675,0.075252
B,ka10_req2,26,xxxxxxxxxxxxxxxx0.000018,0.000000,0.000000,0.000879,0.041388
B,ka10_req3,26,xxxxxxxxxxxxxxxx0.000022,0.000000,0.000000,0.001040,0.044505
B,ka10_req4,26,xxxxxxxxxxxxxxxx0.000028,0.000000,0.000000,0.001733,0.042083
B,ka10_req5,26,xxxxxxxxxxxxxxxx0.000037,0.000000,0.000000,0.001990,0.045708
B,ka10_req6,26,xxxxxxxxxxxxxxxx0.000035,0.000000,0.000000,0.001829,0.043256
B,ka10_req7,26,xxxxxxxxxxxxxxxx0.000028,0.000000,0.000000,0.001738,0.042389
B,ka10_req8,26,xxxxxxxxxxxxxxxx0.000033,0.000000,0.000000,0.001478,0.042741
B,ka10_req9,26,xxxxxxxxxxxxxxxx0.000031,0.000000,0.000000,0.002601,0.044917
B,ka10_req10,26,xxxxxxxxxxxxxxxx0.000017,0.000000,0.000000,0.003364,0.043763
B,ka10_req1,27,0.000022,0.000135,0.036828,0.039323,0.080269
B,ka10_req2,27,xxxxxxxxxxxxxxxx0.000015,0.000000,0.000000,0.002191,0.042920
B,ka10_req3,27,xxxxxxxxxxxxxxxx0.000016,0.000000,0.000000,0.001537,0.045435
B,ka10_req4,27,xxxxxxxxxxxxxxxx0.000019,0.000000,0.000000,0.000840,0.042011
B,ka10_req5,27,xxxxxxxxxxxxxxxx0.000015,0.000000,0.000000,0.001029,0.041912
B,ka10_req6,27,xxxxxxxxxxxxxxxx0.000030,0.000000,0.000000,0.001632,0.043046
B,ka10_req7,27,xxxxxxxxxxxxxxxx0.000018,0.000000,0.000000,0.001028,0.041591
B,ka10_req8,27,xxxxxxxxxxxxxxxx0.000031,0.000000,0.000000,0.001601,0.042986
B,ka10_req9,27,xxxxxxxxxxxxxxxx0.000030,0.000000,0.000000,0.001645,0.042958
B,ka10_req10,27,xxxxxxxxxxxxxxxx0.000029,0.000000,0.000000,0.001299,0.043600
B,ka10_req1,28,0.000018,0.000115,0.019569,0.020994,0.064578
B,ka10_req2,28,xxxxxxxxxxxxxxxx0.000016,0.000000,0.000000,0.000956,0.042065
B,ka10_req3,28,xxxxxxxxxxxxxxxx0.000031,0.000000,0.000000,0.001511,0.043697
B,ka10_req4,28,xxxxxxxxxxxxxxxx0.000021,0.000000,0.000000,0.001465,0.042743
B,ka10_req5,28,xxxxxxxxxxxxxxxx0.000031,0.000000,0.000000,0.002518,0.043192
B,ka10_req6,28,xxxxxxxxxxxxxxxx0.000036,0.000000,0.000000,0.002910,0.045628
B,ka10_req7,28,xxxxxxxxxxxxxxxx0.000037,0.000000,0.000000,0.002348,0.043443
B,ka10_req8,28,xxxxxxxxxxxxxxxx0.000043,0.000000,0.000000,0.001825,0.043277
B,ka10_req9,28,xxxxxxxxxxxxxxxx0.000031,0.000000,0.000000,0.002225,0.045489
B,ka10_req10,28,xxxxxxxxxxxxxxxx0.000024,0.000000,0.000000,0.002316,0.044880
B,ka10_req1,29,0.000026,0.000243,0.031512,0.077212,0.077268
B,ka10_req2,29,xxxxxxxxxxxxxxxx0.000017,0.000000,0.000000,0.000978,0.045252
B,ka10_req3,29,xxxxxxxxxxxxxxxx0.000022,0.000000,0.000000,0.001658,0.042886
B,ka10_req4,29,xxxxxxxxxxxxxxxx0.000034,0.000000,0.000000,0.002078,0.045568
B,ka10_req5,29,xxxxxxxxxxxxxxxx0.000043,0.000000,0.000000,0.003092,0.043820
B,ka10_req6,29,xxxxxxxxxxxxxxxx0.000043,0.000000,0.000000,0.001980,0.043122
B,ka10_req7,29,xxxxxxxxxxxxxxxx0.000050,0.000000,0.000000,0.001968,0.042543
B,ka10_req8,29,xxxxxxxxxxxxxxxx0.000037,0.000000,0.000000,0.001926,0.045269
B,ka10_req9,29,xxxxxxxxxxxxxxxx0.000037,0.000000,0.000000,0.001792,0.043136
B,ka10_req10,29,xxxxxxxxxxxxxxxx0.000033,0.000000,0.000000,0.002070,0.043453
B,ka10_req1,30,0.000049,0.000216,0.031468,0.077101,0.077157
B,ka10_req2,30,xxxxxxxxxxxxxxxx0.000017,0.000000,0.000000,0.000881,0.047269
B,ka10_req3,30,xxxxxxxxxxxxxxxx0.000027,0.000000,0.000000,0.001797,0.042669
B,ka10_req4,30,xxxxxxxxxxxxxxxx0.000032,0.000000,0.000000,0.001909,0.042811
B,ka10_req5,30,xxxxxxxxxxxxxxxx0.000026,0.000000,0.000000,0.002181,0.042857
B,ka10_req6,30,xxxxxxxxxxxxxxxx0.000041,0.000000,0.000000,0.002401,0.044154
B,ka10_req7,30,xxxxxxxxxxxxxxxx0.000026,0.000000,0.000000,0.002013,0.043438
B,ka10_req8,30,xxxxxxxxxxxxxxxx0.000037,0.000000,0.000000,0.002315,0.043659
B,ka10_req9,30,xxxxxxxxxxxxxxxx0.000025,0.000000,0.000000,0.001639,0.042692
B,ka10_req10,30,xxxxxxxxxxxxxxxx0.000029,0.000000,0.000000,0.001758,0.042871
B,ka100_req1,1,0.000024,0.000174,0.030094,0.032350,0.076071
B,ka100_req2,1,xxxxxxxxxxxxxxxx0.000019,0.000000,0.000000,0.000834,0.046002
B,ka100_req3,1,xxxxxxxxxxxxxxxx0.000030,0.000000,0.000000,0.001301,0.044901
B,ka100_req4,1,xxxxxxxxxxxxxxxx0.000036,0.000000,0.000000,0.001976,0.045042
B,ka100_req5,1,xxxxxxxxxxxxxxxx0.000038,0.000000,0.000000,0.001798,0.044445
B,ka100_req6,1,xxxxxxxxxxxxxxxx0.000032,0.000000,0.000000,0.002292,0.043103
B,ka100_req7,1,xxxxxxxxxxxxxxxx0.000025,0.000000,0.000000,0.001778,0.042907
B,ka100_req8,1,xxxxxxxxxxxxxxxx0.000039,0.000000,0.000000,0.002409,0.043661
B,ka100_req9,1,xxxxxxxxxxxxxxxx0.000039,0.000000,0.000000,0.002143,0.044461
B,ka100_req10,1,xxxxxxxxxxxxxxxx0.000037,0.000000,0.000000,0.002233,0.043146
B,ka100_req11,1,xxxxxxxxxxxxxxxx0.000025,0.000000,0.000000,0.002075,0.043338
B,ka100_req12,1,xxxxxxxxxxxxxxxx0.000037,0.000000,0.000000,0.001983,0.043941
B,ka100_req13,1,xxxxxxxxxxxxxxxx0.000082,0.000000,0.000000,0.002177,0.043655
B,ka100_req14,1,xxxxxxxxxxxxxxxx0.000031,0.000000,0.000000,0.001564,0.042407
B,ka100_req15,1,xxxxxxxxxxxxxxxx0.000038,0.000000,0.000000,0.002050,0.042981
B,ka100_req16,1,xxxxxxxxxxxxxxxx0.000026,0.000000,0.000000,0.001723,0.042619
B,ka100_req17,1,xxxxxxxxxxxxxxxx0.000026,0.000000,0.000000,0.001787,0.043080
B,ka100_req18,1,xxxxxxxxxxxxxxxx0.000035,0.000000,0.000000,0.002113,0.042858
B,ka100_req19,1,xxxxxxxxxxxxxxxx0.000032,0.000000,0.000000,0.002033,0.043346
B,ka100_req20,1,xxxxxxxxxxxxxxxx0.000036,0.000000,0.000000,0.001997,0.043013
B,ka100_req21,1,xxxxxxxxxxxxxxxx0.000025,0.000000,0.000000,0.001818,0.042661
B,ka100_req22,1,xxxxxxxxxxxxxxxx0.000033,0.000000,0.000000,0.001902,0.042593
B,ka100_req23,1,xxxxxxxxxxxxxxxx0.000030,0.000000,0.000000,0.002017,0.042978
B,ka100_req24,1,xxxxxxxxxxxxxxxx0.000044,0.000000,0.000000,0.002633,0.044506
B,ka100_req25,1,xxxxxxxxxxxxxxxx0.000026,0.000000,0.000000,0.002343,0.042887
B,ka100_req26,1,xxxxxxxxxxxxxxxx0.000024,0.000000,0.000000,0.001796,0.043630
B,ka100_req27,1,xxxxxxxxxxxxxxxx0.000024,0.000000,0.000000,0.001821,0.043103
B,ka100_req28,1,xxxxxxxxxxxxxxxx0.000028,0.000000,0.000000,0.002139,0.042796
B,ka100_req29,1,xxxxxxxxxxxxxxxx0.000030,0.000000,0.000000,0.004360,0.045259
B,ka100_req30,1,xxxxxxxxxxxxxxxx0.000022,0.000000,0.000000,0.001308,0.044143
B,ka100_req31,1,xxxxxxxxxxxxxxxx0.000036,0.000000,0.000000,0.002103,0.043160
B,ka100_req32,1,xxxxxxxxxxxxxxxx0.000026,0.000000,0.000000,0.001792,0.042308
B,ka100_req33,1,xxxxxxxxxxxxxxxx0.000024,0.000000,0.000000,0.002127,0.043069
B,ka100_req34,1,xxxxxxxxxxxxxxxx0.000031,0.000000,0.000000,0.001910,0.046603
B,ka100_req35,1,xxxxxxxxxxxxxxxx0.000028,0.000000,0.000000,0.002011,0.042579
B,ka100_req36,1,xxxxxxxxxxxxxxxx0.000036,0.000000,0.000000,0.002077,0.043524
B,ka100_req37,1,xxxxxxxxxxxxxxxx0.000029,0.000000,0.000000,0.004103,0.045241
B,ka100_req38,1,xxxxxxxxxxxxxxxx0.000041,0.000000,0.000000,0.002614,0.043616
B,ka100_req39,1,xxxxxxxxxxxxxxxx0.000036,0.000000,0.000000,0.001954,0.042980
B,ka100_req40,1,xxxxxxxxxxxxxxxx0.000034,0.000000,0.000000,0.002108,0.042543
B,ka100_req41,1,xxxxxxxxxxxxxxxx0.000030,0.000000,0.000000,0.001867,0.044593
B,ka100_req42,1,xxxxxxxxxxxxxxxx0.000053,0.000000,0.000000,0.001835,0.042976
B,ka100_req43,1,xxxxxxxxxxxxxxxx0.000040,0.000000,0.000000,0.002862,0.043588
B,ka100_req44,1,xxxxxxxxxxxxxxxx0.000030,0.000000,0.000000,0.002684,0.043835
B,ka100_req45,1,xxxxxxxxxxxxxxxx0.000020,0.000000,0.000000,0.001075,0.042685
B,ka100_req46,1,xxxxxxxxxxxxxxxx0.000014,0.000000,0.000000,0.000825,0.041883
B,ka100_req47,1,xxxxxxxxxxxxxxxx0.000012,0.000000,0.000000,0.000841,0.044184
B,ka100_req48,1,xxxxxxxxxxxxxxxx0.000008,0.000000,0.000000,0.000604,0.041714
B,ka100_req49,1,xxxxxxxxxxxxxxxx0.000009,0.000000,0.000000,0.000701,0.041827
B,ka100_req50,1,xxxxxxxxxxxxxxxx0.000027,0.000000,0.000000,0.001192,0.042076
B,ka100_req51,1,xxxxxxxxxxxxxxxx0.000041,0.000000,0.000000,0.001376,0.043700
B,ka100_req52,1,xxxxxxxxxxxxxxxx0.000033,0.000000,0.000000,0.001799,0.042959
B,ka100_req53,1,xxxxxxxxxxxxxxxx0.000038,0.000000,0.000000,0.001709,0.044268
B,ka100_req54,1,xxxxxxxxxxxxxxxx0.000039,0.000000,0.000000,0.002089,0.043031
B,ka100_req55,1,xxxxxxxxxxxxxxxx0.000028,0.000000,0.000000,0.001882,0.043012
B,ka100_req56,1,xxxxxxxxxxxxxxxx0.000023,0.000000,0.000000,0.001938,0.042558
B,ka100_req57,1,xxxxxxxxxxxxxxxx0.000034,0.000000,0.000000,0.002353,0.042595
B,ka100_req58,1,xxxxxxxxxxxxxxxx0.000036,0.000000,0.000000,0.002134,0.045884
B,ka100_req59,1,xxxxxxxxxxxxxxxx0.000043,0.000000,0.000000,0.001903,0.042719
B,ka100_req60,1,xxxxxxxxxxxxxxxx0.000039,0.000000,0.000000,0.002091,0.042788
B,ka100_req61,1,xxxxxxxxxxxxxxxx0.000037,0.000000,0.000000,0.002057,0.042986
B,ka100_req62,1,xxxxxxxxxxxxxxxx0.000036,0.000000,0.000000,0.001930,0.042587
B,ka100_req63,1,xxxxxxxxxxxxxxxx0.000030,0.000000,0.000000,0.002249,0.044384
B,ka100_req64,1,xxxxxxxxxxxxxxxx0.000037,0.000000,0.000000,0.002043,0.043233
B,ka100_req65,1,xxxxxxxxxxxxxxxx0.000037,0.000000,0.000000,0.002070,0.043193
B,ka100_req66,1,xxxxxxxxxxxxxxxx0.000022,0.000000,0.000000,0.001884,0.045836
B,ka100_req67,1,xxxxxxxxxxxxxxxx0.000025,0.000000,0.000000,0.001903,0.043202
B,ka100_req68,1,xxxxxxxxxxxxxxxx0.000029,0.000000,0.000000,0.001999,0.042395
B,ka100_req69,1,xxxxxxxxxxxxxxxx0.000024,0.000000,0.000000,0.001625,0.044455
B,ka100_req70,1,xxxxxxxxxxxxxxxx0.000021,0.000000,0.000000,0.001730,0.042335
B,ka100_req71,1,xxxxxxxxxxxxxxxx0.000024,0.000000,0.000000,0.001925,0.043970
B,ka100_req72,1,xxxxxxxxxxxxxxxx0.000022,0.000000,0.000000,0.001662,0.043209
B,ka100_req73,1,xxxxxxxxxxxxxxxx0.000022,0.000000,0.000000,0.002001,0.045457
B,ka100_req74,1,xxxxxxxxxxxxxxxx0.000037,0.000000,0.000000,0.001987,0.042426
B,ka100_req75,1,xxxxxxxxxxxxxxxx0.000025,0.000000,0.000000,0.002371,0.043048
B,ka100_req76,1,xxxxxxxxxxxxxxxx0.000028,0.000000,0.000000,0.001912,0.043434
B,ka100_req77,1,xxxxxxxxxxxxxxxx0.000024,0.000000,0.000000,0.001727,0.042735
B,ka100_req78,1,xxxxxxxxxxxxxxxx0.000025,0.000000,0.000000,0.001832,0.045251
B,ka100_req79,1,xxxxxxxxxxxxxxxx0.000042,0.000000,0.000000,0.002222,0.043450
B,ka100_req80,1,xxxxxxxxxxxxxxxx0.000037,0.000000,0.000000,0.002031,0.042751
B,ka100_req81,1,xxxxxxxxxxxxxxxx0.000038,0.000000,0.000000,0.002065,0.043640
B,ka100_req82,1,xxxxxxxxxxxxxxxx0.000037,0.000000,0.000000,0.002200,0.043740
B,ka100_req83,1,xxxxxxxxxxxxxxxx0.000032,0.000000,0.000000,0.002004,0.042563
B,ka100_req84,1,xxxxxxxxxxxxxxxx0.000029,0.000000,0.000000,0.001196,0.041827
B,ka100_req85,1,xxxxxxxxxxxxxxxx0.000015,0.000000,0.000000,0.000897,0.042155
B,ka100_req86,1,xxxxxxxxxxxxxxxx0.000025,0.000000,0.000000,0.001568,0.042771
B,ka100_req87,1,xxxxxxxxxxxxxxxx0.000025,0.000000,0.000000,0.001439,0.042939
B,ka100_req88,1,xxxxxxxxxxxxxxxx0.000035,0.000000,0.000000,0.001651,0.042649
B,ka100_req89,1,xxxxxxxxxxxxxxxx0.000036,0.000000,0.000000,0.002066,0.042685
B,ka100_req90,1,xxxxxxxxxxxxxxxx0.000037,0.000000,0.000000,0.002294,0.044260
B,ka100_req91,1,xxxxxxxxxxxxxxxx0.000023,0.000000,0.000000,0.001473,0.042135
B,ka100_req92,1,xxxxxxxxxxxxxxxx0.000031,0.000000,0.000000,0.001904,0.044225
B,ka100_req93,1,xxxxxxxxxxxxxxxx0.000011,0.000000,0.000000,0.000798,0.044434
B,ka100_req94,1,xxxxxxxxxxxxxxxx0.000009,0.000000,0.000000,0.000719,0.045824
B,ka100_req95,1,xxxxxxxxxxxxxxxx0.000012,0.000000,0.000000,0.000706,0.045936
B,ka100_req96,1,xxxxxxxxxxxxxxxx0.000010,0.000000,0.000000,0.000774,0.041332
B,ka100_req97,1,xxxxxxxxxxxxxxxx0.000027,0.000000,0.000000,0.001809,0.044777
B,ka100_req98,1,xxxxxxxxxxxxxxxx0.000038,0.000000,0.000000,0.002343,0.042736
B,ka100_req99,1,xxxxxxxxxxxxxxxx0.000022,0.000000,0.000000,0.001862,0.045817
B,ka100_req100,1,xxxxxxxxxxxxxxxx0.000035,0.000000,0.000000,0.002319,0.043143
B,ka100_req1,2,0.000027,0.000217,0.031424,0.033188,0.074471
B,ka100_req2,2,xxxxxxxxxxxxxxxx0.000014,0.000000,0.000000,0.000927,0.045738
B,ka100_req3,2,xxxxxxxxxxxxxxxx0.000030,0.000000,0.000000,0.001367,0.042596
B,ka100_req4,2,xxxxxxxxxxxxxxxx0.000038,0.000000,0.000000,0.001943,0.043426
B,ka100_req5,2,xxxxxxxxxxxxxxxx0.000033,0.000000,0.000000,0.002807,0.044670
B,ka100_req6,2,xxxxxxxxxxxxxxxx0.000037,0.000000,0.000000,0.001933,0.043582
B,ka100_req7,2,xxxxxxxxxxxxxxxx0.000035,0.000000,0.000000,0.002214,0.044665
B,ka100_req8,2,xxxxxxxxxxxxxxxx0.000029,0.000000,0.000000,0.001912,0.043074
B,ka100_req9,2,xxxxxxxxxxxxxxxx0.000036,0.000000,0.000000,0.002261,0.042937
B,ka100_req10,2,xxxxxxxxxxxxxxxx0.000040,0.000000,0.000000,0.002560,0.043347
B,ka100_req11,2,xxxxxxxxxxxxxxxx0.000029,0.000000,0.000000,0.001923,0.043577
B,ka100_req12,2,xxxxxxxxxxxxxxxx0.000034,0.000000,0.000000,0.002285,0.045912
B,ka100_req13,2,xxxxxxxxxxxxxxxx0.000024,0.000000,0.000000,0.002201,0.042804
B,ka100_req14,2,xxxxxxxxxxxxxxxx0.000025,0.000000,0.000000,0.001843,0.044132
B,ka100_req15,2,xxxxxxxxxxxxxxxx0.000043,0.000000,0.000000,0.002390,0.043389
B,ka100_req16,2,xxxxxxxxxxxxxxxx0.000029,0.000000,0.000000,0.001908,0.043120
B,ka100_req17,2,xxxxxxxxxxxxxxxx0.000062,0.000000,0.000000,0.001768,0.042463
B,ka100_req18,2,xxxxxxxxxxxxxxxx0.000027,0.000000,0.000000,0.002123,0.042731
B,ka100_req19,2,xxxxxxxxxxxxxxxx0.000036,0.000000,0.000000,0.002013,0.043917
B,ka100_req20,2,xxxxxxxxxxxxxxxx0.000034,0.000000,0.000000,0.001888,0.044057
B,ka100_req21,2,xxxxxxxxxxxxxxxx0.000037,0.000000,0.000000,0.001842,0.044783
B,ka100_req22,2,xxxxxxxxxxxxxxxx0.000037,0.000000,0.000000,0.002138,0.043337
B,ka100_req23,2,xxxxxxxxxxxxxxxx0.000028,0.000000,0.000000,0.002163,0.042532
B,ka100_req24,2,xxxxxxxxxxxxxxxx0.000025,0.000000,0.000000,0.002231,0.043296
B,ka100_req25,2,xxxxxxxxxxxxxxxx0.000038,0.000000,0.000000,0.002378,0.043431
B,ka100_req26,2,xxxxxxxxxxxxxxxx0.000035,0.000000,0.000000,0.001976,0.042721
B,ka100_req27,2,xxxxxxxxxxxxxxxx0.000026,0.000000,0.000000,0.001858,0.044369
B,ka100_req28,2,xxxxxxxxxxxxxxxx0.000046,0.000000,0.000000,0.002006,0.045370
B,ka100_req29,2,xxxxxxxxxxxxxxxx0.000063,0.000000,0.000000,0.001899,0.042356
B,ka100_req30,2,xxxxxxxxxxxxxxxx0.000029,0.000000,0.000000,0.001819,0.042927
B,ka100_req31,2,xxxxxxxxxxxxxxxx0.000025,0.000000,0.000000,0.001511,0.044572
B,ka100_req32,2,xxxxxxxxxxxxxxxx0.000025,0.000000,0.000000,0.001671,0.043180
B,ka100_req33,2,xxxxxxxxxxxxxxxx0.000037,0.000000,0.000000,0.002329,0.043756
B,ka100_req34,2,xxxxxxxxxxxxxxxx0.000026,0.000000,0.000000,0.002160,0.042616
B,ka100_req35,2,xxxxxxxxxxxxxxxx0.000028,0.000000,0.000000,0.002097,0.042649
B,ka100_req36,2,xxxxxxxxxxxxxxxx0.000029,0.000000,0.000000,0.001299,0.042865
B,ka100_req37,2,xxxxxxxxxxxxxxxx0.000039,0.000000,0.000000,0.001948,0.043049
B,ka100_req38,2,xxxxxxxxxxxxxxxx0.000024,0.000000,0.000000,0.001647,0.045424
B,ka100_req39,2,xxxxxxxxxxxxxxxx0.000033,0.000000,0.000000,0.001840,0.045503
B,ka100_req40,2,xxxxxxxxxxxxxxxx0.000050,0.000000,0.000000,0.002005,0.043186
B,ka100_req41,2,xxxxxxxxxxxxxxxx0.000015,0.000000,0.000000,0.001359,0.043032
B,ka100_req42,2,xxxxxxxxxxxxxxxx0.000022,0.000000,0.000000,0.002137,0.042565
B,ka100_req43,2,xxxxxxxxxxxxxxxx0.000058,0.000000,0.000000,0.001926,0.043783
B,ka100_req44,2,xxxxxxxxxxxxxxxx0.000037,0.000000,0.000000,0.002036,0.042657
B,ka100_req45,2,xxxxxxxxxxxxxxxx0.000029,0.000000,0.000000,0.001822,0.043397
B,ka100_req46,2,xxxxxxxxxxxxxxxx0.000038,0.000000,0.000000,0.002375,0.043078
B,ka100_req47,2,xxxxxxxxxxxxxxxx0.000030,0.000000,0.000000,0.002241,0.043184
B,ka100_req48,2,xxxxxxxxxxxxxxxx0.000039,0.000000,0.000000,0.002089,0.044550
B,ka100_req49,2,xxxxxxxxxxxxxxxx0.000026,0.000000,0.000000,0.001982,0.042893
B,ka100_req50,2,xxxxxxxxxxxxxxxx0.000029,0.000000,0.000000,0.002113,0.044395
B,ka100_req51,2,xxxxxxxxxxxxxxxx0.000039,0.000000,0.000000,0.001990,0.042930
B,ka100_req52,2,xxxxxxxxxxxxxxxx0.000025,0.000000,0.000000,0.001987,0.042604
B,ka100_req53,2,xxxxxxxxxxxxxxxx0.000036,0.000000,0.000000,0.002027,0.043889
B,ka100_req54,2,xxxxxxxxxxxxxxxx0.000025,0.000000,0.000000,0.001867,0.043506
B,ka100_req55,2,xxxxxxxxxxxxxxxx0.000034,0.000000,0.000000,0.001992,0.043322
B,ka100_req56,2,xxxxxxxxxxxxxxxx0.000033,0.000000,0.000000,0.002378,0.043441
B,ka100_req57,2,xxxxxxxxxxxxxxxx0.000030,0.000000,0.000000,0.002061,0.043360
B,ka100_req58,2,xxxxxxxxxxxxxxxx0.000024,0.000000,0.000000,0.001510,0.042007
B,ka100_req59,2,xxxxxxxxxxxxxxxx0.000017,0.000000,0.000000,0.000923,0.041741
B,ka100_req60,2,xxxxxxxxxxxxxxxx0.000023,0.000000,0.000000,0.001570,0.042871
B,ka100_req61,2,xxxxxxxxxxxxxxxx0.000016,0.000000,0.000000,0.002087,0.042947
B,ka100_req62,2,xxxxxxxxxxxxxxxx0.000014,0.000000,0.000000,0.001347,0.043860
B,ka100_req63,2,xxxxxxxxxxxxxxxx0.000018,0.000000,0.000000,0.001251,0.041867
B,ka100_req64,2,xxxxxxxxxxxxxxxx0.000013,0.000000,0.000000,0.001269,0.041820
B,ka100_req65,2,xxxxxxxxxxxxxxxx0.000025,0.000000,0.000000,0.000871,0.044992
B,ka100_req66,2,xxxxxxxxxxxxxxxx0.000014,0.000000,0.000000,0.001182,0.041821
B,ka100_req67,2,xxxxxxxxxxxxxxxx0.000014,0.000000,0.000000,0.001585,0.043235
B,ka100_req68,2,xxxxxxxxxxxxxxxx0.000016,0.000000,0.000000,0.001700,0.043465
B,ka100_req69,2,xxxxxxxxxxxxxxxx0.000037,0.000000,0.000000,0.002542,0.042687
B,ka100_req70,2,xxxxxxxxxxxxxxxx0.000032,0.000000,0.000000,0.001893,0.045178
B,ka100_req71,2,xxxxxxxxxxxxxxxx0.000035,0.000000,0.000000,0.002532,0.045474
B,ka100_req72,2,xxxxxxxxxxxxxxxx0.000019,0.000000,0.000000,0.001726,0.042832
B,ka100_req73,2,xxxxxxxxxxxxxxxx0.000035,0.000000,0.000000,0.002056,0.043760
B,ka100_req74,2,xxxxxxxxxxxxxxxx0.000044,0.000000,0.000000,0.002706,0.043714
B,ka100_req75,2,xxxxxxxxxxxxxxxx0.000070,0.000000,0.000000,0.002066,0.042822
B,ka100_req76,2,xxxxxxxxxxxxxxxx0.000029,0.000000,0.000000,0.001797,0.042658
B,ka100_req77,2,xxxxxxxxxxxxxxxx0.000014,0.000000,0.000000,0.001027,0.044342
B,ka100_req78,2,xxxxxxxxxxxxxxxx0.000030,0.000000,0.000000,0.001470,0.042398
B,ka100_req79,2,xxxxxxxxxxxxxxxx0.000032,0.000000,0.000000,0.002002,0.042878
B,ka100_req80,2,xxxxxxxxxxxxxxxx0.000032,0.000000,0.000000,0.002624,0.043807
B,ka100_req81,2,xxxxxxxxxxxxxxxx0.000040,0.000000,0.000000,0.002469,0.043843
B,ka100_req82,2,xxxxxxxxxxxxxxxx0.000037,0.000000,0.000000,0.002148,0.042359
B,ka100_req83,2,xxxxxxxxxxxxxxxx0.000021,0.000000,0.000000,0.001442,0.041856
B,ka100_req84,2,xxxxxxxxxxxxxxxx0.000022,0.000000,0.000000,0.001259,0.043238
B,ka100_req85,2,xxxxxxxxxxxxxxxx0.000038,0.000000,0.000000,0.002069,0.043165
B,ka100_req86,2,xxxxxxxxxxxxxxxx0.000034,0.000000,0.000000,0.002036,0.043104
B,ka100_req87,2,xxxxxxxxxxxxxxxx0.000033,0.000000,0.000000,0.001983,0.042725
B,ka100_req88,2,xxxxxxxxxxxxxxxx0.000022,0.000000,0.000000,0.001664,0.045803
B,ka100_req89,2,xxxxxxxxxxxxxxxx0.000024,0.000000,0.000000,0.001868,0.043292
B,ka100_req90,2,xxxxxxxxxxxxxxxx0.000013,0.000000,0.000000,0.000868,0.041681
B,ka100_req91,2,xxxxxxxxxxxxxxxx0.000037,0.000000,0.000000,0.001244,0.042455
B,ka100_req92,2,xxxxxxxxxxxxxxxx0.000033,0.000000,0.000000,0.001818,0.042832
B,ka100_req93,2,xxxxxxxxxxxxxxxx0.000036,0.000000,0.000000,0.001681,0.045809
B,ka100_req94,2,xxxxxxxxxxxxxxxx0.000038,0.000000,0.000000,0.001841,0.043034
B,ka100_req95,2,xxxxxxxxxxxxxxxx0.000023,0.000000,0.000000,0.001880,0.043820
B,ka100_req96,2,xxxxxxxxxxxxxxxx0.000022,0.000000,0.000000,0.001861,0.045258
B,ka100_req97,2,xxxxxxxxxxxxxxxx0.000026,0.000000,0.000000,0.001828,0.042909
B,ka100_req98,2,xxxxxxxxxxxxxxxx0.000026,0.000000,0.000000,0.001778,0.043522
B,ka100_req99,2,xxxxxxxxxxxxxxxx0.000031,0.000000,0.000000,0.002073,0.043179
B,ka100_req100,2,xxxxxxxxxxxxxxxx0.000026,0.000000,0.000000,0.001480,0.043275
B,ka100_req1,3,0.000024,0.000188,0.032576,0.078151,0.078214
B,ka100_req2,3,xxxxxxxxxxxxxxxx0.000019,0.000000,0.000000,0.000908,0.046287
B,ka100_req3,3,xxxxxxxxxxxxxxxx0.000035,0.000000,0.000000,0.002895,0.044418
B,ka100_req4,3,xxxxxxxxxxxxxxxx0.000038,0.000000,0.000000,0.001613,0.041942
B,ka100_req5,3,xxxxxxxxxxxxxxxx0.000037,0.000000,0.000000,0.001948,0.043136
B,ka100_req6,3,xxxxxxxxxxxxxxxx0.000036,0.000000,0.000000,0.002101,0.043324
B,ka100_req7,3,xxxxxxxxxxxxxxxx0.000035,0.000000,0.000000,0.001836,0.043717
B,ka100_req8,3,xxxxxxxxxxxxxxxx0.000021,0.000000,0.000000,0.001849,0.043242
B,ka100_req9,3,xxxxxxxxxxxxxxxx0.000046,0.000000,0.000000,0.001845,0.044647
B,ka100_req10,3,xxxxxxxxxxxxxxxx0.000037,0.000000,0.000000,0.002389,0.043595
B,ka100_req11,3,xxxxxxxxxxxxxxxx0.000039,0.000000,0.000000,0.002440,0.043843
B,ka100_req12,3,xxxxxxxxxxxxxxxx0.000028,0.000000,0.000000,0.001942,0.043039
B,ka100_req13,3,xxxxxxxxxxxxxxxx0.000032,0.000000,0.000000,0.001983,0.042500
B,ka100_req14,3,xxxxxxxxxxxxxxxx0.000036,0.000000,0.000000,0.002773,0.044380
B,ka100_req15,3,xxxxxxxxxxxxxxxx0.000024,0.000000,0.000000,0.001943,0.043460
B,ka100_req16,3,xxxxxxxxxxxxxxxx0.000039,0.000000,0.000000,0.002048,0.046142
B,ka100_req17,3,xxxxxxxxxxxxxxxx0.000028,0.000000,0.000000,0.001882,0.045118
B,ka100_req18,3,xxxxxxxxxxxxxxxx0.000027,0.000000,0.000000,0.001967,0.043113
B,ka100_req19,3,xxxxxxxxxxxxxxxx0.000036,0.000000,0.000000,0.002050,0.044354
B,ka100_req20,3,xxxxxxxxxxxxxxxx0.000037,0.000000,0.000000,0.001956,0.043625
B,ka100_req21,3,xxxxxxxxxxxxxxxx0.000026,0.000000,0.000000,0.001800,0.043437
B,ka100_req22,3,xxxxxxxxxxxxxxxx0.000026,0.000000,0.000000,0.002588,0.045767
B,ka100_req23,3,xxxxxxxxxxxxxxxx0.000037,0.000000,0.000000,0.002260,0.043086
B,ka100_req24,3,xxxxxxxxxxxxxxxx0.000037,0.000000,0.000000,0.002485,0.043991
B,ka100_req25,3,xxxxxxxxxxxxxxxx0.000023,0.000000,0.000000,0.004765,0.044563
B,ka100_req26,3,xxxxxxxxxxxxxxxx0.000036,0.000000,0.000000,0.001954,0.042693
B,ka100_req27,3,xxxxxxxxxxxxxxxx0.000039,0.000000,0.000000,0.002161,0.042898
B,ka100_req28,3,xxxxxxxxxxxxxxxx0.000037,0.000000,0.000000,0.001840,0.045684
B,ka100_req29,3,xxxxxxxxxxxxxxxx0.000036,0.000000,0.000000,0.002062,0.042517
B,ka100_req30,3,xxxxxxxxxxxxxxxx0.000044,0.000000,0.000000,0.001237,0.045164
B,ka100_req31,3,xxxxxxxxxxxxxxxx0.000056,0.000000,0.000000,0.001797,0.043153
B,ka100_req32,3,xxxxxxxxxxxxxxxx0.000015,0.000000,0.000000,0.000988,0.044284
B,ka100_req33,3,xxxxxxxxxxxxxxxx0.000014,0.000000,0.000000,0.001134,0.041667
B,ka100_req34,3,xxxxxxxxxxxxxxxx0.000030,0.000000,0.000000,0.002116,0.045842
B,ka100_req35,3,xxxxxxxxxxxxxxxx0.000030,0.000000,0.000000,0.001344,0.041957
B,ka100_req36,3,xxxxxxxxxxxxxxxx0.000021,0.000000,0.000000,0.002241,0.044066
B,ka100_req37,3,xxxxxxxxxxxxxxxx0.000039,0.000000,0.000000,0.001760,0.042336
B,ka100_req38,3,xxxxxxxxxxxxxxxx0.000042,0.000000,0.000000,0.002712,0.043795
B,ka100_req39,3,xxxxxxxxxxxxxxxx0.000030,0.000000,0.000000,0.003071,0.043722
B,ka100_req40,3,xxxxxxxxxxxxxxxx0.000028,0.000000,0.000000,0.001713,0.042721
B,ka100_req41,3,xxxxxxxxxxxxxxxx0.000023,0.000000,0.000000,0.002154,0.042695
B,ka100_req42,3,xxxxxxxxxxxxxxxx0.000052,0.000000,0.000000,0.001641,0.043859
B,ka100_req43,3,xxxxxxxxxxxxxxxx0.000029,0.000000,0.000000,0.001811,0.042793
B,ka100_req44,3,xxxxxxxxxxxxxxxx0.000023,0.000000,0.000000,0.002815,0.043786
B,ka100_req45,3,xxxxxxxxxxxxxxxx0.000039,0.000000,0.000000,0.002078,0.042690
B,ka100_req46,3,xxxxxxxxxxxxxxxx0.000034,0.000000,0.000000,0.002042,0.045211
B,ka100_req47,3,xxxxxxxxxxxxxxxx0.000044,0.000000,0.000000,0.002668,0.043641
B,ka100_req48,3,xxxxxxxxxxxxxxxx0.000026,0.000000,0.000000,0.002071,0.043715
B,ka100_req49,3,xxxxxxxxxxxxxxxx0.000034,0.000000,0.000000,0.002074,0.044534
B,ka100_req50,3,xxxxxxxxxxxxxxxx0.000029,0.000000,0.000000,0.002344,0.043128
B,ka100_req51,3,xxxxxxxxxxxxxxxx0.000038,0.000000,0.000000,0.002234,0.043342
B,ka100_req52,3,xxxxxxxxxxxxxxxx0.000037,0.000000,0.000000,0.002425,0.042758
B,ka100_req53,3,xxxxxxxxxxxxxxxx0.000026,0.000000,0.000000,0.001759,0.042863
B,ka100_req54,3,xxxxxxxxxxxxxxxx0.000036,0.000000,0.000000,0.002389,0.043648
B,ka100_req55,3,xxxxxxxxxxxxxxxx0.000036,0.000000,0.000000,0.001887,0.043068
B,ka100_req56,3,xxxxxxxxxxxxxxxx0.000065,0.000000,0.000000,0.002271,0.043396
B,ka100_req57,3,xxxxxxxxxxxxxxxx0.000037,0.000000,0.000000,0.002148,0.044043
B,ka100_req58,3,xxxxxxxxxxxxxxxx0.000036,0.000000,0.000000,0.002445,0.043583
B,ka100_req59,3,xxxxxxxxxxxxxxxx0.000036,0.000000,0.000000,0.002589,0.043663
B,ka100_req60,3,xxxxxxxxxxxxxxxx0.000046,0.000000,0.000000,0.002230,0.043390
B,ka100_req61,3,xxxxxxxxxxxxxxxx0.000048,0.000000,0.000000,0.002202,0.044347
B,ka100_req62,3,xxxxxxxxxxxxxxxx0.000035,0.000000,0.000000,0.002306,0.043199
B,ka100_req63,3,xxxxxxxxxxxxxxxx0.000040,0.000000,0.000000,0.002145,0.043796
B,ka100_req64,3,xxxxxxxxxxxxxxxx0.000037,0.000000,0.000000,0.002267,0.042891
B,ka100_req65,3,xxxxxxxxxxxxxxxx0.000036,0.000000,0.000000,0.002025,0.044476
B,ka100_req66,3,xxxxxxxxxxxxxxxx0.000037,0.000000,0.000000,0.002606,0.044120
B,ka100_req67,3,xxxxxxxxxxxxxxxx0.000041,0.000000,0.000000,0.002192,0.043448
B,ka100_req68,3,xxxxxxxxxxxxxxxx0.000030,0.000000,0.000000,0.001794,0.043438
B,ka100_req69,3,xxxxxxxxxxxxxxxx0.000024,0.000000,0.000000,0.003200,0.043146
B,ka100_req70,3,xxxxxxxxxxxxxxxx0.000037,0.000000,0.000000,0.002336,0.042627
B,ka100_req71,3,xxxxxxxxxxxxxxxx0.000028,0.000000,0.000000,0.002280,0.043740
B,ka100_req72,3,xxxxxxxxxxxxxxxx0.000020,0.000000,0.000000,0.001201,0.042878
B,ka100_req73,3,xxxxxxxxxxxxxxxx0.000012,0.000000,0.000000,0.000913,0.041707
B,ka100_req74,3,xxxxxxxxxxxxxxxx0.000010,0.000000,0.000000,0.000664,0.045912
B,ka100_req75,3,xxxxxxxxxxxxxxxx0.000009,0.000000,0.000000,0.000636,0.045437
B,ka100_req76,3,xxxxxxxxxxxxxxxx0.000016,0.000000,0.000000,0.000923,0.041812
B,ka100_req77,3,xxxxxxxxxxxxxxxx0.000027,0.000000,0.000000,0.001182,0.041817
B,ka100_req78,3,xxxxxxxxxxxxxxxx0.000037,0.000000,0.000000,0.001788,0.043761
B,ka100_req79,3,xxxxxxxxxxxxxxxx0.000037,0.000000,0.000000,0.001694,0.042488
B,ka100_req80,3,xxxxxxxxxxxxxxxx0.000037,0.000000,0.000000,0.002219,0.043568
B,ka100_req81,3,xxxxxxxxxxxxxxxx0.000037,0.000000,0.000000,0.002736,0.044766
B,ka100_req82,3,xxxxxxxxxxxxxxxx0.000036,0.000000,0.000000,0.002431,0.043074
B,ka100_req83,3,xxxxxxxxxxxxxxxx0.000026,0.000000,0.000000,0.001808,0.043218
B,ka100_req84,3,xxxxxxxxxxxxxxxx0.000039,0.000000,0.000000,0.002217,0.043258
B,ka100_req85,3,xxxxxxxxxxxxxxxx0.000035,0.000000,0.000000,0.002263,0.043070
B,ka100_req86,3,xxxxxxxxxxxxxxxx0.000037,0.000000,0.000000,0.002414,0.043277
B,ka100_req87,3,xxxxxxxxxxxxxxxx0.000027,0.000000,0.000000,0.002307,0.043019
B,ka100_req88,3,xxxxxxxxxxxxxxxx0.000031,0.000000,0.000000,0.002407,0.044712
B,ka100_req89,3,xxxxxxxxxxxxxxxx0.000047,0.000000,0.000000,0.002544,0.043667
B,ka100_req90,3,xxxxxxxxxxxxxxxx0.000040,0.000000,0.000000,0.002620,0.044103
B,ka100_req91,3,xxxxxxxxxxxxxxxx0.000034,0.000000,0.000000,0.002097,0.043523
B,ka100_req92,3,xxxxxxxxxxxxxxxx0.000033,0.000000,0.000000,0.002190,0.046374
B,ka100_req93,3,xxxxxxxxxxxxxxxx0.000034,0.000000,0.000000,0.002922,0.043931
B,ka100_req94,3,xxxxxxxxxxxxxxxx0.000034,0.000000,0.000000,0.002027,0.042816
B,ka100_req95,3,xxxxxxxxxxxxxxxx0.000082,0.000000,0.000000,0.002106,0.042672
B,ka100_req96,3,xxxxxxxxxxxxxxxx0.000020,0.000000,0.000000,0.001450,0.045644
B,ka100_req97,3,xxxxxxxxxxxxxxxx0.000024,0.000000,0.000000,0.001651,0.042176
B,ka100_req98,3,xxxxxxxxxxxxxxxx0.000036,0.000000,0.000000,0.002953,0.044072
B,ka100_req99,3,xxxxxxxxxxxxxxxx0.000041,0.000000,0.000000,0.002364,0.043255
B,ka100_req100,3,xxxxxxxxxxxxxxxx0.000036,0.000000,0.000000,0.002363,0.042792
B,ka100_req1,4,0.000024,0.000174,0.030278,0.032686,0.075485
B,ka100_req2,4,xxxxxxxxxxxxxxxx0.000015,0.000000,0.000000,0.000918,0.045036
B,ka100_req3,4,xxxxxxxxxxxxxxxx0.000028,0.000000,0.000000,0.001723,0.045962
B,ka100_req4,4,xxxxxxxxxxxxxxxx0.000039,0.000000,0.000000,0.002082,0.043843
B,ka100_req5,4,xxxxxxxxxxxxxxxx0.000040,0.000000,0.000000,0.002195,0.044100
B,ka100_req6,4,xxxxxxxxxxxxxxxx0.000029,0.000000,0.000000,0.001958,0.042642
B,ka100_req7,4,xxxxxxxxxxxxxxxx0.000069,0.000000,0.000000,0.002314,0.043664
B,ka100_req8,4,xxxxxxxxxxxxxxxx0.000042,0.000000,0.000000,0.002711,0.043841
B,ka100_req9,4,xxxxxxxxxxxxxxxx0.000033,0.000000,0.000000,0.003054,0.043411
B,ka100_req10,4,xxxxxxxxxxxxxxxx0.000018,0.000000,0.000000,0.001987,0.045477
B,ka100_req11,4,xxxxxxxxxxxxxxxx0.000041,0.000000,0.000000,0.002242,0.046066
B,ka100_req12,4,xxxxxxxxxxxxxxxx0.000048,0.000000,0.000000,0.002481,0.043732
B,ka100_req13,4,xxxxxxxxxxxxxxxx0.000040,0.000000,0.000000,0.002518,0.043662
B,ka100_req14,4,xxxxxxxxxxxxxxxx0.000025,0.000000,0.000000,0.001889,0.043041
B,ka100_req15,4,xxxxxxxxxxxxxxxx0.000065,0.000000,0.000000,0.002303,0.043494
B,ka100_req16,4,xxxxxxxxxxxxxxxx0.000034,0.000000,0.000000,0.002343,0.045637
B,ka100_req17,4,xxxxxxxxxxxxxxxx0.000036,0.000000,0.000000,0.002534,0.044697
B,ka100_req18,4,xxxxxxxxxxxxxxxx0.000018,0.000000,0.000000,0.001519,0.045651
B,ka100_req19,4,xxxxxxxxxxxxxxxx0.000010,0.000000,0.000000,0.000637,0.045784
B,ka100_req20,4,xxxxxxxxxxxxxxxx0.000011,0.000000,0.000000,0.000700,0.043598
B,ka100_req21,4,xxxxxxxxxxxxxxxx0.000010,0.000000,0.000000,0.000960,0.041530
B,ka100_req22,4,xxxxxxxxxxxxxxxx0.000019,0.000000,0.000000,0.001511,0.042501
B,ka100_req23,4,xxxxxxxxxxxxxxxx0.000031,0.000000,0.000000,0.002238,0.043408
B,ka100_req24,4,xxxxxxxxxxxxxxxx0.000036,0.000000,0.000000,0.002380,0.043582
B,ka100_req25,4,xxxxxxxxxxxxxxxx0.000036,0.000000,0.000000,0.002365,0.042865
B,ka100_req26,4,xxxxxxxxxxxxxxxx0.000038,0.000000,0.000000,0.002466,0.044786
B,ka100_req27,4,xxxxxxxxxxxxxxxx0.000039,0.000000,0.000000,0.002170,0.042689
B,ka100_req28,4,xxxxxxxxxxxxxxxx0.000039,0.000000,0.000000,0.002146,0.044013
B,ka100_req29,4,xxxxxxxxxxxxxxxx0.000042,0.000000,0.000000,0.002167,0.045141
B,ka100_req30,4,xxxxxxxxxxxxxxxx0.000040,0.000000,0.000000,0.002287,0.043827
B,ka100_req31,4,xxxxxxxxxxxxxxxx0.000035,0.000000,0.000000,0.002237,0.044647
B,ka100_req32,4,xxxxxxxxxxxxxxxx0.000036,0.000000,0.000000,0.002064,0.042950
B,ka100_req33,4,xxxxxxxxxxxxxxxx0.000037,0.000000,0.000000,0.002384,0.043810
B,ka100_req34,4,xxxxxxxxxxxxxxxx0.000038,0.000000,0.000000,0.002547,0.043555
B,ka100_req35,4,xxxxxxxxxxxxxxxx0.000039,0.000000,0.000000,0.002506,0.043800
B,ka100_req36,4,xxxxxxxxxxxxxxxx0.000034,0.000000,0.000000,0.001953,0.044561
B,ka100_req37,4,xxxxxxxxxxxxxxxx0.000028,0.000000,0.000000,0.002111,0.043274
B,ka100_req38,4,xxxxxxxxxxxxxxxx0.000061,0.000000,0.000000,0.001800,0.043085
B,ka100_req39,4,xxxxxxxxxxxxxxxx0.000040,0.000000,0.000000,0.002165,0.043257
B,ka100_req40,4,xxxxxxxxxxxxxxxx0.000035,0.000000,0.000000,0.002543,0.043663
B,ka100_req41,4,xxxxxxxxxxxxxxxx0.000037,0.000000,0.000000,0.002521,0.043569
B,ka100_req42,4,xxxxxxxxxxxxxxxx0.000043,0.000000,0.000000,0.002394,0.045839
B,ka100_req43,4,xxxxxxxxxxxxxxxx0.000036,0.000000,0.000000,0.002425,0.043804
B,ka100_req44,4,xxxxxxxxxxxxxxxx0.000035,0.000000,0.000000,0.002271,0.043048
B,ka100_req45,4,xxxxxxxxxxxxxxxx0.000043,0.000000,0.000000,0.002607,0.045541
B,ka100_req46,4,xxxxxxxxxxxxxxxx0.000037,0.000000,0.000000,0.002575,0.044323
B,ka100_req47,4,xxxxxxxxxxxxxxxx0.000036,0.000000,0.000000,0.002155,0.042930
B,ka100_req48,4,xxxxxxxxxxxxxxxx0.000038,0.000000,0.000000,0.002246,0.043070
B,ka100_req49,4,xxxxxxxxxxxxxxxx0.000040,0.000000,0.000000,0.002319,0.043530
B,ka100_req50,4,xxxxxxxxxxxxxxxx0.000035,0.000000,0.000000,0.002483,0.043781
B,ka100_req51,4,xxxxxxxxxxxxxxxx0.000030,0.000000,0.000000,0.002476,0.044611
B,ka100_req52,4,xxxxxxxxxxxxxxxx0.000035,0.000000,0.000000,0.002183,0.042797
B,ka100_req53,4,xxxxxxxxxxxxxxxx0.000038,0.000000,0.000000,0.002473,0.043720
B,ka100_req54,4,xxxxxxxxxxxxxxxx0.000035,0.000000,0.000000,0.002076,0.044184
B,ka100_req55,4,xxxxxxxxxxxxxxxx0.000036,0.000000,0.000000,0.002463,0.043300
B,ka100_req56,4,xxxxxxxxxxxxxxxx0.000035,0.000000,0.000000,0.002315,0.043013
B,ka100_req57,4,xxxxxxxxxxxxxxxx0.000026,0.000000,0.000000,0.002414,0.043366
B,ka100_req58,4,xxxxxxxxxxxxxxxx0.000040,0.000000,0.000000,0.002137,0.042991
B,ka100_req59,4,xxxxxxxxxxxxxxxx0.000024,0.000000,0.000000,0.002101,0.042635
B,ka100_req60,4,xxxxxxxxxxxxxxxx0.000037,0.000000,0.000000,0.002285,0.045379
B,ka100_req61,4,xxxxxxxxxxxxxxxx0.000036,0.000000,0.000000,0.002369,0.043887
B,ka100_req62,4,xxxxxxxxxxxxxxxx0.000039,0.000000,0.000000,0.002656,0.045945
B,ka100_req63,4,xxxxxxxxxxxxxxxx0.000037,0.000000,0.000000,0.002218,0.043152
B,ka100_req64,4,xxxxxxxxxxxxxxxx0.000039,0.000000,0.000000,0.002331,0.044124
B,ka100_req65,4,xxxxxxxxxxxxxxxx0.000025,0.000000,0.000000,0.002103,0.044156
B,ka100_req66,4,xxxxxxxxxxxxxxxx0.000036,0.000000,0.000000,0.002090,0.042737
B,ka100_req67,4,xxxxxxxxxxxxxxxx0.000038,0.000000,0.000000,0.002153,0.043525
B,ka100_req68,4,xxxxxxxxxxxxxxxx0.000036,0.000000,0.000000,0.002907,0.043937
B,ka100_req69,4,xxxxxxxxxxxxxxxx0.000044,0.000000,0.000000,0.001887,0.043380
B,ka100_req70,4,xxxxxxxxxxxxxxxx0.000038,0.000000,0.000000,0.002423,0.044122
B,ka100_req71,4,xxxxxxxxxxxxxxxx0.000054,0.000000,0.000000,0.002670,0.043666
B,ka100_req72,4,xxxxxxxxxxxxxxxx0.000039,0.000000,0.000000,0.002939,0.043893
B,ka100_req73,4,xxxxxxxxxxxxxxxx0.000125,0.000000,0.000000,0.003160,0.044320
B,ka100_req74,4,xxxxxxxxxxxxxxxx0.000026,0.000000,0.000000,0.002284,0.043945
B,ka100_req75,4,xxxxxxxxxxxxxxxx0.000037,0.000000,0.000000,0.002519,0.043648
B,ka100_req76,4,xxxxxxxxxxxxxxxx0.000039,0.000000,0.000000,0.003046,0.044012
B,ka100_req77,4,xxxxxxxxxxxxxxxx0.000041,0.000000,0.000000,0.002519,0.043542
B,ka100_req78,4,xxxxxxxxxxxxxxxx0.000037,0.000000,0.000000,0.002333,0.043614
B,ka100_req79,4,xxxxxxxxxxxxxxxx0.000039,0.000000,0.000000,0.002453,0.043761
B,ka100_req80,4,xxxxxxxxxxxxxxxx0.000038,0.000000,0.000000,0.002455,0.043553
B,ka100_req81,4,xxxxxxxxxxxxxxxx0.000039,0.000000,0.000000,0.002411,0.043946
B,ka100_req82,4,xxxxxxxxxxxxxxxx0.000036,0.000000,0.000000,0.002778,0.044023
B,ka100_req83,4,xxxxxxxxxxxxxxxx0.000034,0.000000,0.000000,0.002920,0.043578
B,ka100_req84,4,xxxxxxxxxxxxxxxx0.000039,0.000000,0.000000,0.002899,0.044834
B,ka100_req85,4,xxxxxxxxxxxxxxxx0.000056,0.000000,0.000000,0.005555,0.046333
B,ka100_req86,4,xxxxxxxxxxxxxxxx0.000023,0.000000,0.000000,0.001690,0.044723
B,ka100_req87,4,xxxxxxxxxxxxxxxx0.000028,0.000000,0.000000,0.001677,0.043093
B,ka100_req88,4,xxxxxxxxxxxxxxxx0.000034,0.000000,0.000000,0.002353,0.043860
B,ka100_req89,4,xxxxxxxxxxxxxxxx0.000030,0.000000,0.000000,0.002106,0.043387
B,ka100_req90,4,xxxxxxxxxxxxxxxx0.000028,0.000000,0.000000,0.002115,0.042631
B,ka100_req91,4,xxxxxxxxxxxxxxxx0.000036,0.000000,0.000000,0.002660,0.043787
B,ka100_req92,4,xxxxxxxxxxxxxxxx0.000033,0.000000,0.000000,0.002544,0.044021
B,ka100_req93,4,xxxxxxxxxxxxxxxx0.000040,0.000000,0.000000,0.002203,0.046266
B,ka100_req94,4,xxxxxxxxxxxxxxxx0.000050,0.000000,0.000000,0.002595,0.043697
B,ka100_req95,4,xxxxxxxxxxxxxxxx0.000037,0.000000,0.000000,0.002413,0.043690
B,ka100_req96,4,xxxxxxxxxxxxxxxx0.000035,0.000000,0.000000,0.002429,0.044716
B,ka100_req97,4,xxxxxxxxxxxxxxxx0.000037,0.000000,0.000000,0.002679,0.044574
B,ka100_req98,4,xxxxxxxxxxxxxxxx0.000036,0.000000,0.000000,0.002179,0.043148
B,ka100_req99,4,xxxxxxxxxxxxxxxx0.000038,0.000000,0.000000,0.002351,0.043266
B,ka100_req100,4,xxxxxxxxxxxxxxxx0.000038,0.000000,0.000000,0.003950,0.044756
B,ka100_req1,5,0.000019,0.000150,0.030514,0.032755,0.073163
B,ka100_req2,5,xxxxxxxxxxxxxxxx0.000019,0.000000,0.000000,0.001027,0.042030
B,ka100_req3,5,xxxxxxxxxxxxxxxx0.000018,0.000000,0.000000,0.000926,0.042287
B,ka100_req4,5,xxxxxxxxxxxxxxxx0.000018,0.000000,0.000000,0.001847,0.042911
B,ka100_req5,5,xxxxxxxxxxxxxxxx0.000037,0.000000,0.000000,0.002800,0.043187
B,ka100_req6,5,xxxxxxxxxxxxxxxx0.000029,0.000000,0.000000,0.002669,0.043058
B,ka100_req7,5,xxxxxxxxxxxxxxxx0.000063,0.000000,0.000000,0.002632,0.043342
B,ka100_req8,5,xxxxxxxxxxxxxxxx0.000040,0.000000,0.000000,0.002062,0.042860
B,ka100_req9,5,xxxxxxxxxxxxxxxx0.000020,0.000000,0.000000,0.001488,0.047459
B,ka100_req10,5,xxxxxxxxxxxxxxxx0.000086,0.000000,0.000000,0.012341,0.054356
B,ka100_req11,5,xxxxxxxxxxxxxxxx0.000039,0.000000,0.000000,0.002090,0.042655
B,ka100_req12,5,xxxxxxxxxxxxxxxx0.000020,0.000000,0.000000,0.001020,0.045092
B,ka100_req13,5,xxxxxxxxxxxxxxxx0.000018,0.000000,0.000000,0.001361,0.042351
B,ka100_req14,5,xxxxxxxxxxxxxxxx0.000013,0.000000,0.000000,0.001290,0.042394
B,ka100_req15,5,xxxxxxxxxxxxxxxx0.000016,0.000000,0.000000,0.001143,0.042392
B,ka100_req16,5,xxxxxxxxxxxxxxxx0.000024,0.000000,0.000000,0.001609,0.042456
B,ka100_req17,5,xxxxxxxxxxxxxxxx0.000039,0.000000,0.000000,0.001990,0.042611
B,ka100_req18,5,xxxxxxxxxxxxxxxx0.000048,0.000000,0.000000,0.002744,0.043776
B,ka100_req19,5,xxxxxxxxxxxxxxxx0.000030,0.000000,0.000000,0.001441,0.041660
B,ka100_req20,5,xxxxxxxxxxxxxxxx0.000024,0.000000,0.000000,0.001033,0.045450
B,ka100_req21,5,xxxxxxxxxxxxxxxx0.000042,0.000000,0.000000,0.001929,0.043500
B,ka100_req22,5,xxxxxxxxxxxxxxxx0.000026,0.000000,0.000000,0.002883,0.043679
B,ka100_req23,5,xxxxxxxxxxxxxxxx0.000015,0.000000,0.000000,0.001178,0.041937
B,ka100_req24,5,xxxxxxxxxxxxxxxx0.000015,0.000000,0.000000,0.001056,0.043084
B,ka100_req25,5,xxxxxxxxxxxxxxxx0.000029,0.000000,0.000000,0.001737,0.044686
B,ka100_req26,5,xxxxxxxxxxxxxxxx0.000039,0.000000,0.000000,0.001821,0.042387
B,ka100_req27,5,xxxxxxxxxxxxxxxx0.000014,0.000000,0.000000,0.001196,0.043339
B,ka100_req28,5,xxxxxxxxxxxxxxxx0.000015,0.000000,0.000000,0.001344,0.042453
B,ka100_req29,5,xxxxxxxxxxxxxxxx0.000031,0.000000,0.000000,0.001293,0.041793
B,ka100_req30,5,xxxxxxxxxxxxxxxx0.000027,0.000000,0.000000,0.001773,0.042790
B,ka100_req31,5,xxxxxxxxxxxxxxxx0.000014,0.000000,0.000000,0.000965,0.042026
B,ka100_req32,5,xxxxxxxxxxxxxxxx0.000033,0.000000,0.000000,0.001945,0.042906
B,ka100_req33,5,xxxxxxxxxxxxxxxx0.000021,0.000000,0.000000,0.004897,0.045418
B,ka100_req34,5,xxxxxxxxxxxxxxxx0.000016,0.000000,0.000000,0.001212,0.041690
B,ka100_req35,5,xxxxxxxxxxxxxxxx0.000020,0.000000,0.000000,0.001378,0.042061
B,ka100_req36,5,xxxxxxxxxxxxxxxx0.000035,0.000000,0.000000,0.002304,0.043535
B,ka100_req37,5,xxxxxxxxxxxxxxxx0.000034,0.000000,0.000000,0.002106,0.043210
B,ka100_req38,5,xxxxxxxxxxxxxxxx0.000038,0.000000,0.000000,0.002629,0.043648
B,ka100_req39,5,xxxxxxxxxxxxxxxx0.000015,0.000000,0.000000,0.001031,0.041855
B,ka100_req40,5,xxxxxxxxxxxxxxxx0.000029,0.000000,0.000000,0.001902,0.042643
B,ka100_req41,5,xxxxxxxxxxxxxxxx0.000024,0.000000,0.000000,0.001646,0.042517
B,ka100_req42,5,xxxxxxxxxxxxxxxx0.000029,0.000000,0.000000,0.001455,0.042284
B,ka100_req43,5,xxxxxxxxxxxxxxxx0.000041,0.000000,0.000000,0.001631,0.043471
B,ka100_req44,5,xxxxxxxxxxxxxxxx0.000029,0.000000,0.000000,0.002201,0.043213
B,ka100_req45,5,xxxxxxxxxxxxxxxx0.000032,0.000000,0.000000,0.004723,0.045610
B,ka100_req46,5,xxxxxxxxxxxxxxxx0.000022,0.000000,0.000000,0.001657,0.042098
B,ka100_req47,5,xxxxxxxxxxxxxxxx0.000016,0.000000,0.000000,0.001585,0.042836
B,ka100_req48,5,xxxxxxxxxxxxxxxx0.000031,0.000000,0.000000,0.002001,0.043693
B,ka100_req49,5,xxxxxxxxxxxxxxxx0.000016,0.000000,0.000000,0.001284,0.041994
B,ka100_req50,5,xxxxxxxxxxxxxxxx0.000023,0.000000,0.000000,0.001540,0.043091
B,ka100_req51,5,xxxxxxxxxxxxxxxx0.000031,0.000000,0.000000,0.001447,0.043639
B,ka100_req52,5,xxxxxxxxxxxxxxxx0.000131,0.000000,0.000000,0.001355,0.042573
B,ka100_req53,5,xxxxxxxxxxxxxxxx0.000030,0.000000,0.000000,0.002268,0.042487
B,ka100_req54,5,xxxxxxxxxxxxxxxx0.000015,0.000000,0.000000,0.001969,0.043204
B,ka100_req55,5,xxxxxxxxxxxxxxxx0.000035,0.000000,0.000000,0.001526,0.043805
B,ka100_req56,5,xxxxxxxxxxxxxxxx0.000018,0.000000,0.000000,0.001314,0.042945
B,ka100_req57,5,xxxxxxxxxxxxxxxx0.000018,0.000000,0.000000,0.001864,0.042959
B,ka100_req58,5,xxxxxxxxxxxxxxxx0.000038,0.000000,0.000000,0.002579,0.044823
B,ka100_req59,5,xxxxxxxxxxxxxxxx0.000025,0.000000,0.000000,0.001688,0.042291
B,ka100_req60,5,xxxxxxxxxxxxxxxx0.000033,0.000000,0.000000,0.001937,0.042823
B,ka100_req61,5,xxxxxxxxxxxxxxxx0.000031,0.000000,0.000000,0.001504,0.042487
B,ka100_req62,5,xxxxxxxxxxxxxxxx0.000016,0.000000,0.000000,0.001600,0.042670
B,ka100_req63,5,xxxxxxxxxxxxxxxx0.000030,0.000000,0.000000,0.001824,0.043674
B,ka100_req64,5,xxxxxxxxxxxxxxxx0.000045,0.000000,0.000000,0.001985,0.042997
B,ka100_req65,5,xxxxxxxxxxxxxxxx0.000028,0.000000,0.000000,0.001572,0.044269
B,ka100_req66,5,xxxxxxxxxxxxxxxx0.000020,0.000000,0.000000,0.001319,0.043004
B,ka100_req67,5,xxxxxxxxxxxxxxxx0.000019,0.000000,0.000000,0.001317,0.044294
B,ka100_req68,5,xxxxxxxxxxxxxxxx0.000018,0.000000,0.000000,0.001497,0.042869
B,ka100_req69,5,xxxxxxxxxxxxxxxx0.000043,0.000000,0.000000,0.002529,0.043529
B,ka100_req70,5,xxxxxxxxxxxxxxxx0.000034,0.000000,0.000000,0.002429,0.043142
B,ka100_req71,5,xxxxxxxxxxxxxxxx0.000036,0.000000,0.000000,0.002712,0.043520
B,ka100_req72,5,xxxxxxxxxxxxxxxx0.000034,0.000000,0.000000,0.001912,0.042496
B,ka100_req73,5,xxxxxxxxxxxxxxxx0.000031,0.000000,0.000000,0.002329,0.044702
B,ka100_req74,5,xxxxxxxxxxxxxxxx0.000020,0.000000,0.000000,0.003722,0.043919
B,ka100_req75,5,xxxxxxxxxxxxxxxx0.000018,0.000000,0.000000,0.001313,0.041762
B,ka100_req76,5,xxxxxxxxxxxxxxxx0.000093,0.000000,0.000000,0.001409,0.045942
B,ka100_req77,5,xxxxxxxxxxxxxxxx0.000038,0.000000,0.000000,0.002562,0.043536
B,ka100_req78,5,xxxxxxxxxxxxxxxx0.000029,0.000000,0.000000,0.001713,0.043064
B,ka100_req79,5,xxxxxxxxxxxxxxxx0.000035,0.000000,0.000000,0.002888,0.043755
B,ka100_req80,5,xxxxxxxxxxxxxxxx0.000045,0.000000,0.000000,0.002294,0.042946
B,ka100_req81,5,xxxxxxxxxxxxxxxx0.000041,0.000000,0.000000,0.001860,0.042252
B,ka100_req82,5,xxxxxxxxxxxxxxxx0.000014,0.000000,0.000000,0.001532,0.044184
B,ka100_req83,5,xxxxxxxxxxxxxxxx0.000015,0.000000,0.000000,0.001645,0.043177
B,ka100_req84,5,xxxxxxxxxxxxxxxx0.000034,0.000000,0.000000,0.001896,0.043542
B,ka100_req85,5,xxxxxxxxxxxxxxxx0.000083,0.000000,0.000000,0.002295,0.043448
B,ka100_req86,5,xxxxxxxxxxxxxxxx0.000039,0.000000,0.000000,0.002736,0.043857
B,ka100_req87,5,xxxxxxxxxxxxxxxx0.000034,0.000000,0.000000,0.004955,0.045324
B,ka100_req88,5,xxxxxxxxxxxxxxxx0.000023,0.000000,0.000000,0.001768,0.045751
B,ka100_req89,5,xxxxxxxxxxxxxxxx0.000031,0.000000,0.000000,0.001656,0.042870
B,ka100_req90,5,xxxxxxxxxxxxxxxx0.000026,0.000000,0.000000,0.002357,0.042640
B,ka100_req91,5,xxxxxxxxxxxxxxxx0.000019,0.000000,0.000000,0.001506,0.045930
B,ka100_req92,5,xxxxxxxxxxxxxxxx0.000037,0.000000,0.000000,0.002007,0.045103
B,ka100_req93,5,xxxxxxxxxxxxxxxx0.000026,0.000000,0.000000,0.002150,0.043480
B,ka100_req94,5,xxxxxxxxxxxxxxxx0.000031,0.000000,0.000000,0.001511,0.042668
B,ka100_req95,5,xxxxxxxxxxxxxxxx0.000018,0.000000,0.000000,0.001768,0.043938
B,ka100_req96,5,xxxxxxxxxxxxxxxx0.000045,0.000000,0.000000,0.002373,0.043449
B,ka100_req97,5,xxxxxxxxxxxxxxxx0.000015,0.000000,0.000000,0.001404,0.042991
B,ka100_req98,5,xxxxxxxxxxxxxxxx0.000012,0.000000,0.000000,0.000801,0.042506
B,ka100_req99,5,xxxxxxxxxxxxxxxx0.000029,0.000000,0.000000,0.003166,0.044333
B,ka100_req100,5,xxxxxxxxxxxxxxxx0.000009,0.000000,0.000000,0.000602,0.041470
B,ka100_req1,6,0.000009,0.000064,0.016223,0.017298,0.060233
B,ka100_req2,6,xxxxxxxxxxxxxxxx0.000013,0.000000,0.000000,0.000495,0.042097
B,ka100_req3,6,xxxxxxxxxxxxxxxx0.000009,0.000000,0.000000,0.000538,0.041770
B,ka100_req4,6,xxxxxxxxxxxxxxxx0.000011,0.000000,0.000000,0.000761,0.042098
B,ka100_req5,6,xxxxxxxxxxxxxxxx0.000023,0.000000,0.000000,0.001289,0.043065
B,ka100_req6,6,xxxxxxxxxxxxxxxx0.000074,0.000000,0.000000,0.002312,0.043455
B,ka100_req7,6,xxxxxxxxxxxxxxxx0.000039,0.000000,0.000000,0.002596,0.043708
B,ka100_req8,6,xxxxxxxxxxxxxxxx0.000039,0.000000,0.000000,0.002673,0.043890
B,ka100_req9,6,xxxxxxxxxxxxxxxx0.000038,0.000000,0.000000,0.002084,0.042566
B,ka100_req10,6,xxxxxxxxxxxxxxxx0.000038,0.000000,0.000000,0.002248,0.043837
B,ka100_req11,6,xxxxxxxxxxxxxxxx0.000043,0.000000,0.000000,0.002731,0.043645
B,ka100_req12,6,xxxxxxxxxxxxxxxx0.000030,0.000000,0.000000,0.002394,0.042704
B,ka100_req13,6,xxxxxxxxxxxxxxxx0.000021,0.000000,0.000000,0.001816,0.045914
B,ka100_req14,6,xxxxxxxxxxxxxxxx0.000039,0.000000,0.000000,0.002429,0.044997
B,ka100_req15,6,xxxxxxxxxxxxxxxx0.000037,0.000000,0.000000,0.002495,0.043253
B,ka100_req16,6,xxxxxxxxxxxxxxxx0.000024,0.000000,0.000000,0.002249,0.044450
B,ka100_req17,6,xxxxxxxxxxxxxxxx0.000039,0.000000,0.000000,0.002293,0.043557
B,ka100_req18,6,xxxxxxxxxxxxxxxx0.000040,0.000000,0.000000,0.002292,0.044008
B,ka100_req19,6,xxxxxxxxxxxxxxxx0.000033,0.000000,0.000000,0.002383,0.043203
B,ka100_req20,6,xxxxxxxxxxxxxxxx0.000039,0.000000,0.000000,0.002476,0.043383
B,ka100_req21,6,xxxxxxxxxxxxxxxx0.000029,0.000000,0.000000,0.001957,0.045546
B,ka100_req22,6,xxxxxxxxxxxxxxxx0.000027,0.000000,0.000000,0.002191,0.045946
B,ka100_req23,6,xxxxxxxxxxxxxxxx0.000024,0.000000,0.000000,0.001889,0.043116
B,ka100_req24,6,xxxxxxxxxxxxxxxx0.000027,0.000000,0.000000,0.001437,0.045473
B,ka100_req25,6,xxxxxxxxxxxxxxxx0.000028,0.000000,0.000000,0.002336,0.044249
B,ka100_req26,6,xxxxxxxxxxxxxxxx0.000032,0.000000,0.000000,0.002583,0.043590
B,ka100_req27,6,xxxxxxxxxxxxxxxx0.000034,0.000000,0.000000,0.002709,0.045453
B,ka100_req28,6,xxxxxxxxxxxxxxxx0.000035,0.000000,0.000000,0.002586,0.043947
B,ka100_req29,6,xxxxxxxxxxxxxxxx0.000076,0.000000,0.000000,0.003149,0.043542
B,ka100_req30,6,xxxxxxxxxxxxxxxx0.000036,0.000000,0.000000,0.002353,0.043664
B,ka100_req31,6,xxxxxxxxxxxxxxxx0.000060,0.000000,0.000000,0.002024,0.045766
B,ka100_req32,6,xxxxxxxxxxxxxxxx0.000034,0.000000,0.000000,0.002785,0.043726
B,ka100_req33,6,xxxxxxxxxxxxxxxx0.000017,0.000000,0.000000,0.001882,0.043121
B,ka100_req34,6,xxxxxxxxxxxxxxxx0.000035,0.000000,0.000000,0.002517,0.043790
B,ka100_req35,6,xxxxxxxxxxxxxxxx0.000040,0.000000,0.000000,0.002575,0.043564
B,ka100_req36,6,xxxxxxxxxxxxxxxx0.000037,0.000000,0.000000,0.002301,0.043699
B,ka100_req37,6,xxxxxxxxxxxxxxxx0.000037,0.000000,0.000000,0.002428,0.043596
B,ka100_req38,6,xxxxxxxxxxxxxxxx0.000028,0.000000,0.000000,0.002688,0.043842
B,ka100_req39,6,xxxxxxxxxxxxxxxx0.000038,0.000000,0.000000,0.002404,0.043947
B,ka100_req40,6,xxxxxxxxxxxxxxxx0.000039,0.000000,0.000000,0.002597,0.043644
B,ka100_req41,6,xxxxxxxxxxxxxxxx0.000036,0.000000,0.000000,0.002291,0.043373
B,ka100_req42,6,xxxxxxxxxxxxxxxx0.000025,0.000000,0.000000,0.002042,0.042863
B,ka100_req43,6,xxxxxxxxxxxxxxxx0.000030,0.000000,0.000000,0.001807,0.042738
B,ka100_req44,6,xxxxxxxxxxxxxxxx0.000025,0.000000,0.000000,0.001697,0.043156
B,ka100_req45,6,xxxxxxxxxxxxxxxx0.000026,0.000000,0.000000,0.003135,0.044119
B,ka100_req46,6,xxxxxxxxxxxxxxxx0.000013,0.000000,0.000000,0.001419,0.044034
B,ka100_req47,6,xxxxxxxxxxxxxxxx0.000026,0.000000,0.000000,0.000986,0.045018
B,ka100_req48,6,xxxxxxxxxxxxxxxx0.000013,0.000000,0.000000,0.000790,0.043643
B,ka100_req49,6,xxxxxxxxxxxxxxxx0.000016,0.000000,0.000000,0.000915,0.043892
B,ka100_req50,6,xxxxxxxxxxxxxxxx0.000018,0.000000,0.000000,0.001147,0.042972
B,ka100_req51,6,xxxxxxxxxxxxxxxx0.000033,0.000000,0.000000,0.002793,0.043904
B,ka100_req52,6,xxxxxxxxxxxxxxxx0.000022,0.000000,0.000000,0.001867,0.043036
B,ka100_req53,6,xxxxxxxxxxxxxxxx0.000067,0.000000,0.000000,0.002375,0.043493
B,ka100_req54,6,xxxxxxxxxxxxxxxx0.000029,0.000000,0.000000,0.001826,0.042841
B,ka100_req55,6,xxxxxxxxxxxxxxxx0.000029,0.000000,0.000000,0.001089,0.043537
B,ka100_req56,6,xxxxxxxxxxxxxxxx0.000032,0.000000,0.000000,0.001879,0.044235
B,ka100_req57,6,xxxxxxxxxxxxxxxx0.000096,0.000000,0.000000,0.001863,0.045234
B,ka100_req58,6,xxxxxxxxxxxxxxxx0.000037,0.000000,0.000000,0.002025,0.044091
B,ka100_req59,6,xxxxxxxxxxxxxxxx0.000070,0.000000,0.000000,0.002265,0.044069
B,ka100_req60,6,xxxxxxxxxxxxxxxx0.000037,0.000000,0.000000,0.002633,0.043104
B,ka100_req61,6,xxxxxxxxxxxxxxxx0.000027,0.000000,0.000000,0.001814,0.043070
B,ka100_req62,6,xxxxxxxxxxxxxxxx0.000036,0.000000,0.000000,0.002340,0.043461
B,ka100_req63,6,xxxxxxxxxxxxxxxx0.000039,0.000000,0.000000,0.002221,0.042794
B,ka100_req64,6,xxxxxxxxxxxxxxxx0.000051,0.000000,0.000000,0.002464,0.042542
B,ka100_req65,6,xxxxxxxxxxxxxxxx0.000035,0.000000,0.000000,0.002274,0.042914
B,ka100_req66,6,xxxxxxxxxxxxxxxx0.000038,0.000000,0.000000,0.001966,0.042801
B,ka100_req67,6,xxxxxxxxxxxxxxxx0.000037,0.000000,0.000000,0.002972,0.043883
B,ka100_req68,6,xxxxxxxxxxxxxxxx0.000036,0.000000,0.000000,0.002468,0.043705
B,ka100_req69,6,xxxxxxxxxxxxxxxx0.000038,0.000000,0.000000,0.001979,0.042614
B,ka100_req70,6,xxxxxxxxxxxxxxxx0.000036,0.000000,0.000000,0.002132,0.042991
B,ka100_req71,6,xxxxxxxxxxxxxxxx0.000037,0.000000,0.000000,0.001994,0.044756
B,ka100_req72,6,xxxxxxxxxxxxxxxx0.000032,0.000000,0.000000,0.001975,0.042553
B,ka100_req73,6,xxxxxxxxxxxxxxxx0.000034,0.000000,0.000000,0.002154,0.045671
B,ka100_req74,6,xxxxxxxxxxxxxxxx0.000036,0.000000,0.000000,0.002314,0.042782
B,ka100_req75,6,xxxxxxxxxxxxxxxx0.000040,0.000000,0.000000,0.002250,0.043024
B,ka100_req76,6,xxxxxxxxxxxxxxxx0.000065,0.000000,0.000000,0.002313,0.043574
B,ka100_req77,6,xxxxxxxxxxxxxxxx0.000036,0.000000,0.000000,0.002295,0.044614
B,ka100_req78,6,xxxxxxxxxxxxxxxx0.000038,0.000000,0.000000,0.002700,0.043658
B,ka100_req79,6,xxxxxxxxxxxxxxxx0.000038,0.000000,0.000000,0.002395,0.044560
B,ka100_req80,6,xxxxxxxxxxxxxxxx0.000039,0.000000,0.000000,0.002181,0.044282
B,ka100_req81,6,xxxxxxxxxxxxxxxx0.000030,0.000000,0.000000,0.002882,0.043697
B,ka100_req82,6,xxxxxxxxxxxxxxxx0.000036,0.000000,0.000000,0.002034,0.042521
B,ka100_req83,6,xxxxxxxxxxxxxxxx0.000042,0.000000,0.000000,0.002578,0.043863
B,ka100_req84,6,xxxxxxxxxxxxxxxx0.000036,0.000000,0.000000,0.002520,0.043639
B,ka100_req85,6,xxxxxxxxxxxxxxxx0.000026,0.000000,0.000000,0.001875,0.044795
B,ka100_req86,6,xxxxxxxxxxxxxxxx0.000088,0.000000,0.000000,0.003414,0.043762
B,ka100_req87,6,xxxxxxxxxxxxxxxx0.000037,0.000000,0.000000,0.003074,0.043720
B,ka100_req88,6,xxxxxxxxxxxxxxxx0.000022,0.000000,0.000000,0.001928,0.043099
B,ka100_req89,6,xxxxxxxxxxxxxxxx0.000036,0.000000,0.000000,0.002255,0.045388
B,ka100_req90,6,xxxxxxxxxxxxxxxx0.000034,0.000000,0.000000,0.002149,0.043550
B,ka100_req91,6,xxxxxxxxxxxxxxxx0.000034,0.000000,0.000000,0.002257,0.045725
B,ka100_req92,6,xxxxxxxxxxxxxxxx0.000026,0.000000,0.000000,0.002254,0.043173
B,ka100_req93,6,xxxxxxxxxxxxxxxx0.000032,0.000000,0.000000,0.001869,0.042613
B,ka100_req94,6,xxxxxxxxxxxxxxxx0.000024,0.000000,0.000000,0.001914,0.043070
B,ka100_req95,6,xxxxxxxxxxxxxxxx0.000041,0.000000,0.000000,0.002379,0.043565
B,ka100_req96,6,xxxxxxxxxxxxxxxx0.000036,0.000000,0.000000,0.002371,0.043654
B,ka100_req97,6,xxxxxxxxxxxxxxxx0.000038,0.000000,0.000000,0.002210,0.042460
B,ka100_req98,6,xxxxxxxxxxxxxxxx0.000022,0.000000,0.000000,0.001705,0.043123
B,ka100_req99,6,xxxxxxxxxxxxxxxx0.000039,0.000000,0.000000,0.002076,0.045693
B,ka100_req100,6,xxxxxxxxxxxxxxxx0.000040,0.000000,0.000000,0.002430,0.044102
B,ka100_req1,7,0.000022,0.000234,0.031505,0.033802,0.077284
B,ka100_req2,7,xxxxxxxxxxxxxxxx0.000017,0.000000,0.000000,0.000877,0.046029
B,ka100_req3,7,xxxxxxxxxxxxxxxx0.000024,0.000000,0.000000,0.001772,0.043075
B,ka100_req4,7,xxxxxxxxxxxxxxxx0.000037,0.000000,0.000000,0.002101,0.042773
B,ka100_req5,7,xxxxxxxxxxxxxxxx0.000043,0.000000,0.000000,0.002191,0.043943
B,ka100_req6,7,xxxxxxxxxxxxxxxx0.000034,0.000000,0.000000,0.002545,0.043933
B,ka100_req7,7,xxxxxxxxxxxxxxxx0.000068,0.000000,0.000000,0.001945,0.043158
B,ka100_req8,7,xxxxxxxxxxxxxxxx0.000051,0.000000,0.000000,0.002425,0.042775
B,ka100_req9,7,xxxxxxxxxxxxxxxx0.000028,0.000000,0.000000,0.001903,0.043017
B,ka100_req10,7,xxxxxxxxxxxxxxxx0.000035,0.000000,0.000000,0.002256,0.043472
B,ka100_req11,7,xxxxxxxxxxxxxxxx0.000038,0.000000,0.000000,0.002073,0.043062
B,ka100_req12,7,xxxxxxxxxxxxxxxx0.000037,0.000000,0.000000,0.002067,0.043915
B,ka100_req13,7,xxxxxxxxxxxxxxxx0.000036,0.000000,0.000000,0.002379,0.043351
B,ka100_req14,7,xxxxxxxxxxxxxxxx0.000024,0.000000,0.000000,0.002058,0.042773
B,ka100_req15,7,xxxxxxxxxxxxxxxx0.000038,0.000000,0.000000,0.002405,0.043657
B,ka100_req16,7,xxxxxxxxxxxxxxxx0.000037,0.000000,0.000000,0.002698,0.043817
B,ka100_req17,7,xxxxxxxxxxxxxxxx0.000037,0.000000,0.000000,0.002494,0.043254
B,ka100_req18,7,xxxxxxxxxxxxxxxx0.000039,0.000000,0.000000,0.002583,0.043955
B,ka100_req19,7,xxxxxxxxxxxxxxxx0.000042,0.000000,0.000000,0.002146,0.045559
B,ka100_req20,7,xxxxxxxxxxxxxxxx0.000038,0.000000,0.000000,0.002364,0.042727
B,ka100_req21,7,xxxxxxxxxxxxxxxx0.000025,0.000000,0.000000,0.002330,0.042967
B,ka100_req22,7,xxxxxxxxxxxxxxxx0.000031,0.000000,0.000000,0.002165,0.042793
B,ka100_req23,7,xxxxxxxxxxxxxxxx0.000035,0.000000,0.000000,0.002079,0.045249
B,ka100_req24,7,xxxxxxxxxxxxxxxx0.000028,0.000000,0.000000,0.002260,0.044063
B,ka100_req25,7,xxxxxxxxxxxxxxxx0.000021,0.000000,0.000000,0.001815,0.043771
B,ka100_req26,7,xxxxxxxxxxxxxxxx0.000014,0.000000,0.000000,0.001035,0.045405
B,ka100_req27,7,xxxxxxxxxxxxxxxx0.000032,0.000000,0.000000,0.002027,0.043167
B,ka100_req28,7,xxxxxxxxxxxxxxxx0.000017,0.000000,0.000000,0.001055,0.045078
B,ka100_req29,7,xxxxxxxxxxxxxxxx0.000022,0.000000,0.000000,0.001632,0.043714
B,ka100_req30,7,xxxxxxxxxxxxxxxx0.000022,0.000000,0.000000,0.001494,0.041710
B,ka100_req31,7,xxxxxxxxxxxxxxxx0.000023,0.000000,0.000000,0.001071,0.041945
B,ka100_req32,7,xxxxxxxxxxxxxxxx0.000041,0.000000,0.000000,0.002407,0.043085
B,ka100_req33,7,xxxxxxxxxxxxxxxx0.000021,0.000000,0.000000,0.001489,0.042786
B,ka100_req34,7,xxxxxxxxxxxxxxxx0.000022,0.000000,0.000000,0.001506,0.044011
B,ka100_req35,7,xxxxxxxxxxxxxxxx0.000023,0.000000,0.000000,0.001673,0.045357
B,ka100_req36,7,xxxxxxxxxxxxxxxx0.000028,0.000000,0.000000,0.001629,0.043032
B,ka100_req37,7,xxxxxxxxxxxxxxxx0.000016,0.000000,0.000000,0.001260,0.043317
B,ka100_req38,7,xxxxxxxxxxxxxxxx0.000043,0.000000,0.000000,0.001724,0.042991
B,ka100_req39,7,xxxxxxxxxxxxxxxx0.000037,0.000000,0.000000,0.001579,0.042829
B,ka100_req40,7,xxxxxxxxxxxxxxxx0.000033,0.000000,0.000000,0.002156,0.042717
B,ka100_req41,7,xxxxxxxxxxxxxxxx0.000027,0.000000,0.000000,0.001906,0.042779
B,ka100_req42,7,xxxxxxxxxxxxxxxx0.000024,0.000000,0.000000,0.001844,0.043640
B,ka100_req43,7,xxxxxxxxxxxxxxxx0.000027,0.000000,0.000000,0.001798,0.042756
B,ka100_req44,7,xxxxxxxxxxxxxxxx0.000038,0.000000,0.000000,0.001623,0.042932
B,ka100_req45,7,xxxxxxxxxxxxxxxx0.000032,0.000000,0.000000,0.001842,0.042878
B,ka100_req46,7,xxxxxxxxxxxxxxxx0.000028,0.000000,0.000000,0.001562,0.042533
B,ka100_req47,7,xxxxxxxxxxxxxxxx0.000038,0.000000,0.000000,0.001971,0.044224
B,ka100_req48,7,xxxxxxxxxxxxxxxx0.000029,0.000000,0.000000,0.001702,0.042465
B,ka100_req49,7,xxxxxxxxxxxxxxxx0.000034,0.000000,0.000000,0.001931,0.044061
B,ka100_req50,7,xxxxxxxxxxxxxxxx0.000030,0.000000,0.000000,0.001536,0.043172
B,ka100_req51,7,xxxxxxxxxxxxxxxx0.000024,0.000000,0.000000,0.001679,0.045794
B,ka100_req52,7,xxxxxxxxxxxxxxxx0.000035,0.000000,0.000000,0.001980,0.043036
B,ka100_req53,7,xxxxxxxxxxxxxxxx0.000021,0.000000,0.000000,0.001660,0.042822
B,ka100_req54,7,xxxxxxxxxxxxxxxx0.000026,0.000000,0.000000,0.001717,0.044498
B,ka100_req55,7,xxxxxxxxxxxxxxxx0.000027,0.000000,0.000000,0.001951,0.044252
B,ka100_req56,7,xxxxxxxxxxxxxxxx0.000036,0.000000,0.000000,0.002587,0.044387
B,ka100_req57,7,xxxxxxxxxxxxxxxx0.000037,0.000000,0.000000,0.002388,0.043731
B,ka100_req58,7,xxxxxxxxxxxxxxxx0.000036,0.000000,0.000000,0.002109,0.045789
B,ka100_req59,7,xxxxxxxxxxxxxxxx0.000037,0.000000,0.000000,0.002504,0.043721
B,ka100_req60,7,xxxxxxxxxxxxxxxx0.000036,0.000000,0.000000,0.002002,0.045574
B,ka100_req61,7,xxxxxxxxxxxxxxxx0.000035,0.000000,0.000000,0.002472,0.043293
B,ka100_req62,7,xxxxxxxxxxxxxxxx0.000061,0.000000,0.000000,0.002396,0.043156
B,ka100_req63,7,xxxxxxxxxxxxxxxx0.000037,0.000000,0.000000,0.002166,0.045736
B,ka100_req64,7,xxxxxxxxxxxxxxxx0.000037,0.000000,0.000000,0.003081,0.044381
B,ka100_req65,7,xxxxxxxxxxxxxxxx0.000035,0.000000,0.000000,0.002270,0.043162
B,ka100_req66,7,xxxxxxxxxxxxxxxx0.000033,0.000000,0.000000,0.002514,0.043726
B,ka100_req67,7,xxxxxxxxxxxxxxxx0.000038,0.000000,0.000000,0.001766,0.042640
B,ka100_req68,7,xxxxxxxxxxxxxxxx0.000033,0.000000,0.000000,0.002286,0.043047
B,ka100_req69,7,xxxxxxxxxxxxxxxx0.000036,0.000000,0.000000,0.002417,0.043514
B,ka100_req70,7,xxxxxxxxxxxxxxxx0.000039,0.000000,0.000000,0.002355,0.042748
B,ka100_req71,7,xxxxxxxxxxxxxxxx0.000025,0.000000,0.000000,0.001922,0.043191
B,ka100_req72,7,xxxxxxxxxxxxxxxx0.000040,0.000000,0.000000,0.004453,0.045186
B,ka100_req73,7,xxxxxxxxxxxxxxxx0.000041,0.000000,0.000000,0.002497,0.043797
B,ka100_req74,7,xxxxxxxxxxxxxxxx0.000034,0.000000,0.000000,0.002523,0.044363
B,ka100_req75,7,xxxxxxxxxxxxxxxx0.000038,0.000000,0.000000,0.002338,0.043168
B,ka100_req76,7,xxxxxxxxxxxxxxxx0.000038,0.000000,0.000000,0.002663,0.043840
B,ka100_req77,7,xxxxxxxxxxxxxxxx0.000025,0.000000,0.000000,0.001524,0.042539
B,ka100_req78,7,xxxxxxxxxxxxxxxx0.000035,0.000000,0.000000,0.002379,0.045205
B,ka100_req79,7,xxxxxxxxxxxxxxxx0.000028,0.000000,0.000000,0.002253,0.043409
B,ka100_req80,7,xxxxxxxxxxxxxxxx0.000037,0.000000,0.000000,0.002458,0.043772
B,ka100_req81,7,xxxxxxxxxxxxxxxx0.000028,0.000000,0.000000,0.001922,0.042586
B,ka100_req82,7,xxxxxxxxxxxxxxxx0.000034,0.000000,0.000000,0.002336,0.043161
B,ka100_req83,7,xxxxxxxxxxxxxxxx0.000024,0.000000,0.000000,0.001974,0.045231
B,ka100_req84,7,xxxxxxxxxxxxxxxx0.000031,0.000000,0.000000,0.002270,0.044863
B,ka100_req85,7,xxxxxxxxxxxxxxxx0.000038,0.000000,0.000000,0.002394,0.042808
B,ka100_req86,7,xxxxxxxxxxxxxxxx0.000036,0.000000,0.000000,0.002194,0.042684
B,ka100_req87,7,xxxxxxxxxxxxxxxx0.000038,0.000000,0.000000,0.003231,0.043861
B,ka100_req88,7,xxxxxxxxxxxxxxxx0.000037,0.000000,0.000000,0.002448,0.044496
B,ka100_req89,7,xxxxxxxxxxxxxxxx0.000036,0.000000,0.000000,0.002372,0.043120
B,ka100_req90,7,xxxxxxxxxxxxxxxx0.000037,0.000000,0.000000,0.002683,0.043590
B,ka100_req91,7,xxxxxxxxxxxxxxxx0.000037,0.000000,0.000000,0.002231,0.042720
B,ka100_req92,7,xxxxxxxxxxxxxxxx0.000037,0.000000,0.000000,0.002151,0.042760
B,ka100_req93,7,xxxxxxxxxxxxxxxx0.000036,0.000000,0.000000,0.002178,0.044498
B,ka100_req94,7,xxxxxxxxxxxxxxxx0.000038,0.000000,0.000000,0.002312,0.043074
B,ka100_req95,7,xxxxxxxxxxxxxxxx0.000035,0.000000,0.000000,0.002385,0.045614
B,ka100_req96,7,xxxxxxxxxxxxxxxx0.000034,0.000000,0.000000,0.002205,0.044311
B,ka100_req97,7,xxxxxxxxxxxxxxxx0.000039,0.000000,0.000000,0.002299,0.043445
B,ka100_req98,7,xxxxxxxxxxxxxxxx0.000081,0.000000,0.000000,0.002434,0.044263
B,ka100_req99,7,xxxxxxxxxxxxxxxx0.000038,0.000000,0.000000,0.002309,0.043049
B,ka100_req100,7,xxxxxxxxxxxxxxxx0.000035,0.000000,0.000000,0.006588,0.047620
B,ka100_req1,8,0.000024,0.000224,0.031471,0.034254,0.076698
B,ka100_req2,8,xxxxxxxxxxxxxxxx0.000018,0.000000,0.000000,0.000934,0.046031
B,ka100_req3,8,xxxxxxxxxxxxxxxx0.000022,0.000000,0.000000,0.001612,0.042068
B,ka100_req4,8,xxxxxxxxxxxxxxxx0.000030,0.000000,0.000000,0.002222,0.043159
B,ka100_req5,8,xxxxxxxxxxxxxxxx0.000050,0.000000,0.000000,0.002284,0.043459
B,ka100_req6,8,xxxxxxxxxxxxxxxx0.000043,0.000000,0.000000,0.003337,0.044487
B,ka100_req7,8,xxxxxxxxxxxxxxxx0.000043,0.000000,0.000000,0.002102,0.042737
B,ka100_req8,8,xxxxxxxxxxxxxxxx0.000040,0.000000,0.000000,0.002344,0.043177
B,ka100_req9,8,xxxxxxxxxxxxxxxx0.000037,0.000000,0.000000,0.002401,0.043600
B,ka100_req10,8,xxxxxxxxxxxxxxxx0.000036,0.000000,0.000000,0.002210,0.043759
B,ka100_req11,8,xxxxxxxxxxxxxxxx0.000036,0.000000,0.000000,0.002740,0.045157
B,ka100_req12,8,xxxxxxxxxxxxxxxx0.000040,0.000000,0.000000,0.002608,0.043915
B,ka100_req13,8,xxxxxxxxxxxxxxxx0.000037,0.000000,0.000000,0.002632,0.043727
B,ka100_req14,8,xxxxxxxxxxxxxxxx0.000023,0.000000,0.000000,0.001490,0.043082
B,ka100_req15,8,xxxxxxxxxxxxxxxx0.000015,0.000000,0.000000,0.002451,0.043481
B,ka100_req16,8,xxxxxxxxxxxxxxxx0.000014,0.000000,0.000000,0.001047,0.043850
B,ka100_req17,8,xxxxxxxxxxxxxxxx0.000014,0.000000,0.000000,0.001051,0.042125
B,ka100_req18,8,xxxxxxxxxxxxxxxx0.000026,0.000000,0.000000,0.001696,0.043052
B,ka100_req19,8,xxxxxxxxxxxxxxxx0.000034,0.000000,0.000000,0.001737,0.042272
B,ka100_req20,8,xxxxxxxxxxxxxxxx0.000032,0.000000,0.000000,0.001471,0.041727
B,ka100_req21,8,xxxxxxxxxxxxxxxx0.000037,0.000000,0.000000,0.001780,0.042964
B,ka100_req22,8,xxxxxxxxxxxxxxxx0.000018,0.000000,0.000000,0.001046,0.041670
B,ka100_req23,8,xxxxxxxxxxxxxxxx0.000022,0.000000,0.000000,0.001045,0.041828
B,ka100_req24,8,xxxxxxxxxxxxxxxx0.000013,0.000000,0.000000,0.001115,0.041914
B,ka100_req25,8,xxxxxxxxxxxxxxxx0.000010,0.000000,0.000000,0.000659,0.042535
B,ka100_req26,8,xxxxxxxxxxxxxxxx0.000009,0.000000,0.000000,0.000646,0.041449
B,ka100_req27,8,xxxxxxxxxxxxxxxx0.000020,0.000000,0.000000,0.000845,0.041812
B,ka100_req28,8,xxxxxxxxxxxxxxxx0.000024,0.000000,0.000000,0.001399,0.041882
B,ka100_req29,8,xxxxxxxxxxxxxxxx0.000034,0.000000,0.000000,0.002079,0.044760
B,ka100_req30,8,xxxxxxxxxxxxxxxx0.000022,0.000000,0.000000,0.001695,0.042860
B,ka100_req31,8,xxxxxxxxxxxxxxxx0.000023,0.000000,0.000000,0.001732,0.043175
B,ka100_req32,8,xxxxxxxxxxxxxxxx0.000026,0.000000,0.000000,0.002070,0.043380
B,ka100_req33,8,xxxxxxxxxxxxxxxx0.000088,0.000000,0.000000,0.003049,0.044622
B,ka100_req34,8,xxxxxxxxxxxxxxxx0.000035,0.000000,0.000000,0.002120,0.044104
B,ka100_req35,8,xxxxxxxxxxxxxxxx0.000039,0.000000,0.000000,0.003017,0.045192
B,ka100_req36,8,xxxxxxxxxxxxxxxx0.000078,0.000000,0.000000,0.002013,0.044257
B,ka100_req37,8,xxxxxxxxxxxxxxxx0.000030,0.000000,0.000000,0.001092,0.043216
B,ka100_req38,8,xxxxxxxxxxxxxxxx0.000028,0.000000,0.000000,0.001139,0.045387
B,ka100_req39,8,xxxxxxxxxxxxxxxx0.000047,0.000000,0.000000,0.002692,0.043853
B,ka100_req40,8,xxxxxxxxxxxxxxxx0.000045,0.000000,0.000000,0.002436,0.045605
B,ka100_req41,8,xxxxxxxxxxxxxxxx0.000025,0.000000,0.000000,0.001818,0.042838
B,ka100_req42,8,xxxxxxxxxxxxxxxx0.000029,0.000000,0.000000,0.001699,0.043108
B,ka100_req43,8,xxxxxxxxxxxxxxxx0.000014,0.000000,0.000000,0.001033,0.041982
B,ka100_req44,8,xxxxxxxxxxxxxxxx0.000029,0.000000,0.000000,0.001642,0.043771
B,ka100_req45,8,xxxxxxxxxxxxxxxx0.000014,0.000000,0.000000,0.001492,0.042445
B,ka100_req46,8,xxxxxxxxxxxxxxxx0.000016,0.000000,0.000000,0.001340,0.041919
B,ka100_req47,8,xxxxxxxxxxxxxxxx0.000016,0.000000,0.000000,0.000965,0.045791
B,ka100_req48,8,xxxxxxxxxxxxxxxx0.000026,0.000000,0.000000,0.001829,0.044938
B,ka100_req49,8,xxxxxxxxxxxxxxxx0.000036,0.000000,0.000000,0.002015,0.042782
B,ka100_req50,8,xxxxxxxxxxxxxxxx0.000036,0.000000,0.000000,0.002206,0.044831
B,ka100_req51,8,xxxxxxxxxxxxxxxx0.000035,0.000000,0.000000,0.001927,0.042837
B,ka100_req52,8,xxxxxxxxxxxxxxxx0.000020,0.000000,0.000000,0.001912,0.043035
B,ka100_req53,8,xxxxxxxxxxxxxxxx0.000039,0.000000,0.000000,0.002997,0.044341
B,ka100_req54,8,xxxxxxxxxxxxxxxx0.000044,0.000000,0.000000,0.002042,0.042539
B,ka100_req55,8,xxxxxxxxxxxxxxxx0.000030,0.000000,0.000000,0.001956,0.043254
B,ka100_req56,8,xxxxxxxxxxxxxxxx0.000035,0.000000,0.000000,0.002204,0.043482
B,ka100_req57,8,xxxxxxxxxxxxxxxx0.000035,0.000000,0.000000,0.002139,0.042682
B,ka100_req58,8,xxxxxxxxxxxxxxxx0.000037,0.000000,0.000000,0.003034,0.044197
B,ka100_req59,8,xxxxxxxxxxxxxxxx0.000037,0.000000,0.000000,0.002019,0.043392
B,ka100_req60,8,xxxxxxxxxxxxxxxx0.000026,0.000000,0.000000,0.001905,0.042998
B,ka100_req61,8,xxxxxxxxxxxxxxxx0.000032,0.000000,0.000000,0.002196,0.046285
B,ka100_req62,8,xxxxxxxxxxxxxxxx0.000034,0.000000,0.000000,0.002048,0.043099
B,ka100_req63,8,xxxxxxxxxxxxxxxx0.000067,0.000000,0.000000,0.002190,0.043394
B,ka100_req64,8,xxxxxxxxxxxxxxxx0.000027,0.000000,0.000000,0.002108,0.045853
B,ka100_req65,8,xxxxxxxxxxxxxxxx0.000035,0.000000,0.000000,0.001921,0.042880
B,ka100_req66,8,xxxxxxxxxxxxxxxx0.000030,0.000000,0.000000,0.002075,0.042603
B,ka100_req67,8,xxxxxxxxxxxxxxxx0.000036,0.000000,0.000000,0.002159,0.043214
B,ka100_req68,8,xxxxxxxxxxxxxxxx0.000144,0.000000,0.000000,0.003445,0.043738
B,ka100_req69,8,xxxxxxxxxxxxxxxx0.000029,0.000000,0.000000,0.002876,0.043717
B,ka100_req70,8,xxxxxxxxxxxxxxxx0.000018,0.000000,0.000000,0.001350,0.042068
B,ka100_req71,8,xxxxxxxxxxxxxxxx0.000009,0.000000,0.000000,0.000681,0.045416
B,ka100_req72,8,xxxxxxxxxxxxxxxx0.000011,0.000000,0.000000,0.000656,0.044649
B,ka100_req73,8,xxxxxxxxxxxxxxxx0.000011,0.000000,0.000000,0.000808,0.041475
B,ka100_req74,8,xxxxxxxxxxxxxxxx0.000017,0.000000,0.000000,0.000892,0.044196
B,ka100_req75,8,xxxxxxxxxxxxxxxx0.000025,0.000000,0.000000,0.001980,0.042684
B,ka100_req76,8,xxxxxxxxxxxxxxxx0.000035,0.000000,0.000000,0.002472,0.043720
B,ka100_req77,8,xxxxxxxxxxxxxxxx0.000029,0.000000,0.000000,0.002224,0.044862
B,ka100_req78,8,xxxxxxxxxxxxxxxx0.000048,0.000000,0.000000,0.002255,0.044535
B,ka100_req79,8,xxxxxxxxxxxxxxxx0.000038,0.000000,0.000000,0.002230,0.043010
B,ka100_req80,8,xxxxxxxxxxxxxxxx0.000036,0.000000,0.000000,0.002545,0.043696
B,ka100_req81,8,xxxxxxxxxxxxxxxx0.000035,0.000000,0.000000,0.002577,0.043468
B,ka100_req82,8,xxxxxxxxxxxxxxxx0.000025,0.000000,0.000000,0.002059,0.044274
B,ka100_req83,8,xxxxxxxxxxxxxxxx0.000028,0.000000,0.000000,0.002127,0.042405
B,ka100_req84,8,xxxxxxxxxxxxxxxx0.000035,0.000000,0.000000,0.002240,0.043319
B,ka100_req85,8,xxxxxxxxxxxxxxxx0.000033,0.000000,0.000000,0.002132,0.043964
B,ka100_req86,8,xxxxxxxxxxxxxxxx0.000026,0.000000,0.000000,0.002023,0.043206
B,ka100_req87,8,xxxxxxxxxxxxxxxx0.000024,0.000000,0.000000,0.001813,0.042945
B,ka100_req88,8,xxxxxxxxxxxxxxxx0.000041,0.000000,0.000000,0.003106,0.044204
B,ka100_req89,8,xxxxxxxxxxxxxxxx0.000028,0.000000,0.000000,0.001896,0.043213
B,ka100_req90,8,xxxxxxxxxxxxxxxx0.000091,0.000000,0.000000,0.002654,0.043307
B,ka100_req91,8,xxxxxxxxxxxxxxxx0.000025,0.000000,0.000000,0.001750,0.043827
B,ka100_req92,8,xxxxxxxxxxxxxxxx0.000024,0.000000,0.000000,0.002064,0.043590
B,ka100_req93,8,xxxxxxxxxxxxxxxx0.000041,0.000000,0.000000,0.002586,0.043118
B,ka100_req94,8,xxxxxxxxxxxxxxxx0.000035,0.000000,0.000000,0.002318,0.042753
B,ka100_req95,8,xxxxxxxxxxxxxxxx0.000027,0.000000,0.000000,0.002106,0.044948
B,ka100_req96,8,xxxxxxxxxxxxxxxx0.000036,0.000000,0.000000,0.002342,0.043562
B,ka100_req97,8,xxxxxxxxxxxxxxxx0.000023,0.000000,0.000000,0.001864,0.045535
B,ka100_req98,8,xxxxxxxxxxxxxxxx0.000030,0.000000,0.000000,0.002181,0.043110
B,ka100_req99,8,xxxxxxxxxxxxxxxx0.000044,0.000000,0.000000,0.002471,0.043764
B,ka100_req100,8,xxxxxxxxxxxxxxxx0.000035,0.000000,0.000000,0.002004,0.043165
B,ka100_req1,9,0.000024,0.000213,0.031799,0.034706,0.075864
B,ka100_req2,9,xxxxxxxxxxxxxxxx0.000016,0.000000,0.000000,0.001038,0.045878
B,ka100_req3,9,xxxxxxxxxxxxxxxx0.000023,0.000000,0.000000,0.001562,0.042297
B,ka100_req4,9,xxxxxxxxxxxxxxxx0.000027,0.000000,0.000000,0.001672,0.042538
B,ka100_req5,9,xxxxxxxxxxxxxxxx0.000027,0.000000,0.000000,0.001831,0.045630
B,ka100_req6,9,xxxxxxxxxxxxxxxx0.000028,0.000000,0.000000,0.001757,0.042841
B,ka100_req7,9,xxxxxxxxxxxxxxxx0.000035,0.000000,0.000000,0.001712,0.043942
B,ka100_req8,9,xxxxxxxxxxxxxxxx0.000027,0.000000,0.000000,0.001913,0.042577
B,ka100_req9,9,xxxxxxxxxxxxxxxx0.000029,0.000000,0.000000,0.002195,0.045885
B,ka100_req10,9,xxxxxxxxxxxxxxxx0.000036,0.000000,0.000000,0.002219,0.043732
B,ka100_req11,9,xxxxxxxxxxxxxxxx0.000037,0.000000,0.000000,0.002361,0.043224
B,ka100_req12,9,xxxxxxxxxxxxxxxx0.000062,0.000000,0.000000,0.002723,0.043945
B,ka100_req13,9,xxxxxxxxxxxxxxxx0.000025,0.000000,0.000000,0.001919,0.043126
B,ka100_req14,9,xxxxxxxxxxxxxxxx0.000027,0.000000,0.000000,0.001900,0.044788
B,ka100_req15,9,xxxxxxxxxxxxxxxx0.000040,0.000000,0.000000,0.002581,0.043608
B,ka100_req16,9,xxxxxxxxxxxxxxxx0.000036,0.000000,0.000000,0.002149,0.042535
B,ka100_req17,9,xxxxxxxxxxxxxxxx0.000029,0.000000,0.000000,0.001965,0.045770
B,ka100_req18,9,xxxxxxxxxxxxxxxx0.000046,0.000000,0.000000,0.002155,0.043225
B,ka100_req19,9,xxxxxxxxxxxxxxxx0.000030,0.000000,0.000000,0.001921,0.044859
B,ka100_req20,9,xxxxxxxxxxxxxxxx0.000076,0.000000,0.000000,0.001887,0.042821
B,ka100_req21,9,xxxxxxxxxxxxxxxx0.000038,0.000000,0.000000,0.002762,0.043801
B,ka100_req22,9,xxxxxxxxxxxxxxxx0.000035,0.000000,0.000000,0.002064,0.043939
B,ka100_req23,9,xxxxxxxxxxxxxxxx0.000026,0.000000,0.000000,0.001686,0.042505
B,ka100_req24,9,xxxxxxxxxxxxxxxx0.000039,0.000000,0.000000,0.003285,0.045809
B,ka100_req25,9,xxxxxxxxxxxxxxxx0.000034,0.000000,0.000000,0.001980,0.042898
B,ka100_req26,9,xxxxxxxxxxxxxxxx0.000032,0.000000,0.000000,0.001944,0.043523
B,ka100_req27,9,xxxxxxxxxxxxxxxx0.000032,0.000000,0.000000,0.002141,0.045573
B,ka100_req28,9,xxxxxxxxxxxxxxxx0.000038,0.000000,0.000000,0.002361,0.042941
B,ka100_req29,9,xxxxxxxxxxxxxxxx0.000026,0.000000,0.000000,0.002147,0.043075
B,ka100_req30,9,xxxxxxxxxxxxxxxx0.000038,0.000000,0.000000,0.002354,0.043548
B,ka100_req31,9,xxxxxxxxxxxxxxxx0.000026,0.000000,0.000000,0.001861,0.043116
B,ka100_req32,9,xxxxxxxxxxxxxxxx0.000036,0.000000,0.000000,0.002390,0.043790
B,ka100_req33,9,xxxxxxxxxxxxxxxx0.000039,0.000000,0.000000,0.001713,0.044635
B,ka100_req34,9,xxxxxxxxxxxxxxxx0.000037,0.000000,0.000000,0.002110,0.046438
B,ka100_req35,9,xxxxxxxxxxxxxxxx0.000029,0.000000,0.000000,0.002760,0.043680
B,ka100_req36,9,xxxxxxxxxxxxxxxx0.000036,0.000000,0.000000,0.001978,0.042951
B,ka100_req37,9,xxxxxxxxxxxxxxxx0.000036,0.000000,0.000000,0.001955,0.043792
B,ka100_req38,9,xxxxxxxxxxxxxxxx0.000028,0.000000,0.000000,0.002197,0.043543
B,ka100_req39,9,xxxxxxxxxxxxxxxx0.000044,0.000000,0.000000,0.002156,0.042899
B,ka100_req40,9,xxxxxxxxxxxxxxxx0.000034,0.000000,0.000000,0.002374,0.043698
B,ka100_req41,9,xxxxxxxxxxxxxxxx0.000027,0.000000,0.000000,0.001872,0.042611
B,ka100_req42,9,xxxxxxxxxxxxxxxx0.000031,0.000000,0.000000,0.003356,0.044747
B,ka100_req43,9,xxxxxxxxxxxxxxxx0.000036,0.000000,0.000000,0.002600,0.045619
B,ka100_req44,9,xxxxxxxxxxxxxxxx0.000024,0.000000,0.000000,0.001969,0.043101
B,ka100_req45,9,xxxxxxxxxxxxxxxx0.000028,0.000000,0.000000,0.002034,0.043853
B,ka100_req46,9,xxxxxxxxxxxxxxxx0.000023,0.000000,0.000000,0.001987,0.044078
B,ka100_req47,9,xxxxxxxxxxxxxxxx0.000022,0.000000,0.000000,0.001514,0.043256
B,ka100_req48,9,xxxxxxxxxxxxxxxx0.000024,0.000000,0.000000,0.001627,0.045688
B,ka100_req49,9,xxxxxxxxxxxxxxxx0.000040,0.000000,0.000000,0.002521,0.043865
B,ka100_req50,9,xxxxxxxxxxxxxxxx0.000026,0.000000,0.000000,0.001775,0.043629
B,ka100_req51,9,xxxxxxxxxxxxxxxx0.000025,0.000000,0.000000,0.001996,0.043061
B,ka100_req52,9,xxxxxxxxxxxxxxxx0.000026,0.000000,0.000000,0.002130,0.044419
B,ka100_req53,9,xxxxxxxxxxxxxxxx0.000038,0.000000,0.000000,0.002098,0.043210
B,ka100_req54,9,xxxxxxxxxxxxxxxx0.000061,0.000000,0.000000,0.001976,0.045995
B,ka100_req55,9,xxxxxxxxxxxxxxxx0.000028,0.000000,0.000000,0.002011,0.046022
B,ka100_req56,9,xxxxxxxxxxxxxxxx0.000023,0.000000,0.000000,0.001680,0.043065
B,ka100_req57,9,xxxxxxxxxxxxxxxx0.000023,0.000000,0.000000,0.003205,0.044595
B,ka100_req58,9,xxxxxxxxxxxxxxxx0.000030,0.000000,0.000000,0.001846,0.044089
B,ka100_req59,9,xxxxxxxxxxxxxxxx0.000030,0.000000,0.000000,0.001821,0.042495
B,ka100_req60,9,xxxxxxxxxxxxxxxx0.000019,0.000000,0.000000,0.001669,0.043000
B,ka100_req61,9,xxxxxxxxxxxxxxxx0.000038,0.000000,0.000000,0.002467,0.045716
B,ka100_req62,9,xxxxxxxxxxxxxxxx0.000037,0.000000,0.000000,0.001979,0.042637
B,ka100_req63,9,xxxxxxxxxxxxxxxx0.000021,0.000000,0.000000,0.001762,0.043159
B,ka100_req64,9,xxxxxxxxxxxxxxxx0.000025,0.000000,0.000000,0.001810,0.042859
B,ka100_req65,9,xxxxxxxxxxxxxxxx0.000040,0.000000,0.000000,0.002085,0.045131
B,ka100_req66,9,xxxxxxxxxxxxxxxx0.000039,0.000000,0.000000,0.003272,0.044318
B,ka100_req67,9,xxxxxxxxxxxxxxxx0.000028,0.000000,0.000000,0.001863,0.042494
B,ka100_req68,9,xxxxxxxxxxxxxxxx0.000027,0.000000,0.000000,0.001899,0.042584
B,ka100_req69,9,xxxxxxxxxxxxxxxx0.000038,0.000000,0.000000,0.002189,0.045912
B,ka100_req70,9,xxxxxxxxxxxxxxxx0.000031,0.000000,0.000000,0.001712,0.042929
B,ka100_req71,9,xxxxxxxxxxxxxxxx0.000057,0.000000,0.000000,0.002034,0.046388
B,ka100_req72,9,xxxxxxxxxxxxxxxx0.000022,0.000000,0.000000,0.001930,0.042791
B,ka100_req73,9,xxxxxxxxxxxxxxxx0.000022,0.000000,0.000000,0.002066,0.043422
B,ka100_req74,9,xxxxxxxxxxxxxxxx0.000031,0.000000,0.000000,0.002096,0.043170
B,ka100_req75,9,xxxxxxxxxxxxxxxx0.000040,0.000000,0.000000,0.000974,0.042028
B,ka100_req76,9,xxxxxxxxxxxxxxxx0.000031,0.000000,0.000000,0.001934,0.042590
B,ka100_req77,9,xxxxxxxxxxxxxxxx0.000029,0.000000,0.000000,0.001518,0.045732
B,ka100_req78,9,xxxxxxxxxxxxxxxx0.000029,0.000000,0.000000,0.001663,0.045652
B,ka100_req79,9,xxxxxxxxxxxxxxxx0.000030,0.000000,0.000000,0.002094,0.042994
B,ka100_req80,9,xxxxxxxxxxxxxxxx0.000023,0.000000,0.000000,0.002782,0.043912
B,ka100_req81,9,xxxxxxxxxxxxxxxx0.000029,0.000000,0.000000,0.001469,0.041976
B,ka100_req82,9,xxxxxxxxxxxxxxxx0.000029,0.000000,0.000000,0.001861,0.044165
B,ka100_req83,9,xxxxxxxxxxxxxxxx0.000029,0.000000,0.000000,0.001744,0.043223
B,ka100_req84,9,xxxxxxxxxxxxxxxx0.000026,0.000000,0.000000,0.001348,0.043923
B,ka100_req85,9,xxxxxxxxxxxxxxxx0.000124,0.000000,0.000000,0.001719,0.045052
B,ka100_req86,9,xxxxxxxxxxxxxxxx0.000017,0.000000,0.000000,0.001104,0.041664
B,ka100_req87,9,xxxxxxxxxxxxxxxx0.000017,0.000000,0.000000,0.001453,0.041945
B,ka100_req88,9,xxxxxxxxxxxxxxxx0.000023,0.000000,0.000000,0.001276,0.041708
B,ka100_req89,9,xxxxxxxxxxxxxxxx0.000024,0.000000,0.000000,0.001140,0.041687
B,ka100_req90,9,xxxxxxxxxxxxxxxx0.000027,0.000000,0.000000,0.001779,0.043119
B,ka100_req91,9,xxxxxxxxxxxxxxxx0.000028,0.000000,0.000000,0.001572,0.042750
B,ka100_req92,9,xxxxxxxxxxxxxxxx0.000031,0.000000,0.000000,0.001842,0.044854
B,ka100_req93,9,xxxxxxxxxxxxxxxx0.000016,0.000000,0.000000,0.001064,0.044044
B,ka100_req94,9,xxxxxxxxxxxxxxxx0.000021,0.000000,0.000000,0.001413,0.043320
B,ka100_req95,9,xxxxxxxxxxxxxxxx0.000028,0.000000,0.000000,0.001828,0.042278
B,ka100_req96,9,xxxxxxxxxxxxxxxx0.000024,0.000000,0.000000,0.001407,0.041639
B,ka100_req97,9,xxxxxxxxxxxxxxxx0.000018,0.000000,0.000000,0.001471,0.042091
B,ka100_req98,9,xxxxxxxxxxxxxxxx0.000022,0.000000,0.000000,0.001739,0.042594
B,ka100_req99,9,xxxxxxxxxxxxxxxx0.000012,0.000000,0.000000,0.000812,0.041885
B,ka100_req100,9,xxxxxxxxxxxxxxxx0.000028,0.000000,0.000000,0.001874,0.042930
B,ka100_req1,10,0.000025,0.000195,0.031707,0.075245,0.075327
B,ka100_req2,10,xxxxxxxxxxxxxxxx0.000019,0.000000,0.000000,0.000978,0.041991
B,ka100_req3,10,xxxxxxxxxxxxxxxx0.000022,0.000000,0.000000,0.002215,0.042880
B,ka100_req4,10,xxxxxxxxxxxxxxxx0.000022,0.000000,0.000000,0.001707,0.043010
B,ka100_req5,10,xxxxxxxxxxxxxxxx0.000026,0.000000,0.000000,0.001721,0.042743
B,ka100_req6,10,xxxxxxxxxxxxxxxx0.000026,0.000000,0.000000,0.001764,0.043198
B,ka100_req7,10,xxxxxxxxxxxxxxxx0.000029,0.000000,0.000000,0.002342,0.044530
B,ka100_req8,10,xxxxxxxxxxxxxxxx0.000029,0.000000,0.000000,0.001982,0.043105
B,ka100_req9,10,xxxxxxxxxxxxxxxx0.000041,0.000000,0.000000,0.002251,0.043403
B,ka100_req10,10,xxxxxxxxxxxxxxxx0.000029,0.000000,0.000000,0.001938,0.043223
B,ka100_req11,10,xxxxxxxxxxxxxxxx0.000035,0.000000,0.000000,0.002230,0.043202
B,ka100_req12,10,xxxxxxxxxxxxxxxx0.000037,0.000000,0.000000,0.002529,0.044445
B,ka100_req13,10,xxxxxxxxxxxxxxxx0.000025,0.000000,0.000000,0.001976,0.042988
B,ka100_req14,10,xxxxxxxxxxxxxxxx0.000038,0.000000,0.000000,0.002077,0.042968
B,ka100_req15,10,xxxxxxxxxxxxxxxx0.000036,0.000000,0.000000,0.002357,0.044600
B,ka100_req16,10,xxxxxxxxxxxxxxxx0.000029,0.000000,0.000000,0.002643,0.043855
B,ka100_req17,10,xxxxxxxxxxxxxxxx0.000035,0.000000,0.000000,0.002419,0.044112
B,ka100_req18,10,xxxxxxxxxxxxxxxx0.000028,0.000000,0.000000,0.002232,0.043355
B,ka100_req19,10,xxxxxxxxxxxxxxxx0.000029,0.000000,0.000000,0.002665,0.043654
B,ka100_req20,10,xxxxxxxxxxxxxxxx0.000035,0.000000,0.000000,0.002192,0.042768
B,ka100_req21,10,xxxxxxxxxxxxxxxx0.000038,0.000000,0.000000,0.002341,0.042715
B,ka100_req22,10,xxxxxxxxxxxxxxxx0.000027,0.000000,0.000000,0.001875,0.043438
B,ka100_req23,10,xxxxxxxxxxxxxxxx0.000029,0.000000,0.000000,0.002223,0.043247
B,ka100_req24,10,xxxxxxxxxxxxxxxx0.000030,0.000000,0.000000,0.001990,0.043024
B,ka100_req25,10,xxxxxxxxxxxxxxxx0.000034,0.000000,0.000000,0.002130,0.043393
B,ka100_req26,10,xxxxxxxxxxxxxxxx0.000020,0.000000,0.000000,0.001642,0.043063
B,ka100_req27,10,xxxxxxxxxxxxxxxx0.000036,0.000000,0.000000,0.002325,0.043540
B,ka100_req28,10,xxxxxxxxxxxxxxxx0.000037,0.000000,0.000000,0.002028,0.042546
B,ka100_req29,10,xxxxxxxxxxxxxxxx0.000029,0.000000,0.000000,0.002088,0.044980
B,ka100_req30,10,xxxxxxxxxxxxxxxx0.000030,0.000000,0.000000,0.002076,0.042649
B,ka100_req31,10,xxxxxxxxxxxxxxxx0.000038,0.000000,0.000000,0.002065,0.042767
B,ka100_req32,10,xxxxxxxxxxxxxxxx0.000025,0.000000,0.000000,0.001501,0.043262
B,ka100_req33,10,xxxxxxxxxxxxxxxx0.000037,0.000000,0.000000,0.002006,0.043129
B,ka100_req34,10,xxxxxxxxxxxxxxxx0.000024,0.000000,0.000000,0.002112,0.044980
B,ka100_req35,10,xxxxxxxxxxxxxxxx0.000038,0.000000,0.000000,0.002102,0.042725
B,ka100_req36,10,xxxxxxxxxxxxxxxx0.000040,0.000000,0.000000,0.002329,0.043638
B,ka100_req37,10,xxxxxxxxxxxxxxxx0.000024,0.000000,0.000000,0.002021,0.043696
B,ka100_req38,10,xxxxxxxxxxxxxxxx0.000037,0.000000,0.000000,0.002221,0.043948
B,ka100_req39,10,xxxxxxxxxxxxxxxx0.000023,0.000000,0.000000,0.002738,0.043640
B,ka100_req40,10,xxxxxxxxxxxxxxxx0.000031,0.000000,0.000000,0.002394,0.042792
B,ka100_req41,10,xxxxxxxxxxxxxxxx0.000018,0.000000,0.000000,0.001184,0.042200
B,ka100_req42,10,xxxxxxxxxxxxxxxx0.000043,0.000000,0.000000,0.001533,0.044523
B,ka100_req43,10,xxxxxxxxxxxxxxxx0.000016,0.000000,0.000000,0.001961,0.042889
B,ka100_req44,10,xxxxxxxxxxxxxxxx0.000016,0.000000,0.000000,0.001409,0.049530
B,ka100_req45,10,xxxxxxxxxxxxxxxx0.000017,0.000000,0.000000,0.001043,0.045208
B,ka100_req46,10,xxxxxxxxxxxxxxxx0.000036,0.000000,0.000000,0.003103,0.044053
B,ka100_req47,10,xxxxxxxxxxxxxxxx0.000037,0.000000,0.000000,0.001784,0.042384
B,ka100_req48,10,xxxxxxxxxxxxxxxx0.000038,0.000000,0.000000,0.002416,0.042840
B,ka100_req49,10,xxxxxxxxxxxxxxxx0.000030,0.000000,0.000000,0.009899,0.051581
B,ka100_req50,10,xxxxxxxxxxxxxxxx0.000013,0.000000,0.000000,0.001275,0.042867
B,ka100_req51,10,xxxxxxxxxxxxxxxx0.000021,0.000000,0.000000,0.001738,0.042600
B,ka100_req52,10,xxxxxxxxxxxxxxxx0.000011,0.000000,0.000000,0.000875,0.042107
B,ka100_req53,10,xxxxxxxxxxxxxxxx0.000010,0.000000,0.000000,0.000702,0.043574
B,ka100_req54,10,xxxxxxxxxxxxxxxx0.000009,0.000000,0.000000,0.000719,0.043173
B,ka100_req55,10,xxxxxxxxxxxxxxxx0.000012,0.000000,0.000000,0.000753,0.044653
B,ka100_req56,10,xxxxxxxxxxxxxxxx0.000025,0.000000,0.000000,0.001200,0.042414
B,ka100_req57,10,xxxxxxxxxxxxxxxx0.000042,0.000000,0.000000,0.001824,0.043838
B,ka100_req58,10,xxxxxxxxxxxxxxxx0.000043,0.000000,0.000000,0.002045,0.043455
B,ka100_req59,10,xxxxxxxxxxxxxxxx0.000031,0.000000,0.000000,0.002452,0.043753
B,ka100_req60,10,xxxxxxxxxxxxxxxx0.000039,0.000000,0.000000,0.001795,0.043928
B,ka100_req61,10,xxxxxxxxxxxxxxxx0.000031,0.000000,0.000000,0.002001,0.042520
B,ka100_req62,10,xxxxxxxxxxxxxxxx0.000036,0.000000,0.000000,0.002006,0.042607
B,ka100_req63,10,xxxxxxxxxxxxxxxx0.000035,0.000000,0.000000,0.002067,0.044562
B,ka100_req64,10,xxxxxxxxxxxxxxxx0.000027,0.000000,0.000000,0.001940,0.043365
B,ka100_req65,10,xxxxxxxxxxxxxxxx0.000023,0.000000,0.000000,0.001845,0.042361
B,ka100_req66,10,xxxxxxxxxxxxxxxx0.000024,0.000000,0.000000,0.001962,0.042985
B,ka100_req67,10,xxxxxxxxxxxxxxxx0.000033,0.000000,0.000000,0.002117,0.042938
B,ka100_req68,10,xxxxxxxxxxxxxxxx0.000036,0.000000,0.000000,0.002332,0.043585
B,ka100_req69,10,xxxxxxxxxxxxxxxx0.000027,0.000000,0.000000,0.001809,0.042871
B,ka100_req70,10,xxxxxxxxxxxxxxxx0.000038,0.000000,0.000000,0.002533,0.044110
B,ka100_req71,10,xxxxxxxxxxxxxxxx0.000025,0.000000,0.000000,0.002146,0.043383
B,ka100_req72,10,xxxxxxxxxxxxxxxx0.000026,0.000000,0.000000,0.001950,0.043558
B,ka100_req73,10,xxxxxxxxxxxxxxxx0.000030,0.000000,0.000000,0.003896,0.044169
B,ka100_req74,10,xxxxxxxxxxxxxxxx0.000025,0.000000,0.000000,0.001621,0.043474
B,ka100_req75,10,xxxxxxxxxxxxxxxx0.000032,0.000000,0.000000,0.001693,0.042939
B,ka100_req76,10,xxxxxxxxxxxxxxxx0.000024,0.000000,0.000000,0.001807,0.042967
B,ka100_req77,10,xxxxxxxxxxxxxxxx0.000035,0.000000,0.000000,0.002011,0.045921
B,ka100_req78,10,xxxxxxxxxxxxxxxx0.000039,0.000000,0.000000,0.001730,0.042293
B,ka100_req79,10,xxxxxxxxxxxxxxxx0.000055,0.000000,0.000000,0.002081,0.043078
B,ka100_req80,10,xxxxxxxxxxxxxxxx0.000028,0.000000,0.000000,0.001837,0.045549
B,ka100_req81,10,xxxxxxxxxxxxxxxx0.000038,0.000000,0.000000,0.002695,0.043838
B,ka100_req82,10,xxxxxxxxxxxxxxxx0.000023,0.000000,0.000000,0.001912,0.042981
B,ka100_req83,10,xxxxxxxxxxxxxxxx0.000036,0.000000,0.000000,0.001880,0.043665
B,ka100_req84,10,xxxxxxxxxxxxxxxx0.000033,0.000000,0.000000,0.002517,0.043679
B,ka100_req85,10,xxxxxxxxxxxxxxxx0.000044,0.000000,0.000000,0.002076,0.042767
B,ka100_req86,10,xxxxxxxxxxxxxxxx0.000037,0.000000,0.000000,0.002576,0.044134
B,ka100_req87,10,xxxxxxxxxxxxxxxx0.000025,0.000000,0.000000,0.001906,0.043255
B,ka100_req88,10,xxxxxxxxxxxxxxxx0.000030,0.000000,0.000000,0.002015,0.045644
B,ka100_req89,10,xxxxxxxxxxxxxxxx0.000029,0.000000,0.000000,0.002244,0.042936
B,ka100_req90,10,xxxxxxxxxxxxxxxx0.000029,0.000000,0.000000,0.001700,0.042791
B,ka100_req91,10,xxxxxxxxxxxxxxxx0.000035,0.000000,0.000000,0.001748,0.043239
B,ka100_req92,10,xxxxxxxxxxxxxxxx0.000040,0.000000,0.000000,0.001977,0.043040
B,ka100_req93,10,xxxxxxxxxxxxxxxx0.000028,0.000000,0.000000,0.001900,0.042959
B,ka100_req94,10,xxxxxxxxxxxxxxxx0.000045,0.000000,0.000000,0.002451,0.043634
B,ka100_req95,10,xxxxxxxxxxxxxxxx0.000035,0.000000,0.000000,0.001895,0.043537
B,ka100_req96,10,xxxxxxxxxxxxxxxx0.000029,0.000000,0.000000,0.003393,0.044015
B,ka100_req97,10,xxxxxxxxxxxxxxxx0.000012,0.000000,0.000000,0.000796,0.045470
B,ka100_req98,10,xxxxxxxxxxxxxxxx0.000008,0.000000,0.000000,0.000782,0.045039
B,ka100_req99,10,xxxxxxxxxxxxxxxx0.000008,0.000000,0.000000,0.000749,0.040962
B,ka100_req100,10,xxxxxxxxxxxxxxxx0.000010,0.000000,0.000000,0.000835,0.042958
B,ka100_req1,11,0.000019,0.000170,0.025765,0.027363,0.068450
B,ka100_req2,11,xxxxxxxxxxxxxxxx0.000014,0.000000,0.000000,0.000698,0.045251
B,ka100_req3,11,xxxxxxxxxxxxxxxx0.000024,0.000000,0.000000,0.001865,0.042557
B,ka100_req4,11,xxxxxxxxxxxxxxxx0.000026,0.000000,0.000000,0.001934,0.043092
B,ka100_req5,11,xxxxxxxxxxxxxxxx0.000028,0.000000,0.000000,0.002222,0.044102
B,ka100_req6,11,xxxxxxxxxxxxxxxx0.000037,0.000000,0.000000,0.002235,0.043103
B,ka100_req7,11,xxxxxxxxxxxxxxxx0.000036,0.000000,0.000000,0.002330,0.043255
B,ka100_req8,11,xxxxxxxxxxxxxxxx0.000038,0.000000,0.000000,0.002492,0.043051
B,ka100_req9,11,xxxxxxxxxxxxxxxx0.000025,0.000000,0.000000,0.001717,0.043038
B,ka100_req10,11,xxxxxxxxxxxxxxxx0.000040,0.000000,0.000000,0.002183,0.042610
B,ka100_req11,11,xxxxxxxxxxxxxxxx0.000037,0.000000,0.000000,0.002578,0.043845
B,ka100_req12,11,xxxxxxxxxxxxxxxx0.000026,0.000000,0.000000,0.001781,0.042905
B,ka100_req13,11,xxxxxxxxxxxxxxxx0.000043,0.000000,0.000000,0.003007,0.043472
B,ka100_req14,11,xxxxxxxxxxxxxxxx0.000026,0.000000,0.000000,0.001767,0.042664
B,ka100_req15,11,xxxxxxxxxxxxxxxx0.000033,0.000000,0.000000,0.002238,0.042884
B,ka100_req16,11,xxxxxxxxxxxxxxxx0.000039,0.000000,0.000000,0.002195,0.042985
B,ka100_req17,11,xxxxxxxxxxxxxxxx0.000037,0.000000,0.000000,0.002444,0.043398
B,ka100_req18,11,xxxxxxxxxxxxxxxx0.000038,0.000000,0.000000,0.002621,0.043647
B,ka100_req19,11,xxxxxxxxxxxxxxxx0.000025,0.000000,0.000000,0.001941,0.042822
B,ka100_req20,11,xxxxxxxxxxxxxxxx0.000020,0.000000,0.000000,0.001700,0.042890
B,ka100_req21,11,xxxxxxxxxxxxxxxx0.000024,0.000000,0.000000,0.001774,0.045561
B,ka100_req22,11,xxxxxxxxxxxxxxxx0.000045,0.000000,0.000000,0.002149,0.043500
B,ka100_req23,11,xxxxxxxxxxxxxxxx0.000025,0.000000,0.000000,0.001646,0.042049
B,ka100_req24,11,xxxxxxxxxxxxxxxx0.000028,0.000000,0.000000,0.001951,0.042862
B,ka100_req25,11,xxxxxxxxxxxxxxxx0.000024,0.000000,0.000000,0.001759,0.042896
B,ka100_req26,11,xxxxxxxxxxxxxxxx0.000039,0.000000,0.000000,0.002199,0.042775
B,ka100_req27,11,xxxxxxxxxxxxxxxx0.000032,0.000000,0.000000,0.001895,0.042510
B,ka100_req28,11,xxxxxxxxxxxxxxxx0.000043,0.000000,0.000000,0.003253,0.043947
B,ka100_req29,11,xxxxxxxxxxxxxxxx0.000076,0.000000,0.000000,0.002344,0.044421
B,ka100_req30,11,xxxxxxxxxxxxxxxx0.000025,0.000000,0.000000,0.001820,0.043110
B,ka100_req31,11,xxxxxxxxxxxxxxxx0.000066,0.000000,0.000000,0.002794,0.043691
B,ka100_req32,11,xxxxxxxxxxxxxxxx0.000026,0.000000,0.000000,0.001829,0.042595
B,ka100_req33,11,xxxxxxxxxxxxxxxx0.000034,0.000000,0.000000,0.001999,0.042823
B,ka100_req34,11,xxxxxxxxxxxxxxxx0.000034,0.000000,0.000000,0.002034,0.045065
B,ka100_req35,11,xxxxxxxxxxxxxxxx0.000036,0.000000,0.000000,0.002101,0.045372
B,ka100_req36,11,xxxxxxxxxxxxxxxx0.000040,0.000000,0.000000,0.002345,0.042811
B,ka100_req37,11,xxxxxxxxxxxxxxxx0.000038,0.000000,0.000000,0.002374,0.043575
B,ka100_req38,11,xxxxxxxxxxxxxxxx0.000036,0.000000,0.000000,0.002085,0.044160
B,ka100_req39,11,xxxxxxxxxxxxxxxx0.000040,0.000000,0.000000,0.002385,0.043476
B,ka100_req40,11,xxxxxxxxxxxxxxxx0.000035,0.000000,0.000000,0.002108,0.042786
B,ka100_req41,11,xxxxxxxxxxxxxxxx0.000025,0.000000,0.000000,0.001780,0.042765
B,ka100_req42,11,xxxxxxxxxxxxxxxx0.000037,0.000000,0.000000,0.002804,0.046552
B,ka100_req43,11,xxxxxxxxxxxxxxxx0.000037,0.000000,0.000000,0.002006,0.042740
B,ka100_req44,11,xxxxxxxxxxxxxxxx0.000026,0.000000,0.000000,0.001744,0.043630
B,ka100_req45,11,xxxxxxxxxxxxxxxx0.000035,0.000000,0.000000,0.002270,0.042853
B,ka100_req46,11,xxxxxxxxxxxxxxxx0.000039,0.000000,0.000000,0.002089,0.043089
B,ka100_req47,11,xxxxxxxxxxxxxxxx0.000054,0.000000,0.000000,0.002310,0.044021
B,ka100_req48,11,xxxxxxxxxxxxxxxx0.000035,0.000000,0.000000,0.002121,0.043438
B,ka100_req49,11,xxxxxxxxxxxxxxxx0.000036,0.000000,0.000000,0.002352,0.043326
B,ka100_req50,11,xxxxxxxxxxxxxxxx0.000025,0.000000,0.000000,0.001974,0.043038
B,ka100_req51,11,xxxxxxxxxxxxxxxx0.000033,0.000000,0.000000,0.002200,0.044924
B,ka100_req52,11,xxxxxxxxxxxxxxxx0.000037,0.000000,0.000000,0.002221,0.043478
B,ka100_req53,11,xxxxxxxxxxxxxxxx0.000026,0.000000,0.000000,0.002116,0.044654
B,ka100_req54,11,xxxxxxxxxxxxxxxx0.000037,0.000000,0.000000,0.001988,0.042598
B,ka100_req55,11,xxxxxxxxxxxxxxxx0.000026,0.000000,0.000000,0.001769,0.043231
B,ka100_req56,11,xxxxxxxxxxxxxxxx0.000022,0.000000,0.000000,0.001670,0.043267
B,ka100_req57,11,xxxxxxxxxxxxxxxx0.000036,0.000000,0.000000,0.002333,0.042963
B,ka100_req58,11,xxxxxxxxxxxxxxxx0.000024,0.000000,0.000000,0.001894,0.042850
B,ka100_req59,11,xxxxxxxxxxxxxxxx0.000038,0.000000,0.000000,0.002449,0.043691
B,ka100_req60,11,xxxxxxxxxxxxxxxx0.000018,0.000000,0.000000,0.001486,0.045049
B,ka100_req61,11,xxxxxxxxxxxxxxxx0.000010,0.000000,0.000000,0.000766,0.041866
B,ka100_req62,11,xxxxxxxxxxxxxxxx0.000012,0.000000,0.000000,0.000691,0.045475
B,ka100_req63,11,xxxxxxxxxxxxxxxx0.000009,0.000000,0.000000,0.000779,0.041415
B,ka100_req64,11,xxxxxxxxxxxxxxxx0.000013,0.000000,0.000000,0.000901,0.045470
B,ka100_req65,11,xxxxxxxxxxxxxxxx0.000013,0.000000,0.000000,0.001121,0.042258
B,ka100_req66,11,xxxxxxxxxxxxxxxx0.000040,0.000000,0.000000,0.001863,0.043203
B,ka100_req67,11,xxxxxxxxxxxxxxxx0.000038,0.000000,0.000000,0.001918,0.044169
B,ka100_req68,11,xxxxxxxxxxxxxxxx0.000026,0.000000,0.000000,0.001822,0.044398
B,ka100_req69,11,xxxxxxxxxxxxxxxx0.000025,0.000000,0.000000,0.002156,0.045524
B,ka100_req70,11,xxxxxxxxxxxxxxxx0.000042,0.000000,0.000000,0.001792,0.042705
B,ka100_req71,11,xxxxxxxxxxxxxxxx0.000030,0.000000,0.000000,0.001869,0.044745
B,ka100_req72,11,xxxxxxxxxxxxxxxx0.000036,0.000000,0.000000,0.002719,0.045238
B,ka100_req73,11,xxxxxxxxxxxxxxxx0.000026,0.000000,0.000000,0.001770,0.043212
B,ka100_req74,11,xxxxxxxxxxxxxxxx0.000036,0.000000,0.000000,0.002315,0.045047
B,ka100_req75,11,xxxxxxxxxxxxxxxx0.000047,0.000000,0.000000,0.002700,0.043414
B,ka100_req76,11,xxxxxxxxxxxxxxxx0.000029,0.000000,0.000000,0.001802,0.042876
B,ka100_req77,11,xxxxxxxxxxxxxxxx0.000072,0.000000,0.000000,0.002433,0.046167
B,ka100_req78,11,xxxxxxxxxxxxxxxx0.000052,0.000000,0.000000,0.002175,0.043008
B,ka100_req79,11,xxxxxxxxxxxxxxxx0.000032,0.000000,0.000000,0.002042,0.042893
B,ka100_req80,11,xxxxxxxxxxxxxxxx0.000036,0.000000,0.000000,0.002216,0.042517
B,ka100_req81,11,xxxxxxxxxxxxxxxx0.000038,0.000000,0.000000,0.001980,0.043888
B,ka100_req82,11,xxxxxxxxxxxxxxxx0.000036,0.000000,0.000000,0.002393,0.043727
B,ka100_req83,11,xxxxxxxxxxxxxxxx0.000039,0.000000,0.000000,0.002574,0.043670
B,ka100_req84,11,xxxxxxxxxxxxxxxx0.000035,0.000000,0.000000,0.001911,0.042921
B,ka100_req85,11,xxxxxxxxxxxxxxxx0.000023,0.000000,0.000000,0.002060,0.042877
B,ka100_req86,11,xxxxxxxxxxxxxxxx0.000028,0.000000,0.000000,0.002319,0.042270
B,ka100_req87,11,xxxxxxxxxxxxxxxx0.000019,0.000000,0.000000,0.001111,0.043109
B,ka100_req88,11,xxxxxxxxxxxxxxxx0.000023,0.000000,0.000000,0.001911,0.045833
B,ka100_req89,11,xxxxxxxxxxxxxxxx0.000036,0.000000,0.000000,0.003086,0.044193
B,ka100_req90,11,xxxxxxxxxxxxxxxx0.000037,0.000000,0.000000,0.002149,0.043926
B,ka100_req91,11,xxxxxxxxxxxxxxxx0.000028,0.000000,0.000000,0.002746,0.043345
B,ka100_req92,11,xxxxxxxxxxxxxxxx0.000021,0.000000,0.000000,0.001280,0.041642
B,ka100_req93,11,xxxxxxxxxxxxxxxx0.000030,0.000000,0.000000,0.001697,0.043703
B,ka100_req94,11,xxxxxxxxxxxxxxxx0.000019,0.000000,0.000000,0.001897,0.044480
B,ka100_req95,11,xxxxxxxxxxxxxxxx0.000039,0.000000,0.000000,0.002327,0.044053
B,ka100_req96,11,xxxxxxxxxxxxxxxx0.000038,0.000000,0.000000,0.002579,0.045468
B,ka100_req97,11,xxxxxxxxxxxxxxxx0.000038,0.000000,0.000000,0.002401,0.044615
B,ka100_req98,11,xxxxxxxxxxxxxxxx0.000034,0.000000,0.000000,0.002301,0.045378
B,ka100_req99,11,xxxxxxxxxxxxxxxx0.000030,0.000000,0.000000,0.001395,0.043034
B,ka100_req100,11,xxxxxxxxxxxxxxxx0.000029,0.000000,0.000000,0.002253,0.043685
B,ka100_req1,12,0.000026,0.000203,0.028258,0.030465,0.071451
B,ka100_req2,12,xxxxxxxxxxxxxxxx0.000017,0.000000,0.000000,0.000841,0.045358
B,ka100_req3,12,xxxxxxxxxxxxxxxx0.000028,0.000000,0.000000,0.001445,0.043627
B,ka100_req4,12,xxxxxxxxxxxxxxxx0.000037,0.000000,0.000000,0.003013,0.044364
B,ka100_req5,12,xxxxxxxxxxxxxxxx0.000038,0.000000,0.000000,0.002567,0.045852
B,ka100_req6,12,xxxxxxxxxxxxxxxx0.000035,0.000000,0.000000,0.002620,0.043518
B,ka100_req7,12,xxxxxxxxxxxxxxxx0.000025,0.000000,0.000000,0.001079,0.044738
B,ka100_req8,12,xxxxxxxxxxxxxxxx0.000018,0.000000,0.000000,0.001098,0.045609
B,ka100_req9,12,xxxxxxxxxxxxxxxx0.000055,0.000000,0.000000,0.002254,0.043697
B,ka100_req10,12,xxxxxxxxxxxxxxxx0.000028,0.000000,0.000000,0.001815,0.044696
B,ka100_req11,12,xxxxxxxxxxxxxxxx0.000030,0.000000,0.000000,0.002010,0.045485
B,ka100_req12,12,xxxxxxxxxxxxxxxx0.000036,0.000000,0.000000,0.002048,0.043168
B,ka100_req13,12,xxxxxxxxxxxxxxxx0.000040,0.000000,0.000000,0.002588,0.043716
B,ka100_req14,12,xxxxxxxxxxxxxxxx0.000028,0.000000,0.000000,0.001660,0.044582
B,ka100_req15,12,xxxxxxxxxxxxxxxx0.000018,0.000000,0.000000,0.001990,0.043218
B,ka100_req16,12,xxxxxxxxxxxxxxxx0.000037,0.000000,0.000000,0.002280,0.042888
B,ka100_req17,12,xxxxxxxxxxxxxxxx0.000036,0.000000,0.000000,0.002327,0.043533
B,ka100_req18,12,xxxxxxxxxxxxxxxx0.000026,0.000000,0.000000,0.001885,0.043995
B,ka100_req19,12,xxxxxxxxxxxxxxxx0.000065,0.000000,0.000000,0.002316,0.043660
B,ka100_req20,12,xxxxxxxxxxxxxxxx0.000035,0.000000,0.000000,0.002004,0.042801
B,ka100_req21,12,xxxxxxxxxxxxxxxx0.000031,0.000000,0.000000,0.001864,0.044456
B,ka100_req22,12,xxxxxxxxxxxxxxxx0.000030,0.000000,0.000000,0.002480,0.043165
B,ka100_req23,12,xxxxxxxxxxxxxxxx0.000043,0.000000,0.000000,0.001916,0.043823
B,ka100_req24,12,xxxxxxxxxxxxxxxx0.000042,0.000000,0.000000,0.002196,0.043479
B,ka100_req25,12,xxxxxxxxxxxxxxxx0.000029,0.000000,0.000000,0.002076,0.042852
B,ka100_req26,12,xxxxxxxxxxxxxxxx0.000034,0.000000,0.000000,0.001995,0.046044
B,ka100_req27,12,xxxxxxxxxxxxxxxx0.000044,0.000000,0.000000,0.002515,0.043282
B,ka100_req28,12,xxxxxxxxxxxxxxxx0.000027,0.000000,0.000000,0.002220,0.042818
B,ka100_req29,12,xxxxxxxxxxxxxxxx0.000028,0.000000,0.000000,0.001880,0.042647
B,ka100_req30,12,xxxxxxxxxxxxxxxx0.000037,0.000000,0.000000,0.002256,0.043665
B,ka100_req31,12,xxxxxxxxxxxxxxxx0.000033,0.000000,0.000000,0.002805,0.044038
B,ka100_req32,12,xxxxxxxxxxxxxxxx0.000028,0.000000,0.000000,0.002118,0.045559
B,ka100_req33,12,xxxxxxxxxxxxxxxx0.000028,0.000000,0.000000,0.002139,0.045864
B,ka100_req34,12,xxxxxxxxxxxxxxxx0.000034,0.000000,0.000000,0.002165,0.042844
B,ka100_req35,12,xxxxxxxxxxxxxxxx0.000026,0.000000,0.000000,0.001748,0.045456
B,ka100_req36,12,xxxxxxxxxxxxxxxx0.000029,0.000000,0.000000,0.001901,0.044388
B,ka100_req37,12,xxxxxxxxxxxxxxxx0.000037,0.000000,0.000000,0.002117,0.043389
B,ka100_req38,12,xxxxxxxxxxxxxxxx0.000039,0.000000,0.000000,0.002095,0.042608
B,ka100_req39,12,xxxxxxxxxxxxxxxx0.000038,0.000000,0.000000,0.002254,0.042955
B,ka100_req40,12,xxxxxxxxxxxxxxxx0.000032,0.000000,0.000000,0.002265,0.043219
B,ka100_req41,12,xxxxxxxxxxxxxxxx0.000030,0.000000,0.000000,0.002081,0.046213
B,ka100_req42,12,xxxxxxxxxxxxxxxx0.000037,0.000000,0.000000,0.002488,0.043702
B,ka100_req43,12,xxxxxxxxxxxxxxxx0.000025,0.000000,0.000000,0.001742,0.043546
B,ka100_req44,12,xxxxxxxxxxxxxxxx0.000064,0.000000,0.000000,0.002348,0.043084
B,ka100_req45,12,xxxxxxxxxxxxxxxx0.000038,0.000000,0.000000,0.001867,0.042742
B,ka100_req46,12,xxxxxxxxxxxxxxxx0.000021,0.000000,0.000000,0.001758,0.042691
B,ka100_req47,12,xxxxxxxxxxxxxxxx0.000022,0.000000,0.000000,0.001573,0.041977
B,ka100_req48,12,xxxxxxxxxxxxxxxx0.000017,0.000000,0.000000,0.001224,0.041851
B,ka100_req49,12,xxxxxxxxxxxxxxxx0.000032,0.000000,0.000000,0.002042,0.042780
B,ka100_req50,12,xxxxxxxxxxxxxxxx0.000031,0.000000,0.000000,0.001626,0.042814
B,ka100_req51,12,xxxxxxxxxxxxxxxx0.000035,0.000000,0.000000,0.002886,0.043983
B,ka100_req52,12,xxxxxxxxxxxxxxxx0.000029,0.000000,0.000000,0.001865,0.042716
B,ka100_req53,12,xxxxxxxxxxxxxxxx0.000029,0.000000,0.000000,0.002331,0.043570
B,ka100_req54,12,xxxxxxxxxxxxxxxx0.000018,0.000000,0.000000,0.001370,0.041716
B,ka100_req55,12,xxxxxxxxxxxxxxxx0.000027,0.000000,0.000000,0.001963,0.042816
B,ka100_req56,12,xxxxxxxxxxxxxxxx0.000018,0.000000,0.000000,0.001367,0.042009
B,ka100_req57,12,xxxxxxxxxxxxxxxx0.000038,0.000000,0.000000,0.001361,0.044966
B,ka100_req58,12,xxxxxxxxxxxxxxxx0.000036,0.000000,0.000000,0.001895,0.044065
B,ka100_req59,12,xxxxxxxxxxxxxxxx0.000028,0.000000,0.000000,0.002043,0.043166
B,ka100_req60,12,xxxxxxxxxxxxxxxx0.000037,0.000000,0.000000,0.002131,0.043112
B,ka100_req61,12,xxxxxxxxxxxxxxxx0.000036,0.000000,0.000000,0.002463,0.044010
B,ka100_req62,12,xxxxxxxxxxxxxxxx0.000025,0.000000,0.000000,0.002244,0.043014
B,ka100_req63,12,xxxxxxxxxxxxxxxx0.000039,0.000000,0.000000,0.002076,0.043243
B,ka100_req64,12,xxxxxxxxxxxxxxxx0.000027,0.000000,0.000000,0.001959,0.042368
B,ka100_req65,12,xxxxxxxxxxxxxxxx0.000033,0.000000,0.000000,0.001987,0.042925
B,ka100_req66,12,xxxxxxxxxxxxxxxx0.000040,0.000000,0.000000,0.002457,0.043649
B,ka100_req67,12,xxxxxxxxxxxxxxxx0.000052,0.000000,0.000000,0.002262,0.043680
B,ka100_req68,12,xxxxxxxxxxxxxxxx0.000039,0.000000,0.000000,0.001972,0.042624
B,ka100_req69,12,xxxxxxxxxxxxxxxx0.000026,0.000000,0.000000,0.002023,0.045377
B,ka100_req70,12,xxxxxxxxxxxxxxxx0.000060,0.000000,0.000000,0.002313,0.043373
B,ka100_req71,12,xxxxxxxxxxxxxxxx0.000036,0.000000,0.000000,0.002219,0.045193
B,ka100_req72,12,xxxxxxxxxxxxxxxx0.000024,0.000000,0.000000,0.002136,0.045108
B,ka100_req73,12,xxxxxxxxxxxxxxxx0.000038,0.000000,0.000000,0.001938,0.044722
B,ka100_req74,12,xxxxxxxxxxxxxxxx0.000029,0.000000,0.000000,0.002143,0.042889
B,ka100_req75,12,xxxxxxxxxxxxxxxx0.000039,0.000000,0.000000,0.001902,0.042334
B,ka100_req76,12,xxxxxxxxxxxxxxxx0.000016,0.000000,0.000000,0.000978,0.042036
B,ka100_req77,12,xxxxxxxxxxxxxxxx0.000011,0.000000,0.000000,0.000906,0.041999
B,ka100_req78,12,xxxxxxxxxxxxxxxx0.000009,0.000000,0.000000,0.000610,0.041708
B,ka100_req79,12,xxxxxxxxxxxxxxxx0.000010,0.000000,0.000000,0.000641,0.046071
B,ka100_req80,12,xxxxxxxxxxxxxxxx0.000017,0.000000,0.000000,0.001158,0.041869
B,ka100_req81,12,xxxxxxxxxxxxxxxx0.000031,0.000000,0.000000,0.001445,0.042557
B,ka100_req82,12,xxxxxxxxxxxxxxxx0.000038,0.000000,0.000000,0.001846,0.042148
B,ka100_req83,12,xxxxxxxxxxxxxxxx0.000036,0.000000,0.000000,0.001725,0.042804
B,ka100_req84,12,xxxxxxxxxxxxxxxx0.000046,0.000000,0.000000,0.002101,0.042693
B,ka100_req85,12,xxxxxxxxxxxxxxxx0.000035,0.000000,0.000000,0.001962,0.042796
B,ka100_req86,12,xxxxxxxxxxxxxxxx0.000023,0.000000,0.000000,0.001936,0.043055
B,ka100_req87,12,xxxxxxxxxxxxxxxx0.000036,0.000000,0.000000,0.002399,0.045504
B,ka100_req88,12,xxxxxxxxxxxxxxxx0.000030,0.000000,0.000000,0.002771,0.043555
B,ka100_req89,12,xxxxxxxxxxxxxxxx0.000025,0.000000,0.000000,0.001762,0.043299
B,ka100_req90,12,xxxxxxxxxxxxxxxx0.000035,0.000000,0.000000,0.002218,0.044757
B,ka100_req91,12,xxxxxxxxxxxxxxxx0.000026,0.000000,0.000000,0.001898,0.042155
B,ka100_req92,12,xxxxxxxxxxxxxxxx0.000029,0.000000,0.000000,0.002710,0.043418
B,ka100_req93,12,xxxxxxxxxxxxxxxx0.000038,0.000000,0.000000,0.001929,0.044413
B,ka100_req94,12,xxxxxxxxxxxxxxxx0.000021,0.000000,0.000000,0.001608,0.043610
B,ka100_req95,12,xxxxxxxxxxxxxxxx0.000039,0.000000,0.000000,0.002240,0.042840
B,ka100_req96,12,xxxxxxxxxxxxxxxx0.000024,0.000000,0.000000,0.001818,0.042784
B,ka100_req97,12,xxxxxxxxxxxxxxxx0.000033,0.000000,0.000000,0.002039,0.042738
B,ka100_req98,12,xxxxxxxxxxxxxxxx0.000026,0.000000,0.000000,0.001700,0.043099
B,ka100_req99,12,xxxxxxxxxxxxxxxx0.000029,0.000000,0.000000,0.001992,0.042471
B,ka100_req100,12,xxxxxxxxxxxxxxxx0.000022,0.000000,0.000000,0.001683,0.042806
B,ka100_req1,13,0.000023,0.000193,0.028417,0.030640,0.073834
B,ka100_req2,13,xxxxxxxxxxxxxxxx0.000014,0.000000,0.000000,0.000880,0.046153
B,ka100_req3,13,xxxxxxxxxxxxxxxx0.000027,0.000000,0.000000,0.001776,0.043062
B,ka100_req4,13,xxxxxxxxxxxxxxxx0.000029,0.000000,0.000000,0.002122,0.042833
B,ka100_req5,13,xxxxxxxxxxxxxxxx0.000023,0.000000,0.000000,0.001711,0.042577
B,ka100_req6,13,xxxxxxxxxxxxxxxx0.000028,0.000000,0.000000,0.001539,0.042687
B,ka100_req7,13,xxxxxxxxxxxxxxxx0.000018,0.000000,0.000000,0.001223,0.045723
B,ka100_req8,13,xxxxxxxxxxxxxxxx0.000035,0.000000,0.000000,0.002173,0.043358
B,ka100_req9,13,xxxxxxxxxxxxxxxx0.000069,0.000000,0.000000,0.003057,0.045169
B,ka100_req10,13,xxxxxxxxxxxxxxxx0.000027,0.000000,0.000000,0.001908,0.045275
B,ka100_req11,13,xxxxxxxxxxxxxxxx0.000033,0.000000,0.000000,0.002442,0.043924
B,ka100_req12,13,xxxxxxxxxxxxxxxx0.000033,0.000000,0.000000,0.002429,0.044073
B,ka100_req13,13,xxxxxxxxxxxxxxxx0.000035,0.000000,0.000000,0.002452,0.043103
B,ka100_req14,13,xxxxxxxxxxxxxxxx0.000036,0.000000,0.000000,0.002468,0.043970
B,ka100_req15,13,xxxxxxxxxxxxxxxx0.000038,0.000000,0.000000,0.002115,0.043466
B,ka100_req16,13,xxxxxxxxxxxxxxxx0.000028,0.000000,0.000000,0.001929,0.042926
B,ka100_req17,13,xxxxxxxxxxxxxxxx0.000024,0.000000,0.000000,0.001934,0.042470
B,ka100_req18,13,xxxxxxxxxxxxxxxx0.000034,0.000000,0.000000,0.002223,0.042788
B,ka100_req19,13,xxxxxxxxxxxxxxxx0.000035,0.000000,0.000000,0.002664,0.043729
B,ka100_req20,13,xxxxxxxxxxxxxxxx0.000028,0.000000,0.000000,0.001625,0.042733
B,ka100_req21,13,xxxxxxxxxxxxxxxx0.000036,0.000000,0.000000,0.002065,0.042825
B,ka100_req22,13,xxxxxxxxxxxxxxxx0.000019,0.000000,0.000000,0.001493,0.043185
B,ka100_req23,13,xxxxxxxxxxxxxxxx0.000015,0.000000,0.000000,0.000909,0.044958
B,ka100_req24,13,xxxxxxxxxxxxxxxx0.000012,0.000000,0.000000,0.000727,0.041242
B,ka100_req25,13,xxxxxxxxxxxxxxxx0.000009,0.000000,0.000000,0.000753,0.042202
B,ka100_req26,13,xxxxxxxxxxxxxxxx0.000012,0.000000,0.000000,0.000791,0.043895
B,ka100_req27,13,xxxxxxxxxxxxxxxx0.000035,0.000000,0.000000,0.002318,0.042832
B,ka100_req28,13,xxxxxxxxxxxxxxxx0.000037,0.000000,0.000000,0.001918,0.045370
B,ka100_req29,13,xxxxxxxxxxxxxxxx0.000036,0.000000,0.000000,0.002515,0.043140
B,ka100_req30,13,xxxxxxxxxxxxxxxx0.000030,0.000000,0.000000,0.001943,0.043056
B,ka100_req31,13,xxxxxxxxxxxxxxxx0.000031,0.000000,0.000000,0.002181,0.044388
B,ka100_req32,13,xxxxxxxxxxxxxxxx0.000041,0.000000,0.000000,0.002059,0.042809
B,ka100_req33,13,xxxxxxxxxxxxxxxx0.000043,0.000000,0.000000,0.002801,0.043687
B,ka100_req34,13,xxxxxxxxxxxxxxxx0.000038,0.000000,0.000000,0.002414,0.043806
B,ka100_req35,13,xxxxxxxxxxxxxxxx0.000029,0.000000,0.000000,0.002848,0.043808
B,ka100_req36,13,xxxxxxxxxxxxxxxx0.000028,0.000000,0.000000,0.002995,0.043760
B,ka100_req37,13,xxxxxxxxxxxxxxxx0.000029,0.000000,0.000000,0.002523,0.043503
B,ka100_req38,13,xxxxxxxxxxxxxxxx0.000022,0.000000,0.000000,0.001951,0.044039
B,ka100_req39,13,xxxxxxxxxxxxxxxx0.000040,0.000000,0.000000,0.002306,0.042825
B,ka100_req40,13,xxxxxxxxxxxxxxxx0.000033,0.000000,0.000000,0.002016,0.042881
B,ka100_req41,13,xxxxxxxxxxxxxxxx0.000027,0.000000,0.000000,0.001949,0.044381
B,ka100_req42,13,xxxxxxxxxxxxxxxx0.000036,0.000000,0.000000,0.002504,0.043160
B,ka100_req43,13,xxxxxxxxxxxxxxxx0.000023,0.000000,0.000000,0.001896,0.043783
B,ka100_req44,13,xxxxxxxxxxxxxxxx0.000025,0.000000,0.000000,0.001953,0.045365
B,ka100_req45,13,xxxxxxxxxxxxxxxx0.000037,0.000000,0.000000,0.002515,0.042987
B,ka100_req46,13,xxxxxxxxxxxxxxxx0.000036,0.000000,0.000000,0.002502,0.044284
B,ka100_req47,13,xxxxxxxxxxxxxxxx0.000030,0.000000,0.000000,0.002085,0.043121
B,ka100_req48,13,xxxxxxxxxxxxxxxx0.000027,0.000000,0.000000,0.001897,0.042774
B,ka100_req49,13,xxxxxxxxxxxxxxxx0.000038,0.000000,0.000000,0.002259,0.043136
B,ka100_req50,13,xxxxxxxxxxxxxxxx0.000036,0.000000,0.000000,0.002495,0.043487
B,ka100_req51,13,xxxxxxxxxxxxxxxx0.000037,0.000000,0.000000,0.002047,0.045629
B,ka100_req52,13,xxxxxxxxxxxxxxxx0.000048,0.000000,0.000000,0.002595,0.043870
B,ka100_req53,13,xxxxxxxxxxxxxxxx0.000054,0.000000,0.000000,0.001958,0.046592
B,ka100_req54,13,xxxxxxxxxxxxxxxx0.000036,0.000000,0.000000,0.002294,0.043677
B,ka100_req55,13,xxxxxxxxxxxxxxxx0.000030,0.000000,0.000000,0.001971,0.043027
B,ka100_req56,13,xxxxxxxxxxxxxxxx0.000034,0.000000,0.000000,0.002185,0.044271
B,ka100_req57,13,xxxxxxxxxxxxxxxx0.000038,0.000000,0.000000,0.002246,0.043370
B,ka100_req58,13,xxxxxxxxxxxxxxxx0.000032,0.000000,0.000000,0.002227,0.045950
B,ka100_req59,13,xxxxxxxxxxxxxxxx0.000025,0.000000,0.000000,0.001887,0.042246
B,ka100_req60,13,xxxxxxxxxxxxxxxx0.000034,0.000000,0.000000,0.001686,0.043048
B,ka100_req61,13,xxxxxxxxxxxxxxxx0.000035,0.000000,0.000000,0.002240,0.043641
B,ka100_req62,13,xxxxxxxxxxxxxxxx0.000029,0.000000,0.000000,0.001788,0.042724
B,ka100_req63,13,xxxxxxxxxxxxxxxx0.000038,0.000000,0.000000,0.001963,0.042882
B,ka100_req64,13,xxxxxxxxxxxxxxxx0.000036,0.000000,0.000000,0.002117,0.043137
B,ka100_req65,13,xxxxxxxxxxxxxxxx0.000036,0.000000,0.000000,0.002200,0.043196
B,ka100_req66,13,xxxxxxxxxxxxxxxx0.000027,0.000000,0.000000,0.001697,0.042658
B,ka100_req67,13,xxxxxxxxxxxxxxxx0.000025,0.000000,0.000000,0.001719,0.042944
B,ka100_req68,13,xxxxxxxxxxxxxxxx0.000057,0.000000,0.000000,0.002482,0.043750
B,ka100_req69,13,xxxxxxxxxxxxxxxx0.000025,0.000000,0.000000,0.001996,0.044145
B,ka100_req70,13,xxxxxxxxxxxxxxxx0.000025,0.000000,0.000000,0.001758,0.045131
B,ka100_req71,13,xxxxxxxxxxxxxxxx0.000035,0.000000,0.000000,0.002381,0.043260
B,ka100_req72,13,xxxxxxxxxxxxxxxx0.000036,0.000000,0.000000,0.002109,0.044005
B,ka100_req73,13,xxxxxxxxxxxxxxxx0.000036,0.000000,0.000000,0.001913,0.043241
B,ka100_req74,13,xxxxxxxxxxxxxxxx0.000038,0.000000,0.000000,0.002346,0.043745
B,ka100_req75,13,xxxxxxxxxxxxxxxx0.000038,0.000000,0.000000,0.001907,0.042601
B,ka100_req76,13,xxxxxxxxxxxxxxxx0.000027,0.000000,0.000000,0.001875,0.044562
B,ka100_req77,13,xxxxxxxxxxxxxxxx0.000040,0.000000,0.000000,0.002007,0.042951
B,ka100_req78,13,xxxxxxxxxxxxxxxx0.000030,0.000000,0.000000,0.001882,0.042926
B,ka100_req79,13,xxxxxxxxxxxxxxxx0.000031,0.000000,0.000000,0.001925,0.044686
B,ka100_req80,13,xxxxxxxxxxxxxxxx0.000035,0.000000,0.000000,0.002385,0.043473
B,ka100_req81,13,xxxxxxxxxxxxxxxx0.000024,0.000000,0.000000,0.001773,0.045804
B,ka100_req82,13,xxxxxxxxxxxxxxxx0.000033,0.000000,0.000000,0.001944,0.042832
B,ka100_req83,13,xxxxxxxxxxxxxxxx0.000037,0.000000,0.000000,0.001932,0.042910
B,ka100_req84,13,xxxxxxxxxxxxxxxx0.000036,0.000000,0.000000,0.001854,0.042591
B,ka100_req85,13,xxxxxxxxxxxxxxxx0.000085,0.000000,0.000000,0.002669,0.045778
B,ka100_req86,13,xxxxxxxxxxxxxxxx0.000074,0.000000,0.000000,0.002093,0.042441
B,ka100_req87,13,xxxxxxxxxxxxxxxx0.000036,0.000000,0.000000,0.002181,0.044497
B,ka100_req88,13,xxxxxxxxxxxxxxxx0.000038,0.000000,0.000000,0.002505,0.042916
B,ka100_req89,13,xxxxxxxxxxxxxxxx0.000033,0.000000,0.000000,0.002229,0.043203
B,ka100_req90,13,xxxxxxxxxxxxxxxx0.000033,0.000000,0.000000,0.001967,0.043818
B,ka100_req91,13,xxxxxxxxxxxxxxxx0.000040,0.000000,0.000000,0.002479,0.044528
B,ka100_req92,13,xxxxxxxxxxxxxxxx0.000040,0.000000,0.000000,0.002350,0.043613
B,ka100_req93,13,xxxxxxxxxxxxxxxx0.000093,0.000000,0.000000,0.002980,0.043687
B,ka100_req94,13,xxxxxxxxxxxxxxxx0.000034,0.000000,0.000000,0.001777,0.042639
B,ka100_req95,13,xxxxxxxxxxxxxxxx0.000037,0.000000,0.000000,0.002046,0.042783
B,ka100_req96,13,xxxxxxxxxxxxxxxx0.000025,0.000000,0.000000,0.001658,0.044853
B,ka100_req97,13,xxxxxxxxxxxxxxxx0.000034,0.000000,0.000000,0.002108,0.044076
B,ka100_req98,13,xxxxxxxxxxxxxxxx0.000039,0.000000,0.000000,0.001767,0.043599
B,ka100_req99,13,xxxxxxxxxxxxxxxx0.000026,0.000000,0.000000,0.001603,0.042273
B,ka100_req100,13,xxxxxxxxxxxxxxxx0.000036,0.000000,0.000000,0.002061,0.043872
B,ka100_req1,14,0.000021,0.000218,0.030768,0.072661,0.072739
B,ka100_req2,14,xxxxxxxxxxxxxxxx0.000017,0.000000,0.000000,0.001436,0.042199
B,ka100_req3,14,xxxxxxxxxxxxxxxx0.000026,0.000000,0.000000,0.001283,0.043832
B,ka100_req4,14,xxxxxxxxxxxxxxxx0.000034,0.000000,0.000000,0.001658,0.042705
B,ka100_req5,14,xxxxxxxxxxxxxxxx0.000040,0.000000,0.000000,0.001727,0.045378
B,ka100_req6,14,xxxxxxxxxxxxxxxx0.000027,0.000000,0.000000,0.001762,0.044143
B,ka100_req7,14,xxxxxxxxxxxxxxxx0.000025,0.000000,0.000000,0.001981,0.042854
B,ka100_req8,14,xxxxxxxxxxxxxxxx0.000036,0.000000,0.000000,0.002194,0.044506
B,ka100_req9,14,xxxxxxxxxxxxxxxx0.000027,0.000000,0.000000,0.001923,0.043333
B,ka100_req10,14,xxxxxxxxxxxxxxxx0.000027,0.000000,0.000000,0.001868,0.045525
B,ka100_req11,14,xxxxxxxxxxxxxxxx0.000027,0.000000,0.000000,0.001786,0.042759
B,ka100_req12,14,xxxxxxxxxxxxxxxx0.000024,0.000000,0.000000,0.001528,0.042633
B,ka100_req13,14,xxxxxxxxxxxxxxxx0.000033,0.000000,0.000000,0.001883,0.044054
B,ka100_req14,14,xxxxxxxxxxxxxxxx0.000018,0.000000,0.000000,0.001052,0.041634
B,ka100_req15,14,xxxxxxxxxxxxxxxx0.000031,0.000000,0.000000,0.001365,0.041702
B,ka100_req16,14,xxxxxxxxxxxxxxxx0.000033,0.000000,0.000000,0.001809,0.043017
B,ka100_req17,14,xxxxxxxxxxxxxxxx0.000036,0.000000,0.000000,0.001919,0.046153
B,ka100_req18,14,xxxxxxxxxxxxxxxx0.000021,0.000000,0.000000,0.001650,0.043020
B,ka100_req19,14,xxxxxxxxxxxxxxxx0.000026,0.000000,0.000000,0.001867,0.042969
B,ka100_req20,14,xxxxxxxxxxxxxxxx0.000040,0.000000,0.000000,0.001966,0.045446
B,ka100_req21,14,xxxxxxxxxxxxxxxx0.000037,0.000000,0.000000,0.002048,0.042850
B,ka100_req22,14,xxxxxxxxxxxxxxxx0.000026,0.000000,0.000000,0.001593,0.045237
B,ka100_req23,14,xxxxxxxxxxxxxxxx0.000032,0.000000,0.000000,0.001845,0.042959
B,ka100_req24,14,xxxxxxxxxxxxxxxx0.000024,0.000000,0.000000,0.001806,0.042999
B,ka100_req25,14,xxxxxxxxxxxxxxxx0.000036,0.000000,0.000000,0.001807,0.042764
B,ka100_req26,14,xxxxxxxxxxxxxxxx0.000030,0.000000,0.000000,0.001733,0.042742
B,ka100_req27,14,xxxxxxxxxxxxxxxx0.000014,0.000000,0.000000,0.001066,0.044614
B,ka100_req28,14,xxxxxxxxxxxxxxxx0.000026,0.000000,0.000000,0.001655,0.042124
B,ka100_req29,14,xxxxxxxxxxxxxxxx0.000030,0.000000,0.000000,0.001666,0.044517
B,ka100_req30,14,xxxxxxxxxxxxxxxx0.000036,0.000000,0.000000,0.001619,0.043073
B,ka100_req31,14,xxxxxxxxxxxxxxxx0.000036,0.000000,0.000000,0.001975,0.044842
B,ka100_req32,14,xxxxxxxxxxxxxxxx0.000071,0.000000,0.000000,0.001871,0.046471
B,ka100_req33,14,xxxxxxxxxxxxxxxx0.000035,0.000000,0.000000,0.001465,0.045720
B,ka100_req34,14,xxxxxxxxxxxxxxxx0.000034,0.000000,0.000000,0.001855,0.043170
B,ka100_req35,14,xxxxxxxxxxxxxxxx0.000047,0.000000,0.000000,0.001472,0.046022
B,ka100_req36,14,xxxxxxxxxxxxxxxx0.000050,0.000000,0.000000,0.001606,0.043208
B,ka100_req37,14,xxxxxxxxxxxxxxxx0.000035,0.000000,0.000000,0.001739,0.044639
B,ka100_req38,14,xxxxxxxxxxxxxxxx0.000027,0.000000,0.000000,0.001579,0.042753
B,ka100_req39,14,xxxxxxxxxxxxxxxx0.000033,0.000000,0.000000,0.001506,0.043225
B,ka100_req40,14,xxxxxxxxxxxxxxxx0.000038,0.000000,0.000000,0.001853,0.043639
B,ka100_req41,14,xxxxxxxxxxxxxxxx0.000025,0.000000,0.000000,0.001669,0.042616
B,ka100_req42,14,xxxxxxxxxxxxxxxx0.000036,0.000000,0.000000,0.001988,0.042622
B,ka100_req43,14,xxxxxxxxxxxxxxxx0.000028,0.000000,0.000000,0.002001,0.042755
B,ka100_req44,14,xxxxxxxxxxxxxxxx0.000025,0.000000,0.000000,0.001600,0.045507
B,ka100_req45,14,xxxxxxxxxxxxxxxx0.000034,0.000000,0.000000,0.001954,0.045966
B,ka100_req46,14,xxxxxxxxxxxxxxxx0.000037,0.000000,0.000000,0.001853,0.044788
B,ka100_req47,14,xxxxxxxxxxxxxxxx0.000025,0.000000,0.000000,0.001942,0.043268
B,ka100_req48,14,xxxxxxxxxxxxxxxx0.000036,0.000000,0.000000,0.002333,0.043600
B,ka100_req49,14,xxxxxxxxxxxxxxxx0.000016,0.000000,0.000000,0.000892,0.041791
B,ka100_req50,14,xxxxxxxxxxxxxxxx0.000016,0.000000,0.000000,0.001476,0.042898
B,ka100_req51,14,xxxxxxxxxxxxxxxx0.000027,0.000000,0.000000,0.001631,0.044217
B,ka100_req52,14,xxxxxxxxxxxxxxxx0.000025,0.000000,0.000000,0.002164,0.043166
B,ka100_req53,14,xxxxxxxxxxxxxxxx0.000037,0.000000,0.000000,0.001877,0.044715
B,ka100_req54,14,xxxxxxxxxxxxxxxx0.000038,0.000000,0.000000,0.002034,0.044084
B,ka100_req55,14,xxxxxxxxxxxxxxxx0.000048,0.000000,0.000000,0.001760,0.042127
B,ka100_req56,14,xxxxxxxxxxxxxxxx0.000035,0.000000,0.000000,0.002019,0.042906
B,ka100_req57,14,xxxxxxxxxxxxxxxx0.000021,0.000000,0.000000,0.001619,0.045157
B,ka100_req58,14,xxxxxxxxxxxxxxxx0.000035,0.000000,0.000000,0.001858,0.041976
B,ka100_req59,14,xxxxxxxxxxxxxxxx0.000034,0.000000,0.000000,0.001556,0.042579
B,ka100_req60,14,xxxxxxxxxxxxxxxx0.000032,0.000000,0.000000,0.002349,0.043247
B,ka100_req61,14,xxxxxxxxxxxxxxxx0.000034,0.000000,0.000000,0.002419,0.042753
B,ka100_req62,14,xxxxxxxxxxxxxxxx0.000036,0.000000,0.000000,0.002567,0.043986
B,ka100_req63,14,xxxxxxxxxxxxxxxx0.000037,0.000000,0.000000,0.002069,0.042438
B,ka100_req64,14,xxxxxxxxxxxxxxxx0.000035,0.000000,0.000000,0.002422,0.042990
B,ka100_req65,14,xxxxxxxxxxxxxxxx0.000031,0.000000,0.000000,0.001989,0.042796
B,ka100_req66,14,xxxxxxxxxxxxxxxx0.000022,0.000000,0.000000,0.001993,0.042446
B,ka100_req67,14,xxxxxxxxxxxxxxxx0.000027,0.000000,0.000000,0.001993,0.042867
B,ka100_req68,14,xxxxxxxxxxxxxxxx0.000043,0.000000,0.000000,0.001874,0.042947
B,ka100_req69,14,xxxxxxxxxxxxxxxx0.000036,0.000000,0.000000,0.001666,0.043186
B,ka100_req70,14,xxxxxxxxxxxxxxxx0.000026,0.000000,0.000000,0.001756,0.045130
B,ka100_req71,14,xxxxxxxxxxxxxxxx0.000035,0.000000,0.000000,0.001790,0.042935
B,ka100_req72,14,xxxxxxxxxxxxxxxx0.000026,0.000000,0.000000,0.001595,0.043552
B,ka100_req73,14,xxxxxxxxxxxxxxxx0.000023,0.000000,0.000000,0.001899,0.042807
B,ka100_req74,14,xxxxxxxxxxxxxxxx0.000029,0.000000,0.000000,0.001743,0.043039
B,ka100_req75,14,xxxxxxxxxxxxxxxx0.000098,0.000000,0.000000,0.002225,0.043594
B,ka100_req76,14,xxxxxxxxxxxxxxxx0.000029,0.000000,0.000000,0.002107,0.042686
B,ka100_req77,14,xxxxxxxxxxxxxxxx0.000039,0.000000,0.000000,0.001945,0.042720
B,ka100_req78,14,xxxxxxxxxxxxxxxx0.000040,0.000000,0.000000,0.003984,0.044583
B,ka100_req79,14,xxxxxxxxxxxxxxxx0.000037,0.000000,0.000000,0.001930,0.042896
B,ka100_req80,14,xxxxxxxxxxxxxxxx0.000034,0.000000,0.000000,0.001859,0.043110
B,ka100_req81,14,xxxxxxxxxxxxxxxx0.000026,0.000000,0.000000,0.002093,0.043195
B,ka100_req82,14,xxxxxxxxxxxxxxxx0.000036,0.000000,0.000000,0.002172,0.043510
B,ka100_req83,14,xxxxxxxxxxxxxxxx0.000037,0.000000,0.000000,0.002075,0.043233
B,ka100_req84,14,xxxxxxxxxxxxxxxx0.000037,0.000000,0.000000,0.002148,0.042544
B,ka100_req85,14,xxxxxxxxxxxxxxxx0.000037,0.000000,0.000000,0.002220,0.042587
B,ka100_req86,14,xxxxxxxxxxxxxxxx0.000039,0.000000,0.000000,0.002061,0.046407
B,ka100_req87,14,xxxxxxxxxxxxxxxx0.000015,0.000000,0.000000,0.001118,0.043701
B,ka100_req88,14,xxxxxxxxxxxxxxxx0.000015,0.000000,0.000000,0.001537,0.042648
B,ka100_req89,14,xxxxxxxxxxxxxxxx0.000043,0.000000,0.000000,0.001331,0.042717
B,ka100_req90,14,xxxxxxxxxxxxxxxx0.000019,0.000000,0.000000,0.002213,0.044377
B,ka100_req91,14,xxxxxxxxxxxxxxxx0.000032,0.000000,0.000000,0.002356,0.043275
B,ka100_req92,14,xxxxxxxxxxxxxxxx0.000017,0.000000,0.000000,0.001650,0.043353
B,ka100_req93,14,xxxxxxxxxxxxxxxx0.000041,0.000000,0.000000,0.002905,0.044261
B,ka100_req94,14,xxxxxxxxxxxxxxxx0.000031,0.000000,0.000000,0.002060,0.042406
B,ka100_req95,14,xxxxxxxxxxxxxxxx0.000026,0.000000,0.000000,0.001770,0.043005
B,ka100_req96,14,xxxxxxxxxxxxxxxx0.000027,0.000000,0.000000,0.001893,0.043080
B,ka100_req97,14,xxxxxxxxxxxxxxxx0.000036,0.000000,0.000000,0.001731,0.045001
B,ka100_req98,14,xxxxxxxxxxxxxxxx0.000031,0.000000,0.000000,0.001890,0.043006
B,ka100_req99,14,xxxxxxxxxxxxxxxx0.000024,0.000000,0.000000,0.002995,0.043535
B,ka100_req100,14,xxxxxxxxxxxxxxxx0.000021,0.000000,0.000000,0.001590,0.048292
B,ka100_req1,15,0.000016,0.000134,0.027663,0.029215,0.070927
B,ka100_req2,15,xxxxxxxxxxxxxxxx0.000012,0.000000,0.000000,0.000508,0.040905
B,ka100_req3,15,xxxxxxxxxxxxxxxx0.000010,0.000000,0.000000,0.000523,0.040702
B,ka100_req4,15,xxxxxxxxxxxxxxxx0.000009,0.000000,0.000000,0.000560,0.041820
B,ka100_req5,15,xxxxxxxxxxxxxxxx0.000010,0.000000,0.000000,0.000556,0.045165
B,ka100_req6,15,xxxxxxxxxxxxxxxx0.000024,0.000000,0.000000,0.001248,0.045314
B,ka100_req7,15,xxxxxxxxxxxxxxxx0.000038,0.000000,0.000000,0.001592,0.044658
B,ka100_req8,15,xxxxxxxxxxxxxxxx0.000037,0.000000,0.000000,0.001665,0.042645
B,ka100_req9,15,xxxxxxxxxxxxxxxx0.000024,0.000000,0.000000,0.001569,0.042989
B,ka100_req10,15,xxxxxxxxxxxxxxxx0.000037,0.000000,0.000000,0.002123,0.042437
B,ka100_req11,15,xxxxxxxxxxxxxxxx0.000026,0.000000,0.000000,0.002006,0.042835
B,ka100_req12,15,xxxxxxxxxxxxxxxx0.000035,0.000000,0.000000,0.001938,0.042864
B,ka100_req13,15,xxxxxxxxxxxxxxxx0.000037,0.000000,0.000000,0.001797,0.042690
B,ka100_req14,15,xxxxxxxxxxxxxxxx0.000035,0.000000,0.000000,0.001982,0.045667
B,ka100_req15,15,xxxxxxxxxxxxxxxx0.000038,0.000000,0.000000,0.002682,0.043816
B,ka100_req16,15,xxxxxxxxxxxxxxxx0.000034,0.000000,0.000000,0.002473,0.043661
B,ka100_req17,15,xxxxxxxxxxxxxxxx0.000034,0.000000,0.000000,0.001838,0.043008
B,ka100_req18,15,xxxxxxxxxxxxxxxx0.000037,0.000000,0.000000,0.002369,0.043473
B,ka100_req19,15,xxxxxxxxxxxxxxxx0.000038,0.000000,0.000000,0.002663,0.043783
B,ka100_req20,15,xxxxxxxxxxxxxxxx0.000028,0.000000,0.000000,0.002431,0.043573
B,ka100_req21,15,xxxxxxxxxxxxxxxx0.000028,0.000000,0.000000,0.002148,0.043038
B,ka100_req22,15,xxxxxxxxxxxxxxxx0.000036,0.000000,0.000000,0.002034,0.044764
B,ka100_req23,15,xxxxxxxxxxxxxxxx0.000032,0.000000,0.000000,0.002168,0.042477
B,ka100_req24,15,xxxxxxxxxxxxxxxx0.000037,0.000000,0.000000,0.001898,0.042743
B,ka100_req25,15,xxxxxxxxxxxxxxxx0.000033,0.000000,0.000000,0.001835,0.044140
B,ka100_req26,15,xxxxxxxxxxxxxxxx0.000023,0.000000,0.000000,0.002954,0.043904
B,ka100_req27,15,xxxxxxxxxxxxxxxx0.000028,0.000000,0.000000,0.001612,0.042305
B,ka100_req28,15,xxxxxxxxxxxxxxxx0.000031,0.000000,0.000000,0.001860,0.043048
B,ka100_req29,15,xxxxxxxxxxxxxxxx0.000039,0.000000,0.000000,0.001665,0.042949
B,ka100_req30,15,xxxxxxxxxxxxxxxx0.000036,0.000000,0.000000,0.001732,0.042244
B,ka100_req31,15,xxxxxxxxxxxxxxxx0.000023,0.000000,0.000000,0.002216,0.042971
B,ka100_req32,15,xxxxxxxxxxxxxxxx0.000034,0.000000,0.000000,0.002000,0.044057
B,ka100_req33,15,xxxxxxxxxxxxxxxx0.000030,0.000000,0.000000,0.001974,0.043059
B,ka100_req34,15,xxxxxxxxxxxxxxxx0.000036,0.000000,0.000000,0.001999,0.043034
B,ka100_req35,15,xxxxxxxxxxxxxxxx0.000037,0.000000,0.000000,0.001943,0.044448
B,ka100_req36,15,xxxxxxxxxxxxxxxx0.000038,0.000000,0.000000,0.002271,0.043293
B,ka100_req37,15,xxxxxxxxxxxxxxxx0.000036,0.000000,0.000000,0.002029,0.042566
B,ka100_req38,15,xxxxxxxxxxxxxxxx0.000031,0.000000,0.000000,0.002281,0.042744
B,ka100_req39,15,xxxxxxxxxxxxxxxx0.000041,0.000000,0.000000,0.002286,0.044805
B,ka100_req40,15,xxxxxxxxxxxxxxxx0.000027,0.000000,0.000000,0.001577,0.043808
B,ka100_req41,15,xxxxxxxxxxxxxxxx0.000020,0.000000,0.000000,0.001119,0.042125
B,ka100_req42,15,xxxxxxxxxxxxxxxx0.000013,0.000000,0.000000,0.000952,0.042515
B,ka100_req43,15,xxxxxxxxxxxxxxxx0.000029,0.000000,0.000000,0.001664,0.045544
B,ka100_req44,15,xxxxxxxxxxxxxxxx0.000023,0.000000,0.000000,0.001270,0.045802
B,ka100_req45,15,xxxxxxxxxxxxxxxx0.000030,0.000000,0.000000,0.001323,0.042135
B,ka100_req46,15,xxxxxxxxxxxxxxxx0.000034,0.000000,0.000000,0.001547,0.042974
B,ka100_req47,15,xxxxxxxxxxxxxxxx0.000037,0.000000,0.000000,0.001612,0.042455
B,ka100_req48,15,xxxxxxxxxxxxxxxx0.000024,0.000000,0.000000,0.001765,0.045322
B,ka100_req49,15,xxxxxxxxxxxxxxxx0.000010,0.000000,0.000000,0.000746,0.044719
B,ka100_req50,15,xxxxxxxxxxxxxxxx0.000011,0.000000,0.000000,0.000803,0.043302
B,ka100_req51,15,xxxxxxxxxxxxxxxx0.000010,0.000000,0.000000,0.000625,0.046072
B,ka100_req52,15,xxxxxxxxxxxxxxxx0.000013,0.000000,0.000000,0.001018,0.042462
B,ka100_req53,15,xxxxxxxxxxxxxxxx0.000017,0.000000,0.000000,0.001236,0.044972
B,ka100_req54,15,xxxxxxxxxxxxxxxx0.000025,0.000000,0.000000,0.001794,0.042964
B,ka100_req55,15,xxxxxxxxxxxxxxxx0.000025,0.000000,0.000000,0.002041,0.043189
B,ka100_req56,15,xxxxxxxxxxxxxxxx0.000026,0.000000,0.000000,0.001884,0.043086
B,ka100_req57,15,xxxxxxxxxxxxxxxx0.000026,0.000000,0.000000,0.001438,0.042539
B,ka100_req58,15,xxxxxxxxxxxxxxxx0.000036,0.000000,0.000000,0.001599,0.045691
B,ka100_req59,15,xxxxxxxxxxxxxxxx0.000029,0.000000,0.000000,0.001638,0.043519
B,ka100_req60,15,xxxxxxxxxxxxxxxx0.000021,0.000000,0.000000,0.001477,0.043167
B,ka100_req61,15,xxxxxxxxxxxxxxxx0.000023,0.000000,0.000000,0.001793,0.042871
B,ka100_req62,15,xxxxxxxxxxxxxxxx0.000026,0.000000,0.000000,0.001427,0.042903
B,ka100_req63,15,xxxxxxxxxxxxxxxx0.000042,0.000000,0.000000,0.003424,0.044334
B,ka100_req64,15,xxxxxxxxxxxxxxxx0.000031,0.000000,0.000000,0.000972,0.041766
B,ka100_req65,15,xxxxxxxxxxxxxxxx0.000016,0.000000,0.000000,0.001338,0.050366
B,ka100_req66,15,xxxxxxxxxxxxxxxx0.000029,0.000000,0.000000,0.000849,0.041532
B,ka100_req67,15,xxxxxxxxxxxxxxxx0.000017,0.000000,0.000000,0.002762,0.043576
B,ka100_req68,15,xxxxxxxxxxxxxxxx0.000017,0.000000,0.000000,0.001392,0.043516
B,ka100_req69,15,xxxxxxxxxxxxxxxx0.000054,0.000000,0.000000,0.001776,0.045948
B,ka100_req70,15,xxxxxxxxxxxxxxxx0.000023,0.000000,0.000000,0.001497,0.042020
B,ka100_req71,15,xxxxxxxxxxxxxxxx0.000029,0.000000,0.000000,0.002020,0.042929
B,ka100_req72,15,xxxxxxxxxxxxxxxx0.000021,0.000000,0.000000,0.001344,0.042385
B,ka100_req73,15,xxxxxxxxxxxxxxxx0.000019,0.000000,0.000000,0.001434,0.042746
B,ka100_req74,15,xxxxxxxxxxxxxxxx0.000018,0.000000,0.000000,0.001437,0.041928
B,ka100_req75,15,xxxxxxxxxxxxxxxx0.000017,0.000000,0.000000,0.001093,0.043064
B,ka100_req76,15,xxxxxxxxxxxxxxxx0.000019,0.000000,0.000000,0.001161,0.043612
B,ka100_req77,15,xxxxxxxxxxxxxxxx0.000016,0.000000,0.000000,0.001019,0.042538
B,ka100_req78,15,xxxxxxxxxxxxxxxx0.000014,0.000000,0.000000,0.000996,0.041471
B,ka100_req79,15,xxxxxxxxxxxxxxxx0.000014,0.000000,0.000000,0.000993,0.041780
B,ka100_req80,15,xxxxxxxxxxxxxxxx0.000021,0.000000,0.000000,0.001890,0.045133
B,ka100_req81,15,xxxxxxxxxxxxxxxx0.000016,0.000000,0.000000,0.001209,0.043411
B,ka100_req82,15,xxxxxxxxxxxxxxxx0.000030,0.000000,0.000000,0.001700,0.043109
B,ka100_req83,15,xxxxxxxxxxxxxxxx0.000031,0.000000,0.000000,0.001287,0.045770
B,ka100_req84,15,xxxxxxxxxxxxxxxx0.000016,0.000000,0.000000,0.001179,0.045000
B,ka100_req85,15,xxxxxxxxxxxxxxxx0.000039,0.000000,0.000000,0.002535,0.043869
B,ka100_req86,15,xxxxxxxxxxxxxxxx0.000078,0.000000,0.000000,0.002351,0.046436
B,ka100_req87,15,xxxxxxxxxxxxxxxx0.000033,0.000000,0.000000,0.002145,0.042846
B,ka100_req88,15,xxxxxxxxxxxxxxxx0.000034,0.000000,0.000000,0.002203,0.043426
B,ka100_req89,15,xxxxxxxxxxxxxxxx0.000043,0.000000,0.000000,0.004337,0.045196
B,ka100_req90,15,xxxxxxxxxxxxxxxx0.000030,0.000000,0.000000,0.002184,0.044374
B,ka100_req91,15,xxxxxxxxxxxxxxxx0.000044,0.000000,0.000000,0.002727,0.043909
B,ka100_req92,15,xxxxxxxxxxxxxxxx0.000027,0.000000,0.000000,0.001804,0.042749
B,ka100_req93,15,xxxxxxxxxxxxxxxx0.000032,0.000000,0.000000,0.002066,0.044082
B,ka100_req94,15,xxxxxxxxxxxxxxxx0.000074,0.000000,0.000000,0.002226,0.044757
B,ka100_req95,15,xxxxxxxxxxxxxxxx0.000038,0.000000,0.000000,0.002490,0.044173
B,ka100_req96,15,xxxxxxxxxxxxxxxx0.000027,0.000000,0.000000,0.001815,0.045146
B,ka100_req97,15,xxxxxxxxxxxxxxxx0.000027,0.000000,0.000000,0.001764,0.042602
B,ka100_req98,15,xxxxxxxxxxxxxxxx0.000040,0.000000,0.000000,0.002448,0.045904
B,ka100_req99,15,xxxxxxxxxxxxxxxx0.000038,0.000000,0.000000,0.002447,0.042733
B,ka100_req100,15,xxxxxxxxxxxxxxxx0.000035,0.000000,0.000000,0.002305,0.042833
B,ka100_req1,16,0.000022,0.000257,0.031069,0.034512,0.075420
B,ka100_req2,16,xxxxxxxxxxxxxxxx0.000018,0.000000,0.000000,0.001239,0.043083
B,ka100_req3,16,xxxxxxxxxxxxxxxx0.000024,0.000000,0.000000,0.001575,0.043157
B,ka100_req4,16,xxxxxxxxxxxxxxxx0.000157,0.000000,0.000000,0.003571,0.044792
B,ka100_req5,16,xxxxxxxxxxxxxxxx0.000027,0.000000,0.000000,0.002309,0.043591
B,ka100_req6,16,xxxxxxxxxxxxxxxx0.000044,0.000000,0.000000,0.002262,0.044308
B,ka100_req7,16,xxxxxxxxxxxxxxxx0.000042,0.000000,0.000000,0.002995,0.044092
B,ka100_req8,16,xxxxxxxxxxxxxxxx0.000065,0.000000,0.000000,0.002164,0.043535
B,ka100_req9,16,xxxxxxxxxxxxxxxx0.000058,0.000000,0.000000,0.002094,0.043058
B,ka100_req10,16,xxxxxxxxxxxxxxxx0.000037,0.000000,0.000000,0.003240,0.044539
B,ka100_req11,16,xxxxxxxxxxxxxxxx0.000036,0.000000,0.000000,0.002494,0.043554
B,ka100_req12,16,xxxxxxxxxxxxxxxx0.000031,0.000000,0.000000,0.002705,0.043782
B,ka100_req13,16,xxxxxxxxxxxxxxxx0.000026,0.000000,0.000000,0.002444,0.043055
B,ka100_req14,16,xxxxxxxxxxxxxxxx0.000036,0.000000,0.000000,0.002151,0.043131
B,ka100_req15,16,xxxxxxxxxxxxxxxx0.000031,0.000000,0.000000,0.002247,0.042919
B,ka100_req16,16,xxxxxxxxxxxxxxxx0.000037,0.000000,0.000000,0.002517,0.043850
B,ka100_req17,16,xxxxxxxxxxxxxxxx0.000039,0.000000,0.000000,0.002535,0.044526
B,ka100_req18,16,xxxxxxxxxxxxxxxx0.000041,0.000000,0.000000,0.003097,0.043725
B,ka100_req19,16,xxxxxxxxxxxxxxxx0.000033,0.000000,0.000000,0.002081,0.042874
B,ka100_req20,16,xxxxxxxxxxxxxxxx0.000023,0.000000,0.000000,0.001909,0.042895
B,ka100_req21,16,xxxxxxxxxxxxxxxx0.000037,0.000000,0.000000,0.002217,0.042558
B,ka100_req22,16,xxxxxxxxxxxxxxxx0.000027,0.000000,0.000000,0.002000,0.044748
B,ka100_req23,16,xxxxxxxxxxxxxxxx0.000028,0.000000,0.000000,0.001976,0.042929
B,ka100_req24,16,xxxxxxxxxxxxxxxx0.000037,0.000000,0.000000,0.002108,0.042947
B,ka100_req25,16,xxxxxxxxxxxxxxxx0.000024,0.000000,0.000000,0.001752,0.042886
B,ka100_req26,16,xxxxxxxxxxxxxxxx0.000025,0.000000,0.000000,0.002151,0.044995
B,ka100_req27,16,xxxxxxxxxxxxxxxx0.000023,0.000000,0.000000,0.002241,0.043388
B,ka100_req28,16,xxxxxxxxxxxxxxxx0.000023,0.000000,0.000000,0.001807,0.042935
B,ka100_req29,16,xxxxxxxxxxxxxxxx0.000035,0.000000,0.000000,0.002193,0.042590
B,ka100_req30,16,xxxxxxxxxxxxxxxx0.000022,0.000000,0.000000,0.001951,0.043405
B,ka100_req31,16,xxxxxxxxxxxxxxxx0.000033,0.000000,0.000000,0.002317,0.043064
B,ka100_req32,16,xxxxxxxxxxxxxxxx0.000036,0.000000,0.000000,0.001986,0.044947
B,ka100_req33,16,xxxxxxxxxxxxxxxx0.000037,0.000000,0.000000,0.002380,0.043728
B,ka100_req34,16,xxxxxxxxxxxxxxxx0.000031,0.000000,0.000000,0.002636,0.043788
B,ka100_req35,16,xxxxxxxxxxxxxxxx0.000025,0.000000,0.000000,0.001661,0.042778
B,ka100_req36,16,xxxxxxxxxxxxxxxx0.000028,0.000000,0.000000,0.002265,0.042777
B,ka100_req37,16,xxxxxxxxxxxxxxxx0.000037,0.000000,0.000000,0.002406,0.043563
B,ka100_req38,16,xxxxxxxxxxxxxxxx0.000045,0.000000,0.000000,0.002572,0.043580
B,ka100_req39,16,xxxxxxxxxxxxxxxx0.000024,0.000000,0.000000,0.002060,0.043728
B,ka100_req40,16,xxxxxxxxxxxxxxxx0.000037,0.000000,0.000000,0.002284,0.042969
B,ka100_req41,16,xxxxxxxxxxxxxxxx0.000025,0.000000,0.000000,0.001709,0.042781
B,ka100_req42,16,xxxxxxxxxxxxxxxx0.000035,0.000000,0.000000,0.002189,0.043251
B,ka100_req43,16,xxxxxxxxxxxxxxxx0.000030,0.000000,0.000000,0.002253,0.043369
B,ka100_req44,16,xxxxxxxxxxxxxxxx0.000029,0.000000,0.000000,0.002161,0.042900
B,ka100_req45,16,xxxxxxxxxxxxxxxx0.000042,0.000000,0.000000,0.002541,0.043724
B,ka100_req46,16,xxxxxxxxxxxxxxxx0.000043,0.000000,0.000000,0.002341,0.043305
B,ka100_req47,16,xxxxxxxxxxxxxxxx0.000030,0.000000,0.000000,0.002008,0.043100
B,ka100_req48,16,xxxxxxxxxxxxxxxx0.000034,0.000000,0.000000,0.002519,0.043555
B,ka100_req49,16,xxxxxxxxxxxxxxxx0.000045,0.000000,0.000000,0.002724,0.043994
B,ka100_req50,16,xxxxxxxxxxxxxxxx0.000039,0.000000,0.000000,0.002509,0.043422
B,ka100_req51,16,xxxxxxxxxxxxxxxx0.000026,0.000000,0.000000,0.001862,0.045604
B,ka100_req52,16,xxxxxxxxxxxxxxxx0.000028,0.000000,0.000000,0.002010,0.043819
B,ka100_req53,16,xxxxxxxxxxxxxxxx0.000033,0.000000,0.000000,0.002464,0.044769
B,ka100_req54,16,xxxxxxxxxxxxxxxx0.000032,0.000000,0.000000,0.001952,0.045324
B,ka100_req55,16,xxxxxxxxxxxxxxxx0.000027,0.000000,0.000000,0.001820,0.042503
B,ka100_req56,16,xxxxxxxxxxxxxxxx0.000025,0.000000,0.000000,0.002243,0.042584
B,ka100_req57,16,xxxxxxxxxxxxxxxx0.000030,0.000000,0.000000,0.003648,0.044652
B,ka100_req58,16,xxxxxxxxxxxxxxxx0.000039,0.000000,0.000000,0.001914,0.045931
B,ka100_req59,16,xxxxxxxxxxxxxxxx0.000037,0.000000,0.000000,0.002081,0.042724
B,ka100_req60,16,xxxxxxxxxxxxxxxx0.000019,0.000000,0.000000,0.001990,0.043016
B,ka100_req61,16,xxxxxxxxxxxxxxxx0.000036,0.000000,0.000000,0.002082,0.042554
B,ka100_req62,16,xxxxxxxxxxxxxxxx0.000026,0.000000,0.000000,0.002118,0.042678
B,ka100_req63,16,xxxxxxxxxxxxxxxx0.000024,0.000000,0.000000,0.001998,0.042862
B,ka100_req64,16,xxxxxxxxxxxxxxxx0.000021,0.000000,0.000000,0.002243,0.043262
B,ka100_req65,16,xxxxxxxxxxxxxxxx0.000026,0.000000,0.000000,0.001831,0.046384
B,ka100_req66,16,xxxxxxxxxxxxxxxx0.000023,0.000000,0.000000,0.001722,0.042808
B,ka100_req67,16,xxxxxxxxxxxxxxxx0.000029,0.000000,0.000000,0.001831,0.042598
B,ka100_req68,16,xxxxxxxxxxxxxxxx0.000015,0.000000,0.000000,0.001643,0.044079
B,ka100_req69,16,xxxxxxxxxxxxxxxx0.000029,0.000000,0.000000,0.001765,0.042583
B,ka100_req70,16,xxxxxxxxxxxxxxxx0.000022,0.000000,0.000000,0.001896,0.043251
B,ka100_req71,16,xxxxxxxxxxxxxxxx0.000031,0.000000,0.000000,0.001736,0.046036
B,ka100_req72,16,xxxxxxxxxxxxxxxx0.000038,0.000000,0.000000,0.002345,0.043304
B,ka100_req73,16,xxxxxxxxxxxxxxxx0.000030,0.000000,0.000000,0.001525,0.042965
B,ka100_req74,16,xxxxxxxxxxxxxxxx0.000027,0.000000,0.000000,0.001849,0.042215
B,ka100_req75,16,xxxxxxxxxxxxxxxx0.000030,0.000000,0.000000,0.001893,0.044185
B,ka100_req76,16,xxxxxxxxxxxxxxxx0.000019,0.000000,0.000000,0.001275,0.041692
B,ka100_req77,16,xxxxxxxxxxxxxxxx0.000018,0.000000,0.000000,0.001178,0.042444
B,ka100_req78,16,xxxxxxxxxxxxxxxx0.000026,0.000000,0.000000,0.001711,0.043315
B,ka100_req79,16,xxxxxxxxxxxxxxxx0.000032,0.000000,0.000000,0.001598,0.042836
B,ka100_req80,16,xxxxxxxxxxxxxxxx0.000025,0.000000,0.000000,0.002221,0.042722
B,ka100_req81,16,xxxxxxxxxxxxxxxx0.000024,0.000000,0.000000,0.001810,0.042700
B,ka100_req82,16,xxxxxxxxxxxxxxxx0.000020,0.000000,0.000000,0.001291,0.041982
B,ka100_req83,16,xxxxxxxxxxxxxxxx0.000025,0.000000,0.000000,0.001998,0.042753
B,ka100_req84,16,xxxxxxxxxxxxxxxx0.000034,0.000000,0.000000,0.001748,0.042793
B,ka100_req85,16,xxxxxxxxxxxxxxxx0.000027,0.000000,0.000000,0.002460,0.045470
B,ka100_req86,16,xxxxxxxxxxxxxxxx0.000024,0.000000,0.000000,0.001894,0.043015
B,ka100_req87,16,xxxxxxxxxxxxxxxx0.000029,0.000000,0.000000,0.002543,0.042937
B,ka100_req88,16,xxxxxxxxxxxxxxxx0.000015,0.000000,0.000000,0.001186,0.042641
B,ka100_req89,16,xxxxxxxxxxxxxxxx0.000038,0.000000,0.000000,0.001860,0.042950
B,ka100_req90,16,xxxxxxxxxxxxxxxx0.000030,0.000000,0.000000,0.001471,0.043415
B,ka100_req91,16,xxxxxxxxxxxxxxxx0.000016,0.000000,0.000000,0.001707,0.042333
B,ka100_req92,16,xxxxxxxxxxxxxxxx0.000036,0.000000,0.000000,0.001672,0.043913
B,ka100_req93,16,xxxxxxxxxxxxxxxx0.000021,0.000000,0.000000,0.001339,0.041635
B,ka100_req94,16,xxxxxxxxxxxxxxxx0.000016,0.000000,0.000000,0.001101,0.042339
B,ka100_req95,16,xxxxxxxxxxxxxxxx0.000024,0.000000,0.000000,0.002010,0.042546
B,ka100_req96,16,xxxxxxxxxxxxxxxx0.000023,0.000000,0.000000,0.001805,0.042951
B,ka100_req97,16,xxxxxxxxxxxxxxxx0.000030,0.000000,0.000000,0.002110,0.042676
B,ka100_req98,16,xxxxxxxxxxxxxxxx0.000025,0.000000,0.000000,0.001738,0.043656
B,ka100_req99,16,xxxxxxxxxxxxxxxx0.000038,0.000000,0.000000,0.002133,0.042741
B,ka100_req100,16,xxxxxxxxxxxxxxxx0.000038,0.000000,0.000000,0.002493,0.045394
B,ka100_req1,17,0.000022,0.000193,0.031800,0.034542,0.077448
B,ka100_req2,17,xxxxxxxxxxxxxxxx0.000018,0.000000,0.000000,0.001179,0.042133
B,ka100_req3,17,xxxxxxxxxxxxxxxx0.000028,0.000000,0.000000,0.002667,0.043458
B,ka100_req4,17,xxxxxxxxxxxxxxxx0.000031,0.000000,0.000000,0.001245,0.042830
B,ka100_req5,17,xxxxxxxxxxxxxxxx0.000019,0.000000,0.000000,0.001536,0.042169
B,ka100_req6,17,xxxxxxxxxxxxxxxx0.000026,0.000000,0.000000,0.001171,0.041726
B,ka100_req7,17,xxxxxxxxxxxxxxxx0.000016,0.000000,0.000000,0.001611,0.042080
B,ka100_req8,17,xxxxxxxxxxxxxxxx0.000036,0.000000,0.000000,0.001996,0.042572
B,ka100_req9,17,xxxxxxxxxxxxxxxx0.000023,0.000000,0.000000,0.001777,0.042976
B,ka100_req10,17,xxxxxxxxxxxxxxxx0.000029,0.000000,0.000000,0.001319,0.043309
B,ka100_req11,17,xxxxxxxxxxxxxxxx0.000015,0.000000,0.000000,0.001133,0.042948
B,ka100_req12,17,xxxxxxxxxxxxxxxx0.000014,0.000000,0.000000,0.001283,0.042696
B,ka100_req13,17,xxxxxxxxxxxxxxxx0.000019,0.000000,0.000000,0.001418,0.044049
B,ka100_req14,17,xxxxxxxxxxxxxxxx0.000015,0.000000,0.000000,0.000978,0.041986
B,ka100_req15,17,xxxxxxxxxxxxxxxx0.000015,0.000000,0.000000,0.001251,0.045582
B,ka100_req16,17,xxxxxxxxxxxxxxxx0.000038,0.000000,0.000000,0.002474,0.043760
B,ka100_req17,17,xxxxxxxxxxxxxxxx0.000018,0.000000,0.000000,0.001502,0.042361
B,ka100_req18,17,xxxxxxxxxxxxxxxx0.000036,0.000000,0.000000,0.002348,0.043684
B,ka100_req19,17,xxxxxxxxxxxxxxxx0.000020,0.000000,0.000000,0.002224,0.042929
B,ka100_req20,17,xxxxxxxxxxxxxxxx0.000025,0.000000,0.000000,0.001907,0.044587
B,ka100_req21,17,xxxxxxxxxxxxxxxx0.000036,0.000000,0.000000,0.002044,0.042583
B,ka100_req22,17,xxxxxxxxxxxxxxxx0.000029,0.000000,0.000000,0.002339,0.043043
B,ka100_req23,17,xxxxxxxxxxxxxxxx0.000035,0.000000,0.000000,0.002177,0.044343
B,ka100_req24,17,xxxxxxxxxxxxxxxx0.000038,0.000000,0.000000,0.002355,0.043618
B,ka100_req25,17,xxxxxxxxxxxxxxxx0.000027,0.000000,0.000000,0.001956,0.043087
B,ka100_req26,17,xxxxxxxxxxxxxxxx0.000034,0.000000,0.000000,0.002327,0.043908
B,ka100_req27,17,xxxxxxxxxxxxxxxx0.000036,0.000000,0.000000,0.002158,0.042687
B,ka100_req28,17,xxxxxxxxxxxxxxxx0.000024,0.000000,0.000000,0.001997,0.043677
B,ka100_req29,17,xxxxxxxxxxxxxxxx0.000019,0.000000,0.000000,0.001260,0.041823
B,ka100_req30,17,xxxxxxxxxxxxxxxx0.000010,0.000000,0.000000,0.000888,0.042133
B,ka100_req31,17,xxxxxxxxxxxxxxxx0.000010,0.000000,0.000000,0.000552,0.043522
B,ka100_req32,17,xxxxxxxxxxxxxxxx0.000009,0.000000,0.000000,0.000770,0.041184
B,ka100_req33,17,xxxxxxxxxxxxxxxx0.000010,0.000000,0.000000,0.000507,0.045736
B,ka100_req34,17,xxxxxxxxxxxxxxxx0.000011,0.000000,0.000000,0.000512,0.042727
B,ka100_req35,17,xxxxxxxxxxxxxxxx0.000028,0.000000,0.000000,0.001417,0.042330
B,ka100_req36,17,xxxxxxxxxxxxxxxx0.000037,0.000000,0.000000,0.001906,0.042862
B,ka100_req37,17,xxxxxxxxxxxxxxxx0.000034,0.000000,0.000000,0.002000,0.042479
B,ka100_req38,17,xxxxxxxxxxxxxxxx0.000024,0.000000,0.000000,0.001853,0.042938
B,ka100_req39,17,xxxxxxxxxxxxxxxx0.000025,0.000000,0.000000,0.001857,0.042801
B,ka100_req40,17,xxxxxxxxxxxxxxxx0.000180,0.000000,0.000000,0.002475,0.043890
B,ka100_req41,17,xxxxxxxxxxxxxxxx0.000035,0.000000,0.000000,0.001940,0.042617
B,ka100_req42,17,xxxxxxxxxxxxxxxx0.000021,0.000000,0.000000,0.001662,0.043899
B,ka100_req43,17,xxxxxxxxxxxxxxxx0.000033,0.000000,0.000000,0.002238,0.043042
B,ka100_req44,17,xxxxxxxxxxxxxxxx0.000039,0.000000,0.000000,0.001990,0.044369
B,ka100_req45,17,xxxxxxxxxxxxxxxx0.000029,0.000000,0.000000,0.002055,0.043142
B,ka100_req46,17,xxxxxxxxxxxxxxxx0.000064,0.000000,0.000000,0.002339,0.043629
B,ka100_req47,17,xxxxxxxxxxxxxxxx0.000038,0.000000,0.000000,0.002218,0.042915
B,ka100_req48,17,xxxxxxxxxxxxxxxx0.000042,0.000000,0.000000,0.002518,0.043303
B,ka100_req49,17,xxxxxxxxxxxxxxxx0.000029,0.000000,0.000000,0.002027,0.043438
B,ka100_req50,17,xxxxxxxxxxxxxxxx0.000036,0.000000,0.000000,0.003212,0.044358
B,ka100_req51,17,xxxxxxxxxxxxxxxx0.000038,0.000000,0.000000,0.001996,0.042502
B,ka100_req52,17,xxxxxxxxxxxxxxxx0.000040,0.000000,0.000000,0.002750,0.044729
B,ka100_req53,17,xxxxxxxxxxxxxxxx0.000013,0.000000,0.000000,0.001040,0.041661
B,ka100_req54,17,xxxxxxxxxxxxxxxx0.000009,0.000000,0.000000,0.000957,0.042438
B,ka100_req55,17,xxxxxxxxxxxxxxxx0.000010,0.000000,0.000000,0.000733,0.043452
B,ka100_req56,17,xxxxxxxxxxxxxxxx0.000012,0.000000,0.000000,0.000777,0.041923
B,ka100_req57,17,xxxxxxxxxxxxxxxx0.000016,0.000000,0.000000,0.000727,0.045911
B,ka100_req58,17,xxxxxxxxxxxxxxxx0.000025,0.000000,0.000000,0.002074,0.043252
B,ka100_req59,17,xxxxxxxxxxxxxxxx0.000038,0.000000,0.000000,0.002478,0.044673
B,ka100_req60,17,xxxxxxxxxxxxxxxx0.000036,0.000000,0.000000,0.002279,0.043771
B,ka100_req61,17,xxxxxxxxxxxxxxxx0.000037,0.000000,0.000000,0.002787,0.043777
B,ka100_req62,17,xxxxxxxxxxxxxxxx0.000039,0.000000,0.000000,0.002461,0.045767
B,ka100_req63,17,xxxxxxxxxxxxxxxx0.000040,0.000000,0.000000,0.002499,0.043672
B,ka100_req64,17,xxxxxxxxxxxxxxxx0.000039,0.000000,0.000000,0.002996,0.046594
B,ka100_req65,17,xxxxxxxxxxxxxxxx0.000036,0.000000,0.000000,0.002134,0.043044
B,ka100_req66,17,xxxxxxxxxxxxxxxx0.000033,0.000000,0.000000,0.002399,0.046422
B,ka100_req67,17,xxxxxxxxxxxxxxxx0.000032,0.000000,0.000000,0.001880,0.045649
B,ka100_req68,17,xxxxxxxxxxxxxxxx0.000035,0.000000,0.000000,0.002909,0.044536
B,ka100_req69,17,xxxxxxxxxxxxxxxx0.000039,0.000000,0.000000,0.002421,0.043403
B,ka100_req70,17,xxxxxxxxxxxxxxxx0.000036,0.000000,0.000000,0.002525,0.043417
B,ka100_req71,17,xxxxxxxxxxxxxxxx0.000037,0.000000,0.000000,0.002862,0.043977
B,ka100_req72,17,xxxxxxxxxxxxxxxx0.000048,0.000000,0.000000,0.001836,0.043352
B,ka100_req73,17,xxxxxxxxxxxxxxxx0.000035,0.000000,0.000000,0.002360,0.045869
B,ka100_req74,17,xxxxxxxxxxxxxxxx0.000029,0.000000,0.000000,0.002007,0.044608
B,ka100_req75,17,xxxxxxxxxxxxxxxx0.000038,0.000000,0.000000,0.002326,0.043591
B,ka100_req76,17,xxxxxxxxxxxxxxxx0.000036,0.000000,0.000000,0.002252,0.044486
B,ka100_req77,17,xxxxxxxxxxxxxxxx0.000038,0.000000,0.000000,0.002565,0.043752
B,ka100_req78,17,xxxxxxxxxxxxxxxx0.000029,0.000000,0.000000,0.002184,0.044303
B,ka100_req79,17,xxxxxxxxxxxxxxxx0.000040,0.000000,0.000000,0.002855,0.045141
B,ka100_req80,17,xxxxxxxxxxxxxxxx0.000037,0.000000,0.000000,0.002759,0.044193
B,ka100_req81,17,xxxxxxxxxxxxxxxx0.000036,0.000000,0.000000,0.002092,0.043479
B,ka100_req82,17,xxxxxxxxxxxxxxxx0.000040,0.000000,0.000000,0.003368,0.044652
B,ka100_req83,17,xxxxxxxxxxxxxxxx0.000032,0.000000,0.000000,0.001881,0.042663
B,ka100_req84,17,xxxxxxxxxxxxxxxx0.000036,0.000000,0.000000,0.002107,0.043173
B,ka100_req85,17,xxxxxxxxxxxxxxxx0.000026,0.000000,0.000000,0.002293,0.046348
B,ka100_req86,17,xxxxxxxxxxxxxxxx0.000039,0.000000,0.000000,0.001892,0.042792
B,ka100_req87,17,xxxxxxxxxxxxxxxx0.000037,0.000000,0.000000,0.002374,0.043920
B,ka100_req88,17,xxxxxxxxxxxxxxxx0.000038,0.000000,0.000000,0.002525,0.043403
B,ka100_req89,17,xxxxxxxxxxxxxxxx0.000036,0.000000,0.000000,0.003793,0.044816
B,ka100_req90,17,xxxxxxxxxxxxxxxx0.000038,0.000000,0.000000,0.002359,0.043539
B,ka100_req91,17,xxxxxxxxxxxxxxxx0.000034,0.000000,0.000000,0.002272,0.045832
B,ka100_req92,17,xxxxxxxxxxxxxxxx0.000039,0.000000,0.000000,0.002378,0.043671
B,ka100_req93,17,xxxxxxxxxxxxxxxx0.000035,0.000000,0.000000,0.002485,0.043908
B,ka100_req94,17,xxxxxxxxxxxxxxxx0.000047,0.000000,0.000000,0.002490,0.044493
B,ka100_req95,17,xxxxxxxxxxxxxxxx0.000041,0.000000,0.000000,0.002856,0.044258
B,ka100_req96,17,xxxxxxxxxxxxxxxx0.000040,0.000000,0.000000,0.002384,0.044616
B,ka100_req97,17,xxxxxxxxxxxxxxxx0.000039,0.000000,0.000000,0.002426,0.044744
B,ka100_req98,17,xxxxxxxxxxxxxxxx0.000038,0.000000,0.000000,0.002827,0.044547
B,ka100_req99,17,xxxxxxxxxxxxxxxx0.000036,0.000000,0.000000,0.002252,0.043704
B,ka100_req100,17,xxxxxxxxxxxxxxxx0.000028,0.000000,0.000000,0.002064,0.044238
B,ka100_req1,18,0.000023,0.000169,0.031045,0.033554,0.076609
B,ka100_req2,18,xxxxxxxxxxxxxxxx0.000019,0.000000,0.000000,0.000973,0.042014
B,ka100_req3,18,xxxxxxxxxxxxxxxx0.000025,0.000000,0.000000,0.001954,0.043186
B,ka100_req4,18,xxxxxxxxxxxxxxxx0.000030,0.000000,0.000000,0.002012,0.042641
B,ka100_req5,18,xxxxxxxxxxxxxxxx0.000026,0.000000,0.000000,0.001759,0.042867
B,ka100_req6,18,xxxxxxxxxxxxxxxx0.000036,0.000000,0.000000,0.002386,0.044520
B,ka100_req7,18,xxxxxxxxxxxxxxxx0.000029,0.000000,0.000000,0.001558,0.042546
B,ka100_req8,18,xxxxxxxxxxxxxxxx0.000009,0.000000,0.000000,0.000923,0.043835
B,ka100_req9,18,xxxxxxxxxxxxxxxx0.000013,0.000000,0.000000,0.000952,0.041466
B,ka100_req10,18,xxxxxxxxxxxxxxxx0.000030,0.000000,0.000000,0.001838,0.043337
B,ka100_req11,18,xxxxxxxxxxxxxxxx0.000015,0.000000,0.000000,0.000983,0.042212
B,ka100_req12,18,xxxxxxxxxxxxxxxx0.000014,0.000000,0.000000,0.001084,0.044443
B,ka100_req13,18,xxxxxxxxxxxxxxxx0.000028,0.000000,0.000000,0.001710,0.042100
B,ka100_req14,18,xxxxxxxxxxxxxxxx0.000026,0.000000,0.000000,0.000961,0.044085
B,ka100_req15,18,xxxxxxxxxxxxxxxx0.000021,0.000000,0.000000,0.001141,0.041640
B,ka100_req16,18,xxxxxxxxxxxxxxxx0.000028,0.000000,0.000000,0.001471,0.044241
B,ka100_req17,18,xxxxxxxxxxxxxxxx0.000014,0.000000,0.000000,0.000999,0.041562
B,ka100_req18,18,xxxxxxxxxxxxxxxx0.000018,0.000000,0.000000,0.001167,0.041897
B,ka100_req19,18,xxxxxxxxxxxxxxxx0.000015,0.000000,0.000000,0.001293,0.042018
B,ka100_req20,18,xxxxxxxxxxxxxxxx0.000029,0.000000,0.000000,0.001791,0.043014
B,ka100_req21,18,xxxxxxxxxxxxxxxx0.000029,0.000000,0.000000,0.001339,0.043032
B,ka100_req22,18,xxxxxxxxxxxxxxxx0.000031,0.000000,0.000000,0.002014,0.043048
B,ka100_req23,18,xxxxxxxxxxxxxxxx0.000025,0.000000,0.000000,0.001744,0.045474
B,ka100_req24,18,xxxxxxxxxxxxxxxx0.000032,0.000000,0.000000,0.002206,0.043428
B,ka100_req25,18,xxxxxxxxxxxxxxxx0.000037,0.000000,0.000000,0.002487,0.043628
B,ka100_req26,18,xxxxxxxxxxxxxxxx0.000034,0.000000,0.000000,0.002488,0.043692
B,ka100_req27,18,xxxxxxxxxxxxxxxx0.000039,0.000000,0.000000,0.002984,0.043862
B,ka100_req28,18,xxxxxxxxxxxxxxxx0.000026,0.000000,0.000000,0.002447,0.043761
B,ka100_req29,18,xxxxxxxxxxxxxxxx0.000036,0.000000,0.000000,0.002422,0.043614
B,ka100_req30,18,xxxxxxxxxxxxxxxx0.000038,0.000000,0.000000,0.002667,0.044011
B,ka100_req31,18,xxxxxxxxxxxxxxxx0.000023,0.000000,0.000000,0.002201,0.043117
B,ka100_req32,18,xxxxxxxxxxxxxxxx0.000036,0.000000,0.000000,0.002338,0.043210
B,ka100_req33,18,xxxxxxxxxxxxxxxx0.000037,0.000000,0.000000,0.002476,0.043963
B,ka100_req34,18,xxxxxxxxxxxxxxxx0.000038,0.000000,0.000000,0.002210,0.042515
B,ka100_req35,18,xxxxxxxxxxxxxxxx0.000044,0.000000,0.000000,0.002118,0.045537
B,ka100_req36,18,xxxxxxxxxxxxxxxx0.000022,0.000000,0.000000,0.002208,0.043387
B,ka100_req37,18,xxxxxxxxxxxxxxxx0.000035,0.000000,0.000000,0.002102,0.043587
B,ka100_req38,18,xxxxxxxxxxxxxxxx0.000034,0.000000,0.000000,0.002603,0.043826
B,ka100_req39,18,xxxxxxxxxxxxxxxx0.000034,0.000000,0.000000,0.002188,0.044544
B,ka100_req40,18,xxxxxxxxxxxxxxxx0.000023,0.000000,0.000000,0.002020,0.043167
B,ka100_req41,18,xxxxxxxxxxxxxxxx0.000039,0.000000,0.000000,0.003425,0.044289
B,ka100_req42,18,xxxxxxxxxxxxxxxx0.000025,0.000000,0.000000,0.001154,0.045727
B,ka100_req43,18,xxxxxxxxxxxxxxxx0.000027,0.000000,0.000000,0.001874,0.042799
B,ka100_req44,18,xxxxxxxxxxxxxxxx0.000025,0.000000,0.000000,0.002869,0.043835
B,ka100_req45,18,xxxxxxxxxxxxxxxx0.000037,0.000000,0.000000,0.002373,0.043091
B,ka100_req46,18,xxxxxxxxxxxxxxxx0.000052,0.000000,0.000000,0.002119,0.043195
B,ka100_req47,18,xxxxxxxxxxxxxxxx0.000028,0.000000,0.000000,0.001904,0.045655
B,ka100_req48,18,xxxxxxxxxxxxxxxx0.000029,0.000000,0.000000,0.002195,0.043388
B,ka100_req49,18,xxxxxxxxxxxxxxxx0.000022,0.000000,0.000000,0.001829,0.045498
B,ka100_req50,18,xxxxxxxxxxxxxxxx0.000034,0.000000,0.000000,0.002108,0.043120
B,ka100_req51,18,xxxxxxxxxxxxxxxx0.000039,0.000000,0.000000,0.002223,0.043473
B,ka100_req52,18,xxxxxxxxxxxxxxxx0.000038,0.000000,0.000000,0.002191,0.043905
B,ka100_req53,18,xxxxxxxxxxxxxxxx0.000030,0.000000,0.000000,0.001909,0.045585
B,ka100_req54,18,xxxxxxxxxxxxxxxx0.000038,0.000000,0.000000,0.002118,0.043594
B,ka100_req55,18,xxxxxxxxxxxxxxxx0.000027,0.000000,0.000000,0.001975,0.042799
B,ka100_req56,18,xxxxxxxxxxxxxxxx0.000031,0.000000,0.000000,0.002491,0.043112
B,ka100_req57,18,xxxxxxxxxxxxxxxx0.000026,0.000000,0.000000,0.002007,0.042593
B,ka100_req58,18,xxxxxxxxxxxxxxxx0.000025,0.000000,0.000000,0.001754,0.042902
B,ka100_req59,18,xxxxxxxxxxxxxxxx0.000039,0.000000,0.000000,0.002461,0.043670
B,ka100_req60,18,xxxxxxxxxxxxxxxx0.000036,0.000000,0.000000,0.002106,0.042871
B,ka100_req61,18,xxxxxxxxxxxxxxxx0.000029,0.000000,0.000000,0.002037,0.044425
B,ka100_req62,18,xxxxxxxxxxxxxxxx0.000029,0.000000,0.000000,0.002698,0.043884
B,ka100_req63,18,xxxxxxxxxxxxxxxx0.000016,0.000000,0.000000,0.001187,0.042995
B,ka100_req64,18,xxxxxxxxxxxxxxxx0.000018,0.000000,0.000000,0.000988,0.041676
B,ka100_req65,18,xxxxxxxxxxxxxxxx0.000017,0.000000,0.000000,0.001212,0.045253
B,ka100_req66,18,xxxxxxxxxxxxxxxx0.000022,0.000000,0.000000,0.001474,0.043832
B,ka100_req67,18,xxxxxxxxxxxxxxxx0.000036,0.000000,0.000000,0.001921,0.042844
B,ka100_req68,18,xxxxxxxxxxxxxxxx0.000028,0.000000,0.000000,0.002130,0.043280
B,ka100_req69,18,xxxxxxxxxxxxxxxx0.000021,0.000000,0.000000,0.001404,0.042669
B,ka100_req70,18,xxxxxxxxxxxxxxxx0.000028,0.000000,0.000000,0.001938,0.043139
B,ka100_req71,18,xxxxxxxxxxxxxxxx0.000034,0.000000,0.000000,0.002672,0.044072
B,ka100_req72,18,xxxxxxxxxxxxxxxx0.000026,0.000000,0.000000,0.001843,0.042305
B,ka100_req73,18,xxxxxxxxxxxxxxxx0.000035,0.000000,0.000000,0.002262,0.042932
B,ka100_req74,18,xxxxxxxxxxxxxxxx0.000028,0.000000,0.000000,0.002100,0.042783
B,ka100_req75,18,xxxxxxxxxxxxxxxx0.000035,0.000000,0.000000,0.002256,0.042703
B,ka100_req76,18,xxxxxxxxxxxxxxxx0.000058,0.000000,0.000000,0.002721,0.043618
B,ka100_req77,18,xxxxxxxxxxxxxxxx0.000037,0.000000,0.000000,0.002065,0.043532
B,ka100_req78,18,xxxxxxxxxxxxxxxx0.000039,0.000000,0.000000,0.002346,0.043599
B,ka100_req79,18,xxxxxxxxxxxxxxxx0.000025,0.000000,0.000000,0.002490,0.042645
B,ka100_req80,18,xxxxxxxxxxxxxxxx0.000027,0.000000,0.000000,0.002118,0.043170
B,ka100_req81,18,xxxxxxxxxxxxxxxx0.000060,0.000000,0.000000,0.002260,0.045498
B,ka100_req82,18,xxxxxxxxxxxxxxxx0.000028,0.000000,0.000000,0.002113,0.042586
B,ka100_req83,18,xxxxxxxxxxxxxxxx0.000040,0.000000,0.000000,0.002399,0.044044
B,ka100_req84,18,xxxxxxxxxxxxxxxx0.000043,0.000000,0.000000,0.002454,0.044625
B,ka100_req85,18,xxxxxxxxxxxxxxxx0.000073,0.000000,0.000000,0.002480,0.043857
B,ka100_req86,18,xxxxxxxxxxxxxxxx0.000039,0.000000,0.000000,0.002509,0.044007
B,ka100_req87,18,xxxxxxxxxxxxxxxx0.000034,0.000000,0.000000,0.002843,0.044931
B,ka100_req88,18,xxxxxxxxxxxxxxxx0.000031,0.000000,0.000000,0.002994,0.043973
B,ka100_req89,18,xxxxxxxxxxxxxxxx0.000041,0.000000,0.000000,0.002391,0.045234
B,ka100_req90,18,xxxxxxxxxxxxxxxx0.000035,0.000000,0.000000,0.002140,0.042944
B,ka100_req91,18,xxxxxxxxxxxxxxxx0.000042,0.000000,0.000000,0.002620,0.045791
B,ka100_req92,18,xxxxxxxxxxxxxxxx0.000030,0.000000,0.000000,0.002161,0.043089
B,ka100_req93,18,xxxxxxxxxxxxxxxx0.000046,0.000000,0.000000,0.002335,0.043402
B,ka100_req94,18,xxxxxxxxxxxxxxxx0.000025,0.000000,0.000000,0.002511,0.042916
B,ka100_req95,18,xxxxxxxxxxxxxxxx0.000029,0.000000,0.000000,0.001840,0.043219
B,ka100_req96,18,xxxxxxxxxxxxxxxx0.000035,0.000000,0.000000,0.002375,0.045959
B,ka100_req97,18,xxxxxxxxxxxxxxxx0.000037,0.000000,0.000000,0.002292,0.043769
B,ka100_req98,18,xxxxxxxxxxxxxxxx0.000034,0.000000,0.000000,0.002205,0.045966
B,ka100_req99,18,xxxxxxxxxxxxxxxx0.000031,0.000000,0.000000,0.002084,0.045557
B,ka100_req100,18,xxxxxxxxxxxxxxxx0.000038,0.000000,0.000000,0.002773,0.044028
B,ka100_req1,19,0.000021,0.000205,0.030708,0.032980,0.073457
B,ka100_req2,19,xxxxxxxxxxxxxxxx0.000017,0.000000,0.000000,0.000892,0.045786
B,ka100_req3,19,xxxxxxxxxxxxxxxx0.000027,0.000000,0.000000,0.001680,0.044629
B,ka100_req4,19,xxxxxxxxxxxxxxxx0.000043,0.000000,0.000000,0.001865,0.045945
B,ka100_req5,19,xxxxxxxxxxxxxxxx0.000105,0.000000,0.000000,0.002310,0.044499
B,ka100_req6,19,xxxxxxxxxxxxxxxx0.000026,0.000000,0.000000,0.002033,0.043145
B,ka100_req7,19,xxxxxxxxxxxxxxxx0.000029,0.000000,0.000000,0.001942,0.042908
B,ka100_req8,19,xxxxxxxxxxxxxxxx0.000039,0.000000,0.000000,0.002135,0.043041
B,ka100_req9,19,xxxxxxxxxxxxxxxx0.000031,0.000000,0.000000,0.002023,0.043369
B,ka100_req10,19,xxxxxxxxxxxxxxxx0.000027,0.000000,0.000000,0.002182,0.043195
B,ka100_req11,19,xxxxxxxxxxxxxxxx0.000038,0.000000,0.000000,0.002220,0.043494
B,ka100_req12,19,xxxxxxxxxxxxxxxx0.000028,0.000000,0.000000,0.001889,0.044464
B,ka100_req13,19,xxxxxxxxxxxxxxxx0.000037,0.000000,0.000000,0.002277,0.043181
B,ka100_req14,19,xxxxxxxxxxxxxxxx0.000046,0.000000,0.000000,0.002345,0.043556
B,ka100_req15,19,xxxxxxxxxxxxxxxx0.000034,0.000000,0.000000,0.002333,0.042689
B,ka100_req16,19,xxxxxxxxxxxxxxxx0.000037,0.000000,0.000000,0.002674,0.044660
B,ka100_req17,19,xxxxxxxxxxxxxxxx0.000034,0.000000,0.000000,0.002326,0.043707
B,ka100_req18,19,xxxxxxxxxxxxxxxx0.000039,0.000000,0.000000,0.002450,0.043001
B,ka100_req19,19,xxxxxxxxxxxxxxxx0.000043,0.000000,0.000000,0.002698,0.043905
B,ka100_req20,19,xxxxxxxxxxxxxxxx0.000040,0.000000,0.000000,0.002452,0.043258
B,ka100_req21,19,xxxxxxxxxxxxxxxx0.000042,0.000000,0.000000,0.002566,0.043860
B,ka100_req22,19,xxxxxxxxxxxxxxxx0.000034,0.000000,0.000000,0.002463,0.043746
B,ka100_req23,19,xxxxxxxxxxxxxxxx0.000037,0.000000,0.000000,0.002167,0.042816
B,ka100_req24,19,xxxxxxxxxxxxxxxx0.000037,0.000000,0.000000,0.002022,0.044139
B,ka100_req25,19,xxxxxxxxxxxxxxxx0.000037,0.000000,0.000000,0.002452,0.044872
B,ka100_req26,19,xxxxxxxxxxxxxxxx0.000035,0.000000,0.000000,0.002499,0.043384
B,ka100_req27,19,xxxxxxxxxxxxxxxx0.000034,0.000000,0.000000,0.003220,0.045562
B,ka100_req28,19,xxxxxxxxxxxxxxxx0.000036,0.000000,0.000000,0.002004,0.043065
B,ka100_req29,19,xxxxxxxxxxxxxxxx0.000038,0.000000,0.000000,0.002336,0.044444
B,ka100_req30,19,xxxxxxxxxxxxxxxx0.000027,0.000000,0.000000,0.002293,0.042998
B,ka100_req31,19,xxxxxxxxxxxxxxxx0.000024,0.000000,0.000000,0.001790,0.043704
B,ka100_req32,19,xxxxxxxxxxxxxxxx0.000026,0.000000,0.000000,0.001617,0.044326
B,ka100_req33,19,xxxxxxxxxxxxxxxx0.000030,0.000000,0.000000,0.002099,0.043077
B,ka100_req34,19,xxxxxxxxxxxxxxxx0.000026,0.000000,0.000000,0.001685,0.042945
B,ka100_req35,19,xxxxxxxxxxxxxxxx0.000033,0.000000,0.000000,0.002148,0.042698
B,ka100_req36,19,xxxxxxxxxxxxxxxx0.000036,0.000000,0.000000,0.001851,0.042784
B,ka100_req37,19,xxxxxxxxxxxxxxxx0.000025,0.000000,0.000000,0.001597,0.045604
B,ka100_req38,19,xxxxxxxxxxxxxxxx0.000034,0.000000,0.000000,0.002200,0.042990
B,ka100_req39,19,xxxxxxxxxxxxxxxx0.000024,0.000000,0.000000,0.001603,0.045621
B,ka100_req40,19,xxxxxxxxxxxxxxxx0.000036,0.000000,0.000000,0.002196,0.042690
B,ka100_req41,19,xxxxxxxxxxxxxxxx0.000024,0.000000,0.000000,0.001798,0.042903
B,ka100_req42,19,xxxxxxxxxxxxxxxx0.000028,0.000000,0.000000,0.001938,0.042686
B,ka100_req43,19,xxxxxxxxxxxxxxxx0.000025,0.000000,0.000000,0.001885,0.043875
B,ka100_req44,19,xxxxxxxxxxxxxxxx0.000029,0.000000,0.000000,0.001960,0.043232
B,ka100_req45,19,xxxxxxxxxxxxxxxx0.000030,0.000000,0.000000,0.002444,0.043252
B,ka100_req46,19,xxxxxxxxxxxxxxxx0.000024,0.000000,0.000000,0.001931,0.044390
B,ka100_req47,19,xxxxxxxxxxxxxxxx0.000023,0.000000,0.000000,0.001886,0.046029
B,ka100_req48,19,xxxxxxxxxxxxxxxx0.000019,0.000000,0.000000,0.001091,0.042082
B,ka100_req49,19,xxxxxxxxxxxxxxxx0.000026,0.000000,0.000000,0.001752,0.043048
B,ka100_req50,19,xxxxxxxxxxxxxxxx0.000037,0.000000,0.000000,0.002368,0.045652
B,ka100_req51,19,xxxxxxxxxxxxxxxx0.000074,0.000000,0.000000,0.002535,0.045307
B,ka100_req52,19,xxxxxxxxxxxxxxxx0.000036,0.000000,0.000000,0.002377,0.043152
B,ka100_req53,19,xxxxxxxxxxxxxxxx0.000022,0.000000,0.000000,0.001652,0.042242
B,ka100_req54,19,xxxxxxxxxxxxxxxx0.000010,0.000000,0.000000,0.000702,0.041570
B,ka100_req55,19,xxxxxxxxxxxxxxxx0.000013,0.000000,0.000000,0.000802,0.042764
B,ka100_req56,19,xxxxxxxxxxxxxxxx0.000010,0.000000,0.000000,0.000605,0.044655
B,ka100_req57,19,xxxxxxxxxxxxxxxx0.000008,0.000000,0.000000,0.000459,0.046015
B,ka100_req58,19,xxxxxxxxxxxxxxxx0.000021,0.000000,0.000000,0.001066,0.042413
B,ka100_req59,19,xxxxxxxxxxxxxxxx0.000032,0.000000,0.000000,0.001722,0.042184
B,ka100_req60,19,xxxxxxxxxxxxxxxx0.000035,0.000000,0.000000,0.001897,0.043215
B,ka100_req61,19,xxxxxxxxxxxxxxxx0.000034,0.000000,0.000000,0.001951,0.046112
B,ka100_req62,19,xxxxxxxxxxxxxxxx0.000041,0.000000,0.000000,0.002045,0.042810
B,ka100_req63,19,xxxxxxxxxxxxxxxx0.000036,0.000000,0.000000,0.002302,0.042704
B,ka100_req64,19,xxxxxxxxxxxxxxxx0.000034,0.000000,0.000000,0.002607,0.043857
B,ka100_req65,19,xxxxxxxxxxxxxxxx0.000037,0.000000,0.000000,0.002207,0.042861
B,ka100_req66,19,xxxxxxxxxxxxxxxx0.000035,0.000000,0.000000,0.002373,0.043706
B,ka100_req67,19,xxxxxxxxxxxxxxxx0.000039,0.000000,0.000000,0.002569,0.045579
B,ka100_req68,19,xxxxxxxxxxxxxxxx0.000034,0.000000,0.000000,0.002325,0.043077
B,ka100_req69,19,xxxxxxxxxxxxxxxx0.000026,0.000000,0.000000,0.001924,0.042712
B,ka100_req70,19,xxxxxxxxxxxxxxxx0.000036,0.000000,0.000000,0.002572,0.043760
B,ka100_req71,19,xxxxxxxxxxxxxxxx0.000038,0.000000,0.000000,0.002366,0.043637
B,ka100_req72,19,xxxxxxxxxxxxxxxx0.000034,0.000000,0.000000,0.002235,0.044298
B,ka100_req73,19,xxxxxxxxxxxxxxxx0.000044,0.000000,0.000000,0.002200,0.043313
B,ka100_req74,19,xxxxxxxxxxxxxxxx0.000034,0.000000,0.000000,0.002077,0.042569
B,ka100_req75,19,xxxxxxxxxxxxxxxx0.000036,0.000000,0.000000,0.002466,0.042742
B,ka100_req76,19,xxxxxxxxxxxxxxxx0.000036,0.000000,0.000000,0.002373,0.042875
B,ka100_req77,19,xxxxxxxxxxxxxxxx0.000038,0.000000,0.000000,0.002365,0.043570
B,ka100_req78,19,xxxxxxxxxxxxxxxx0.000016,0.000000,0.000000,0.001081,0.045770
B,ka100_req79,19,xxxxxxxxxxxxxxxx0.000024,0.000000,0.000000,0.001540,0.045247
B,ka100_req80,19,xxxxxxxxxxxxxxxx0.000037,0.000000,0.000000,0.002502,0.043473
B,ka100_req81,19,xxxxxxxxxxxxxxxx0.000026,0.000000,0.000000,0.002031,0.044984
B,ka100_req82,19,xxxxxxxxxxxxxxxx0.000035,0.000000,0.000000,0.002406,0.045490
B,ka100_req83,19,xxxxxxxxxxxxxxxx0.000035,0.000000,0.000000,0.002309,0.044482
B,ka100_req84,19,xxxxxxxxxxxxxxxx0.000040,0.000000,0.000000,0.002343,0.044823
B,ka100_req85,19,xxxxxxxxxxxxxxxx0.000035,0.000000,0.000000,0.002470,0.043958
B,ka100_req86,19,xxxxxxxxxxxxxxxx0.000036,0.000000,0.000000,0.002084,0.044420
B,ka100_req87,19,xxxxxxxxxxxxxxxx0.000037,0.000000,0.000000,0.002428,0.043082
B,ka100_req88,19,xxxxxxxxxxxxxxxx0.000035,0.000000,0.000000,0.002429,0.042605
B,ka100_req89,19,xxxxxxxxxxxxxxxx0.000034,0.000000,0.000000,0.002040,0.044636
B,ka100_req90,19,xxxxxxxxxxxxxxxx0.000035,0.000000,0.000000,0.002355,0.042923
B,ka100_req91,19,xxxxxxxxxxxxxxxx0.000034,0.000000,0.000000,0.002106,0.042747
B,ka100_req92,19,xxxxxxxxxxxxxxxx0.000025,0.000000,0.000000,0.001797,0.045860
B,ka100_req93,19,xxxxxxxxxxxxxxxx0.000041,0.000000,0.000000,0.002564,0.043725
B,ka100_req94,19,xxxxxxxxxxxxxxxx0.000034,0.000000,0.000000,0.002300,0.044784
B,ka100_req95,19,xxxxxxxxxxxxxxxx0.000035,0.000000,0.000000,0.002081,0.044272
B,ka100_req96,19,xxxxxxxxxxxxxxxx0.000033,0.000000,0.000000,0.003231,0.044260
B,ka100_req97,19,xxxxxxxxxxxxxxxx0.000036,0.000000,0.000000,0.002511,0.043773
B,ka100_req98,19,xxxxxxxxxxxxxxxx0.000159,0.000000,0.000000,0.002609,0.043755
B,ka100_req99,19,xxxxxxxxxxxxxxxx0.000047,0.000000,0.000000,0.002770,0.042907
B,ka100_req100,19,xxxxxxxxxxxxxxxx0.000024,0.000000,0.000000,0.001885,0.042883
B,ka100_req1,20,0.000011,0.000084,0.018886,0.064768,0.064816
B,ka100_req2,20,xxxxxxxxxxxxxxxx0.000012,0.000000,0.000000,0.000599,0.045871
B,ka100_req3,20,xxxxxxxxxxxxxxxx0.000013,0.000000,0.000000,0.000750,0.041284
B,ka100_req4,20,xxxxxxxxxxxxxxxx0.000012,0.000000,0.000000,0.001609,0.042858
B,ka100_req5,20,xxxxxxxxxxxxxxxx0.000020,0.000000,0.000000,0.001089,0.042067
B,ka100_req6,20,xxxxxxxxxxxxxxxx0.000027,0.000000,0.000000,0.001936,0.042696
B,ka100_req7,20,xxxxxxxxxxxxxxxx0.000036,0.000000,0.000000,0.002360,0.042576
B,ka100_req8,20,xxxxxxxxxxxxxxxx0.000034,0.000000,0.000000,0.002257,0.045299
B,ka100_req9,20,xxxxxxxxxxxxxxxx0.000047,0.000000,0.000000,0.002282,0.043716
B,ka100_req10,20,xxxxxxxxxxxxxxxx0.000041,0.000000,0.000000,0.002266,0.046120
B,ka100_req11,20,xxxxxxxxxxxxxxxx0.000040,0.000000,0.000000,0.002756,0.043965
B,ka100_req12,20,xxxxxxxxxxxxxxxx0.000037,0.000000,0.000000,0.002127,0.042954
B,ka100_req13,20,xxxxxxxxxxxxxxxx0.000040,0.000000,0.000000,0.002491,0.046570
B,ka100_req14,20,xxxxxxxxxxxxxxxx0.000035,0.000000,0.000000,0.003424,0.044678
B,ka100_req15,20,xxxxxxxxxxxxxxxx0.000038,0.000000,0.000000,0.002502,0.043666
B,ka100_req16,20,xxxxxxxxxxxxxxxx0.000035,0.000000,0.000000,0.002440,0.044383
B,ka100_req17,20,xxxxxxxxxxxxxxxx0.000038,0.000000,0.000000,0.002188,0.043218
B,ka100_req18,20,xxxxxxxxxxxxxxxx0.000038,0.000000,0.000000,0.002347,0.043734
B,ka100_req19,20,xxxxxxxxxxxxxxxx0.000035,0.000000,0.000000,0.002150,0.042870
B,ka100_req20,20,xxxxxxxxxxxxxxxx0.000036,0.000000,0.000000,0.005798,0.046398
B,ka100_req21,20,xxxxxxxxxxxxxxxx0.000036,0.000000,0.000000,0.002233,0.043073
B,ka100_req22,20,xxxxxxxxxxxxxxxx0.000025,0.000000,0.000000,0.002090,0.045213
B,ka100_req23,20,xxxxxxxxxxxxxxxx0.000040,0.000000,0.000000,0.002138,0.043209
B,ka100_req24,20,xxxxxxxxxxxxxxxx0.000040,0.000000,0.000000,0.002389,0.043698
B,ka100_req25,20,xxxxxxxxxxxxxxxx0.000022,0.000000,0.000000,0.001951,0.042923
B,ka100_req26,20,xxxxxxxxxxxxxxxx0.000025,0.000000,0.000000,0.001750,0.045507
B,ka100_req27,20,xxxxxxxxxxxxxxxx0.000036,0.000000,0.000000,0.001951,0.042795
B,ka100_req28,20,xxxxxxxxxxxxxxxx0.000079,0.000000,0.000000,0.002645,0.043813
B,ka100_req29,20,xxxxxxxxxxxxxxxx0.000036,0.000000,0.000000,0.002029,0.042464
B,ka100_req30,20,xxxxxxxxxxxxxxxx0.000038,0.000000,0.000000,0.002464,0.042881
B,ka100_req31,20,xxxxxxxxxxxxxxxx0.000034,0.000000,0.000000,0.002553,0.043677
B,ka100_req32,20,xxxxxxxxxxxxxxxx0.000035,0.000000,0.000000,0.002230,0.042959
B,ka100_req33,20,xxxxxxxxxxxxxxxx0.000055,0.000000,0.000000,0.002321,0.045234
B,ka100_req34,20,xxxxxxxxxxxxxxxx0.000023,0.000000,0.000000,0.002270,0.043024
B,ka100_req35,20,xxxxxxxxxxxxxxxx0.000035,0.000000,0.000000,0.002164,0.043043
B,ka100_req36,20,xxxxxxxxxxxxxxxx0.000038,0.000000,0.000000,0.002316,0.044992
B,ka100_req37,20,xxxxxxxxxxxxxxxx0.000033,0.000000,0.000000,0.001949,0.043650
B,ka100_req38,20,xxxxxxxxxxxxxxxx0.000039,0.000000,0.000000,0.002370,0.045481
B,ka100_req39,20,xxxxxxxxxxxxxxxx0.000041,0.000000,0.000000,0.002387,0.043495
B,ka100_req40,20,xxxxxxxxxxxxxxxx0.000035,0.000000,0.000000,0.002251,0.042983
B,ka100_req41,20,xxxxxxxxxxxxxxxx0.000022,0.000000,0.000000,0.001685,0.043468
B,ka100_req42,20,xxxxxxxxxxxxxxxx0.000036,0.000000,0.000000,0.002576,0.042874
B,ka100_req43,20,xxxxxxxxxxxxxxxx0.000036,0.000000,0.000000,0.002254,0.042848
B,ka100_req44,20,xxxxxxxxxxxxxxxx0.000024,0.000000,0.000000,0.002155,0.042976
B,ka100_req45,20,xxxxxxxxxxxxxxxx0.000036,0.000000,0.000000,0.002131,0.043407
B,ka100_req46,20,xxxxxxxxxxxxxxxx0.000035,0.000000,0.000000,0.002374,0.043073
B,ka100_req47,20,xxxxxxxxxxxxxxxx0.000038,0.000000,0.000000,0.002795,0.043763
B,ka100_req48,20,xxxxxxxxxxxxxxxx0.000039,0.000000,0.000000,0.002143,0.045309
B,ka100_req49,20,xxxxxxxxxxxxxxxx0.000037,0.000000,0.000000,0.002016,0.043163
B,ka100_req50,20,xxxxxxxxxxxxxxxx0.000033,0.000000,0.000000,0.002435,0.044397
B,ka100_req51,20,xxxxxxxxxxxxxxxx0.000036,0.000000,0.000000,0.002300,0.043145
B,ka100_req52,20,xxxxxxxxxxxxxxxx0.000034,0.000000,0.000000,0.002365,0.045448
B,ka100_req53,20,xxxxxxxxxxxxxxxx0.000037,0.000000,0.000000,0.002773,0.043763
B,ka100_req54,20,xxxxxxxxxxxxxxxx0.000039,0.000000,0.000000,0.002349,0.042928
B,ka100_req55,20,xxxxxxxxxxxxxxxx0.000035,0.000000,0.000000,0.001983,0.042806
B,ka100_req56,20,xxxxxxxxxxxxxxxx0.000036,0.000000,0.000000,0.002336,0.043487
B,ka100_req57,20,xxxxxxxxxxxxxxxx0.000034,0.000000,0.000000,0.002150,0.044587
B,ka100_req58,20,xxxxxxxxxxxxxxxx0.000036,0.000000,0.000000,0.002493,0.043339
B,ka100_req59,20,xxxxxxxxxxxxxxxx0.000034,0.000000,0.000000,0.002177,0.043369
B,ka100_req60,20,xxxxxxxxxxxxxxxx0.000036,0.000000,0.000000,0.002420,0.044656
B,ka100_req61,20,xxxxxxxxxxxxxxxx0.000036,0.000000,0.000000,0.002563,0.043756
B,ka100_req62,20,xxxxxxxxxxxxxxxx0.000039,0.000000,0.000000,0.002551,0.043707
B,ka100_req63,20,xxxxxxxxxxxxxxxx0.000037,0.000000,0.000000,0.002092,0.044151
B,ka100_req64,20,xxxxxxxxxxxxxxxx0.000037,0.000000,0.000000,0.002257,0.045378
B,ka100_req65,20,xxxxxxxxxxxxxxxx0.000033,0.000000,0.000000,0.001994,0.042862
B,ka100_req66,20,xxxxxxxxxxxxxxxx0.000033,0.000000,0.000000,0.002645,0.043477
B,ka100_req67,20,xxxxxxxxxxxxxxxx0.000036,0.000000,0.000000,0.002569,0.043886
B,ka100_req68,20,xxxxxxxxxxxxxxxx0.000035,0.000000,0.000000,0.001996,0.045251
B,ka100_req69,20,xxxxxxxxxxxxxxxx0.000035,0.000000,0.000000,0.002237,0.045247
B,ka100_req70,20,xxxxxxxxxxxxxxxx0.000040,0.000000,0.000000,0.002585,0.044495
B,ka100_req71,20,xxxxxxxxxxxxxxxx0.000043,0.000000,0.000000,0.002050,0.042901
B,ka100_req72,20,xxxxxxxxxxxxxxxx0.000018,0.000000,0.000000,0.002079,0.042847
B,ka100_req73,20,xxxxxxxxxxxxxxxx0.000037,0.000000,0.000000,0.002308,0.042906
B,ka100_req74,20,xxxxxxxxxxxxxxxx0.000034,0.000000,0.000000,0.002286,0.043752
B,ka100_req75,20,xxxxxxxxxxxxxxxx0.000036,0.000000,0.000000,0.002368,0.043515
B,ka100_req76,20,xxxxxxxxxxxxxxxx0.000034,0.000000,0.000000,0.002172,0.043096
B,ka100_req77,20,xxxxxxxxxxxxxxxx0.000033,0.000000,0.000000,0.002254,0.043365
B,ka100_req78,20,xxxxxxxxxxxxxxxx0.000037,0.000000,0.000000,0.002281,0.044317
B,ka100_req79,20,xxxxxxxxxxxxxxxx0.000036,0.000000,0.000000,0.002155,0.045174
B,ka100_req80,20,xxxxxxxxxxxxxxxx0.000035,0.000000,0.000000,0.002149,0.043464
B,ka100_req81,20,xxxxxxxxxxxxxxxx0.000033,0.000000,0.000000,0.002736,0.043200
B,ka100_req82,20,xxxxxxxxxxxxxxxx0.000036,0.000000,0.000000,0.002185,0.042641
B,ka100_req83,20,xxxxxxxxxxxxxxxx0.000040,0.000000,0.000000,0.002376,0.042766
B,ka100_req84,20,xxxxxxxxxxxxxxxx0.000026,0.000000,0.000000,0.001696,0.042972
B,ka100_req85,20,xxxxxxxxxxxxxxxx0.000042,0.000000,0.000000,0.002196,0.043405
B,ka100_req86,20,xxxxxxxxxxxxxxxx0.000035,0.000000,0.000000,0.002619,0.043576
B,ka100_req87,20,xxxxxxxxxxxxxxxx0.000038,0.000000,0.000000,0.002327,0.043152
B,ka100_req88,20,xxxxxxxxxxxxxxxx0.000038,0.000000,0.000000,0.002006,0.045048
B,ka100_req89,20,xxxxxxxxxxxxxxxx0.000043,0.000000,0.000000,0.002350,0.045201
B,ka100_req90,20,xxxxxxxxxxxxxxxx0.000034,0.000000,0.000000,0.002216,0.042741
B,ka100_req91,20,xxxxxxxxxxxxxxxx0.000035,0.000000,0.000000,0.001862,0.044741
B,ka100_req92,20,xxxxxxxxxxxxxxxx0.000036,0.000000,0.000000,0.002193,0.043035
B,ka100_req93,20,xxxxxxxxxxxxxxxx0.000029,0.000000,0.000000,0.001971,0.043559
B,ka100_req94,20,xxxxxxxxxxxxxxxx0.000038,0.000000,0.000000,0.002305,0.042817
B,ka100_req95,20,xxxxxxxxxxxxxxxx0.000026,0.000000,0.000000,0.001921,0.042536
B,ka100_req96,20,xxxxxxxxxxxxxxxx0.000029,0.000000,0.000000,0.001494,0.041858
B,ka100_req97,20,xxxxxxxxxxxxxxxx0.000034,0.000000,0.000000,0.002399,0.045045
B,ka100_req98,20,xxxxxxxxxxxxxxxx0.000035,0.000000,0.000000,0.002006,0.043353
B,ka100_req99,20,xxxxxxxxxxxxxxxx0.000057,0.000000,0.000000,0.002446,0.043126
B,ka100_req100,20,xxxxxxxxxxxxxxxx0.000034,0.000000,0.000000,0.002329,0.043661
B,ka100_req1,21,0.000042,0.000187,0.029915,0.032552,0.075647
B,ka100_req2,21,xxxxxxxxxxxxxxxx0.000017,0.000000,0.000000,0.000909,0.046137
B,ka100_req3,21,xxxxxxxxxxxxxxxx0.000022,0.000000,0.000000,0.001588,0.043325
B,ka100_req4,21,xxxxxxxxxxxxxxxx0.000028,0.000000,0.000000,0.001777,0.042400
B,ka100_req5,21,xxxxxxxxxxxxxxxx0.000042,0.000000,0.000000,0.002304,0.042717
B,ka100_req6,21,xxxxxxxxxxxxxxxx0.000038,0.000000,0.000000,0.002270,0.043723
B,ka100_req7,21,xxxxxxxxxxxxxxxx0.000027,0.000000,0.000000,0.001834,0.043128
B,ka100_req8,21,xxxxxxxxxxxxxxxx0.000040,0.000000,0.000000,0.002215,0.044797
B,ka100_req9,21,xxxxxxxxxxxxxxxx0.000035,0.000000,0.000000,0.002742,0.043572
B,ka100_req10,21,xxxxxxxxxxxxxxxx0.000035,0.000000,0.000000,0.002116,0.042399
B,ka100_req11,21,xxxxxxxxxxxxxxxx0.000039,0.000000,0.000000,0.002296,0.044085
B,ka100_req12,21,xxxxxxxxxxxxxxxx0.000040,0.000000,0.000000,0.002870,0.043622
B,ka100_req13,21,xxxxxxxxxxxxxxxx0.000036,0.000000,0.000000,0.002250,0.042690
B,ka100_req14,21,xxxxxxxxxxxxxxxx0.000035,0.000000,0.000000,0.002169,0.042628
B,ka100_req15,21,xxxxxxxxxxxxxxxx0.000025,0.000000,0.000000,0.001779,0.042879
B,ka100_req16,21,xxxxxxxxxxxxxxxx0.000035,0.000000,0.000000,0.001980,0.043476
B,ka100_req17,21,xxxxxxxxxxxxxxxx0.000031,0.000000,0.000000,0.002719,0.043801
B,ka100_req18,21,xxxxxxxxxxxxxxxx0.000035,0.000000,0.000000,0.002076,0.043820
B,ka100_req19,21,xxxxxxxxxxxxxxxx0.000035,0.000000,0.000000,0.002238,0.043191
B,ka100_req20,21,xxxxxxxxxxxxxxxx0.000037,0.000000,0.000000,0.002237,0.043617
B,ka100_req21,21,xxxxxxxxxxxxxxxx0.000037,0.000000,0.000000,0.002153,0.043527
B,ka100_req22,21,xxxxxxxxxxxxxxxx0.000033,0.000000,0.000000,0.002361,0.043639
B,ka100_req23,21,xxxxxxxxxxxxxxxx0.000034,0.000000,0.000000,0.002171,0.044130
B,ka100_req24,21,xxxxxxxxxxxxxxxx0.000038,0.000000,0.000000,0.002218,0.043689
B,ka100_req25,21,xxxxxxxxxxxxxxxx0.000036,0.000000,0.000000,0.002161,0.043413
B,ka100_req26,21,xxxxxxxxxxxxxxxx0.000036,0.000000,0.000000,0.002157,0.042539
B,ka100_req27,21,xxxxxxxxxxxxxxxx0.000038,0.000000,0.000000,0.002067,0.042997
B,ka100_req28,21,xxxxxxxxxxxxxxxx0.000034,0.000000,0.000000,0.002254,0.043602
B,ka100_req29,21,xxxxxxxxxxxxxxxx0.000036,0.000000,0.000000,0.002042,0.043752
B,ka100_req30,21,xxxxxxxxxxxxxxxx0.000036,0.000000,0.000000,0.002377,0.042954
B,ka100_req31,21,xxxxxxxxxxxxxxxx0.000037,0.000000,0.000000,0.002260,0.043494
B,ka100_req32,21,xxxxxxxxxxxxxxxx0.000035,0.000000,0.000000,0.002420,0.044664
B,ka100_req33,21,xxxxxxxxxxxxxxxx0.000041,0.000000,0.000000,0.003330,0.043967
B,ka100_req34,21,xxxxxxxxxxxxxxxx0.000045,0.000000,0.000000,0.002217,0.042418
B,ka100_req35,21,xxxxxxxxxxxxxxxx0.000029,0.000000,0.000000,0.001852,0.044587
B,ka100_req36,21,xxxxxxxxxxxxxxxx0.000040,0.000000,0.000000,0.002470,0.044757
B,ka100_req37,21,xxxxxxxxxxxxxxxx0.000035,0.000000,0.000000,0.002304,0.046146
B,ka100_req38,21,xxxxxxxxxxxxxxxx0.000037,0.000000,0.000000,0.001926,0.042915
B,ka100_req39,21,xxxxxxxxxxxxxxxx0.000038,0.000000,0.000000,0.002567,0.043525
B,ka100_req40,21,xxxxxxxxxxxxxxxx0.000038,0.000000,0.000000,0.002222,0.042981
B,ka100_req41,21,xxxxxxxxxxxxxxxx0.000022,0.000000,0.000000,0.001604,0.042895
B,ka100_req42,21,xxxxxxxxxxxxxxxx0.000034,0.000000,0.000000,0.002179,0.046484
B,ka100_req43,21,xxxxxxxxxxxxxxxx0.000040,0.000000,0.000000,0.002120,0.042709
B,ka100_req44,21,xxxxxxxxxxxxxxxx0.000037,0.000000,0.000000,0.002272,0.042917
B,ka100_req45,21,xxxxxxxxxxxxxxxx0.000038,0.000000,0.000000,0.001790,0.042852
B,ka100_req46,21,xxxxxxxxxxxxxxxx0.000033,0.000000,0.000000,0.002176,0.044144
B,ka100_req47,21,xxxxxxxxxxxxxxxx0.000029,0.000000,0.000000,0.001999,0.046106
B,ka100_req48,21,xxxxxxxxxxxxxxxx0.000035,0.000000,0.000000,0.002546,0.043870
B,ka100_req49,21,xxxxxxxxxxxxxxxx0.000038,0.000000,0.000000,0.002194,0.042849
B,ka100_req50,21,xxxxxxxxxxxxxxxx0.000037,0.000000,0.000000,0.002454,0.043367
B,ka100_req51,21,xxxxxxxxxxxxxxxx0.000031,0.000000,0.000000,0.001842,0.043107
B,ka100_req52,21,xxxxxxxxxxxxxxxx0.000036,0.000000,0.000000,0.002450,0.043608
B,ka100_req53,21,xxxxxxxxxxxxxxxx0.000036,0.000000,0.000000,0.002568,0.043711
B,ka100_req54,21,xxxxxxxxxxxxxxxx0.000028,0.000000,0.000000,0.002026,0.044209
B,ka100_req55,21,xxxxxxxxxxxxxxxx0.000038,0.000000,0.000000,0.002210,0.044842
B,ka100_req56,21,xxxxxxxxxxxxxxxx0.000038,0.000000,0.000000,0.002327,0.043739
B,ka100_req57,21,xxxxxxxxxxxxxxxx0.000035,0.000000,0.000000,0.002081,0.043219
B,ka100_req58,21,xxxxxxxxxxxxxxxx0.000027,0.000000,0.000000,0.002480,0.043848
B,ka100_req59,21,xxxxxxxxxxxxxxxx0.000037,0.000000,0.000000,0.002433,0.043491
B,ka100_req60,21,xxxxxxxxxxxxxxxx0.000036,0.000000,0.000000,0.002419,0.042941
B,ka100_req61,21,xxxxxxxxxxxxxxxx0.000027,0.000000,0.000000,0.002482,0.043920
B,ka100_req62,21,xxxxxxxxxxxxxxxx0.000034,0.000000,0.000000,0.002278,0.043579
B,ka100_req63,21,xxxxxxxxxxxxxxxx0.000037,0.000000,0.000000,0.002216,0.043119
B,ka100_req64,21,xxxxxxxxxxxxxxxx0.000026,0.000000,0.000000,0.001825,0.042323
B,ka100_req65,21,xxxxxxxxxxxxxxxx0.000036,0.000000,0.000000,0.002341,0.042969
B,ka100_req66,21,xxxxxxxxxxxxxxxx0.000037,0.000000,0.000000,0.002321,0.044593
B,ka100_req67,21,xxxxxxxxxxxxxxxx0.000037,0.000000,0.000000,0.001998,0.042748
B,ka100_req68,21,xxxxxxxxxxxxxxxx0.000034,0.000000,0.000000,0.002273,0.042707
B,ka100_req69,21,xxxxxxxxxxxxxxxx0.000035,0.000000,0.000000,0.002013,0.043686
B,ka100_req70,21,xxxxxxxxxxxxxxxx0.000035,0.000000,0.000000,0.002485,0.043796
B,ka100_req71,21,xxxxxxxxxxxxxxxx0.000039,0.000000,0.000000,0.002445,0.044513
B,ka100_req72,21,xxxxxxxxxxxxxxxx0.000034,0.000000,0.000000,0.002036,0.043262
B,ka100_req73,21,xxxxxxxxxxxxxxxx0.000064,0.000000,0.000000,0.002405,0.043623
B,ka100_req74,21,xxxxxxxxxxxxxxxx0.000116,0.000000,0.000000,0.002479,0.044801
B,ka100_req75,21,xxxxxxxxxxxxxxxx0.000027,0.000000,0.000000,0.001980,0.042593
B,ka100_req76,21,xxxxxxxxxxxxxxxx0.000029,0.000000,0.000000,0.001928,0.042901
B,ka100_req77,21,xxxxxxxxxxxxxxxx0.000024,0.000000,0.000000,0.001978,0.043392
B,ka100_req78,21,xxxxxxxxxxxxxxxx0.000034,0.000000,0.000000,0.002159,0.043103
B,ka100_req79,21,xxxxxxxxxxxxxxxx0.000038,0.000000,0.000000,0.002330,0.043580
B,ka100_req80,21,xxxxxxxxxxxxxxxx0.000022,0.000000,0.000000,0.001599,0.042740
B,ka100_req81,21,xxxxxxxxxxxxxxxx0.000014,0.000000,0.000000,0.000877,0.041651
B,ka100_req82,21,xxxxxxxxxxxxxxxx0.000009,0.000000,0.000000,0.000500,0.043178
B,ka100_req83,21,xxxxxxxxxxxxxxxx0.000006,0.000000,0.000000,0.000455,0.045961
B,ka100_req84,21,xxxxxxxxxxxxxxxx0.000022,0.000000,0.000000,0.001270,0.042729
B,ka100_req85,21,xxxxxxxxxxxxxxxx0.000045,0.000000,0.000000,0.001798,0.043070
B,ka100_req86,21,xxxxxxxxxxxxxxxx0.000035,0.000000,0.000000,0.001771,0.042339
B,ka100_req87,21,xxxxxxxxxxxxxxxx0.000025,0.000000,0.000000,0.001137,0.041970
B,ka100_req88,21,xxxxxxxxxxxxxxxx0.000009,0.000000,0.000000,0.000701,0.041815
B,ka100_req89,21,xxxxxxxxxxxxxxxx0.000009,0.000000,0.000000,0.000769,0.045801
B,ka100_req90,21,xxxxxxxxxxxxxxxx0.000018,0.000000,0.000000,0.001056,0.042214
B,ka100_req91,21,xxxxxxxxxxxxxxxx0.000030,0.000000,0.000000,0.001868,0.044683
B,ka100_req92,21,xxxxxxxxxxxxxxxx0.000037,0.000000,0.000000,0.002552,0.043034
B,ka100_req93,21,xxxxxxxxxxxxxxxx0.000037,0.000000,0.000000,0.002066,0.042817
B,ka100_req94,21,xxxxxxxxxxxxxxxx0.000034,0.000000,0.000000,0.002232,0.042602
B,ka100_req95,21,xxxxxxxxxxxxxxxx0.000037,0.000000,0.000000,0.002423,0.043693
B,ka100_req96,21,xxxxxxxxxxxxxxxx0.000040,0.000000,0.000000,0.002167,0.042968
B,ka100_req97,21,xxxxxxxxxxxxxxxx0.000063,0.000000,0.000000,0.003847,0.044782
B,ka100_req98,21,xxxxxxxxxxxxxxxx0.000043,0.000000,0.000000,0.003123,0.044360
B,ka100_req99,21,xxxxxxxxxxxxxxxx0.000039,0.000000,0.000000,0.002382,0.042688
B,ka100_req100,21,xxxxxxxxxxxxxxxx0.000040,0.000000,0.000000,0.002467,0.042719
B,ka100_req1,22,0.000027,0.000192,0.030241,0.032242,0.076311
B,ka100_req2,22,xxxxxxxxxxxxxxxx0.000015,0.000000,0.000000,0.000832,0.041494
B,ka100_req3,22,xxxxxxxxxxxxxxxx0.000013,0.000000,0.000000,0.000667,0.045315
B,ka100_req4,22,xxxxxxxxxxxxxxxx0.000018,0.000000,0.000000,0.001034,0.045239
B,ka100_req5,22,xxxxxxxxxxxxxxxx0.000037,0.000000,0.000000,0.002165,0.043129
B,ka100_req6,22,xxxxxxxxxxxxxxxx0.000042,0.000000,0.000000,0.002017,0.043590
B,ka100_req7,22,xxxxxxxxxxxxxxxx0.000037,0.000000,0.000000,0.002373,0.046538
B,ka100_req8,22,xxxxxxxxxxxxxxxx0.000035,0.000000,0.000000,0.002163,0.043274
B,ka100_req9,22,xxxxxxxxxxxxxxxx0.000027,0.000000,0.000000,0.001927,0.046224
B,ka100_req10,22,xxxxxxxxxxxxxxxx0.000035,0.000000,0.000000,0.002365,0.042750
B,ka100_req11,22,xxxxxxxxxxxxxxxx0.000036,0.000000,0.000000,0.002620,0.043704
B,ka100_req12,22,xxxxxxxxxxxxxxxx0.000039,0.000000,0.000000,0.002188,0.042777
B,ka100_req13,22,xxxxxxxxxxxxxxxx0.000037,0.000000,0.000000,0.002333,0.042887
B,ka100_req14,22,xxxxxxxxxxxxxxxx0.000037,0.000000,0.000000,0.002424,0.044760
B,ka100_req15,22,xxxxxxxxxxxxxxxx0.000038,0.000000,0.000000,0.002142,0.044480
B,ka100_req16,22,xxxxxxxxxxxxxxxx0.000036,0.000000,0.000000,0.002625,0.045039
B,ka100_req17,22,xxxxxxxxxxxxxxxx0.000027,0.000000,0.000000,0.001849,0.042425
B,ka100_req18,22,xxxxxxxxxxxxxxxx0.000026,0.000000,0.000000,0.001939,0.042918
B,ka100_req19,22,xxxxxxxxxxxxxxxx0.000036,0.000000,0.000000,0.002706,0.043708
B,ka100_req20,22,xxxxxxxxxxxxxxxx0.000031,0.000000,0.000000,0.002021,0.042995
B,ka100_req21,22,xxxxxxxxxxxxxxxx0.000072,0.000000,0.000000,0.002153,0.043460
B,ka100_req22,22,xxxxxxxxxxxxxxxx0.000036,0.000000,0.000000,0.002372,0.043028
B,ka100_req23,22,xxxxxxxxxxxxxxxx0.000063,0.000000,0.000000,0.002415,0.043293
B,ka100_req24,22,xxxxxxxxxxxxxxxx0.000027,0.000000,0.000000,0.001790,0.045833
B,ka100_req25,22,xxxxxxxxxxxxxxxx0.000035,0.000000,0.000000,0.002230,0.042820
B,ka100_req26,22,xxxxxxxxxxxxxxxx0.000021,0.000000,0.000000,0.001338,0.045517
B,ka100_req27,22,xxxxxxxxxxxxxxxx0.000009,0.000000,0.000000,0.001530,0.045914
B,ka100_req28,22,xxxxxxxxxxxxxxxx0.000010,0.000000,0.000000,0.000634,0.045924
B,ka100_req29,22,xxxxxxxxxxxxxxxx0.000015,0.000000,0.000000,0.000846,0.046068
B,ka100_req30,22,xxxxxxxxxxxxxxxx0.000025,0.000000,0.000000,0.001560,0.042711
B,ka100_req31,22,xxxxxxxxxxxxxxxx0.000035,0.000000,0.000000,0.002212,0.043380
B,ka100_req32,22,xxxxxxxxxxxxxxxx0.000028,0.000000,0.000000,0.001837,0.043301
B,ka100_req33,22,xxxxxxxxxxxxxxxx0.000037,0.000000,0.000000,0.002374,0.045324
B,ka100_req34,22,xxxxxxxxxxxxxxxx0.000045,0.000000,0.000000,0.002157,0.043450
B,ka100_req35,22,xxxxxxxxxxxxxxxx0.000060,0.000000,0.000000,0.002344,0.042811
B,ka100_req36,22,xxxxxxxxxxxxxxxx0.000085,0.000000,0.000000,0.002223,0.045480
B,ka100_req37,22,xxxxxxxxxxxxxxxx0.000037,0.000000,0.000000,0.002272,0.044610
B,ka100_req38,22,xxxxxxxxxxxxxxxx0.000037,0.000000,0.000000,0.002236,0.045353
B,ka100_req39,22,xxxxxxxxxxxxxxxx0.000036,0.000000,0.000000,0.002051,0.044183
B,ka100_req40,22,xxxxxxxxxxxxxxxx0.000039,0.000000,0.000000,0.002093,0.045649
B,ka100_req41,22,xxxxxxxxxxxxxxxx0.000037,0.000000,0.000000,0.002067,0.045911
B,ka100_req42,22,xxxxxxxxxxxxxxxx0.000036,0.000000,0.000000,0.002437,0.043042
B,ka100_req43,22,xxxxxxxxxxxxxxxx0.000079,0.000000,0.000000,0.002607,0.043358
B,ka100_req44,22,xxxxxxxxxxxxxxxx0.000038,0.000000,0.000000,0.001892,0.044677
B,ka100_req45,22,xxxxxxxxxxxxxxxx0.000029,0.000000,0.000000,0.001950,0.044121
B,ka100_req46,22,xxxxxxxxxxxxxxxx0.000042,0.000000,0.000000,0.002640,0.044180
B,ka100_req47,22,xxxxxxxxxxxxxxxx0.000037,0.000000,0.000000,0.002226,0.043041
B,ka100_req48,22,xxxxxxxxxxxxxxxx0.000034,0.000000,0.000000,0.002145,0.043838
B,ka100_req49,22,xxxxxxxxxxxxxxxx0.000036,0.000000,0.000000,0.002473,0.043630
B,ka100_req50,22,xxxxxxxxxxxxxxxx0.000033,0.000000,0.000000,0.002508,0.042882
B,ka100_req51,22,xxxxxxxxxxxxxxxx0.000024,0.000000,0.000000,0.001786,0.042878
B,ka100_req52,22,xxxxxxxxxxxxxxxx0.000036,0.000000,0.000000,0.002145,0.044971
B,ka100_req53,22,xxxxxxxxxxxxxxxx0.000066,0.000000,0.000000,0.002344,0.044872
B,ka100_req54,22,xxxxxxxxxxxxxxxx0.000046,0.000000,0.000000,0.002386,0.043137
B,ka100_req55,22,xxxxxxxxxxxxxxxx0.000024,0.000000,0.000000,0.001958,0.044024
B,ka100_req56,22,xxxxxxxxxxxxxxxx0.000035,0.000000,0.000000,0.002103,0.042650
B,ka100_req57,22,xxxxxxxxxxxxxxxx0.000038,0.000000,0.000000,0.002461,0.043688
B,ka100_req58,22,xxxxxxxxxxxxxxxx0.000035,0.000000,0.000000,0.002127,0.042816
B,ka100_req59,22,xxxxxxxxxxxxxxxx0.000034,0.000000,0.000000,0.002089,0.045048
B,ka100_req60,22,xxxxxxxxxxxxxxxx0.000043,0.000000,0.000000,0.002851,0.046023
B,ka100_req61,22,xxxxxxxxxxxxxxxx0.000037,0.000000,0.000000,0.002531,0.045211
B,ka100_req62,22,xxxxxxxxxxxxxxxx0.000043,0.000000,0.000000,0.001775,0.044112
B,ka100_req63,22,xxxxxxxxxxxxxxxx0.000028,0.000000,0.000000,0.001868,0.043239
B,ka100_req64,22,xxxxxxxxxxxxxxxx0.000038,0.000000,0.000000,0.002400,0.044998
B,ka100_req65,22,xxxxxxxxxxxxxxxx0.000034,0.000000,0.000000,0.002033,0.044605
B,ka100_req66,22,xxxxxxxxxxxxxxxx0.000029,0.000000,0.000000,0.002024,0.045224
B,ka100_req67,22,xxxxxxxxxxxxxxxx0.000026,0.000000,0.000000,0.002142,0.044527
B,ka100_req68,22,xxxxxxxxxxxxxxxx0.000037,0.000000,0.000000,0.002198,0.043350
B,ka100_req69,22,xxxxxxxxxxxxxxxx0.000028,0.000000,0.000000,0.002049,0.042809
B,ka100_req70,22,xxxxxxxxxxxxxxxx0.000036,0.000000,0.000000,0.002312,0.045606
B,ka100_req71,22,xxxxxxxxxxxxxxxx0.000035,0.000000,0.000000,0.002332,0.042915
B,ka100_req72,22,xxxxxxxxxxxxxxxx0.000038,0.000000,0.000000,0.002221,0.044262
B,ka100_req73,22,xxxxxxxxxxxxxxxx0.000028,0.000000,0.000000,0.001925,0.043121
B,ka100_req74,22,xxxxxxxxxxxxxxxx0.000036,0.000000,0.000000,0.002040,0.042723
B,ka100_req75,22,xxxxxxxxxxxxxxxx0.000041,0.000000,0.000000,0.002207,0.042656
B,ka100_req76,22,xxxxxxxxxxxxxxxx0.000036,0.000000,0.000000,0.002367,0.042692
B,ka100_req77,22,xxxxxxxxxxxxxxxx0.000026,0.000000,0.000000,0.002115,0.043263
B,ka100_req78,22,xxxxxxxxxxxxxxxx0.000035,0.000000,0.000000,0.002299,0.044311
B,ka100_req79,22,xxxxxxxxxxxxxxxx0.000037,0.000000,0.000000,0.002094,0.043020
B,ka100_req80,22,xxxxxxxxxxxxxxxx0.000037,0.000000,0.000000,0.002390,0.043752
B,ka100_req81,22,xxxxxxxxxxxxxxxx0.000036,0.000000,0.000000,0.002080,0.042609
B,ka100_req82,22,xxxxxxxxxxxxxxxx0.000035,0.000000,0.000000,0.002308,0.043654
B,ka100_req83,22,xxxxxxxxxxxxxxxx0.000037,0.000000,0.000000,0.002296,0.043342
B,ka100_req84,22,xxxxxxxxxxxxxxxx0.000037,0.000000,0.000000,0.002228,0.043309
B,ka100_req85,22,xxxxxxxxxxxxxxxx0.000051,0.000000,0.000000,0.001963,0.045687
B,ka100_req86,22,xxxxxxxxxxxxxxxx0.000037,0.000000,0.000000,0.002365,0.043955
B,ka100_req87,22,xxxxxxxxxxxxxxxx0.000035,0.000000,0.000000,0.002070,0.044251
B,ka100_req88,22,xxxxxxxxxxxxxxxx0.000038,0.000000,0.000000,0.002379,0.043328
B,ka100_req89,22,xxxxxxxxxxxxxxxx0.000079,0.000000,0.000000,0.002201,0.043478
B,ka100_req90,22,xxxxxxxxxxxxxxxx0.000036,0.000000,0.000000,0.001923,0.044976
B,ka100_req91,22,xxxxxxxxxxxxxxxx0.000189,0.000000,0.000000,0.003666,0.044236
B,ka100_req92,22,xxxxxxxxxxxxxxxx0.000038,0.000000,0.000000,0.002220,0.042730
B,ka100_req93,22,xxxxxxxxxxxxxxxx0.000023,0.000000,0.000000,0.001365,0.043116
B,ka100_req94,22,xxxxxxxxxxxxxxxx0.000036,0.000000,0.000000,0.002372,0.043677
B,ka100_req95,22,xxxxxxxxxxxxxxxx0.000036,0.000000,0.000000,0.002095,0.043290
B,ka100_req96,22,xxxxxxxxxxxxxxxx0.000044,0.000000,0.000000,0.002385,0.044499
B,ka100_req97,22,xxxxxxxxxxxxxxxx0.000036,0.000000,0.000000,0.002461,0.043541
B,ka100_req98,22,xxxxxxxxxxxxxxxx0.000025,0.000000,0.000000,0.001868,0.042474
B,ka100_req99,22,xxxxxxxxxxxxxxxx0.000035,0.000000,0.000000,0.002462,0.042879
B,ka100_req100,22,xxxxxxxxxxxxxxxx0.000031,0.000000,0.000000,0.002254,0.042797
B,ka100_req1,23,0.000024,0.000297,0.032205,0.034733,0.075818
B,ka100_req2,23,xxxxxxxxxxxxxxxx0.000020,0.000000,0.000000,0.001108,0.045631
B,ka100_req3,23,xxxxxxxxxxxxxxxx0.000024,0.000000,0.000000,0.001616,0.041936
B,ka100_req4,23,xxxxxxxxxxxxxxxx0.000037,0.000000,0.000000,0.002298,0.045753
B,ka100_req5,23,xxxxxxxxxxxxxxxx0.000043,0.000000,0.000000,0.002169,0.043044
B,ka100_req6,23,xxxxxxxxxxxxxxxx0.000036,0.000000,0.000000,0.002095,0.043686
B,ka100_req7,23,xxxxxxxxxxxxxxxx0.000039,0.000000,0.000000,0.001954,0.042913
B,ka100_req8,23,xxxxxxxxxxxxxxxx0.000041,0.000000,0.000000,0.002140,0.045476
B,ka100_req9,23,xxxxxxxxxxxxxxxx0.000036,0.000000,0.000000,0.002734,0.043950
B,ka100_req10,23,xxxxxxxxxxxxxxxx0.000036,0.000000,0.000000,0.002383,0.045742
B,ka100_req11,23,xxxxxxxxxxxxxxxx0.000032,0.000000,0.000000,0.001976,0.042527
B,ka100_req12,23,xxxxxxxxxxxxxxxx0.000036,0.000000,0.000000,0.002193,0.042900
B,ka100_req13,23,xxxxxxxxxxxxxxxx0.000036,0.000000,0.000000,0.002236,0.042543
B,ka100_req14,23,xxxxxxxxxxxxxxxx0.000037,0.000000,0.000000,0.002287,0.042827
B,ka100_req15,23,xxxxxxxxxxxxxxxx0.000029,0.000000,0.000000,0.001825,0.045701
B,ka100_req16,23,xxxxxxxxxxxxxxxx0.000027,0.000000,0.000000,0.001726,0.042749
B,ka100_req17,23,xxxxxxxxxxxxxxxx0.000038,0.000000,0.000000,0.002447,0.044246
B,ka100_req18,23,xxxxxxxxxxxxxxxx0.000026,0.000000,0.000000,0.001855,0.042424
B,ka100_req19,23,xxxxxxxxxxxxxxxx0.000035,0.000000,0.000000,0.002354,0.043702
B,ka100_req20,23,xxxxxxxxxxxxxxxx0.000057,0.000000,0.000000,0.002690,0.044409
B,ka100_req21,23,xxxxxxxxxxxxxxxx0.000038,0.000000,0.000000,0.002583,0.042876
B,ka100_req22,23,xxxxxxxxxxxxxxxx0.000024,0.000000,0.000000,0.001561,0.042706
B,ka100_req23,23,xxxxxxxxxxxxxxxx0.000032,0.000000,0.000000,0.002314,0.043204
B,ka100_req24,23,xxxxxxxxxxxxxxxx0.000038,0.000000,0.000000,0.002252,0.043274
B,ka100_req25,23,xxxxxxxxxxxxxxxx0.000034,0.000000,0.000000,0.001720,0.042969
B,ka100_req26,23,xxxxxxxxxxxxxxxx0.000035,0.000000,0.000000,0.002329,0.043643
B,ka100_req27,23,xxxxxxxxxxxxxxxx0.000038,0.000000,0.000000,0.002134,0.042583
B,ka100_req28,23,xxxxxxxxxxxxxxxx0.000037,0.000000,0.000000,0.002364,0.043168
B,ka100_req29,23,xxxxxxxxxxxxxxxx0.000068,0.000000,0.000000,0.002273,0.046464
B,ka100_req30,23,xxxxxxxxxxxxxxxx0.000037,0.000000,0.000000,0.002475,0.043863
B,ka100_req31,23,xxxxxxxxxxxxxxxx0.000033,0.000000,0.000000,0.002537,0.045329
B,ka100_req32,23,xxxxxxxxxxxxxxxx0.000088,0.000000,0.000000,0.002424,0.043129
B,ka100_req33,23,xxxxxxxxxxxxxxxx0.000029,0.000000,0.000000,0.002318,0.042719
B,ka100_req34,23,xxxxxxxxxxxxxxxx0.000037,0.000000,0.000000,0.002523,0.043662
B,ka100_req35,23,xxxxxxxxxxxxxxxx0.000035,0.000000,0.000000,0.002522,0.044839
B,ka100_req36,23,xxxxxxxxxxxxxxxx0.000041,0.000000,0.000000,0.002818,0.044787
B,ka100_req37,23,xxxxxxxxxxxxxxxx0.000038,0.000000,0.000000,0.002514,0.043550
B,ka100_req38,23,xxxxxxxxxxxxxxxx0.000037,0.000000,0.000000,0.002347,0.042882
B,ka100_req39,23,xxxxxxxxxxxxxxxx0.000038,0.000000,0.000000,0.002558,0.044739
B,ka100_req40,23,xxxxxxxxxxxxxxxx0.000033,0.000000,0.000000,0.002448,0.043731
B,ka100_req41,23,xxxxxxxxxxxxxxxx0.000030,0.000000,0.000000,0.001276,0.045858
B,ka100_req42,23,xxxxxxxxxxxxxxxx0.000034,0.000000,0.000000,0.001579,0.045203
B,ka100_req43,23,xxxxxxxxxxxxxxxx0.000037,0.000000,0.000000,0.002149,0.043370
B,ka100_req44,23,xxxxxxxxxxxxxxxx0.000036,0.000000,0.000000,0.002396,0.043765
B,ka100_req45,23,xxxxxxxxxxxxxxxx0.000032,0.000000,0.000000,0.002271,0.044721
B,ka100_req46,23,xxxxxxxxxxxxxxxx0.000060,0.000000,0.000000,0.002207,0.042500
B,ka100_req47,23,xxxxxxxxxxxxxxxx0.000039,0.000000,0.000000,0.002209,0.042770
B,ka100_req48,23,xxxxxxxxxxxxxxxx0.000035,0.000000,0.000000,0.002297,0.042980
B,ka100_req49,23,xxxxxxxxxxxxxxxx0.000038,0.000000,0.000000,0.002427,0.043647
B,ka100_req50,23,xxxxxxxxxxxxxxxx0.000035,0.000000,0.000000,0.002453,0.045299
B,ka100_req51,23,xxxxxxxxxxxxxxxx0.000042,0.000000,0.000000,0.002211,0.045273
B,ka100_req52,23,xxxxxxxxxxxxxxxx0.000035,0.000000,0.000000,0.001974,0.042883
B,ka100_req53,23,xxxxxxxxxxxxxxxx0.000039,0.000000,0.000000,0.002462,0.044327
B,ka100_req54,23,xxxxxxxxxxxxxxxx0.000043,0.000000,0.000000,0.002560,0.045811
B,ka100_req55,23,xxxxxxxxxxxxxxxx0.000036,0.000000,0.000000,0.002000,0.042868
B,ka100_req56,23,xxxxxxxxxxxxxxxx0.000021,0.000000,0.000000,0.001652,0.042748
B,ka100_req57,23,xxxxxxxxxxxxxxxx0.000028,0.000000,0.000000,0.002317,0.042600
B,ka100_req58,23,xxxxxxxxxxxxxxxx0.000025,0.000000,0.000000,0.001981,0.042847
B,ka100_req59,23,xxxxxxxxxxxxxxxx0.000034,0.000000,0.000000,0.001982,0.043038
B,ka100_req60,23,xxxxxxxxxxxxxxxx0.000029,0.000000,0.000000,0.001930,0.042626
B,ka100_req61,23,xxxxxxxxxxxxxxxx0.000037,0.000000,0.000000,0.002414,0.043647
B,ka100_req62,23,xxxxxxxxxxxxxxxx0.000026,0.000000,0.000000,0.002118,0.043431
B,ka100_req63,23,xxxxxxxxxxxxxxxx0.000025,0.000000,0.000000,0.002486,0.046112
B,ka100_req64,23,xxxxxxxxxxxxxxxx0.000033,0.000000,0.000000,0.002259,0.045050
B,ka100_req65,23,xxxxxxxxxxxxxxxx0.000036,0.000000,0.000000,0.002041,0.043434
B,ka100_req66,23,xxxxxxxxxxxxxxxx0.000036,0.000000,0.000000,0.002429,0.043884
B,ka100_req67,23,xxxxxxxxxxxxxxxx0.000082,0.000000,0.000000,0.002223,0.043516
B,ka100_req68,23,xxxxxxxxxxxxxxxx0.000034,0.000000,0.000000,0.002240,0.042906
B,ka100_req69,23,xxxxxxxxxxxxxxxx0.000037,0.000000,0.000000,0.002416,0.043616
B,ka100_req70,23,xxxxxxxxxxxxxxxx0.000039,0.000000,0.000000,0.002442,0.043552
B,ka100_req71,23,xxxxxxxxxxxxxxxx0.000037,0.000000,0.000000,0.002135,0.044319
B,ka100_req72,23,xxxxxxxxxxxxxxxx0.000042,0.000000,0.000000,0.002071,0.043222
B,ka100_req73,23,xxxxxxxxxxxxxxxx0.000036,0.000000,0.000000,0.002430,0.043232
B,ka100_req74,23,xxxxxxxxxxxxxxxx0.000034,0.000000,0.000000,0.002198,0.043368
B,ka100_req75,23,xxxxxxxxxxxxxxxx0.000039,0.000000,0.000000,0.002398,0.043636
B,ka100_req76,23,xxxxxxxxxxxxxxxx0.000037,0.000000,0.000000,0.002664,0.043843
B,ka100_req77,23,xxxxxxxxxxxxxxxx0.000037,0.000000,0.000000,0.002162,0.043910
B,ka100_req78,23,xxxxxxxxxxxxxxxx0.000036,0.000000,0.000000,0.002595,0.044778
B,ka100_req79,23,xxxxxxxxxxxxxxxx0.000037,0.000000,0.000000,0.002283,0.044401
B,ka100_req80,23,xxxxxxxxxxxxxxxx0.000034,0.000000,0.000000,0.002451,0.043057
B,ka100_req81,23,xxxxxxxxxxxxxxxx0.000039,0.000000,0.000000,0.002474,0.043500
B,ka100_req82,23,xxxxxxxxxxxxxxxx0.000037,0.000000,0.000000,0.002115,0.043040
B,ka100_req83,23,xxxxxxxxxxxxxxxx0.000065,0.000000,0.000000,0.002238,0.043643
B,ka100_req84,23,xxxxxxxxxxxxxxxx0.000036,0.000000,0.000000,0.002557,0.043656
B,ka100_req85,23,xxxxxxxxxxxxxxxx0.000036,0.000000,0.000000,0.002355,0.045699
B,ka100_req86,23,xxxxxxxxxxxxxxxx0.000045,0.000000,0.000000,0.002489,0.043813
B,ka100_req87,23,xxxxxxxxxxxxxxxx0.000037,0.000000,0.000000,0.002410,0.043752
B,ka100_req88,23,xxxxxxxxxxxxxxxx0.000034,0.000000,0.000000,0.002323,0.042599
B,ka100_req89,23,xxxxxxxxxxxxxxxx0.000037,0.000000,0.000000,0.002170,0.042607
B,ka100_req90,23,xxxxxxxxxxxxxxxx0.000037,0.000000,0.000000,0.002314,0.043805
B,ka100_req91,23,xxxxxxxxxxxxxxxx0.000034,0.000000,0.000000,0.002318,0.043239
B,ka100_req92,23,xxxxxxxxxxxxxxxx0.000038,0.000000,0.000000,0.002559,0.043269
B,ka100_req93,23,xxxxxxxxxxxxxxxx0.000025,0.000000,0.000000,0.001767,0.042878
B,ka100_req94,23,xxxxxxxxxxxxxxxx0.000035,0.000000,0.000000,0.002331,0.045648
B,ka100_req95,23,xxxxxxxxxxxxxxxx0.000039,0.000000,0.000000,0.002770,0.043782
B,ka100_req96,23,xxxxxxxxxxxxxxxx0.000036,0.000000,0.000000,0.002268,0.044782
B,ka100_req97,23,xxxxxxxxxxxxxxxx0.000036,0.000000,0.000000,0.002491,0.043743
B,ka100_req98,23,xxxxxxxxxxxxxxxx0.000036,0.000000,0.000000,0.002770,0.045706
B,ka100_req99,23,xxxxxxxxxxxxxxxx0.000030,0.000000,0.000000,0.001829,0.044839
B,ka100_req100,23,xxxxxxxxxxxxxxxx0.000036,0.000000,0.000000,0.002323,0.044756
B,ka100_req1,24,0.000038,0.000206,0.031829,0.034419,0.077567
B,ka100_req2,24,xxxxxxxxxxxxxxxx0.000018,0.000000,0.000000,0.001119,0.046009
B,ka100_req3,24,xxxxxxxxxxxxxxxx0.000025,0.000000,0.000000,0.001425,0.042541
B,ka100_req4,24,xxxxxxxxxxxxxxxx0.000031,0.000000,0.000000,0.001246,0.042653
B,ka100_req5,24,xxxxxxxxxxxxxxxx0.000014,0.000000,0.000000,0.000872,0.041581
B,ka100_req6,24,xxxxxxxxxxxxxxxx0.000010,0.000000,0.000000,0.000561,0.044350
B,ka100_req7,24,xxxxxxxxxxxxxxxx0.000007,0.000000,0.000000,0.000485,0.045486
B,ka100_req8,24,xxxxxxxxxxxxxxxx0.000022,0.000000,0.000000,0.001174,0.041927
B,ka100_req9,24,xxxxxxxxxxxxxxxx0.000036,0.000000,0.000000,0.001549,0.043114
B,ka100_req10,24,xxxxxxxxxxxxxxxx0.000074,0.000000,0.000000,0.001733,0.042659
B,ka100_req11,24,xxxxxxxxxxxxxxxx0.000034,0.000000,0.000000,0.001882,0.044227
B,ka100_req12,24,xxxxxxxxxxxxxxxx0.000038,0.000000,0.000000,0.001952,0.043282
B,ka100_req13,24,xxxxxxxxxxxxxxxx0.000036,0.000000,0.000000,0.002377,0.044785
B,ka100_req14,24,xxxxxxxxxxxxxxxx0.000034,0.000000,0.000000,0.002775,0.043762
B,ka100_req15,24,xxxxxxxxxxxxxxxx0.000036,0.000000,0.000000,0.003261,0.045669
B,ka100_req16,24,xxxxxxxxxxxxxxxx0.000037,0.000000,0.000000,0.002194,0.042505
B,ka100_req17,24,xxxxxxxxxxxxxxxx0.000040,0.000000,0.000000,0.002702,0.043627
B,ka100_req18,24,xxxxxxxxxxxxxxxx0.000036,0.000000,0.000000,0.002171,0.043390
B,ka100_req19,24,xxxxxxxxxxxxxxxx0.000024,0.000000,0.000000,0.001633,0.045183
B,ka100_req20,24,xxxxxxxxxxxxxxxx0.000036,0.000000,0.000000,0.002525,0.043899
B,ka100_req21,24,xxxxxxxxxxxxxxxx0.000038,0.000000,0.000000,0.002302,0.044863
B,ka100_req22,24,xxxxxxxxxxxxxxxx0.000035,0.000000,0.000000,0.002151,0.043066
B,ka100_req23,24,xxxxxxxxxxxxxxxx0.000039,0.000000,0.000000,0.002308,0.043401
B,ka100_req24,24,xxxxxxxxxxxxxxxx0.000035,0.000000,0.000000,0.002427,0.043705
B,ka100_req25,24,xxxxxxxxxxxxxxxx0.000038,0.000000,0.000000,0.002540,0.043574
B,ka100_req26,24,xxxxxxxxxxxxxxxx0.000037,0.000000,0.000000,0.002061,0.042847
B,ka100_req27,24,xxxxxxxxxxxxxxxx0.000037,0.000000,0.000000,0.002056,0.042797
B,ka100_req28,24,xxxxxxxxxxxxxxxx0.000020,0.000000,0.000000,0.001490,0.045513
B,ka100_req29,24,xxxxxxxxxxxxxxxx0.000024,0.000000,0.000000,0.001624,0.042066
B,ka100_req30,24,xxxxxxxxxxxxxxxx0.000036,0.000000,0.000000,0.002334,0.042688
B,ka100_req31,24,xxxxxxxxxxxxxxxx0.000035,0.000000,0.000000,0.002132,0.042925
B,ka100_req32,24,xxxxxxxxxxxxxxxx0.000029,0.000000,0.000000,0.001904,0.042671
B,ka100_req33,24,xxxxxxxxxxxxxxxx0.000036,0.000000,0.000000,0.002466,0.045769
B,ka100_req34,24,xxxxxxxxxxxxxxxx0.000081,0.000000,0.000000,0.002960,0.044697
B,ka100_req35,24,xxxxxxxxxxxxxxxx0.000025,0.000000,0.000000,0.002298,0.045037
B,ka100_req36,24,xxxxxxxxxxxxxxxx0.000032,0.000000,0.000000,0.002138,0.044193
B,ka100_req37,24,xxxxxxxxxxxxxxxx0.000037,0.000000,0.000000,0.002444,0.042858
B,ka100_req38,24,xxxxxxxxxxxxxxxx0.000035,0.000000,0.000000,0.001860,0.042658
B,ka100_req39,24,xxxxxxxxxxxxxxxx0.000037,0.000000,0.000000,0.002089,0.043125
B,ka100_req40,24,xxxxxxxxxxxxxxxx0.000038,0.000000,0.000000,0.002289,0.043464
B,ka100_req41,24,xxxxxxxxxxxxxxxx0.000036,0.000000,0.000000,0.002294,0.043685
B,ka100_req42,24,xxxxxxxxxxxxxxxx0.000027,0.000000,0.000000,0.002316,0.043957
B,ka100_req43,24,xxxxxxxxxxxxxxxx0.000027,0.000000,0.000000,0.001882,0.042324
B,ka100_req44,24,xxxxxxxxxxxxxxxx0.000039,0.000000,0.000000,0.002059,0.043145
B,ka100_req45,24,xxxxxxxxxxxxxxxx0.000036,0.000000,0.000000,0.001984,0.042878
B,ka100_req46,24,xxxxxxxxxxxxxxxx0.000035,0.000000,0.000000,0.002365,0.043682
B,ka100_req47,24,xxxxxxxxxxxxxxxx0.000036,0.000000,0.000000,0.002197,0.042422
B,ka100_req48,24,xxxxxxxxxxxxxxxx0.000036,0.000000,0.000000,0.002339,0.042778
B,ka100_req49,24,xxxxxxxxxxxxxxxx0.000038,0.000000,0.000000,0.002543,0.045691
B,ka100_req50,24,xxxxxxxxxxxxxxxx0.000036,0.000000,0.000000,0.002137,0.042928
B,ka100_req51,24,xxxxxxxxxxxxxxxx0.000018,0.000000,0.000000,0.001354,0.045536
B,ka100_req52,24,xxxxxxxxxxxxxxxx0.000010,0.000000,0.000000,0.000835,0.044795
B,ka100_req53,24,xxxxxxxxxxxxxxxx0.000008,0.000000,0.000000,0.000643,0.045948
B,ka100_req54,24,xxxxxxxxxxxxxxxx0.000013,0.000000,0.000000,0.000874,0.042613
B,ka100_req55,24,xxxxxxxxxxxxxxxx0.000021,0.000000,0.000000,0.001701,0.042902
B,ka100_req56,24,xxxxxxxxxxxxxxxx0.000037,0.000000,0.000000,0.002310,0.043368
B,ka100_req57,24,xxxxxxxxxxxxxxxx0.000025,0.000000,0.000000,0.001901,0.042547
B,ka100_req58,24,xxxxxxxxxxxxxxxx0.000028,0.000000,0.000000,0.002331,0.043113
B,ka100_req59,24,xxxxxxxxxxxxxxxx0.000043,0.000000,0.000000,0.002123,0.043705
B,ka100_req60,24,xxxxxxxxxxxxxxxx0.000036,0.000000,0.000000,0.002406,0.043724
B,ka100_req61,24,xxxxxxxxxxxxxxxx0.000032,0.000000,0.000000,0.001840,0.042842
B,ka100_req62,24,xxxxxxxxxxxxxxxx0.000034,0.000000,0.000000,0.002195,0.045634
B,ka100_req63,24,xxxxxxxxxxxxxxxx0.000038,0.000000,0.000000,0.002595,0.044220
B,ka100_req64,24,xxxxxxxxxxxxxxxx0.000035,0.000000,0.000000,0.002207,0.044235
B,ka100_req65,24,xxxxxxxxxxxxxxxx0.000040,0.000000,0.000000,0.001987,0.042784
B,ka100_req66,24,xxxxxxxxxxxxxxxx0.000034,0.000000,0.000000,0.002555,0.045360
B,ka100_req67,24,xxxxxxxxxxxxxxxx0.000039,0.000000,0.000000,0.002094,0.042913
B,ka100_req68,24,xxxxxxxxxxxxxxxx0.000036,0.000000,0.000000,0.002298,0.043357
B,ka100_req69,24,xxxxxxxxxxxxxxxx0.000039,0.000000,0.000000,0.002322,0.046169
B,ka100_req70,24,xxxxxxxxxxxxxxxx0.000038,0.000000,0.000000,0.002093,0.042935
B,ka100_req71,24,xxxxxxxxxxxxxxxx0.000037,0.000000,0.000000,0.002308,0.043620
B,ka100_req72,24,xxxxxxxxxxxxxxxx0.000037,0.000000,0.000000,0.002507,0.043719
B,ka100_req73,24,xxxxxxxxxxxxxxxx0.000037,0.000000,0.000000,0.002109,0.042783
B,ka100_req74,24,xxxxxxxxxxxxxxxx0.000036,0.000000,0.000000,0.002080,0.043472
B,ka100_req75,24,xxxxxxxxxxxxxxxx0.000038,0.000000,0.000000,0.002427,0.043255
B,ka100_req76,24,xxxxxxxxxxxxxxxx0.000036,0.000000,0.000000,0.002085,0.043456
B,ka100_req77,24,xxxxxxxxxxxxxxxx0.000039,0.000000,0.000000,0.002644,0.045624
B,ka100_req78,24,xxxxxxxxxxxxxxxx0.000037,0.000000,0.000000,0.002217,0.042870
B,ka100_req79,24,xxxxxxxxxxxxxxxx0.000036,0.000000,0.000000,0.002249,0.042549
B,ka100_req80,24,xxxxxxxxxxxxxxxx0.000036,0.000000,0.000000,0.003769,0.044436
B,ka100_req81,24,xxxxxxxxxxxxxxxx0.000037,0.000000,0.000000,0.002263,0.043469
B,ka100_req82,24,xxxxxxxxxxxxxxxx0.000037,0.000000,0.000000,0.002581,0.045638
B,ka100_req83,24,xxxxxxxxxxxxxxxx0.000125,0.000000,0.000000,0.002444,0.043673
B,ka100_req84,24,xxxxxxxxxxxxxxxx0.000041,0.000000,0.000000,0.002386,0.044019
B,ka100_req85,24,xxxxxxxxxxxxxxxx0.001235,0.000000,0.000000,0.025176,0.070957
B,ka100_req86,24,xxxxxxxxxxxxxxxx0.000025,0.000000,0.000000,0.001796,0.042709
B,ka100_req87,24,xxxxxxxxxxxxxxxx0.000028,0.000000,0.000000,0.001819,0.043581
B,ka100_req88,24,xxxxxxxxxxxxxxxx0.000038,0.000000,0.000000,0.002676,0.043218
B,ka100_req89,24,xxxxxxxxxxxxxxxx0.000038,0.000000,0.000000,0.002282,0.043480
B,ka100_req90,24,xxxxxxxxxxxxxxxx0.000041,0.000000,0.000000,0.002200,0.044111
B,ka100_req91,24,xxxxxxxxxxxxxxxx0.000066,0.000000,0.000000,0.002313,0.044988
B,ka100_req92,24,xxxxxxxxxxxxxxxx0.000038,0.000000,0.000000,0.002264,0.043563
B,ka100_req93,24,xxxxxxxxxxxxxxxx0.000052,0.000000,0.000000,0.003876,0.044966
B,ka100_req94,24,xxxxxxxxxxxxxxxx0.000036,0.000000,0.000000,0.002134,0.042647
B,ka100_req95,24,xxxxxxxxxxxxxxxx0.000036,0.000000,0.000000,0.002249,0.045842
B,ka100_req96,24,xxxxxxxxxxxxxxxx0.000037,0.000000,0.000000,0.002248,0.044723
B,ka100_req97,24,xxxxxxxxxxxxxxxx0.000035,0.000000,0.000000,0.002554,0.045780
B,ka100_req98,24,xxxxxxxxxxxxxxxx0.000037,0.000000,0.000000,0.002013,0.042787
B,ka100_req99,24,xxxxxxxxxxxxxxxx0.000038,0.000000,0.000000,0.002170,0.044580
B,ka100_req100,24,xxxxxxxxxxxxxxxx0.000023,0.000000,0.000000,0.002185,0.042922
B,ka100_req1,25,0.000031,0.000186,0.031051,0.071691,0.071750
B,ka100_req2,25,xxxxxxxxxxxxxxxx0.000017,0.000000,0.000000,0.000948,0.043628
B,ka100_req3,25,xxxxxxxxxxxxxxxx0.000017,0.000000,0.000000,0.001156,0.042748
B,ka100_req4,25,xxxxxxxxxxxxxxxx0.000027,0.000000,0.000000,0.001954,0.045341
B,ka100_req5,25,xxxxxxxxxxxxxxxx0.000041,0.000000,0.000000,0.002030,0.044754
B,ka100_req6,25,xxxxxxxxxxxxxxxx0.000045,0.000000,0.000000,0.002563,0.042954
B,ka100_req7,25,xxxxxxxxxxxxxxxx0.000036,0.000000,0.000000,0.002306,0.044999
B,ka100_req8,25,xxxxxxxxxxxxxxxx0.000070,0.000000,0.000000,0.002118,0.043612
B,ka100_req9,25,xxxxxxxxxxxxxxxx0.000033,0.000000,0.000000,0.002363,0.042701
B,ka100_req10,25,xxxxxxxxxxxxxxxx0.000034,0.000000,0.000000,0.002344,0.042860
B,ka100_req11,25,xxxxxxxxxxxxxxxx0.000034,0.000000,0.000000,0.002513,0.045160
B,ka100_req12,25,xxxxxxxxxxxxxxxx0.000039,0.000000,0.000000,0.003181,0.044194
B,ka100_req13,25,xxxxxxxxxxxxxxxx0.000038,0.000000,0.000000,0.002304,0.042658
B,ka100_req14,25,xxxxxxxxxxxxxxxx0.000035,0.000000,0.000000,0.002145,0.044174
B,ka100_req15,25,xxxxxxxxxxxxxxxx0.000014,0.000000,0.000000,0.001039,0.041170
B,ka100_req16,25,xxxxxxxxxxxxxxxx0.000008,0.000000,0.000000,0.000724,0.041178
B,ka100_req17,25,xxxxxxxxxxxxxxxx0.000009,0.000000,0.000000,0.000579,0.045724
B,ka100_req18,25,xxxxxxxxxxxxxxxx0.000009,0.000000,0.000000,0.000626,0.045085
B,ka100_req19,25,xxxxxxxxxxxxxxxx0.000009,0.000000,0.000000,0.000683,0.046024
B,ka100_req20,25,xxxxxxxxxxxxxxxx0.000023,0.000000,0.000000,0.002078,0.044312
B,ka100_req21,25,xxxxxxxxxxxxxxxx0.000036,0.000000,0.000000,0.002285,0.043523
B,ka100_req22,25,xxxxxxxxxxxxxxxx0.000034,0.000000,0.000000,0.002189,0.042494
B,ka100_req23,25,xxxxxxxxxxxxxxxx0.000035,0.000000,0.000000,0.002380,0.042864
B,ka100_req24,25,xxxxxxxxxxxxxxxx0.000037,0.000000,0.000000,0.002206,0.042631
B,ka100_req25,25,xxxxxxxxxxxxxxxx0.000033,0.000000,0.000000,0.002205,0.042965
B,ka100_req26,25,xxxxxxxxxxxxxxxx0.000034,0.000000,0.000000,0.002342,0.043579
B,ka100_req27,25,xxxxxxxxxxxxxxxx0.000032,0.000000,0.000000,0.001771,0.042945
B,ka100_req28,25,xxxxxxxxxxxxxxxx0.000053,0.000000,0.000000,0.002670,0.043761
B,ka100_req29,25,xxxxxxxxxxxxxxxx0.000034,0.000000,0.000000,0.002426,0.045549
B,ka100_req30,25,xxxxxxxxxxxxxxxx0.000035,0.000000,0.000000,0.002146,0.042856
B,ka100_req31,25,xxxxxxxxxxxxxxxx0.000025,0.000000,0.000000,0.002124,0.045775
B,ka100_req32,25,xxxxxxxxxxxxxxxx0.000035,0.000000,0.000000,0.002144,0.043120
B,ka100_req33,25,xxxxxxxxxxxxxxxx0.000102,0.000000,0.000000,0.002200,0.043424
B,ka100_req34,25,xxxxxxxxxxxxxxxx0.000027,0.000000,0.000000,0.002574,0.043456
B,ka100_req35,25,xxxxxxxxxxxxxxxx0.000026,0.000000,0.000000,0.001913,0.043035
B,ka100_req36,25,xxxxxxxxxxxxxxxx0.000027,0.000000,0.000000,0.002076,0.045694
B,ka100_req37,25,xxxxxxxxxxxxxxxx0.000039,0.000000,0.000000,0.002104,0.043557
B,ka100_req38,25,xxxxxxxxxxxxxxxx0.000029,0.000000,0.000000,0.001896,0.043114
B,ka100_req39,25,xxxxxxxxxxxxxxxx0.000028,0.000000,0.000000,0.001994,0.042708
B,ka100_req40,25,xxxxxxxxxxxxxxxx0.000021,0.000000,0.000000,0.001456,0.045611
B,ka100_req41,25,xxxxxxxxxxxxxxxx0.000022,0.000000,0.000000,0.001802,0.043141
B,ka100_req42,25,xxxxxxxxxxxxxxxx0.000038,0.000000,0.000000,0.002601,0.045693
B,ka100_req43,25,xxxxxxxxxxxxxxxx0.000036,0.000000,0.000000,0.001738,0.043714
B,ka100_req44,25,xxxxxxxxxxxxxxxx0.000029,0.000000,0.000000,0.001508,0.043458
B,ka100_req45,25,xxxxxxxxxxxxxxxx0.000030,0.000000,0.000000,0.001919,0.042887
B,ka100_req46,25,xxxxxxxxxxxxxxxx0.000020,0.000000,0.000000,0.001785,0.042820
B,ka100_req47,25,xxxxxxxxxxxxxxxx0.000020,0.000000,0.000000,0.001613,0.042782
B,ka100_req48,25,xxxxxxxxxxxxxxxx0.000020,0.000000,0.000000,0.001298,0.044048
B,ka100_req49,25,xxxxxxxxxxxxxxxx0.000026,0.000000,0.000000,0.002179,0.042676
B,ka100_req50,25,xxxxxxxxxxxxxxxx0.000026,0.000000,0.000000,0.001962,0.042947
B,ka100_req51,25,xxxxxxxxxxxxxxxx0.000027,0.000000,0.000000,0.001712,0.042731
B,ka100_req52,25,xxxxxxxxxxxxxxxx0.000024,0.000000,0.000000,0.001582,0.044647
B,ka100_req53,25,xxxxxxxxxxxxxxxx0.000036,0.000000,0.000000,0.001705,0.042699
B,ka100_req54,25,xxxxxxxxxxxxxxxx0.000035,0.000000,0.000000,0.001802,0.042745
B,ka100_req55,25,xxxxxxxxxxxxxxxx0.000031,0.000000,0.000000,0.001981,0.042999
B,ka100_req56,25,xxxxxxxxxxxxxxxx0.000029,0.000000,0.000000,0.002333,0.043329
B,ka100_req57,25,xxxxxxxxxxxxxxxx0.000017,0.000000,0.000000,0.001060,0.042045
B,ka100_req58,25,xxxxxxxxxxxxxxxx0.000024,0.000000,0.000000,0.001264,0.042452
B,ka100_req59,25,xxxxxxxxxxxxxxxx0.000034,0.000000,0.000000,0.001675,0.044590
B,ka100_req60,25,xxxxxxxxxxxxxxxx0.000073,0.000000,0.000000,0.001672,0.042911
B,ka100_req61,25,xxxxxxxxxxxxxxxx0.000026,0.000000,0.000000,0.001683,0.044030
B,ka100_req62,25,xxxxxxxxxxxxxxxx0.000039,0.000000,0.000000,0.002429,0.045742
B,ka100_req63,25,xxxxxxxxxxxxxxxx0.000036,0.000000,0.000000,0.002028,0.042901
B,ka100_req64,25,xxxxxxxxxxxxxxxx0.000026,0.000000,0.000000,0.001900,0.043538
B,ka100_req65,25,xxxxxxxxxxxxxxxx0.000029,0.000000,0.000000,0.001955,0.043117
B,ka100_req66,25,xxxxxxxxxxxxxxxx0.000040,0.000000,0.000000,0.002094,0.042622
B,ka100_req67,25,xxxxxxxxxxxxxxxx0.000026,0.000000,0.000000,0.001852,0.043551
B,ka100_req68,25,xxxxxxxxxxxxxxxx0.000035,0.000000,0.000000,0.002172,0.043052
B,ka100_req69,25,xxxxxxxxxxxxxxxx0.000035,0.000000,0.000000,0.002764,0.043717
B,ka100_req70,25,xxxxxxxxxxxxxxxx0.000029,0.000000,0.000000,0.002361,0.042954
B,ka100_req71,25,xxxxxxxxxxxxxxxx0.000027,0.000000,0.000000,0.002114,0.044198
B,ka100_req72,25,xxxxxxxxxxxxxxxx0.000038,0.000000,0.000000,0.002101,0.043220
B,ka100_req73,25,xxxxxxxxxxxxxxxx0.000036,0.000000,0.000000,0.002174,0.043402
B,ka100_req74,25,xxxxxxxxxxxxxxxx0.000034,0.000000,0.000000,0.002311,0.043267
B,ka100_req75,25,xxxxxxxxxxxxxxxx0.000041,0.000000,0.000000,0.002109,0.044637
B,ka100_req76,25,xxxxxxxxxxxxxxxx0.000047,0.000000,0.000000,0.002817,0.043523
B,ka100_req77,25,xxxxxxxxxxxxxxxx0.000034,0.000000,0.000000,0.001945,0.045301
B,ka100_req78,25,xxxxxxxxxxxxxxxx0.000030,0.000000,0.000000,0.002673,0.042933
B,ka100_req79,25,xxxxxxxxxxxxxxxx0.000033,0.000000,0.000000,0.002258,0.043149
B,ka100_req80,25,xxxxxxxxxxxxxxxx0.000063,0.000000,0.000000,0.002156,0.044329
B,ka100_req81,25,xxxxxxxxxxxxxxxx0.000024,0.000000,0.000000,0.001929,0.042840
B,ka100_req82,25,xxxxxxxxxxxxxxxx0.000035,0.000000,0.000000,0.002144,0.045329
B,ka100_req83,25,xxxxxxxxxxxxxxxx0.000026,0.000000,0.000000,0.002038,0.043244
B,ka100_req84,25,xxxxxxxxxxxxxxxx0.000051,0.000000,0.000000,0.001753,0.043144
B,ka100_req85,25,xxxxxxxxxxxxxxxx0.000039,0.000000,0.000000,0.002258,0.043421
B,ka100_req86,25,xxxxxxxxxxxxxxxx0.000030,0.000000,0.000000,0.002412,0.042801
B,ka100_req87,25,xxxxxxxxxxxxxxxx0.000028,0.000000,0.000000,0.002356,0.045743
B,ka100_req88,25,xxxxxxxxxxxxxxxx0.000041,0.000000,0.000000,0.002315,0.042804
B,ka100_req89,25,xxxxxxxxxxxxxxxx0.000037,0.000000,0.000000,0.002205,0.044512
B,ka100_req90,25,xxxxxxxxxxxxxxxx0.000037,0.000000,0.000000,0.002562,0.043879
B,ka100_req91,25,xxxxxxxxxxxxxxxx0.000037,0.000000,0.000000,0.002173,0.042840
B,ka100_req92,25,xxxxxxxxxxxxxxxx0.000037,0.000000,0.000000,0.002512,0.045238
B,ka100_req93,25,xxxxxxxxxxxxxxxx0.000073,0.000000,0.000000,0.002881,0.043919
B,ka100_req94,25,xxxxxxxxxxxxxxxx0.000023,0.000000,0.000000,0.001436,0.042085
B,ka100_req95,25,xxxxxxxxxxxxxxxx0.000039,0.000000,0.000000,0.002822,0.043674
B,ka100_req96,25,xxxxxxxxxxxxxxxx0.000036,0.000000,0.000000,0.002324,0.044892
B,ka100_req97,25,xxxxxxxxxxxxxxxx0.000036,0.000000,0.000000,0.002493,0.043696
B,ka100_req98,25,xxxxxxxxxxxxxxxx0.000029,0.000000,0.000000,0.002203,0.042960
B,ka100_req99,25,xxxxxxxxxxxxxxxx0.000038,0.000000,0.000000,0.002351,0.045216
B,ka100_req100,25,xxxxxxxxxxxxxxxx0.000021,0.000000,0.000000,0.001714,0.042947
B,ka100_req1,26,0.000022,0.000186,0.031527,0.033426,0.076937
B,ka100_req2,26,xxxxxxxxxxxxxxxx0.000019,0.000000,0.000000,0.001084,0.046097
B,ka100_req3,26,xxxxxxxxxxxxxxxx0.000027,0.000000,0.000000,0.001795,0.045734
B,ka100_req4,26,xxxxxxxxxxxxxxxx0.000040,0.000000,0.000000,0.002449,0.042850
B,ka100_req5,26,xxxxxxxxxxxxxxxx0.000039,0.000000,0.000000,0.002442,0.042820
B,ka100_req6,26,xxxxxxxxxxxxxxxx0.000045,0.000000,0.000000,0.002111,0.046290
B,ka100_req7,26,xxxxxxxxxxxxxxxx0.000038,0.000000,0.000000,0.002423,0.043160
B,ka100_req8,26,xxxxxxxxxxxxxxxx0.000038,0.000000,0.000000,0.001885,0.044400
B,ka100_req9,26,xxxxxxxxxxxxxxxx0.000027,0.000000,0.000000,0.001790,0.043169
B,ka100_req10,26,xxxxxxxxxxxxxxxx0.000024,0.000000,0.000000,0.001255,0.041716
B,ka100_req11,26,xxxxxxxxxxxxxxxx0.000030,0.000000,0.000000,0.001710,0.042836
B,ka100_req12,26,xxxxxxxxxxxxxxxx0.000028,0.000000,0.000000,0.001721,0.042644
B,ka100_req13,26,xxxxxxxxxxxxxxxx0.000016,0.000000,0.000000,0.001368,0.043499
B,ka100_req14,26,xxxxxxxxxxxxxxxx0.000034,0.000000,0.000000,0.002262,0.045784
B,ka100_req15,26,xxxxxxxxxxxxxxxx0.000036,0.000000,0.000000,0.002549,0.043389
B,ka100_req16,26,xxxxxxxxxxxxxxxx0.000039,0.000000,0.000000,0.002272,0.042939
B,ka100_req17,26,xxxxxxxxxxxxxxxx0.000038,0.000000,0.000000,0.002139,0.043821
B,ka100_req18,26,xxxxxxxxxxxxxxxx0.000036,0.000000,0.000000,0.002234,0.046297
B,ka100_req19,26,xxxxxxxxxxxxxxxx0.000050,0.000000,0.000000,0.002668,0.043698
B,ka100_req20,26,xxxxxxxxxxxxxxxx0.000039,0.000000,0.000000,0.002269,0.043855
B,ka100_req21,26,xxxxxxxxxxxxxxxx0.000036,0.000000,0.000000,0.002566,0.043660
B,ka100_req22,26,xxxxxxxxxxxxxxxx0.000028,0.000000,0.000000,0.001837,0.044454
B,ka100_req23,26,xxxxxxxxxxxxxxxx0.000034,0.000000,0.000000,0.002050,0.043361
B,ka100_req24,26,xxxxxxxxxxxxxxxx0.000080,0.000000,0.000000,0.002732,0.044597
B,ka100_req25,26,xxxxxxxxxxxxxxxx0.000042,0.000000,0.000000,0.002128,0.045233
B,ka100_req26,26,xxxxxxxxxxxxxxxx0.000035,0.000000,0.000000,0.002518,0.043133
B,ka100_req27,26,xxxxxxxxxxxxxxxx0.000038,0.000000,0.000000,0.002261,0.045860
B,ka100_req28,26,xxxxxxxxxxxxxxxx0.000040,0.000000,0.000000,0.002313,0.043241
B,ka100_req29,26,xxxxxxxxxxxxxxxx0.000023,0.000000,0.000000,0.001580,0.041670
B,ka100_req30,26,xxxxxxxxxxxxxxxx0.000014,0.000000,0.000000,0.001069,0.041952
B,ka100_req31,26,xxxxxxxxxxxxxxxx0.000009,0.000000,0.000000,0.000563,0.045787
B,ka100_req32,26,xxxxxxxxxxxxxxxx0.000007,0.000000,0.000000,0.000557,0.045261
B,ka100_req33,26,xxxxxxxxxxxxxxxx0.000023,0.000000,0.000000,0.001319,0.041849
B,ka100_req34,26,xxxxxxxxxxxxxxxx0.000042,0.000000,0.000000,0.001582,0.042790
B,ka100_req35,26,xxxxxxxxxxxxxxxx0.000037,0.000000,0.000000,0.001644,0.045700
B,ka100_req36,26,xxxxxxxxxxxxxxxx0.000035,0.000000,0.000000,0.001997,0.042798
B,ka100_req37,26,xxxxxxxxxxxxxxxx0.000039,0.000000,0.000000,0.002254,0.043900
B,ka100_req38,26,xxxxxxxxxxxxxxxx0.000036,0.000000,0.000000,0.002427,0.043660
B,ka100_req39,26,xxxxxxxxxxxxxxxx0.000026,0.000000,0.000000,0.001788,0.042768
B,ka100_req40,26,xxxxxxxxxxxxxxxx0.000031,0.000000,0.000000,0.001839,0.043042
B,ka100_req41,26,xxxxxxxxxxxxxxxx0.000040,0.000000,0.000000,0.002209,0.043705
B,ka100_req42,26,xxxxxxxxxxxxxxxx0.000046,0.000000,0.000000,0.002219,0.044916
B,ka100_req43,26,xxxxxxxxxxxxxxxx0.000038,0.000000,0.000000,0.002518,0.044327
B,ka100_req44,26,xxxxxxxxxxxxxxxx0.000043,0.000000,0.000000,0.002244,0.043438
B,ka100_req45,26,xxxxxxxxxxxxxxxx0.000020,0.000000,0.000000,0.001735,0.043158
B,ka100_req46,26,xxxxxxxxxxxxxxxx0.000038,0.000000,0.000000,0.002789,0.043640
B,ka100_req47,26,xxxxxxxxxxxxxxxx0.000040,0.000000,0.000000,0.002638,0.045380
B,ka100_req48,26,xxxxxxxxxxxxxxxx0.000035,0.000000,0.000000,0.002218,0.044072
B,ka100_req49,26,xxxxxxxxxxxxxxxx0.000018,0.000000,0.000000,0.001543,0.042948
B,ka100_req50,26,xxxxxxxxxxxxxxxx0.000035,0.000000,0.000000,0.001949,0.042660
B,ka100_req51,26,xxxxxxxxxxxxxxxx0.000025,0.000000,0.000000,0.001605,0.042827
B,ka100_req52,26,xxxxxxxxxxxxxxxx0.000033,0.000000,0.000000,0.002011,0.042448
B,ka100_req53,26,xxxxxxxxxxxxxxxx0.000024,0.000000,0.000000,0.001505,0.042437
B,ka100_req54,26,xxxxxxxxxxxxxxxx0.000023,0.000000,0.000000,0.001619,0.043308
B,ka100_req55,26,xxxxxxxxxxxxxxxx0.000024,0.000000,0.000000,0.002152,0.043289
B,ka100_req56,26,xxxxxxxxxxxxxxxx0.000036,0.000000,0.000000,0.002218,0.045391
B,ka100_req57,26,xxxxxxxxxxxxxxxx0.000026,0.000000,0.000000,0.001886,0.042718
B,ka100_req58,26,xxxxxxxxxxxxxxxx0.000023,0.000000,0.000000,0.001902,0.043027
B,ka100_req59,26,xxxxxxxxxxxxxxxx0.000041,0.000000,0.000000,0.002607,0.044071
B,ka100_req60,26,xxxxxxxxxxxxxxxx0.000040,0.000000,0.000000,0.002272,0.044522
B,ka100_req61,26,xxxxxxxxxxxxxxxx0.000035,0.000000,0.000000,0.002190,0.043362
B,ka100_req62,26,xxxxxxxxxxxxxxxx0.000036,0.000000,0.000000,0.002072,0.042933
B,ka100_req63,26,xxxxxxxxxxxxxxxx0.000026,0.000000,0.000000,0.001722,0.042779
B,ka100_req64,26,xxxxxxxxxxxxxxxx0.000033,0.000000,0.000000,0.002523,0.043764
B,ka100_req65,26,xxxxxxxxxxxxxxxx0.000037,0.000000,0.000000,0.002228,0.045502
B,ka100_req66,26,xxxxxxxxxxxxxxxx0.000038,0.000000,0.000000,0.002430,0.043408
B,ka100_req67,26,xxxxxxxxxxxxxxxx0.000042,0.000000,0.000000,0.003192,0.044886
B,ka100_req68,26,xxxxxxxxxxxxxxxx0.000037,0.000000,0.000000,0.002091,0.043016
B,ka100_req69,26,xxxxxxxxxxxxxxxx0.000038,0.000000,0.000000,0.002175,0.042846
B,ka100_req70,26,xxxxxxxxxxxxxxxx0.000065,0.000000,0.000000,0.002282,0.046492
B,ka100_req71,26,xxxxxxxxxxxxxxxx0.000037,0.000000,0.000000,0.002335,0.043997
B,ka100_req72,26,xxxxxxxxxxxxxxxx0.000089,0.000000,0.000000,0.002181,0.043628
B,ka100_req73,26,xxxxxxxxxxxxxxxx0.000036,0.000000,0.000000,0.004846,0.046173
B,ka100_req74,26,xxxxxxxxxxxxxxxx0.000035,0.000000,0.000000,0.002850,0.044267
B,ka100_req75,26,xxxxxxxxxxxxxxxx0.000039,0.000000,0.000000,0.002962,0.043372
B,ka100_req76,26,xxxxxxxxxxxxxxxx0.000018,0.000000,0.000000,0.001417,0.042625
B,ka100_req77,26,xxxxxxxxxxxxxxxx0.000010,0.000000,0.000000,0.000650,0.042433
B,ka100_req78,26,xxxxxxxxxxxxxxxx0.000010,0.000000,0.000000,0.000635,0.045575
B,ka100_req79,26,xxxxxxxxxxxxxxxx0.000015,0.000000,0.000000,0.000747,0.046095
B,ka100_req80,26,xxxxxxxxxxxxxxxx0.000019,0.000000,0.000000,0.001533,0.042983
B,ka100_req81,26,xxxxxxxxxxxxxxxx0.000027,0.000000,0.000000,0.001991,0.042804
B,ka100_req82,26,xxxxxxxxxxxxxxxx0.000036,0.000000,0.000000,0.002106,0.044743
B,ka100_req83,26,xxxxxxxxxxxxxxxx0.000025,0.000000,0.000000,0.001809,0.042973
B,ka100_req84,26,xxxxxxxxxxxxxxxx0.000017,0.000000,0.000000,0.001695,0.043084
B,ka100_req85,26,xxxxxxxxxxxxxxxx0.000029,0.000000,0.000000,0.002024,0.046092
B,ka100_req86,26,xxxxxxxxxxxxxxxx0.000026,0.000000,0.000000,0.001920,0.046076
B,ka100_req87,26,xxxxxxxxxxxxxxxx0.000042,0.000000,0.000000,0.002595,0.043826
B,ka100_req88,26,xxxxxxxxxxxxxxxx0.000036,0.000000,0.000000,0.002589,0.043766
B,ka100_req89,26,xxxxxxxxxxxxxxxx0.000037,0.000000,0.000000,0.002751,0.043612
B,ka100_req90,26,xxxxxxxxxxxxxxxx0.000034,0.000000,0.000000,0.002464,0.043599
B,ka100_req91,26,xxxxxxxxxxxxxxxx0.000040,0.000000,0.000000,0.002432,0.042846
B,ka100_req92,26,xxxxxxxxxxxxxxxx0.000029,0.000000,0.000000,0.001830,0.043391
B,ka100_req93,26,xxxxxxxxxxxxxxxx0.000036,0.000000,0.000000,0.002867,0.044165
B,ka100_req94,26,xxxxxxxxxxxxxxxx0.000034,0.000000,0.000000,0.002252,0.042735
B,ka100_req95,26,xxxxxxxxxxxxxxxx0.000029,0.000000,0.000000,0.002152,0.045205
B,ka100_req96,26,xxxxxxxxxxxxxxxx0.000022,0.000000,0.000000,0.003533,0.044685
B,ka100_req97,26,xxxxxxxxxxxxxxxx0.000034,0.000000,0.000000,0.001824,0.043028
B,ka100_req98,26,xxxxxxxxxxxxxxxx0.000051,0.000000,0.000000,0.007948,0.050719
B,ka100_req99,26,xxxxxxxxxxxxxxxx0.000043,0.000000,0.000000,0.002286,0.043082
B,ka100_req100,26,xxxxxxxxxxxxxxxx0.000038,0.000000,0.000000,0.002498,0.044162
B,ka100_req1,27,0.000023,0.000187,0.031082,0.033374,0.076619
B,ka100_req2,27,xxxxxxxxxxxxxxxx0.000017,0.000000,0.000000,0.000837,0.045067
B,ka100_req3,27,xxxxxxxxxxxxxxxx0.000024,0.000000,0.000000,0.001566,0.042054
B,ka100_req4,27,xxxxxxxxxxxxxxxx0.000045,0.000000,0.000000,0.002480,0.043687
B,ka100_req5,27,xxxxxxxxxxxxxxxx0.000039,0.000000,0.000000,0.002540,0.042866
B,ka100_req6,27,xxxxxxxxxxxxxxxx0.000029,0.000000,0.000000,0.001911,0.042563
B,ka100_req7,27,xxxxxxxxxxxxxxxx0.000038,0.000000,0.000000,0.002510,0.043904
B,ka100_req8,27,xxxxxxxxxxxxxxxx0.000038,0.000000,0.000000,0.002410,0.043629
B,ka100_req9,27,xxxxxxxxxxxxxxxx0.000035,0.000000,0.000000,0.002529,0.043646
B,ka100_req10,27,xxxxxxxxxxxxxxxx0.000036,0.000000,0.000000,0.002351,0.045818
B,ka100_req11,27,xxxxxxxxxxxxxxxx0.000026,0.000000,0.000000,0.001809,0.042790
B,ka100_req12,27,xxxxxxxxxxxxxxxx0.000026,0.000000,0.000000,0.001899,0.045603
B,ka100_req13,27,xxxxxxxxxxxxxxxx0.000042,0.000000,0.000000,0.002459,0.045923
B,ka100_req14,27,xxxxxxxxxxxxxxxx0.000037,0.000000,0.000000,0.002160,0.045446
B,ka100_req15,27,xxxxxxxxxxxxxxxx0.000037,0.000000,0.000000,0.002323,0.043151
B,ka100_req16,27,xxxxxxxxxxxxxxxx0.000049,0.000000,0.000000,0.002031,0.043507
B,ka100_req17,27,xxxxxxxxxxxxxxxx0.000022,0.000000,0.000000,0.001734,0.043134
B,ka100_req18,27,xxxxxxxxxxxxxxxx0.000033,0.000000,0.000000,0.002827,0.043790
B,ka100_req19,27,xxxxxxxxxxxxxxxx0.000035,0.000000,0.000000,0.001845,0.044254
B,ka100_req20,27,xxxxxxxxxxxxxxxx0.000028,0.000000,0.000000,0.001694,0.042042
B,ka100_req21,27,xxxxxxxxxxxxxxxx0.000035,0.000000,0.000000,0.002339,0.045692
B,ka100_req22,27,xxxxxxxxxxxxxxxx0.000030,0.000000,0.000000,0.002164,0.043733
B,ka100_req23,27,xxxxxxxxxxxxxxxx0.000041,0.000000,0.000000,0.001765,0.042968
B,ka100_req24,27,xxxxxxxxxxxxxxxx0.000046,0.000000,0.000000,0.001991,0.045488
B,ka100_req25,27,xxxxxxxxxxxxxxxx0.000036,0.000000,0.000000,0.002625,0.043925
B,ka100_req26,27,xxxxxxxxxxxxxxxx0.000033,0.000000,0.000000,0.002322,0.042772
B,ka100_req27,27,xxxxxxxxxxxxxxxx0.000036,0.000000,0.000000,0.002148,0.042736
B,ka100_req28,27,xxxxxxxxxxxxxxxx0.000035,0.000000,0.000000,0.002777,0.044151
B,ka100_req29,27,xxxxxxxxxxxxxxxx0.000027,0.000000,0.000000,0.001718,0.044232
B,ka100_req30,27,xxxxxxxxxxxxxxxx0.000040,0.000000,0.000000,0.002025,0.043079
B,ka100_req31,27,xxxxxxxxxxxxxxxx0.000037,0.000000,0.000000,0.002252,0.043622
B,ka100_req32,27,xxxxxxxxxxxxxxxx0.000036,0.000000,0.000000,0.002470,0.043523
B,ka100_req33,27,xxxxxxxxxxxxxxxx0.000037,0.000000,0.000000,0.002437,0.043020
B,ka100_req34,27,xxxxxxxxxxxxxxxx0.000036,0.000000,0.000000,0.002064,0.042495
B,ka100_req35,27,xxxxxxxxxxxxxxxx0.000043,0.000000,0.000000,0.002126,0.044929
B,ka100_req36,27,xxxxxxxxxxxxxxxx0.000040,0.000000,0.000000,0.002264,0.044774
B,ka100_req37,27,xxxxxxxxxxxxxxxx0.000037,0.000000,0.000000,0.002478,0.043593
B,ka100_req38,27,xxxxxxxxxxxxxxxx0.000051,0.000000,0.000000,0.002340,0.043577
B,ka100_req39,27,xxxxxxxxxxxxxxxx0.000037,0.000000,0.000000,0.002304,0.043226
B,ka100_req40,27,xxxxxxxxxxxxxxxx0.000035,0.000000,0.000000,0.002630,0.043179
B,ka100_req41,27,xxxxxxxxxxxxxxxx0.000036,0.000000,0.000000,0.002511,0.042816
B,ka100_req42,27,xxxxxxxxxxxxxxxx0.000024,0.000000,0.000000,0.001495,0.042622
B,ka100_req43,27,xxxxxxxxxxxxxxxx0.000036,0.000000,0.000000,0.002306,0.043045
B,ka100_req44,27,xxxxxxxxxxxxxxxx0.000033,0.000000,0.000000,0.002258,0.042967
B,ka100_req45,27,xxxxxxxxxxxxxxxx0.000028,0.000000,0.000000,0.002041,0.046532
B,ka100_req46,27,xxxxxxxxxxxxxxxx0.000039,0.000000,0.000000,0.002515,0.044595
B,ka100_req47,27,xxxxxxxxxxxxxxxx0.000036,0.000000,0.000000,0.002285,0.042968
B,ka100_req48,27,xxxxxxxxxxxxxxxx0.000037,0.000000,0.000000,0.002127,0.042578
B,ka100_req49,27,xxxxxxxxxxxxxxxx0.000038,0.000000,0.000000,0.002697,0.043710
B,ka100_req50,27,xxxxxxxxxxxxxxxx0.000037,0.000000,0.000000,0.002586,0.043857
B,ka100_req51,27,xxxxxxxxxxxxxxxx0.000040,0.000000,0.000000,0.002466,0.043691
B,ka100_req52,27,xxxxxxxxxxxxxxxx0.000035,0.000000,0.000000,0.002429,0.045696
B,ka100_req53,27,xxxxxxxxxxxxxxxx0.000036,0.000000,0.000000,0.002411,0.043165
B,ka100_req54,27,xxxxxxxxxxxxxxxx0.000039,0.000000,0.000000,0.001954,0.044143
B,ka100_req55,27,xxxxxxxxxxxxxxxx0.000038,0.000000,0.000000,0.002424,0.043271
B,ka100_req56,27,xxxxxxxxxxxxxxxx0.000049,0.000000,0.000000,0.002257,0.046472
B,ka100_req57,27,xxxxxxxxxxxxxxxx0.000036,0.000000,0.000000,0.002603,0.043866
B,ka100_req58,27,xxxxxxxxxxxxxxxx0.000030,0.000000,0.000000,0.002569,0.043850
B,ka100_req59,27,xxxxxxxxxxxxxxxx0.000031,0.000000,0.000000,0.001759,0.042552
B,ka100_req60,27,xxxxxxxxxxxxxxxx0.000027,0.000000,0.000000,0.002296,0.043115
B,ka100_req61,27,xxxxxxxxxxxxxxxx0.000036,0.000000,0.000000,0.002330,0.043302
B,ka100_req62,27,xxxxxxxxxxxxxxxx0.000036,0.000000,0.000000,0.002668,0.043900
B,ka100_req63,27,xxxxxxxxxxxxxxxx0.000038,0.000000,0.000000,0.002753,0.043706
B,ka100_req64,27,xxxxxxxxxxxxxxxx0.000037,0.000000,0.000000,0.002344,0.042688
B,ka100_req65,27,xxxxxxxxxxxxxxxx0.000026,0.000000,0.000000,0.002064,0.042900
B,ka100_req66,27,xxxxxxxxxxxxxxxx0.000025,0.000000,0.000000,0.001738,0.042782
B,ka100_req67,27,xxxxxxxxxxxxxxxx0.000038,0.000000,0.000000,0.002518,0.043881
B,ka100_req68,27,xxxxxxxxxxxxxxxx0.000017,0.000000,0.000000,0.001501,0.045552
B,ka100_req69,27,xxxxxxxxxxxxxxxx0.000026,0.000000,0.000000,0.002048,0.042970
B,ka100_req70,27,xxxxxxxxxxxxxxxx0.000025,0.000000,0.000000,0.001743,0.043939
B,ka100_req71,27,xxxxxxxxxxxxxxxx0.000039,0.000000,0.000000,0.001982,0.043607
B,ka100_req72,27,xxxxxxxxxxxxxxxx0.000036,0.000000,0.000000,0.002169,0.043005
B,ka100_req73,27,xxxxxxxxxxxxxxxx0.000035,0.000000,0.000000,0.002199,0.043566
B,ka100_req74,27,xxxxxxxxxxxxxxxx0.000036,0.000000,0.000000,0.002214,0.043636
B,ka100_req75,27,xxxxxxxxxxxxxxxx0.000038,0.000000,0.000000,0.002179,0.042928
B,ka100_req76,27,xxxxxxxxxxxxxxxx0.000040,0.000000,0.000000,0.002354,0.043614
B,ka100_req77,27,xxxxxxxxxxxxxxxx0.000038,0.000000,0.000000,0.002445,0.043814
B,ka100_req78,27,xxxxxxxxxxxxxxxx0.000026,0.000000,0.000000,0.001859,0.045577
B,ka100_req79,27,xxxxxxxxxxxxxxxx0.000031,0.000000,0.000000,0.001780,0.042864
B,ka100_req80,27,xxxxxxxxxxxxxxxx0.000035,0.000000,0.000000,0.002056,0.043139
B,ka100_req81,27,xxxxxxxxxxxxxxxx0.000050,0.000000,0.000000,0.002418,0.043229
B,ka100_req82,27,xxxxxxxxxxxxxxxx0.000030,0.000000,0.000000,0.002479,0.042884
B,ka100_req83,27,xxxxxxxxxxxxxxxx0.000038,0.000000,0.000000,0.002111,0.042879
B,ka100_req84,27,xxxxxxxxxxxxxxxx0.000039,0.000000,0.000000,0.002361,0.043637
B,ka100_req85,27,xxxxxxxxxxxxxxxx0.000036,0.000000,0.000000,0.002534,0.043653
B,ka100_req86,27,xxxxxxxxxxxxxxxx0.000037,0.000000,0.000000,0.002127,0.042706
B,ka100_req87,27,xxxxxxxxxxxxxxxx0.000036,0.000000,0.000000,0.002280,0.044762
B,ka100_req88,27,xxxxxxxxxxxxxxxx0.000026,0.000000,0.000000,0.001781,0.042951
B,ka100_req89,27,xxxxxxxxxxxxxxxx0.000036,0.000000,0.000000,0.002496,0.043544
B,ka100_req90,27,xxxxxxxxxxxxxxxx0.000038,0.000000,0.000000,0.002467,0.042759
B,ka100_req91,27,xxxxxxxxxxxxxxxx0.000029,0.000000,0.000000,0.001881,0.044056
B,ka100_req92,27,xxxxxxxxxxxxxxxx0.000040,0.000000,0.000000,0.002689,0.043562
B,ka100_req93,27,xxxxxxxxxxxxxxxx0.000027,0.000000,0.000000,0.002304,0.043055
B,ka100_req94,27,xxxxxxxxxxxxxxxx0.000037,0.000000,0.000000,0.002161,0.046374
B,ka100_req95,27,xxxxxxxxxxxxxxxx0.000039,0.000000,0.000000,0.002235,0.042989
B,ka100_req96,27,xxxxxxxxxxxxxxxx0.000036,0.000000,0.000000,0.002197,0.046423
B,ka100_req97,27,xxxxxxxxxxxxxxxx0.000030,0.000000,0.000000,0.001841,0.042744
B,ka100_req98,27,xxxxxxxxxxxxxxxx0.000037,0.000000,0.000000,0.002314,0.043634
B,ka100_req99,27,xxxxxxxxxxxxxxxx0.000038,0.000000,0.000000,0.002255,0.043883
B,ka100_req100,27,xxxxxxxxxxxxxxxx0.000036,0.000000,0.000000,0.002237,0.043342
B,ka100_req1,28,0.000022,0.000148,0.030426,0.033079,0.076277
B,ka100_req2,28,xxxxxxxxxxxxxxxx0.000016,0.000000,0.000000,0.001014,0.045415
B,ka100_req3,28,xxxxxxxxxxxxxxxx0.000050,0.000000,0.000000,0.001756,0.046309
B,ka100_req4,28,xxxxxxxxxxxxxxxx0.000038,0.000000,0.000000,0.002347,0.043735
B,ka100_req5,28,xxxxxxxxxxxxxxxx0.000038,0.000000,0.000000,0.002087,0.042809
B,ka100_req6,28,xxxxxxxxxxxxxxxx0.000037,0.000000,0.000000,0.002259,0.045088
B,ka100_req7,28,xxxxxxxxxxxxxxxx0.000034,0.000000,0.000000,0.003785,0.044465
B,ka100_req8,28,xxxxxxxxxxxxxxxx0.000035,0.000000,0.000000,0.002233,0.043013
B,ka100_req9,28,xxxxxxxxxxxxxxxx0.000035,0.000000,0.000000,0.002259,0.045012
B,ka100_req10,28,xxxxxxxxxxxxxxxx0.000035,0.000000,0.000000,0.002431,0.043522
B,ka100_req11,28,xxxxxxxxxxxxxxxx0.000037,0.000000,0.000000,0.002227,0.046137
B,ka100_req12,28,xxxxxxxxxxxxxxxx0.000037,0.000000,0.000000,0.002119,0.044043
B,ka100_req13,28,xxxxxxxxxxxxxxxx0.000025,0.000000,0.000000,0.001827,0.044376
B,ka100_req14,28,xxxxxxxxxxxxxxxx0.000033,0.000000,0.000000,0.002238,0.043316
B,ka100_req15,28,xxxxxxxxxxxxxxxx0.000038,0.000000,0.000000,0.002589,0.043704
B,ka100_req16,28,xxxxxxxxxxxxxxxx0.000035,0.000000,0.000000,0.002194,0.042476
B,ka100_req17,28,xxxxxxxxxxxxxxxx0.000038,0.000000,0.000000,0.002308,0.042866
B,ka100_req18,28,xxxxxxxxxxxxxxxx0.000035,0.000000,0.000000,0.002346,0.042638
B,ka100_req19,28,xxxxxxxxxxxxxxxx0.000038,0.000000,0.000000,0.001952,0.042835
B,ka100_req20,28,xxxxxxxxxxxxxxxx0.000033,0.000000,0.000000,0.002250,0.042986
B,ka100_req21,28,xxxxxxxxxxxxxxxx0.000036,0.000000,0.000000,0.002244,0.044934
B,ka100_req22,28,xxxxxxxxxxxxxxxx0.000037,0.000000,0.000000,0.002244,0.043402
B,ka100_req23,28,xxxxxxxxxxxxxxxx0.000036,0.000000,0.000000,0.002237,0.042735
B,ka100_req24,28,xxxxxxxxxxxxxxxx0.000034,0.000000,0.000000,0.002305,0.045366
B,ka100_req25,28,xxxxxxxxxxxxxxxx0.000027,0.000000,0.000000,0.002293,0.045286
B,ka100_req26,28,xxxxxxxxxxxxxxxx0.000084,0.000000,0.000000,0.002126,0.042415
B,ka100_req27,28,xxxxxxxxxxxxxxxx0.000056,0.000000,0.000000,0.002304,0.042815
B,ka100_req28,28,xxxxxxxxxxxxxxxx0.000035,0.000000,0.000000,0.002383,0.044102
B,ka100_req29,28,xxxxxxxxxxxxxxxx0.000039,0.000000,0.000000,0.002892,0.043503
B,ka100_req30,28,xxxxxxxxxxxxxxxx0.000035,0.000000,0.000000,0.002181,0.044094
B,ka100_req31,28,xxxxxxxxxxxxxxxx0.000040,0.000000,0.000000,0.002327,0.045009
B,ka100_req32,28,xxxxxxxxxxxxxxxx0.000036,0.000000,0.000000,0.002367,0.045084
B,ka100_req33,28,xxxxxxxxxxxxxxxx0.000037,0.000000,0.000000,0.002055,0.043602
B,ka100_req34,28,xxxxxxxxxxxxxxxx0.000037,0.000000,0.000000,0.002190,0.043630
B,ka100_req35,28,xxxxxxxxxxxxxxxx0.000026,0.000000,0.000000,0.002071,0.045027
B,ka100_req36,28,xxxxxxxxxxxxxxxx0.000037,0.000000,0.000000,0.002185,0.042770
B,ka100_req37,28,xxxxxxxxxxxxxxxx0.000036,0.000000,0.000000,0.002291,0.043676
B,ka100_req38,28,xxxxxxxxxxxxxxxx0.000036,0.000000,0.000000,0.002225,0.044644
B,ka100_req39,28,xxxxxxxxxxxxxxxx0.000039,0.000000,0.000000,0.002613,0.044840
B,ka100_req40,28,xxxxxxxxxxxxxxxx0.000037,0.000000,0.000000,0.002437,0.043779
B,ka100_req41,28,xxxxxxxxxxxxxxxx0.000039,0.000000,0.000000,0.002362,0.043563
B,ka100_req42,28,xxxxxxxxxxxxxxxx0.000036,0.000000,0.000000,0.002182,0.043095
B,ka100_req43,28,xxxxxxxxxxxxxxxx0.000039,0.000000,0.000000,0.002250,0.044778
B,ka100_req44,28,xxxxxxxxxxxxxxxx0.000038,0.000000,0.000000,0.002188,0.043333
B,ka100_req45,28,xxxxxxxxxxxxxxxx0.000050,0.000000,0.000000,0.002154,0.043146
B,ka100_req46,28,xxxxxxxxxxxxxxxx0.000032,0.000000,0.000000,0.002042,0.043667
B,ka100_req47,28,xxxxxxxxxxxxxxxx0.000040,0.000000,0.000000,0.003829,0.044597
B,ka100_req48,28,xxxxxxxxxxxxxxxx0.000030,0.000000,0.000000,0.002268,0.043611
B,ka100_req49,28,xxxxxxxxxxxxxxxx0.000022,0.000000,0.000000,0.002480,0.043736
B,ka100_req50,28,xxxxxxxxxxxxxxxx0.000034,0.000000,0.000000,0.002507,0.043781
B,ka100_req51,28,xxxxxxxxxxxxxxxx0.000028,0.000000,0.000000,0.001803,0.042752
B,ka100_req52,28,xxxxxxxxxxxxxxxx0.000026,0.000000,0.000000,0.002043,0.042841
B,ka100_req53,28,xxxxxxxxxxxxxxxx0.000024,0.000000,0.000000,0.001990,0.042743
B,ka100_req54,28,xxxxxxxxxxxxxxxx0.000021,0.000000,0.000000,0.001559,0.042831
B,ka100_req55,28,xxxxxxxxxxxxxxxx0.000016,0.000000,0.000000,0.000994,0.041470
B,ka100_req56,28,xxxxxxxxxxxxxxxx0.000009,0.000000,0.000000,0.000502,0.041688
B,ka100_req57,28,xxxxxxxxxxxxxxxx0.000008,0.000000,0.000000,0.000512,0.041531
B,ka100_req58,28,xxxxxxxxxxxxxxxx0.000037,0.000000,0.000000,0.001312,0.043277
B,ka100_req59,28,xxxxxxxxxxxxxxxx0.000036,0.000000,0.000000,0.001593,0.045336
B,ka100_req60,28,xxxxxxxxxxxxxxxx0.000037,0.000000,0.000000,0.001553,0.042756
B,ka100_req61,28,xxxxxxxxxxxxxxxx0.000038,0.000000,0.000000,0.001752,0.042701
B,ka100_req62,28,xxxxxxxxxxxxxxxx0.000026,0.000000,0.000000,0.001769,0.042905
B,ka100_req63,28,xxxxxxxxxxxxxxxx0.000036,0.000000,0.000000,0.002527,0.044701
B,ka100_req64,28,xxxxxxxxxxxxxxxx0.000036,0.000000,0.000000,0.002437,0.044391
B,ka100_req65,28,xxxxxxxxxxxxxxxx0.000032,0.000000,0.000000,0.001573,0.044181
B,ka100_req66,28,xxxxxxxxxxxxxxxx0.000036,0.000000,0.000000,0.002123,0.044415
B,ka100_req67,28,xxxxxxxxxxxxxxxx0.000037,0.000000,0.000000,0.002574,0.045010
B,ka100_req68,28,xxxxxxxxxxxxxxxx0.000037,0.000000,0.000000,0.002103,0.043139
B,ka100_req69,28,xxxxxxxxxxxxxxxx0.000034,0.000000,0.000000,0.001817,0.044145
B,ka100_req70,28,xxxxxxxxxxxxxxxx0.000042,0.000000,0.000000,0.002177,0.044039
B,ka100_req71,28,xxxxxxxxxxxxxxxx0.000028,0.000000,0.000000,0.002338,0.043541
B,ka100_req72,28,xxxxxxxxxxxxxxxx0.000034,0.000000,0.000000,0.002042,0.043100
B,ka100_req73,28,xxxxxxxxxxxxxxxx0.000035,0.000000,0.000000,0.002399,0.043205
B,ka100_req74,28,xxxxxxxxxxxxxxxx0.000035,0.000000,0.000000,0.002527,0.043724
B,ka100_req75,28,xxxxxxxxxxxxxxxx0.000041,0.000000,0.000000,0.002095,0.042822
B,ka100_req76,28,xxxxxxxxxxxxxxxx0.000035,0.000000,0.000000,0.002377,0.042840
B,ka100_req77,28,xxxxxxxxxxxxxxxx0.000036,0.000000,0.000000,0.002357,0.043560
B,ka100_req78,28,xxxxxxxxxxxxxxxx0.000020,0.000000,0.000000,0.001377,0.045780
B,ka100_req79,28,xxxxxxxxxxxxxxxx0.000024,0.000000,0.000000,0.001634,0.044192
B,ka100_req80,28,xxxxxxxxxxxxxxxx0.000036,0.000000,0.000000,0.002031,0.045295
B,ka100_req81,28,xxxxxxxxxxxxxxxx0.000028,0.000000,0.000000,0.001748,0.043816
B,ka100_req82,28,xxxxxxxxxxxxxxxx0.000024,0.000000,0.000000,0.001657,0.045701
B,ka100_req83,28,xxxxxxxxxxxxxxxx0.000037,0.000000,0.000000,0.002197,0.045130
B,ka100_req84,28,xxxxxxxxxxxxxxxx0.000031,0.000000,0.000000,0.002267,0.042624
B,ka100_req85,28,xxxxxxxxxxxxxxxx0.000036,0.000000,0.000000,0.002256,0.043643
B,ka100_req86,28,xxxxxxxxxxxxxxxx0.000024,0.000000,0.000000,0.002172,0.045135
B,ka100_req87,28,xxxxxxxxxxxxxxxx0.000037,0.000000,0.000000,0.002635,0.043634
B,ka100_req88,28,xxxxxxxxxxxxxxxx0.000033,0.000000,0.000000,0.002154,0.043853
B,ka100_req89,28,xxxxxxxxxxxxxxxx0.000036,0.000000,0.000000,0.002266,0.045191
B,ka100_req90,28,xxxxxxxxxxxxxxxx0.000035,0.000000,0.000000,0.002066,0.043448
B,ka100_req91,28,xxxxxxxxxxxxxxxx0.000039,0.000000,0.000000,0.001956,0.042512
B,ka100_req92,28,xxxxxxxxxxxxxxxx0.000040,0.000000,0.000000,0.002133,0.044717
B,ka100_req93,28,xxxxxxxxxxxxxxxx0.000037,0.000000,0.000000,0.002511,0.044922
B,ka100_req94,28,xxxxxxxxxxxxxxxx0.000039,0.000000,0.000000,0.002294,0.043437
B,ka100_req95,28,xxxxxxxxxxxxxxxx0.000036,0.000000,0.000000,0.002545,0.043913
B,ka100_req96,28,xxxxxxxxxxxxxxxx0.000188,0.000000,0.000000,0.001936,0.044275
B,ka100_req97,28,xxxxxxxxxxxxxxxx0.000039,0.000000,0.000000,0.002273,0.043150
B,ka100_req98,28,xxxxxxxxxxxxxxxx0.000029,0.000000,0.000000,0.001919,0.044056
B,ka100_req99,28,xxxxxxxxxxxxxxxx0.000052,0.000000,0.000000,0.002395,0.043243
B,ka100_req100,28,xxxxxxxxxxxxxxxx0.000034,0.000000,0.000000,0.002475,0.043733
B,ka100_req1,29,0.000013,0.000086,0.018997,0.020653,0.063343
B,ka100_req2,29,xxxxxxxxxxxxxxxx0.000009,0.000000,0.000000,0.000985,0.044828
B,ka100_req3,29,xxxxxxxxxxxxxxxx0.000013,0.000000,0.000000,0.000681,0.045924
B,ka100_req4,29,xxxxxxxxxxxxxxxx0.000013,0.000000,0.000000,0.000867,0.042022
B,ka100_req5,29,xxxxxxxxxxxxxxxx0.000028,0.000000,0.000000,0.001568,0.046004
B,ka100_req6,29,xxxxxxxxxxxxxxxx0.000039,0.000000,0.000000,0.002595,0.043675
B,ka100_req7,29,xxxxxxxxxxxxxxxx0.000066,0.000000,0.000000,0.002329,0.043213
B,ka100_req8,29,xxxxxxxxxxxxxxxx0.000036,0.000000,0.000000,0.002192,0.045292
B,ka100_req9,29,xxxxxxxxxxxxxxxx0.000035,0.000000,0.000000,0.002719,0.044357
B,ka100_req10,29,xxxxxxxxxxxxxxxx0.000024,0.000000,0.000000,0.001419,0.042977
B,ka100_req11,29,xxxxxxxxxxxxxxxx0.000037,0.000000,0.000000,0.002132,0.044305
B,ka100_req12,29,xxxxxxxxxxxxxxxx0.000039,0.000000,0.000000,0.002460,0.043680
B,ka100_req13,29,xxxxxxxxxxxxxxxx0.000035,0.000000,0.000000,0.002201,0.042602
B,ka100_req14,29,xxxxxxxxxxxxxxxx0.000030,0.000000,0.000000,0.001862,0.043221
B,ka100_req15,29,xxxxxxxxxxxxxxxx0.000037,0.000000,0.000000,0.002369,0.043666
B,ka100_req16,29,xxxxxxxxxxxxxxxx0.000036,0.000000,0.000000,0.002141,0.046327
B,ka100_req17,29,xxxxxxxxxxxxxxxx0.000037,0.000000,0.000000,0.002390,0.042909
B,ka100_req18,29,xxxxxxxxxxxxxxxx0.000035,0.000000,0.000000,0.002207,0.042718
B,ka100_req19,29,xxxxxxxxxxxxxxxx0.000035,0.000000,0.000000,0.002407,0.043540
B,ka100_req20,29,xxxxxxxxxxxxxxxx0.000040,0.000000,0.000000,0.002667,0.043765
B,ka100_req21,29,xxxxxxxxxxxxxxxx0.000036,0.000000,0.000000,0.002192,0.042995
B,ka100_req22,29,xxxxxxxxxxxxxxxx0.000069,0.000000,0.000000,0.002382,0.045672
B,ka100_req23,29,xxxxxxxxxxxxxxxx0.000027,0.000000,0.000000,0.002335,0.045198
B,ka100_req24,29,xxxxxxxxxxxxxxxx0.000037,0.000000,0.000000,0.001923,0.043336
B,ka100_req25,29,xxxxxxxxxxxxxxxx0.000093,0.000000,0.000000,0.002257,0.043681
B,ka100_req26,29,xxxxxxxxxxxxxxxx0.000040,0.000000,0.000000,0.002541,0.046575
B,ka100_req27,29,xxxxxxxxxxxxxxxx0.000035,0.000000,0.000000,0.002311,0.042893
B,ka100_req28,29,xxxxxxxxxxxxxxxx0.000024,0.000000,0.000000,0.001986,0.042793
B,ka100_req29,29,xxxxxxxxxxxxxxxx0.000052,0.000000,0.000000,0.002346,0.043601
B,ka100_req30,29,xxxxxxxxxxxxxxxx0.000036,0.000000,0.000000,0.002265,0.042976
B,ka100_req31,29,xxxxxxxxxxxxxxxx0.000037,0.000000,0.000000,0.002279,0.046038
B,ka100_req32,29,xxxxxxxxxxxxxxxx0.000049,0.000000,0.000000,0.002319,0.043029
B,ka100_req33,29,xxxxxxxxxxxxxxxx0.000036,0.000000,0.000000,0.002049,0.043279
B,ka100_req34,29,xxxxxxxxxxxxxxxx0.000043,0.000000,0.000000,0.002092,0.045204
B,ka100_req35,29,xxxxxxxxxxxxxxxx0.000032,0.000000,0.000000,0.002529,0.043873
B,ka100_req36,29,xxxxxxxxxxxxxxxx0.000036,0.000000,0.000000,0.002642,0.043884
B,ka100_req37,29,xxxxxxxxxxxxxxxx0.000048,0.000000,0.000000,0.001973,0.046223
B,ka100_req38,29,xxxxxxxxxxxxxxxx0.000041,0.000000,0.000000,0.002575,0.043917
B,ka100_req39,29,xxxxxxxxxxxxxxxx0.000043,0.000000,0.000000,0.002502,0.043705
B,ka100_req40,29,xxxxxxxxxxxxxxxx0.000036,0.000000,0.000000,0.002349,0.044099
B,ka100_req41,29,xxxxxxxxxxxxxxxx0.000041,0.000000,0.000000,0.002472,0.043843
B,ka100_req42,29,xxxxxxxxxxxxxxxx0.000037,0.000000,0.000000,0.002334,0.043360
B,ka100_req43,29,xxxxxxxxxxxxxxxx0.000039,0.000000,0.000000,0.002081,0.043287
B,ka100_req44,29,xxxxxxxxxxxxxxxx0.000034,0.000000,0.000000,0.002503,0.043787
B,ka100_req45,29,xxxxxxxxxxxxxxxx0.000037,0.000000,0.000000,0.002128,0.044199
B,ka100_req46,29,xxxxxxxxxxxxxxxx0.000032,0.000000,0.000000,0.002384,0.043199
B,ka100_req47,29,xxxxxxxxxxxxxxxx0.000043,0.000000,0.000000,0.002203,0.043456
B,ka100_req48,29,xxxxxxxxxxxxxxxx0.000035,0.000000,0.000000,0.001862,0.043825
B,ka100_req49,29,xxxxxxxxxxxxxxxx0.000038,0.000000,0.000000,0.002776,0.045864
B,ka100_req50,29,xxxxxxxxxxxxxxxx0.000034,0.000000,0.000000,0.002467,0.043134
B,ka100_req51,29,xxxxxxxxxxxxxxxx0.000038,0.000000,0.000000,0.002274,0.045741
B,ka100_req52,29,xxxxxxxxxxxxxxxx0.000064,0.000000,0.000000,0.002406,0.046285
B,ka100_req53,29,xxxxxxxxxxxxxxxx0.000037,0.000000,0.000000,0.002453,0.043153
B,ka100_req54,29,xxxxxxxxxxxxxxxx0.000035,0.000000,0.000000,0.002346,0.043616
B,ka100_req55,29,xxxxxxxxxxxxxxxx0.000036,0.000000,0.000000,0.002281,0.042663
B,ka100_req56,29,xxxxxxxxxxxxxxxx0.000035,0.000000,0.000000,0.002213,0.044380
B,ka100_req57,29,xxxxxxxxxxxxxxxx0.000036,0.000000,0.000000,0.002224,0.044824
B,ka100_req58,29,xxxxxxxxxxxxxxxx0.000034,0.000000,0.000000,0.002278,0.043335
B,ka100_req59,29,xxxxxxxxxxxxxxxx0.000033,0.000000,0.000000,0.001928,0.044643
B,ka100_req60,29,xxxxxxxxxxxxxxxx0.000036,0.000000,0.000000,0.002196,0.044596
B,ka100_req61,29,xxxxxxxxxxxxxxxx0.000037,0.000000,0.000000,0.002465,0.045653
B,ka100_req62,29,xxxxxxxxxxxxxxxx0.000037,0.000000,0.000000,0.002417,0.042671
B,ka100_req63,29,xxxxxxxxxxxxxxxx0.000039,0.000000,0.000000,0.002274,0.043005
B,ka100_req64,29,xxxxxxxxxxxxxxxx0.000037,0.000000,0.000000,0.002603,0.043518
B,ka100_req65,29,xxxxxxxxxxxxxxxx0.000036,0.000000,0.000000,0.002309,0.042950
B,ka100_req66,29,xxxxxxxxxxxxxxxx0.000038,0.000000,0.000000,0.002477,0.043569
B,ka100_req67,29,xxxxxxxxxxxxxxxx0.000041,0.000000,0.000000,0.002136,0.042909
B,ka100_req68,29,xxxxxxxxxxxxxxxx0.000035,0.000000,0.000000,0.002369,0.042552
B,ka100_req69,29,xxxxxxxxxxxxxxxx0.000040,0.000000,0.000000,0.002540,0.043773
B,ka100_req70,29,xxxxxxxxxxxxxxxx0.000026,0.000000,0.000000,0.001912,0.044746
B,ka100_req71,29,xxxxxxxxxxxxxxxx0.000039,0.000000,0.000000,0.002019,0.042756
B,ka100_req72,29,xxxxxxxxxxxxxxxx0.000036,0.000000,0.000000,0.002070,0.044190
B,ka100_req73,29,xxxxxxxxxxxxxxxx0.000036,0.000000,0.000000,0.002211,0.043319
B,ka100_req74,29,xxxxxxxxxxxxxxxx0.000037,0.000000,0.000000,0.002382,0.044184
B,ka100_req75,29,xxxxxxxxxxxxxxxx0.000048,0.000000,0.000000,0.002364,0.043330
B,ka100_req76,29,xxxxxxxxxxxxxxxx0.000036,0.000000,0.000000,0.002281,0.042741
B,ka100_req77,29,xxxxxxxxxxxxxxxx0.000033,0.000000,0.000000,0.002390,0.045590
B,ka100_req78,29,xxxxxxxxxxxxxxxx0.000036,0.000000,0.000000,0.002349,0.044756
B,ka100_req79,29,xxxxxxxxxxxxxxxx0.000038,0.000000,0.000000,0.002079,0.043018
B,ka100_req80,29,xxxxxxxxxxxxxxxx0.000037,0.000000,0.000000,0.002191,0.042802
B,ka100_req81,29,xxxxxxxxxxxxxxxx0.000035,0.000000,0.000000,0.002618,0.046449
B,ka100_req82,29,xxxxxxxxxxxxxxxx0.000027,0.000000,0.000000,0.001984,0.042934
B,ka100_req83,29,xxxxxxxxxxxxxxxx0.000036,0.000000,0.000000,0.002371,0.045660
B,ka100_req84,29,xxxxxxxxxxxxxxxx0.000040,0.000000,0.000000,0.002711,0.043876
B,ka100_req85,29,xxxxxxxxxxxxxxxx0.000037,0.000000,0.000000,0.002349,0.043515
B,ka100_req86,29,xxxxxxxxxxxxxxxx0.000033,0.000000,0.000000,0.002530,0.042911
B,ka100_req87,29,xxxxxxxxxxxxxxxx0.000036,0.000000,0.000000,0.002173,0.043017
B,ka100_req88,29,xxxxxxxxxxxxxxxx0.000064,0.000000,0.000000,0.002390,0.044212
B,ka100_req89,29,xxxxxxxxxxxxxxxx0.000053,0.000000,0.000000,0.002488,0.043011
B,ka100_req90,29,xxxxxxxxxxxxxxxx0.000030,0.000000,0.000000,0.001946,0.045175
B,ka100_req91,29,xxxxxxxxxxxxxxxx0.000026,0.000000,0.000000,0.001793,0.044569
B,ka100_req92,29,xxxxxxxxxxxxxxxx0.000037,0.000000,0.000000,0.002597,0.044415
B,ka100_req93,29,xxxxxxxxxxxxxxxx0.000040,0.000000,0.000000,0.002480,0.043033
B,ka100_req94,29,xxxxxxxxxxxxxxxx0.000037,0.000000,0.000000,0.002639,0.044124
B,ka100_req95,29,xxxxxxxxxxxxxxxx0.000033,0.000000,0.000000,0.002524,0.043554
B,ka100_req96,29,xxxxxxxxxxxxxxxx0.000039,0.000000,0.000000,0.002219,0.043465
B,ka100_req97,29,xxxxxxxxxxxxxxxx0.000036,0.000000,0.000000,0.002202,0.042835
B,ka100_req98,29,xxxxxxxxxxxxxxxx0.000034,0.000000,0.000000,0.002303,0.042643
B,ka100_req99,29,xxxxxxxxxxxxxxxx0.000036,0.000000,0.000000,0.002228,0.042890
B,ka100_req100,29,xxxxxxxxxxxxxxxx0.000034,0.000000,0.000000,0.002278,0.042449
B,ka100_req1,30,0.000021,0.000146,0.028965,0.031350,0.073449
B,ka100_req2,30,xxxxxxxxxxxxxxxx0.000017,0.000000,0.000000,0.000899,0.045622
B,ka100_req3,30,xxxxxxxxxxxxxxxx0.000022,0.000000,0.000000,0.001670,0.045946
B,ka100_req4,30,xxxxxxxxxxxxxxxx0.000037,0.000000,0.000000,0.002284,0.045810
B,ka100_req5,30,xxxxxxxxxxxxxxxx0.000045,0.000000,0.000000,0.002458,0.043792
B,ka100_req6,30,xxxxxxxxxxxxxxxx0.000032,0.000000,0.000000,0.001825,0.042590
B,ka100_req7,30,xxxxxxxxxxxxxxxx0.000042,0.000000,0.000000,0.002105,0.042860
B,ka100_req8,30,xxxxxxxxxxxxxxxx0.000037,0.000000,0.000000,0.002979,0.043884
B,ka100_req9,30,xxxxxxxxxxxxxxxx0.000038,0.000000,0.000000,0.002086,0.042631
B,ka100_req10,30,xxxxxxxxxxxxxxxx0.000044,0.000000,0.000000,0.002419,0.044157
B,ka100_req11,30,xxxxxxxxxxxxxxxx0.000036,0.000000,0.000000,0.002174,0.044748
B,ka100_req12,30,xxxxxxxxxxxxxxxx0.000035,0.000000,0.000000,0.002218,0.043338
B,ka100_req13,30,xxxxxxxxxxxxxxxx0.000040,0.000000,0.000000,0.002294,0.043731
B,ka100_req14,30,xxxxxxxxxxxxxxxx0.000036,0.000000,0.000000,0.002203,0.042759
B,ka100_req15,30,xxxxxxxxxxxxxxxx0.000037,0.000000,0.000000,0.002246,0.044892
B,ka100_req16,30,xxxxxxxxxxxxxxxx0.000082,0.000000,0.000000,0.002675,0.045514
B,ka100_req17,30,xxxxxxxxxxxxxxxx0.000026,0.000000,0.000000,0.002058,0.043259
B,ka100_req18,30,xxxxxxxxxxxxxxxx0.000027,0.000000,0.000000,0.002375,0.043440
B,ka100_req19,30,xxxxxxxxxxxxxxxx0.000037,0.000000,0.000000,0.002488,0.043687
B,ka100_req20,30,xxxxxxxxxxxxxxxx0.000039,0.000000,0.000000,0.002702,0.043766
B,ka100_req21,30,xxxxxxxxxxxxxxxx0.000037,0.000000,0.000000,0.002194,0.042549
B,ka100_req22,30,xxxxxxxxxxxxxxxx0.000037,0.000000,0.000000,0.002322,0.045744
B,ka100_req23,30,xxxxxxxxxxxxxxxx0.000040,0.000000,0.000000,0.002318,0.044727
B,ka100_req24,30,xxxxxxxxxxxxxxxx0.000035,0.000000,0.000000,0.002288,0.044956
B,ka100_req25,30,xxxxxxxxxxxxxxxx0.000037,0.000000,0.000000,0.002546,0.043540
B,ka100_req26,30,xxxxxxxxxxxxxxxx0.000035,0.000000,0.000000,0.002096,0.043788
B,ka100_req27,30,xxxxxxxxxxxxxxxx0.000040,0.000000,0.000000,0.002625,0.043774
B,ka100_req28,30,xxxxxxxxxxxxxxxx0.000036,0.000000,0.000000,0.002624,0.043699
B,ka100_req29,30,xxxxxxxxxxxxxxxx0.000035,0.000000,0.000000,0.002330,0.045641
B,ka100_req30,30,xxxxxxxxxxxxxxxx0.000039,0.000000,0.000000,0.002400,0.044621
B,ka100_req31,30,xxxxxxxxxxxxxxxx0.000034,0.000000,0.000000,0.002636,0.045824
B,ka100_req32,30,xxxxxxxxxxxxxxxx0.000026,0.000000,0.000000,0.001984,0.043023
B,ka100_req33,30,xxxxxxxxxxxxxxxx0.000023,0.000000,0.000000,0.001728,0.042531
B,ka100_req34,30,xxxxxxxxxxxxxxxx0.000036,0.000000,0.000000,0.002279,0.042962
B,ka100_req35,30,xxxxxxxxxxxxxxxx0.000027,0.000000,0.000000,0.001741,0.043535
B,ka100_req36,30,xxxxxxxxxxxxxxxx0.000115,0.000000,0.000000,0.002184,0.043093
B,ka100_req37,30,xxxxxxxxxxxxxxxx0.000028,0.000000,0.000000,0.001656,0.042586
B,ka100_req38,30,xxxxxxxxxxxxxxxx0.000037,0.000000,0.000000,0.002055,0.045812
B,ka100_req39,30,xxxxxxxxxxxxxxxx0.000029,0.000000,0.000000,0.002088,0.045683
B,ka100_req40,30,xxxxxxxxxxxxxxxx0.000047,0.000000,0.000000,0.002429,0.043743
B,ka100_req41,30,xxxxxxxxxxxxxxxx0.000034,0.000000,0.000000,0.002300,0.044818
B,ka100_req42,30,xxxxxxxxxxxxxxxx0.000038,0.000000,0.000000,0.002473,0.043650
B,ka100_req43,30,xxxxxxxxxxxxxxxx0.000034,0.000000,0.000000,0.002259,0.043940
B,ka100_req44,30,xxxxxxxxxxxxxxxx0.000035,0.000000,0.000000,0.002156,0.042696
B,ka100_req45,30,xxxxxxxxxxxxxxxx0.000040,0.000000,0.000000,0.002586,0.043633
B,ka100_req46,30,xxxxxxxxxxxxxxxx0.000029,0.000000,0.000000,0.001961,0.043106
B,ka100_req47,30,xxxxxxxxxxxxxxxx0.000067,0.000000,0.000000,0.002458,0.043443
B,ka100_req48,30,xxxxxxxxxxxxxxxx0.000033,0.000000,0.000000,0.002201,0.043050
B,ka100_req49,30,xxxxxxxxxxxxxxxx0.000073,0.000000,0.000000,0.002418,0.043941
B,ka100_req50,30,xxxxxxxxxxxxxxxx0.000036,0.000000,0.000000,0.002307,0.053256
B,ka100_req51,30,xxxxxxxxxxxxxxxx0.000032,0.000000,0.000000,0.001797,0.044083
B,ka100_req52,30,xxxxxxxxxxxxxxxx0.000035,0.000000,0.000000,0.002312,0.043200
B,ka100_req53,30,xxxxxxxxxxxxxxxx0.000035,0.000000,0.000000,0.002326,0.043732
B,ka100_req54,30,xxxxxxxxxxxxxxxx0.000061,0.000000,0.000000,0.002058,0.043367
B,ka100_req55,30,xxxxxxxxxxxxxxxx0.000028,0.000000,0.000000,0.001131,0.042149
B,ka100_req56,30,xxxxxxxxxxxxxxxx0.000022,0.000000,0.000000,0.001667,0.042545
B,ka100_req57,30,xxxxxxxxxxxxxxxx0.000036,0.000000,0.000000,0.002260,0.043978
B,ka100_req58,30,xxxxxxxxxxxxxxxx0.000032,0.000000,0.000000,0.002141,0.046466
B,ka100_req59,30,xxxxxxxxxxxxxxxx0.000036,0.000000,0.000000,0.002406,0.043128
B,ka100_req60,30,xxxxxxxxxxxxxxxx0.000044,0.000000,0.000000,0.001933,0.043634
B,ka100_req61,30,xxxxxxxxxxxxxxxx0.000035,0.000000,0.000000,0.002172,0.042865
B,ka100_req62,30,xxxxxxxxxxxxxxxx0.000038,0.000000,0.000000,0.002306,0.043533
B,ka100_req63,30,xxxxxxxxxxxxxxxx0.000035,0.000000,0.000000,0.002468,0.045362
B,ka100_req64,30,xxxxxxxxxxxxxxxx0.000037,0.000000,0.000000,0.002107,0.043448
B,ka100_req65,30,xxxxxxxxxxxxxxxx0.000035,0.000000,0.000000,0.002328,0.043587
B,ka100_req66,30,xxxxxxxxxxxxxxxx0.000062,0.000000,0.000000,0.002320,0.043471
B,ka100_req67,30,xxxxxxxxxxxxxxxx0.000035,0.000000,0.000000,0.002190,0.043933
B,ka100_req68,30,xxxxxxxxxxxxxxxx0.000039,0.000000,0.000000,0.002337,0.043540
B,ka100_req69,30,xxxxxxxxxxxxxxxx0.000038,0.000000,0.000000,0.002052,0.044523
B,ka100_req70,30,xxxxxxxxxxxxxxxx0.000037,0.000000,0.000000,0.002184,0.044437
B,ka100_req71,30,xxxxxxxxxxxxxxxx0.000096,0.000000,0.000000,0.002223,0.045104
B,ka100_req72,30,xxxxxxxxxxxxxxxx0.000036,0.000000,0.000000,0.002323,0.042905
B,ka100_req73,30,xxxxxxxxxxxxxxxx0.000035,0.000000,0.000000,0.002390,0.043887
B,ka100_req74,30,xxxxxxxxxxxxxxxx0.000034,0.000000,0.000000,0.002607,0.043679
B,ka100_req75,30,xxxxxxxxxxxxxxxx0.000036,0.000000,0.000000,0.002343,0.043105
B,ka100_req76,30,xxxxxxxxxxxxxxxx0.000038,0.000000,0.000000,0.002073,0.043443
B,ka100_req77,30,xxxxxxxxxxxxxxxx0.000035,0.000000,0.000000,0.002430,0.043691
B,ka100_req78,30,xxxxxxxxxxxxxxxx0.000030,0.000000,0.000000,0.002702,0.042496
B,ka100_req79,30,xxxxxxxxxxxxxxxx0.000019,0.000000,0.000000,0.001097,0.041821
B,ka100_req80,30,xxxxxxxxxxxxxxxx0.000013,0.000000,0.000000,0.001005,0.041963
B,ka100_req81,30,xxxxxxxxxxxxxxxx0.000010,0.000000,0.000000,0.000523,0.040775
B,ka100_req82,30,xxxxxxxxxxxxxxxx0.000008,0.000000,0.000000,0.000415,0.045361
B,ka100_req83,30,xxxxxxxxxxxxxxxx0.000023,0.000000,0.000000,0.001174,0.041936
B,ka100_req84,30,xxxxxxxxxxxxxxxx0.000037,0.000000,0.000000,0.001855,0.042621
B,ka100_req85,30,xxxxxxxxxxxxxxxx0.000036,0.000000,0.000000,0.001786,0.043027
B,ka100_req86,30,xxxxxxxxxxxxxxxx0.000038,0.000000,0.000000,0.001751,0.042780
B,ka100_req87,30,xxxxxxxxxxxxxxxx0.000037,0.000000,0.000000,0.001785,0.043546
B,ka100_req88,30,xxxxxxxxxxxxxxxx0.000059,0.000000,0.000000,0.002301,0.044015
B,ka100_req89,30,xxxxxxxxxxxxxxxx0.000037,0.000000,0.000000,0.002366,0.043297
B,ka100_req90,30,xxxxxxxxxxxxxxxx0.000036,0.000000,0.000000,0.002259,0.042547
B,ka100_req91,30,xxxxxxxxxxxxxxxx0.000044,0.000000,0.000000,0.002258,0.042795
B,ka100_req92,30,xxxxxxxxxxxxxxxx0.000035,0.000000,0.000000,0.002155,0.044990
B,ka100_req93,30,xxxxxxxxxxxxxxxx0.000037,0.000000,0.000000,0.002221,0.042876
B,ka100_req94,30,xxxxxxxxxxxxxxxx0.000026,0.000000,0.000000,0.002009,0.044394
B,ka100_req95,30,xxxxxxxxxxxxxxxx0.000041,0.000000,0.000000,0.002074,0.044236
B,ka100_req96,30,xxxxxxxxxxxxxxxx0.000033,0.000000,0.000000,0.002328,0.044403
B,ka100_req97,30,xxxxxxxxxxxxxxxx0.000030,0.000000,0.000000,0.002292,0.043944
B,ka100_req98,30,xxxxxxxxxxxxxxxx0.000069,0.000000,0.000000,0.002038,0.045361
B,ka100_req99,30,xxxxxxxxxxxxxxxx0.000038,0.000000,0.000000,0.002449,0.043041
B,ka100_req100,30,xxxxxxxxxxxxxxxx0.000034,0.000000,0.000000,0.002664,0.043882
